  0
SECTION
  2
HEADER
  9
$ANGBASE
  50
0.0
  9
$ANGDIR
  70
1
  9
$MEASUREMENT
  70
0
  0
ENDSEC
  0
SECTION
  2
TABLES
  0
TABLE
  2
LTYPE
  70
4
  0
LTYPE
  5
40F
  2
CONTINUOUS
  70
0
  3
Solid line
  72
65
  73
0
  40
0.0
  0
LTYPE
  5
410
  2
DASHDOT
 70
0
  3
Dash Dot ____ _ ____ _
 72
65
 73
4
 40
2.0
 49
1.25
 49
-0.25
 49
0.25
 49
-0.25
  0
LTYPE
  5
411
  2
DASHED
 70
0
  3
Dashed __ __ __ __ __
 72
65
 73
2
 40
0.75
 49
0.5
 49
-0.25
  0
LTYPE
  5
43B
  2
DOTTED
 70
0
  3
Dotted .  .  .  .
 72
65
 73
2
 40
0.2
 49
0.0
 49
-0.2
  0
ENDTAB
  0
TABLE
  2
STYLE
  70
4
  0
STYLE
  2
KICAD
  70
0
  40
0
  41
1
  42
1
  50
0
  71
0
  3
isocp.shx
  0
STYLE
  2
KICADB
  70
0
  40
0
  41
1
  42
1
  50
0
  71
0
  3
isocp.shx
  0
STYLE
  2
KICADI
  70
0
  40
0
  41
1
  42
1
  50
15
  71
0
  3
isocp.shx
  0
STYLE
  2
KICADBI
  70
0
  40
0
  41
1
  42
1
  50
15
  71
0
  3
isocp.shx
  0
ENDTAB
  0
TABLE
  2
LAYER
  70
1
  0
LAYER
  2
BLACK
  70
0
  62
7
  6
CONTINUOUS
  0
ENDTAB
  0
ENDSEC
  0
SECTION
  2
ENTITIES
0
LINE
8
BLACK
6
CONTINUOUS
10
5.3655118110236222
20
-3.7232140551181101
11
5.3799999999999999
21
-3.7231889763779527
0
LINE
8
BLACK
6
CONTINUOUS
10
5.3799999999999999
20
-3.7231889763779527
11
5.3815416535433069
21
-3.7232900393700787
0
LINE
8
BLACK
6
CONTINUOUS
10
5.3815416535433069
20
-3.7232900393700787
11
5.3845198818897639
21
-3.7240880314960627
0
LINE
8
BLACK
6
CONTINUOUS
10
5.3845198818897639
20
-3.7240880314960627
11
5.387190078740157
21
-3.7256296850393702
0
LINE
8
BLACK
6
CONTINUOUS
10
5.387190078740157
20
-3.7256296850393702
11
5.4033516535433073
21
-3.7416483464566928
0
LINE
8
BLACK
6
CONTINUOUS
10
5.4033516535433073
20
-3.7416483464566928
11
5.4043703149606301
21
-3.7428099212598425
0
LINE
8
BLACK
6
CONTINUOUS
10
5.4043703149606301
20
-3.7428099212598425
11
5.4059119685039372
21
-3.745480118110236
0
LINE
8
BLACK
6
CONTINUOUS
10
5.4059119685039372
20
-3.745480118110236
11
5.4067099606299207
21
-3.748458346456693
0
LINE
8
BLACK
6
CONTINUOUS
10
5.4067099606299207
20
-3.748458346456693
11
5.4068110236220468
21
-3.9699999999999998
0
LINE
8
BLACK
6
CONTINUOUS
10
5.4068110236220468
20
-3.9699999999999998
11
5.4067099606299207
21
-3.9715416535433068
0
LINE
8
BLACK
6
CONTINUOUS
10
5.4067099606299207
20
-3.9715416535433068
11
5.4059119685039372
21
-3.9745198818897638
0
LINE
8
BLACK
6
CONTINUOUS
10
5.4059119685039372
20
-3.9745198818897638
11
5.4043703149606301
21
-3.9771900787401573
0
LINE
8
BLACK
6
CONTINUOUS
10
5.4043703149606301
20
-3.9771900787401573
11
5.3783516535433069
21
-4.0033516535433069
0
LINE
8
BLACK
6
CONTINUOUS
10
5.3783516535433069
20
-4.0033516535433069
11
5.3771900787401572
21
-4.0043703149606298
0
LINE
8
BLACK
6
CONTINUOUS
10
5.3771900787401572
20
-4.0043703149606298
11
5.3745198818897633
21
-4.0059119685039368
0
LINE
8
BLACK
6
CONTINUOUS
10
5.3745198818897633
20
-4.0059119685039368
11
5.3715416535433071
21
-4.0067099606299212
0
LINE
8
BLACK
6
CONTINUOUS
10
5.3715416535433071
20
-4.0067099606299212
11
5.1790000000000003
21
-4.0067922047244098
0
LINE
8
BLACK
6
CONTINUOUS
10
5.1790000000000003
20
-4.0067922047244098
11
5.1790000000000003
21
-4.0389999999999997
0
LINE
8
BLACK
6
CONTINUOUS
10
5.1790000000000003
20
-4.0389999999999997
11
5.0910000000000002
21
-4.0389999999999997
0
LINE
8
BLACK
6
CONTINUOUS
10
5.0910000000000002
20
-4.0389999999999997
11
5.0910000000000002
21
-3.9510000000000001
0
LINE
8
BLACK
6
CONTINUOUS
10
5.0910000000000002
20
-3.9510000000000001
11
5.1790000000000003
21
-3.9510000000000001
0
LINE
8
BLACK
6
CONTINUOUS
10
5.1790000000000003
20
-3.9510000000000001
11
5.1790000000000003
21
-3.9832705511811022
0
LINE
8
BLACK
6
CONTINUOUS
10
5.1790000000000003
20
-3.9832705511811022
11
5.365223346456693
21
-3.9831909842519684
0
LINE
8
BLACK
6
CONTINUOUS
10
5.365223346456693
20
-3.9831909842519684
11
5.3832870472440941
21
-3.9650280708661416
0
LINE
8
BLACK
6
CONTINUOUS
10
5.3832870472440941
20
-3.9650280708661416
11
5.3831911417322837
21
-3.7547923622047241
0
LINE
8
BLACK
6
CONTINUOUS
10
5.3831911417322837
20
-3.7547923622047241
11
5.3750479527559056
21
-3.746721181102362
0
LINE
8
BLACK
6
CONTINUOUS
10
5.3750479527559056
20
-3.746721181102362
11
5.3655118110236222
21
-3.7467377165354332
0
LINE
8
BLACK
6
CONTINUOUS
10
5.3655118110236222
20
-3.7467377165354332
11
5.3655118110236222
21
-3.7468110236220471
0
LINE
8
BLACK
6
CONTINUOUS
10
5.3655118110236222
20
-3.7468110236220471
11
5.3231889763779527
21
-3.7468110236220471
0
LINE
8
BLACK
6
CONTINUOUS
10
5.3231889763779527
20
-3.7468110236220471
11
5.2808661417322833
21
-3.7468110236220471
0
LINE
8
BLACK
6
CONTINUOUS
10
5.2808661417322833
20
-3.7468110236220471
11
5.2808661417322833
21
-3.7231889763779527
0
LINE
8
BLACK
6
CONTINUOUS
10
5.2808661417322833
20
-3.7231889763779527
11
5.3655118110236222
21
-3.7231889763779527
0
LINE
8
BLACK
6
CONTINUOUS
10
5.3655118110236222
20
-3.7231889763779527
11
5.3655118110236222
21
-3.7232140551181101
0
LINE
8
BLACK
6
CONTINUOUS
10
5.5946062992125984
20
-3.625
11
5.6203937007874014
21
-3.625
0
LINE
8
BLACK
6
CONTINUOUS
10
5.6203937007874014
20
-3.625
11
5.6203937007874014
21
-3.6246850393700787
0
LINE
8
BLACK
6
CONTINUOUS
10
5.6203937007874014
20
-3.6246850393700787
11
5.6696062992125986
21
-3.6246850393700787
0
LINE
8
BLACK
6
CONTINUOUS
10
5.6696062992125986
20
-3.6246850393700787
11
5.6696062992125986
21
-3.625
0
LINE
8
BLACK
6
CONTINUOUS
10
5.6696062992125986
20
-3.625
11
6.0375701574803147
21
-3.625
0
LINE
8
BLACK
6
CONTINUOUS
10
6.0375701574803147
20
-3.625
11
6.0418503937007877
21
-3.625
0
LINE
8
BLACK
6
CONTINUOUS
10
6.0418503937007877
20
-3.625
11
6.0418503937007877
21
-3.6268503937007872
0
LINE
8
BLACK
6
CONTINUOUS
10
6.0418503937007877
20
-3.6268503937007872
11
6.0582818503937004
21
-3.6432818503937008
0
LINE
8
BLACK
6
CONTINUOUS
10
6.0582818503937004
20
-3.6432818503937008
11
6.0598001181102363
21
-3.6459115748031494
0
LINE
8
BLACK
6
CONTINUOUS
10
6.0598001181102363
20
-3.6459115748031494
11
6.0599999999999996
21
-3.6474298425196849
0
LINE
8
BLACK
6
CONTINUOUS
10
6.0599999999999996
20
-3.6474298425196849
11
6.0599999999999996
21
-3.7530446062992127
0
LINE
8
BLACK
6
CONTINUOUS
10
6.0599999999999996
20
-3.7530446062992127
11
6.0592140944881887
21
-3.7559776771653541
0
LINE
8
BLACK
6
CONTINUOUS
10
6.0592140944881887
20
-3.7559776771653541
11
6.0588267716535436
21
-3.7565642913385826
0
LINE
8
BLACK
6
CONTINUOUS
10
6.0588267716535436
20
-3.7565642913385826
11
6.0467598425196849
21
-3.7726535433070865
0
LINE
8
BLACK
6
CONTINUOUS
10
6.0467598425196849
20
-3.7726535433070865
11
6.0443712598425199
21
-3.774528464566929
0
LINE
8
BLACK
6
CONTINUOUS
10
6.0443712598425199
20
-3.774528464566929
11
6.042066929133858
21
-3.7749999999999999
0
LINE
8
BLACK
6
CONTINUOUS
10
6.042066929133858
20
-3.7749999999999999
11
5.5800000000000001
21
-3.7749999999999999
0
LINE
8
BLACK
6
CONTINUOUS
10
5.5800000000000001
20
-3.7749999999999999
11
5.5549999999999997
21
-3.7999999999999998
0
LINE
8
BLACK
6
CONTINUOUS
10
5.5549999999999997
20
-3.7999999999999998
11
5.5549999999999997
21
-3.8825701574803149
0
LINE
8
BLACK
6
CONTINUOUS
10
5.5549999999999997
20
-3.8825701574803149
11
5.5542140944881888
21
-3.8855032283464568
0
LINE
8
BLACK
6
CONTINUOUS
10
5.5542140944881888
20
-3.8855032283464568
11
5.5532818503937005
21
-3.886718149606299
0
LINE
8
BLACK
6
CONTINUOUS
10
5.5532818503937005
20
-3.886718149606299
11
5.5267181496062987
21
-3.9132818503937008
0
LINE
8
BLACK
6
CONTINUOUS
10
5.5267181496062987
20
-3.9132818503937008
11
5.5240884251968501
21
-3.9148001181102363
0
LINE
8
BLACK
6
CONTINUOUS
10
5.5240884251968501
20
-3.9148001181102363
11
5.522570157480315
21
-3.915
0
LINE
8
BLACK
6
CONTINUOUS
10
5.522570157480315
20
-3.915
11
5.4905905511811026
21
-3.915
0
LINE
8
BLACK
6
CONTINUOUS
10
5.4905905511811026
20
-3.915
11
5.4905905511811026
21
-3.9155905511811024
0
LINE
8
BLACK
6
CONTINUOUS
10
5.4905905511811026
20
-3.9155905511811024
11
5.4394094488188971
21
-3.9155905511811024
0
LINE
8
BLACK
6
CONTINUOUS
10
5.4394094488188971
20
-3.9155905511811024
11
5.4394094488188971
21
-3.9146096456692914
0
LINE
8
BLACK
6
CONTINUOUS
10
5.4394094488188971
20
-3.9146096456692914
11
5.4379330708661415
21
-3.9142140944881887
0
LINE
8
BLACK
6
CONTINUOUS
10
5.4379330708661415
20
-3.9142140944881887
11
5.4357859055118105
21
-3.9120669291338581
0
LINE
8
BLACK
6
CONTINUOUS
10
5.4357859055118105
20
-3.9120669291338581
11
5.4349999999999996
21
-3.9091338582677166
0
LINE
8
BLACK
6
CONTINUOUS
10
5.4349999999999996
20
-3.9091338582677166
11
5.4349999999999996
21
-3.7450000000000001
0
LINE
8
BLACK
6
CONTINUOUS
10
5.4349999999999996
20
-3.7450000000000001
11
5.4299997244094484
21
-3.7399997244094489
0
LINE
8
BLACK
6
CONTINUOUS
10
5.4299997244094484
20
-3.7399997244094489
11
5.3849999999999998
21
-3.6999999999999997
0
LINE
8
BLACK
6
CONTINUOUS
10
5.3849999999999998
20
-3.6999999999999997
11
5.2858661417322832
21
-3.6999999999999997
0
LINE
8
BLACK
6
CONTINUOUS
10
5.2858661417322832
20
-3.6999999999999997
11
5.2829330708661413
21
-3.6992140944881888
0
LINE
8
BLACK
6
CONTINUOUS
10
5.2829330708661413
20
-3.6992140944881888
11
5.2807859055118112
21
-3.6970669291338583
0
LINE
8
BLACK
6
CONTINUOUS
10
5.2807859055118112
20
-3.6970669291338583
11
5.2800000000000002
21
-3.6941338582677163
0
LINE
8
BLACK
6
CONTINUOUS
10
5.2800000000000002
20
-3.6941338582677163
11
5.2800000000000002
21
-3.6758661417322833
0
LINE
8
BLACK
6
CONTINUOUS
10
5.2800000000000002
20
-3.6758661417322833
11
5.2807859055118112
21
-3.6729330708661418
0
LINE
8
BLACK
6
CONTINUOUS
10
5.2807859055118112
20
-3.6729330708661418
11
5.2829330708661413
21
-3.6707859055118108
0
LINE
8
BLACK
6
CONTINUOUS
10
5.2829330708661413
20
-3.6707859055118108
11
5.2858661417322832
21
-3.6699999999999999
0
LINE
8
BLACK
6
CONTINUOUS
10
5.2858661417322832
20
-3.6699999999999999
11
5.3700000000000001
21
-3.6699999999999999
0
LINE
8
BLACK
6
CONTINUOUS
10
5.3700000000000001
20
-3.6699999999999999
11
5.4132818503937008
21
-3.6267181496062992
0
LINE
8
BLACK
6
CONTINUOUS
10
5.4132818503937008
20
-3.6267181496062992
11
5.4159115748031494
21
-3.6251998818897637
0
LINE
8
BLACK
6
CONTINUOUS
10
5.4159115748031494
20
-3.6251998818897637
11
5.4174298425196845
21
-3.625
0
LINE
8
BLACK
6
CONTINUOUS
10
5.4174298425196845
20
-3.625
11
5.5453937007874012
21
-3.625
0
LINE
8
BLACK
6
CONTINUOUS
10
5.5453937007874012
20
-3.625
11
5.5453937007874012
21
-3.6246850393700787
0
LINE
8
BLACK
6
CONTINUOUS
10
5.5453937007874012
20
-3.6246850393700787
11
5.5946062992125984
21
-3.6246850393700787
0
LINE
8
BLACK
6
CONTINUOUS
10
5.5946062992125984
20
-3.6246850393700787
11
5.5946062992125984
21
-3.625
0
LINE
8
BLACK
6
CONTINUOUS
10
5.3655118110236222
20
-3.7968110236220474
11
5.331091692913386
21
-3.7968110236220474
0
LINE
8
BLACK
6
CONTINUOUS
10
5.331091692913386
20
-3.7968110236220474
11
5.3311510236220467
21
-3.8453937007874015
0
LINE
8
BLACK
6
CONTINUOUS
10
5.3311510236220467
20
-3.8453937007874015
11
5.3390551181102364
21
-3.8453937007874015
0
LINE
8
BLACK
6
CONTINUOUS
10
5.3390551181102364
20
-3.8453937007874015
11
5.3390551181102364
21
-3.8946062992125983
0
LINE
8
BLACK
6
CONTINUOUS
10
5.3390551181102364
20
-3.8946062992125983
11
5.299685039370079
21
-3.8946062992125983
0
LINE
8
BLACK
6
CONTINUOUS
10
5.299685039370079
20
-3.8946062992125983
11
5.299685039370079
21
-3.8453937007874015
0
LINE
8
BLACK
6
CONTINUOUS
10
5.299685039370079
20
-3.8453937007874015
11
5.3076281889763779
21
-3.8453937007874015
0
LINE
8
BLACK
6
CONTINUOUS
10
5.3076281889763779
20
-3.8453937007874015
11
5.3075688188976375
21
-3.7968110236220474
0
LINE
8
BLACK
6
CONTINUOUS
10
5.3075688188976375
20
-3.7968110236220474
11
5.2808661417322833
21
-3.7968110236220474
0
LINE
8
BLACK
6
CONTINUOUS
10
5.2808661417322833
20
-3.7968110236220474
11
5.2808661417322833
21
-3.7731889763779525
0
LINE
8
BLACK
6
CONTINUOUS
10
5.2808661417322833
20
-3.7731889763779525
11
5.3655118110236222
21
-3.7731889763779525
0
LINE
8
BLACK
6
CONTINUOUS
10
5.3655118110236222
20
-3.7731889763779525
11
5.3655118110236222
21
-3.7968110236220474
0
LINE
8
BLACK
6
CONTINUOUS
10
5.3009055118110231
20
-3.5697713385826773
11
5.3040477559055113
21
-3.5724080314960629
0
LINE
8
BLACK
6
CONTINUOUS
10
5.3040477559055113
20
-3.5724080314960629
11
5.3060987401574806
21
-3.5759603937007873
0
LINE
8
BLACK
6
CONTINUOUS
10
5.3060987401574806
20
-3.5759603937007873
11
5.3068110236220472
21
-3.5800000000000001
0
LINE
8
BLACK
6
CONTINUOUS
10
5.3068110236220472
20
-3.5800000000000001
11
5.306275039370079
21
-3.5830397244094487
0
LINE
8
BLACK
6
CONTINUOUS
10
5.306275039370079
20
-3.5830397244094487
11
5.3273648031496066
21
-3.604013149606299
0
LINE
8
BLACK
6
CONTINUOUS
10
5.3273648031496066
20
-3.604013149606299
11
5.3280992519685038
21
-3.6049080708661418
0
LINE
8
BLACK
6
CONTINUOUS
10
5.3280992519685038
20
-3.6049080708661418
11
5.3285897637795276
21
-3.6060923228346455
0
LINE
8
BLACK
6
CONTINUOUS
10
5.3285897637795276
20
-3.6060923228346455
11
5.3289810236220472
21
-3.6070368503937007
0
LINE
8
BLACK
6
CONTINUOUS
10
5.3289810236220472
20
-3.6070368503937007
11
5.3290465748031499
21
-3.6231889763779526
0
LINE
8
BLACK
6
CONTINUOUS
10
5.3290465748031499
20
-3.6231889763779526
11
5.3655118110236222
21
-3.6231889763779526
0
LINE
8
BLACK
6
CONTINUOUS
10
5.3655118110236222
20
-3.6231889763779526
11
5.3655118110236222
21
-3.646811023622047
0
LINE
8
BLACK
6
CONTINUOUS
10
5.3655118110236222
20
-3.646811023622047
11
5.2808661417322833
21
-3.646811023622047
0
LINE
8
BLACK
6
CONTINUOUS
10
5.2808661417322833
20
-3.646811023622047
11
5.2808661417322833
21
-3.6231889763779526
0
LINE
8
BLACK
6
CONTINUOUS
10
5.2808661417322833
20
-3.6231889763779526
11
5.3173443307086616
21
-3.6231889763779526
0
LINE
8
BLACK
6
CONTINUOUS
10
5.3173443307086616
20
-3.6231889763779526
11
5.3172928346456692
21
-3.6104984251968504
0
LINE
8
BLACK
6
CONTINUOUS
10
5.3172928346456692
20
-3.6104984251968504
11
5.2979809055118112
21
-3.5912930708661417
0
LINE
8
BLACK
6
CONTINUOUS
10
5.2979809055118112
20
-3.5912930708661417
11
5.2970509448818897
21
-3.5916315748031495
0
LINE
8
BLACK
6
CONTINUOUS
10
5.2970509448818897
20
-3.5916315748031495
11
5.2929490551181102
21
-3.5916315748031495
0
LINE
8
BLACK
6
CONTINUOUS
10
5.2929490551181102
20
-3.5916315748031495
11
5.2890944881889759
21
-3.5902286614173229
0
LINE
8
BLACK
6
CONTINUOUS
10
5.2890944881889759
20
-3.5902286614173229
11
5.2859522440944877
21
-3.5875919685039368
0
LINE
8
BLACK
6
CONTINUOUS
10
5.2859522440944877
20
-3.5875919685039368
11
5.2839012598425192
21
-3.5840396062992124
0
LINE
8
BLACK
6
CONTINUOUS
10
5.2839012598425192
20
-3.5840396062992124
11
5.2831889763779527
21
-3.5800000000000001
0
LINE
8
BLACK
6
CONTINUOUS
10
5.2831889763779527
20
-3.5800000000000001
11
5.2839012598425192
21
-3.5759603937007873
0
LINE
8
BLACK
6
CONTINUOUS
10
5.2839012598425192
20
-3.5759603937007873
11
5.2859522440944877
21
-3.5724080314960629
0
LINE
8
BLACK
6
CONTINUOUS
10
5.2859522440944877
20
-3.5724080314960629
11
5.2890944881889759
21
-3.5697713385826773
0
LINE
8
BLACK
6
CONTINUOUS
10
5.2890944881889759
20
-3.5697713385826773
11
5.2929490551181102
21
-3.5683684251968502
0
LINE
8
BLACK
6
CONTINUOUS
10
5.2929490551181102
20
-3.5683684251968502
11
5.2970509448818897
21
-3.5683684251968502
0
LINE
8
BLACK
6
CONTINUOUS
10
5.2970509448818897
20
-3.5683684251968502
11
5.3009055118110231
21
-3.5697713385826773
0
LINE
8
BLACK
6
CONTINUOUS
10
4.7811811023622042
20
-3.6805905511811021
11
4.7791385433070861
21
-3.6805905511811021
0
LINE
8
BLACK
6
CONTINUOUS
10
4.7791385433070861
20
-3.6805905511811021
11
4.7791871259842518
21
-3.7294094488188976
0
LINE
8
BLACK
6
CONTINUOUS
10
4.7791871259842518
20
-3.7294094488188976
11
4.7811811023622042
21
-3.7294094488188976
0
LINE
8
BLACK
6
CONTINUOUS
10
4.7811811023622042
20
-3.7294094488188976
11
4.7811811023622042
21
-3.7805905511811022
0
LINE
8
BLACK
6
CONTINUOUS
10
4.7811811023622042
20
-3.7805905511811022
11
4.779154409448819
21
-3.7805905511811022
0
LINE
8
BLACK
6
CONTINUOUS
10
4.779154409448819
20
-3.7805905511811022
11
4.7792050000000001
21
-3.8126094488188977
0
LINE
8
BLACK
6
CONTINUOUS
10
4.7792050000000001
20
-3.8126094488188977
11
4.7899652755905509
21
-3.8232877559055116
0
LINE
8
BLACK
6
CONTINUOUS
10
4.7899652755905509
20
-3.8232877559055116
11
5.0702202362204725
21
-3.8231906299212599
0
LINE
8
BLACK
6
CONTINUOUS
10
5.0702202362204725
20
-3.8231906299212599
11
5.0850789763779529
21
-3.8082388582677162
0
LINE
8
BLACK
6
CONTINUOUS
10
5.0850789763779529
20
-3.8082388582677162
11
5.0850401574803152
21
-3.7968110236220474
0
LINE
8
BLACK
6
CONTINUOUS
10
5.0850401574803152
20
-3.7968110236220474
11
5.0544881889763777
21
-3.7968110236220474
0
LINE
8
BLACK
6
CONTINUOUS
10
5.0544881889763777
20
-3.7968110236220474
11
5.0544881889763777
21
-3.7731889763779525
0
LINE
8
BLACK
6
CONTINUOUS
10
5.0544881889763777
20
-3.7731889763779525
11
5.1391338582677166
21
-3.7731889763779525
0
LINE
8
BLACK
6
CONTINUOUS
10
5.1391338582677166
20
-3.7731889763779525
11
5.1391338582677166
21
-3.7968110236220474
0
LINE
8
BLACK
6
CONTINUOUS
10
5.1391338582677166
20
-3.7968110236220474
11
5.1085663779527559
21
-3.7968110236220474
0
LINE
8
BLACK
6
CONTINUOUS
10
5.1085663779527559
20
-3.7968110236220474
11
5.1086220472440944
21
-3.8131889763779525
0
LINE
8
BLACK
6
CONTINUOUS
10
5.1086220472440944
20
-3.8131889763779525
11
5.1085209842519683
21
-3.8147306299212596
0
LINE
8
BLACK
6
CONTINUOUS
10
5.1085209842519683
20
-3.8147306299212596
11
5.1077229921259839
21
-3.8177088582677166
0
LINE
8
BLACK
6
CONTINUOUS
10
5.1077229921259839
20
-3.8177088582677166
11
5.1061813385826769
21
-3.82037905511811
0
LINE
8
BLACK
6
CONTINUOUS
10
5.1061813385826769
20
-3.82037905511811
11
5.083351653543307
21
-3.8433516535433072
0
LINE
8
BLACK
6
CONTINUOUS
10
5.083351653543307
20
-3.8433516535433072
11
5.082190118110236
21
-3.8443702755905509
0
LINE
8
BLACK
6
CONTINUOUS
10
5.082190118110236
20
-3.8443702755905509
11
5.0821900787401573
21
-3.8443703149606296
0
LINE
8
BLACK
6
CONTINUOUS
10
5.0821900787401573
20
-3.8443703149606296
11
5.0795198818897633
21
-3.8459119685039371
0
LINE
8
BLACK
6
CONTINUOUS
10
5.0795198818897633
20
-3.8459119685039371
11
5.0765416535433072
21
-3.8467099606299211
0
LINE
8
BLACK
6
CONTINUOUS
10
5.0765416535433072
20
-3.8467099606299211
11
4.7850000000000001
21
-3.8468110236220472
0
LINE
8
BLACK
6
CONTINUOUS
10
4.7850000000000001
20
-3.8468110236220472
11
4.7834583464566931
21
-3.8467099606299211
0
LINE
8
BLACK
6
CONTINUOUS
10
4.7834583464566931
20
-3.8467099606299211
11
4.7804801181102361
21
-3.8459119685039371
0
LINE
8
BLACK
6
CONTINUOUS
10
4.7804801181102361
20
-3.8459119685039371
11
4.7778099212598422
21
-3.8443703149606296
0
LINE
8
BLACK
6
CONTINUOUS
10
4.7778099212598422
20
-3.8443703149606296
11
4.7778047244094486
21
-3.8443651181102361
0
LINE
8
BLACK
6
CONTINUOUS
10
4.7778047244094486
20
-3.8443651181102361
11
4.7590499212598427
21
-3.8257532283464566
0
LINE
8
BLACK
6
CONTINUOUS
10
4.7590499212598427
20
-3.8257532283464566
11
4.7580312598425198
21
-3.8245916535433069
0
LINE
8
BLACK
6
CONTINUOUS
10
4.7580312598425198
20
-3.8245916535433069
11
4.7564896062992128
21
-3.8219214566929134
0
LINE
8
BLACK
6
CONTINUOUS
10
4.7564896062992128
20
-3.8219214566929134
11
4.7556916141732284
21
-3.8189432283464564
0
LINE
8
BLACK
6
CONTINUOUS
10
4.7556916141732284
20
-3.8189432283464564
11
4.755630984251968
21
-3.7805905511811022
0
LINE
8
BLACK
6
CONTINUOUS
10
4.755630984251968
20
-3.7805905511811022
11
4.753622047244094
21
-3.7805905511811022
0
LINE
8
BLACK
6
CONTINUOUS
10
4.753622047244094
20
-3.7805905511811022
11
4.753622047244094
21
-3.7294094488188976
0
LINE
8
BLACK
6
CONTINUOUS
10
4.753622047244094
20
-3.7294094488188976
11
4.7556646062992121
21
-3.7294094488188976
0
LINE
8
BLACK
6
CONTINUOUS
10
4.7556646062992121
20
-3.7294094488188976
11
4.7556160236220473
21
-3.6805905511811021
0
LINE
8
BLACK
6
CONTINUOUS
10
4.7556160236220473
20
-3.6805905511811021
11
4.753622047244094
21
-3.6805905511811021
0
LINE
8
BLACK
6
CONTINUOUS
10
4.753622047244094
20
-3.6805905511811021
11
4.753622047244094
21
-3.6294094488188975
0
LINE
8
BLACK
6
CONTINUOUS
10
4.753622047244094
20
-3.6294094488188975
11
4.7811811023622042
21
-3.6294094488188975
0
LINE
8
BLACK
6
CONTINUOUS
10
4.7811811023622042
20
-3.6294094488188975
11
4.7811811023622042
21
-3.6805905511811021
0
LINE
8
BLACK
6
CONTINUOUS
10
5.1391338582677166
20
-3.7468110236220471
11
5.0544881889763777
21
-3.7468110236220471
0
LINE
8
BLACK
6
CONTINUOUS
10
5.0544881889763777
20
-3.7468110236220471
11
5.0544881889763777
21
-3.7427812598425194
0
LINE
8
BLACK
6
CONTINUOUS
10
5.0544881889763777
20
-3.7427812598425194
11
4.9881725196850395
21
-3.7428697637795274
0
LINE
8
BLACK
6
CONTINUOUS
10
4.9881725196850395
20
-3.7428697637795274
11
4.9877464173228345
21
-3.7433111023622048
0
LINE
8
BLACK
6
CONTINUOUS
10
4.9877464173228345
20
-3.7433111023622048
11
4.9877776377952756
21
-3.7496850393700787
0
LINE
8
BLACK
6
CONTINUOUS
10
4.9877776377952756
20
-3.7496850393700787
11
5.0046062992125986
21
-3.7496850393700787
0
LINE
8
BLACK
6
CONTINUOUS
10
5.0046062992125986
20
-3.7496850393700787
11
5.0046062992125986
21
-3.7890551181102361
0
LINE
8
BLACK
6
CONTINUOUS
10
5.0046062992125986
20
-3.7890551181102361
11
4.9553937007874014
21
-3.7890551181102361
0
LINE
8
BLACK
6
CONTINUOUS
10
4.9553937007874014
20
-3.7890551181102361
11
4.9553937007874014
21
-3.7771538582677167
0
LINE
8
BLACK
6
CONTINUOUS
10
4.9553937007874014
20
-3.7771538582677167
11
4.9211811023622047
21
-3.7772337795275588
0
LINE
8
BLACK
6
CONTINUOUS
10
4.9211811023622047
20
-3.7772337795275588
11
4.9211811023622047
21
-3.7855905511811021
0
LINE
8
BLACK
6
CONTINUOUS
10
4.9211811023622047
20
-3.7855905511811021
11
4.8936220472440946
21
-3.7855905511811021
0
LINE
8
BLACK
6
CONTINUOUS
10
4.8936220472440946
20
-3.7855905511811021
11
4.8936220472440946
21
-3.7344094488188975
0
LINE
8
BLACK
6
CONTINUOUS
10
4.8936220472440946
20
-3.7344094488188975
11
4.9211811023622047
21
-3.7344094488188975
0
LINE
8
BLACK
6
CONTINUOUS
10
4.9211811023622047
20
-3.7344094488188975
11
4.9211811023622047
21
-3.7616334645669292
0
LINE
8
BLACK
6
CONTINUOUS
10
4.9211811023622047
20
-3.7616334645669292
11
4.9553937007874014
21
-3.7615535433070866
0
LINE
8
BLACK
6
CONTINUOUS
10
4.9553937007874014
20
-3.7615535433070866
11
4.9553937007874014
21
-3.7496850393700787
0
LINE
8
BLACK
6
CONTINUOUS
10
4.9553937007874014
20
-3.7496850393700787
11
4.9721733858267712
21
-3.7496850393700787
0
LINE
8
BLACK
6
CONTINUOUS
10
4.9721733858267712
20
-3.7496850393700787
11
4.9721259842519681
21
-3.7399999999999998
0
LINE
8
BLACK
6
CONTINUOUS
10
4.9721259842519681
20
-3.7399999999999998
11
4.9722772834645665
21
-3.7384638582677163
0
LINE
8
BLACK
6
CONTINUOUS
10
4.9722772834645665
20
-3.7384638582677163
11
4.973452992125984
21
-3.735625433070866
0
LINE
8
BLACK
6
CONTINUOUS
10
4.973452992125984
20
-3.735625433070866
11
4.9794322440944878
21
-3.7294322440944883
0
LINE
8
BLACK
6
CONTINUOUS
10
4.9794322440944878
20
-3.7294322440944883
11
4.9806254330708661
21
-3.7284529921259844
0
LINE
8
BLACK
6
CONTINUOUS
10
4.9806254330708661
20
-3.7284529921259844
11
4.983463858267716
21
-3.7272772834645669
0
LINE
8
BLACK
6
CONTINUOUS
10
4.983463858267716
20
-3.7272772834645669
11
5.0544881889763777
21
-3.7271824409448819
0
LINE
8
BLACK
6
CONTINUOUS
10
5.0544881889763777
20
-3.7271824409448819
11
5.0544881889763777
21
-3.7231889763779527
0
LINE
8
BLACK
6
CONTINUOUS
10
5.0544881889763777
20
-3.7231889763779527
11
5.1391338582677166
21
-3.7231889763779527
0
LINE
8
BLACK
6
CONTINUOUS
10
5.1391338582677166
20
-3.7231889763779527
11
5.1391338582677166
21
-3.7468110236220471
0
LINE
8
BLACK
6
CONTINUOUS
10
4.8546062992125982
20
-3.709055118110236
11
4.8403616535433072
21
-3.709055118110236
0
LINE
8
BLACK
6
CONTINUOUS
10
4.8403616535433072
20
-3.709055118110236
11
4.8404167716535431
21
-3.7344094488188975
0
LINE
8
BLACK
6
CONTINUOUS
10
4.8404167716535431
20
-3.7344094488188975
11
4.8463779527559057
21
-3.7344094488188975
0
LINE
8
BLACK
6
CONTINUOUS
10
4.8463779527559057
20
-3.7344094488188975
11
4.8463779527559057
21
-3.7855905511811021
0
LINE
8
BLACK
6
CONTINUOUS
10
4.8463779527559057
20
-3.7855905511811021
11
4.8188188976377955
21
-3.7855905511811021
0
LINE
8
BLACK
6
CONTINUOUS
10
4.8188188976377955
20
-3.7855905511811021
11
4.8188188976377955
21
-3.7344094488188975
0
LINE
8
BLACK
6
CONTINUOUS
10
4.8188188976377955
20
-3.7344094488188975
11
4.8248166929133856
21
-3.7344094488188975
0
LINE
8
BLACK
6
CONTINUOUS
10
4.8248166929133856
20
-3.7344094488188975
11
4.8247615748031496
21
-3.709055118110236
0
LINE
8
BLACK
6
CONTINUOUS
10
4.8247615748031496
20
-3.709055118110236
11
4.805393700787401
21
-3.709055118110236
0
LINE
8
BLACK
6
CONTINUOUS
10
4.805393700787401
20
-3.709055118110236
11
4.805393700787401
21
-3.6696850393700786
0
LINE
8
BLACK
6
CONTINUOUS
10
4.805393700787401
20
-3.6696850393700786
11
4.8546062992125982
21
-3.6696850393700786
0
LINE
8
BLACK
6
CONTINUOUS
10
4.8546062992125982
20
-3.6696850393700786
11
4.8546062992125982
21
-3.709055118110236
0
LINE
8
BLACK
6
CONTINUOUS
10
5.2355032283464569
20
-3.0307859055118112
11
5.2367181496062987
21
-3.031718149606299
0
LINE
8
BLACK
6
CONTINUOUS
10
5.2367181496062987
20
-3.031718149606299
11
5.2532818503937007
21
-3.0482818503937006
0
LINE
8
BLACK
6
CONTINUOUS
10
5.2532818503937007
20
-3.0482818503937006
11
5.2548001181102357
21
-3.0509115748031497
0
LINE
8
BLACK
6
CONTINUOUS
10
5.2548001181102357
20
-3.0509115748031497
11
5.2549999999999999
21
-3.0524298425196852
0
LINE
8
BLACK
6
CONTINUOUS
10
5.2549999999999999
20
-3.0524298425196852
11
5.2549999999999999
21
-3.0544094488188978
0
LINE
8
BLACK
6
CONTINUOUS
10
5.2549999999999999
20
-3.0544094488188978
11
5.2563779527559058
21
-3.0544094488188978
0
LINE
8
BLACK
6
CONTINUOUS
10
5.2563779527559058
20
-3.0544094488188978
11
5.2563779527559058
21
-3.1055905511811024
0
LINE
8
BLACK
6
CONTINUOUS
10
5.2563779527559058
20
-3.1055905511811024
11
5.2549999999999999
21
-3.1055905511811024
0
LINE
8
BLACK
6
CONTINUOUS
10
5.2549999999999999
20
-3.1055905511811024
11
5.2549999999999999
21
-3.1121805905511812
0
LINE
8
BLACK
6
CONTINUOUS
10
5.2549999999999999
20
-3.1121805905511812
11
5.254214094488189
21
-3.1151136614173227
0
LINE
8
BLACK
6
CONTINUOUS
10
5.254214094488189
20
-3.1151136614173227
11
5.2527984251968505
21
-3.1167612598425194
0
LINE
8
BLACK
6
CONTINUOUS
10
5.2527984251968505
20
-3.1167612598425194
11
5.2316068503937005
21
-3.133714527559055
0
LINE
8
BLACK
6
CONTINUOUS
10
5.2316068503937005
20
-3.133714527559055
11
5.2288255511811021
21
-3.1349331102362203
0
LINE
8
BLACK
6
CONTINUOUS
10
5.2288255511811021
20
-3.1349331102362203
11
5.227942283464567
21
-3.1349999999999998
0
LINE
8
BLACK
6
CONTINUOUS
10
5.227942283464567
20
-3.1349999999999998
11
5.1349999999999998
21
-3.1349999999999998
0
LINE
8
BLACK
6
CONTINUOUS
10
5.1349999999999998
20
-3.1349999999999998
11
5.1200000000000001
21
-3.1499999999999999
0
LINE
8
BLACK
6
CONTINUOUS
10
5.1200000000000001
20
-3.1499999999999999
11
5.1200000000000001
21
-3.252570157480315
0
LINE
8
BLACK
6
CONTINUOUS
10
5.1200000000000001
20
-3.252570157480315
11
5.1192140944881892
21
-3.2555032283464564
0
LINE
8
BLACK
6
CONTINUOUS
10
5.1192140944881892
20
-3.2555032283464564
11
5.1182818503937009
21
-3.2567181496062991
0
LINE
8
BLACK
6
CONTINUOUS
10
5.1182818503937009
20
-3.2567181496062991
11
5.1067181496062988
21
-3.2682818503937008
0
LINE
8
BLACK
6
CONTINUOUS
10
5.1067181496062988
20
-3.2682818503937008
11
5.1040884251968501
21
-3.2698001181102363
0
LINE
8
BLACK
6
CONTINUOUS
10
5.1040884251968501
20
-3.2698001181102363
11
5.1025701574803151
21
-3.27
0
LINE
8
BLACK
6
CONTINUOUS
10
5.1025701574803151
20
-3.27
11
5.0049999999999999
21
-3.27
0
LINE
8
BLACK
6
CONTINUOUS
10
5.0049999999999999
20
-3.27
11
4.9349999999999996
21
-3.3549999606299212
0
LINE
8
BLACK
6
CONTINUOUS
10
4.9349999999999996
20
-3.3549999606299212
11
4.9349999999999996
21
-3.417570157480315
0
LINE
8
BLACK
6
CONTINUOUS
10
4.9349999999999996
20
-3.417570157480315
11
4.9342140944881887
21
-3.4205032283464565
0
LINE
8
BLACK
6
CONTINUOUS
10
4.9342140944881887
20
-3.4205032283464565
11
4.9332818503937004
21
-3.4217181496062992
0
LINE
8
BLACK
6
CONTINUOUS
10
4.9332818503937004
20
-3.4217181496062992
11
4.9228350393700788
21
-3.4321649606299212
0
LINE
8
BLACK
6
CONTINUOUS
10
4.9228350393700788
20
-3.4321649606299212
11
4.9228350393700788
21
-3.4363999999999999
0
LINE
8
BLACK
6
CONTINUOUS
10
4.9228350393700788
20
-3.4363999999999999
11
4.7771649606299214
21
-3.4363999999999999
0
LINE
8
BLACK
6
CONTINUOUS
10
4.7771649606299214
20
-3.4363999999999999
11
4.7771649606299214
21
-3.4334459842519682
0
LINE
8
BLACK
6
CONTINUOUS
10
4.7771649606299214
20
-3.4334459842519682
11
4.7757859055118113
21
-3.4320669291338581
0
LINE
8
BLACK
6
CONTINUOUS
10
4.7757859055118113
20
-3.4320669291338581
11
4.775513464566929
21
-3.4310502755905512
0
LINE
8
BLACK
6
CONTINUOUS
10
4.775513464566929
20
-3.4310502755905512
11
4.7754465354330708
21
-3.4310780314960629
0
LINE
8
BLACK
6
CONTINUOUS
10
4.7754465354330708
20
-3.4310780314960629
11
4.7749999999999995
21
-3.4299999999999997
0
LINE
8
BLACK
6
CONTINUOUS
10
4.7749999999999995
20
-3.4299999999999997
11
4.7734766535433071
21
-3.4284766535433069
0
LINE
8
BLACK
6
CONTINUOUS
10
4.7734766535433071
20
-3.4284766535433069
11
4.7380691732283466
21
-3.4285069291338583
0
LINE
8
BLACK
6
CONTINUOUS
10
4.7380691732283466
20
-3.4285069291338583
11
4.7043116929133859
21
-3.4623800787401575
0
LINE
8
BLACK
6
CONTINUOUS
10
4.7043116929133859
20
-3.4623800787401575
11
4.7043964566929128
21
-3.6294094488188975
0
LINE
8
BLACK
6
CONTINUOUS
10
4.7043964566929128
20
-3.6294094488188975
11
4.7063779527559051
21
-3.6294094488188975
0
LINE
8
BLACK
6
CONTINUOUS
10
4.7063779527559051
20
-3.6294094488188975
11
4.7063779527559051
21
-3.6805905511811021
0
LINE
8
BLACK
6
CONTINUOUS
10
4.7063779527559051
20
-3.6805905511811021
11
4.6788188976377949
21
-3.6805905511811021
0
LINE
8
BLACK
6
CONTINUOUS
10
4.6788188976377949
20
-3.6805905511811021
11
4.6788188976377949
21
-3.6294094488188975
0
LINE
8
BLACK
6
CONTINUOUS
10
4.6788188976377949
20
-3.6294094488188975
11
4.6808746850393703
21
-3.6294094488188975
0
LINE
8
BLACK
6
CONTINUOUS
10
4.6808746850393703
20
-3.6294094488188975
11
4.6807874015748032
21
-3.4574015748031495
0
LINE
8
BLACK
6
CONTINUOUS
10
4.6807874015748032
20
-3.4574015748031495
11
4.6808884645669293
21
-3.4558599212598424
0
LINE
8
BLACK
6
CONTINUOUS
10
4.6808884645669293
20
-3.4558599212598424
11
4.6816864566929137
21
-3.4528816929133859
0
LINE
8
BLACK
6
CONTINUOUS
10
4.6816864566929137
20
-3.4528816929133859
11
4.6832281102362208
21
-3.4502114960629919
0
LINE
8
BLACK
6
CONTINUOUS
10
4.6832281102362208
20
-3.4502114960629919
11
4.724948346456693
21
-3.4083483464566928
0
LINE
8
BLACK
6
CONTINUOUS
10
4.724948346456693
20
-3.4083483464566928
11
4.7261099212598427
21
-3.4073296850393699
0
LINE
8
BLACK
6
CONTINUOUS
10
4.7261099212598427
20
-3.4073296850393699
11
4.7287801181102358
21
-3.4057880314960629
0
LINE
8
BLACK
6
CONTINUOUS
10
4.7287801181102358
20
-3.4057880314960629
11
4.7317583464566928
21
-3.4049900393700785
0
LINE
8
BLACK
6
CONTINUOUS
10
4.7317583464566928
20
-3.4049900393700785
11
4.7699999999999996
21
-3.4049573228346457
0
LINE
8
BLACK
6
CONTINUOUS
10
4.7699999999999996
20
-3.4049573228346457
11
4.7699999999999996
21
-3.352429842519685
0
LINE
8
BLACK
6
CONTINUOUS
10
4.7699999999999996
20
-3.352429842519685
11
4.7707859055118105
21
-3.3494967716535431
0
LINE
8
BLACK
6
CONTINUOUS
10
4.7707859055118105
20
-3.3494967716535431
11
4.7717181496062988
21
-3.3482818503937009
0
LINE
8
BLACK
6
CONTINUOUS
10
4.7717181496062988
20
-3.3482818503937009
11
4.7882818503937008
21
-3.3317181496062993
0
LINE
8
BLACK
6
CONTINUOUS
10
4.7882818503937008
20
-3.3317181496062993
11
4.7909115748031494
21
-3.3301998818897638
0
LINE
8
BLACK
6
CONTINUOUS
10
4.7909115748031494
20
-3.3301998818897638
11
4.7924298425196845
21
-3.3300000000000001
0
LINE
8
BLACK
6
CONTINUOUS
10
4.7924298425196845
20
-3.3300000000000001
11
4.875
21
-3.3300000000000001
0
LINE
8
BLACK
6
CONTINUOUS
10
4.875
20
-3.3300000000000001
11
4.8899999999999997
21
-3.3149999999999999
0
LINE
8
BLACK
6
CONTINUOUS
10
4.8899999999999997
20
-3.3149999999999999
11
4.8899999999999997
21
-3.3014960629921259
0
LINE
8
BLACK
6
CONTINUOUS
10
4.8899999999999997
20
-3.3014960629921259
11
4.8893700787401571
21
-3.3014960629921259
0
LINE
8
BLACK
6
CONTINUOUS
10
4.8893700787401571
20
-3.3014960629921259
11
4.8893700787401571
21
-3.2385039370078741
0
LINE
8
BLACK
6
CONTINUOUS
10
4.8893700787401571
20
-3.2385039370078741
11
4.8899999999999997
21
-3.2385039370078741
0
LINE
8
BLACK
6
CONTINUOUS
10
4.8899999999999997
20
-3.2385039370078741
11
4.8899999999999997
21
-3.2224298425196851
0
LINE
8
BLACK
6
CONTINUOUS
10
4.8899999999999997
20
-3.2224298425196851
11
4.8907859055118106
21
-3.2194967716535432
0
LINE
8
BLACK
6
CONTINUOUS
10
4.8907859055118106
20
-3.2194967716535432
11
4.8917181496062989
21
-3.2182818503937005
0
LINE
8
BLACK
6
CONTINUOUS
10
4.8917181496062989
20
-3.2182818503937005
11
4.8982818503937002
21
-3.2117181496062992
0
LINE
8
BLACK
6
CONTINUOUS
10
4.8982818503937002
20
-3.2117181496062992
11
4.9009115748031498
21
-3.2101998818897637
0
LINE
8
BLACK
6
CONTINUOUS
10
4.9009115748031498
20
-3.2101998818897637
11
4.9024298425196848
21
-3.21
0
LINE
8
BLACK
6
CONTINUOUS
10
4.9024298425196848
20
-3.21
11
4.96
21
-3.21
0
LINE
8
BLACK
6
CONTINUOUS
10
4.96
20
-3.21
11
5.0199999999999996
21
-3.1499999999999999
0
LINE
8
BLACK
6
CONTINUOUS
10
5.0199999999999996
20
-3.1499999999999999
11
5.0199999999999996
21
-3.087267874015748
0
LINE
8
BLACK
6
CONTINUOUS
10
5.0199999999999996
20
-3.087267874015748
11
5.0207859055118105
21
-3.0843348031496061
0
LINE
8
BLACK
6
CONTINUOUS
10
5.0207859055118105
20
-3.0843348031496061
11
5.0215255511811021
21
-3.0833218897637793
0
LINE
8
BLACK
6
CONTINUOUS
10
5.0215255511811021
20
-3.0833218897637793
11
5.0682544094488184
21
-3.031920157480315
0
LINE
8
BLACK
6
CONTINUOUS
10
5.0682544094488184
20
-3.031920157480315
11
5.0708089370078735
21
-3.0302785039370077
0
LINE
8
BLACK
6
CONTINUOUS
10
5.0708089370078735
20
-3.0302785039370077
11
5.0725949999999997
21
-3.0299999999999998
0
LINE
8
BLACK
6
CONTINUOUS
10
5.0725949999999997
20
-3.0299999999999998
11
5.232570157480315
21
-3.0299999999999998
0
LINE
8
BLACK
6
CONTINUOUS
10
5.232570157480315
20
-3.0299999999999998
11
5.2355032283464569
21
-3.0307859055118112
0
LINE
8
BLACK
6
CONTINUOUS
10
5.0855032283464565
20
-3.3457859055118111
11
5.0867181496062992
21
-3.346718149606299
0
LINE
8
BLACK
6
CONTINUOUS
10
5.0867181496062992
20
-3.346718149606299
11
5.0920078740157475
21
-3.3520078740157477
0
LINE
8
BLACK
6
CONTINUOUS
10
5.0920078740157475
20
-3.3520078740157477
11
5.0944488188976376
21
-3.3520078740157477
0
LINE
8
BLACK
6
CONTINUOUS
10
5.0944488188976376
20
-3.3520078740157477
11
5.0944488188976376
21
-3.3553030708661415
0
LINE
8
BLACK
6
CONTINUOUS
10
5.0944488188976376
20
-3.3553030708661415
11
5.0948001181102365
21
-3.3559115748031494
0
LINE
8
BLACK
6
CONTINUOUS
10
5.0948001181102365
20
-3.3559115748031494
11
5.0949999999999998
21
-3.3574298425196849
0
LINE
8
BLACK
6
CONTINUOUS
10
5.0949999999999998
20
-3.3574298425196849
11
5.0949999999999998
21
-3.4872201574803148
0
LINE
8
BLACK
6
CONTINUOUS
10
5.0949999999999998
20
-3.4872201574803148
11
5.0942140944881888
21
-3.4901532283464567
0
LINE
8
BLACK
6
CONTINUOUS
10
5.0942140944881888
20
-3.4901532283464567
11
5.0928485039370077
21
-3.4917603149606298
0
LINE
8
BLACK
6
CONTINUOUS
10
5.0928485039370077
20
-3.4917603149606298
11
5.04162062992126
21
-3.5336740157480313
0
LINE
8
BLACK
6
CONTINUOUS
10
5.04162062992126
20
-3.5336740157480313
11
5.0388529133858269
21
-3.5349230708661414
0
LINE
8
BLACK
6
CONTINUOUS
10
5.0388529133858269
20
-3.5349230708661414
11
5.0379059842519682
21
-3.5349999999999997
0
LINE
8
BLACK
6
CONTINUOUS
10
5.0379059842519682
20
-3.5349999999999997
11
5.0300000000000002
21
-3.5349999999999997
0
LINE
8
BLACK
6
CONTINUOUS
10
5.0300000000000002
20
-3.5349999999999997
11
5.0149999999999997
21
-3.5499999999999998
0
LINE
8
BLACK
6
CONTINUOUS
10
5.0149999999999997
20
-3.5499999999999998
11
5.0149999999999997
21
-3.5553937007874015
0
LINE
8
BLACK
6
CONTINUOUS
10
5.0149999999999997
20
-3.5553937007874015
11
5.0153149606299214
21
-3.5553937007874015
0
LINE
8
BLACK
6
CONTINUOUS
10
5.0153149606299214
20
-3.5553937007874015
11
5.0153149606299214
21
-3.6046062992125982
0
LINE
8
BLACK
6
CONTINUOUS
10
5.0153149606299214
20
-3.6046062992125982
11
5.0149999999999997
21
-3.6046062992125982
0
LINE
8
BLACK
6
CONTINUOUS
10
5.0149999999999997
20
-3.6046062992125982
11
5.0149999999999997
21
-3.6149999999999998
0
LINE
8
BLACK
6
CONTINUOUS
10
5.0149999999999997
20
-3.6149999999999998
11
5.0199999999999996
21
-3.6200000000000001
0
LINE
8
BLACK
6
CONTINUOUS
10
5.0199999999999996
20
-3.6200000000000001
11
5.1341338582677167
21
-3.6200000000000001
0
LINE
8
BLACK
6
CONTINUOUS
10
5.1341338582677167
20
-3.6200000000000001
11
5.1370669291338578
21
-3.620785905511811
0
LINE
8
BLACK
6
CONTINUOUS
10
5.1370669291338578
20
-3.620785905511811
11
5.1392140944881888
21
-3.6229330708661416
0
LINE
8
BLACK
6
CONTINUOUS
10
5.1392140944881888
20
-3.6229330708661416
11
5.1399999999999997
21
-3.6258661417322835
0
LINE
8
BLACK
6
CONTINUOUS
10
5.1399999999999997
20
-3.6258661417322835
11
5.1399999999999997
21
-3.6441338582677165
0
LINE
8
BLACK
6
CONTINUOUS
10
5.1399999999999997
20
-3.6441338582677165
11
5.1392140944881888
21
-3.647066929133858
0
LINE
8
BLACK
6
CONTINUOUS
10
5.1392140944881888
20
-3.647066929133858
11
5.1370669291338578
21
-3.649214094488189
0
LINE
8
BLACK
6
CONTINUOUS
10
5.1370669291338578
20
-3.649214094488189
11
5.1341338582677167
21
-3.6499999999999999
0
LINE
8
BLACK
6
CONTINUOUS
10
5.1341338582677167
20
-3.6499999999999999
11
4.9320577165354331
21
-3.6499999999999999
0
LINE
8
BLACK
6
CONTINUOUS
10
4.9320577165354331
20
-3.6499999999999999
11
4.9291246456692912
21
-3.649214094488189
0
LINE
8
BLACK
6
CONTINUOUS
10
4.9291246456692912
20
-3.649214094488189
11
4.9283931496062987
21
-3.6487145275590551
0
LINE
8
BLACK
6
CONTINUOUS
10
4.9283931496062987
20
-3.6487145275590551
11
4.9072015748031497
21
-3.6317612598425195
0
LINE
8
BLACK
6
CONTINUOUS
10
4.9072015748031497
20
-3.6317612598425195
11
4.9054022047244095
21
-3.6293153149606296
0
LINE
8
BLACK
6
CONTINUOUS
10
4.9054022047244095
20
-3.6293153149606296
11
4.9050000000000002
21
-3.6271805905511809
0
LINE
8
BLACK
6
CONTINUOUS
10
4.9050000000000002
20
-3.6271805905511809
11
4.9050000000000002
21
-3.6149999999999998
0
LINE
8
BLACK
6
CONTINUOUS
10
4.9050000000000002
20
-3.6149999999999998
11
4.9049999606299215
21
-3.6149999212598423
0
LINE
8
BLACK
6
CONTINUOUS
10
4.9049999606299215
20
-3.6149999212598423
11
4.8700000000000001
21
-3.5749999999999997
0
LINE
8
BLACK
6
CONTINUOUS
10
4.8700000000000001
20
-3.5749999999999997
11
4.8474298425196851
21
-3.5749999999999997
0
LINE
8
BLACK
6
CONTINUOUS
10
4.8474298425196851
20
-3.5749999999999997
11
4.8444967716535432
21
-3.5742140944881888
0
LINE
8
BLACK
6
CONTINUOUS
10
4.8444967716535432
20
-3.5742140944881888
11
4.8432818503937005
21
-3.5732818503937005
0
LINE
8
BLACK
6
CONTINUOUS
10
4.8432818503937005
20
-3.5732818503937005
11
4.8200000000000003
21
-3.5499999999999998
0
LINE
8
BLACK
6
CONTINUOUS
10
4.8200000000000003
20
-3.5499999999999998
11
4.7881394488188977
21
-3.5499999999999998
0
LINE
8
BLACK
6
CONTINUOUS
10
4.7881394488188977
20
-3.5499999999999998
11
4.7852063779527558
21
-3.5492140944881889
0
LINE
8
BLACK
6
CONTINUOUS
10
4.7852063779527558
20
-3.5492140944881889
11
4.7832585433070864
21
-3.5473877952755903
0
LINE
8
BLACK
6
CONTINUOUS
10
4.7832585433070864
20
-3.5473877952755903
11
4.775985236220472
21
-3.5364778346456691
0
LINE
8
BLACK
6
CONTINUOUS
10
4.775985236220472
20
-3.5364778346456691
11
4.7750121653543305
21
-3.5336014566929133
0
LINE
8
BLACK
6
CONTINUOUS
10
4.7750121653543305
20
-3.5336014566929133
11
4.7749999999999995
21
-3.5332238976377952
0
LINE
8
BLACK
6
CONTINUOUS
10
4.7749999999999995
20
-3.5332238976377952
11
4.7749999999999995
21
-3.4874298425196848
0
LINE
8
BLACK
6
CONTINUOUS
10
4.7749999999999995
20
-3.4874298425196848
11
4.7757859055118113
21
-3.4844967716535433
0
LINE
8
BLACK
6
CONTINUOUS
10
4.7757859055118113
20
-3.4844967716535433
11
4.7767181496062987
21
-3.4832818503937006
0
LINE
8
BLACK
6
CONTINUOUS
10
4.7767181496062987
20
-3.4832818503937006
11
4.778281850393701
21
-3.4817181496062992
0
LINE
8
BLACK
6
CONTINUOUS
10
4.778281850393701
20
-3.4817181496062992
11
4.7809115748031497
21
-3.4801998818897637
0
LINE
8
BLACK
6
CONTINUOUS
10
4.7809115748031497
20
-3.4801998818897637
11
4.7824298425196847
21
-3.48
0
LINE
8
BLACK
6
CONTINUOUS
10
4.7824298425196847
20
-3.48
11
4.9749999999999996
21
-3.48
0
LINE
8
BLACK
6
CONTINUOUS
10
4.9749999999999996
20
-3.48
11
4.9850000000000003
21
-3.4699999999999998
0
LINE
8
BLACK
6
CONTINUOUS
10
4.9850000000000003
20
-3.4699999999999998
11
4.9850000000000003
21
-3.3574298425196849
0
LINE
8
BLACK
6
CONTINUOUS
10
4.9850000000000003
20
-3.3574298425196849
11
4.9857859055118112
21
-3.3544967716535434
0
LINE
8
BLACK
6
CONTINUOUS
10
4.9857859055118112
20
-3.3544967716535434
11
4.9867181496062987
21
-3.3532818503937007
0
LINE
8
BLACK
6
CONTINUOUS
10
4.9867181496062987
20
-3.3532818503937007
11
4.9932818503937009
21
-3.346718149606299
0
LINE
8
BLACK
6
CONTINUOUS
10
4.9932818503937009
20
-3.346718149606299
11
4.9959115748031495
21
-3.3451998818897639
0
LINE
8
BLACK
6
CONTINUOUS
10
4.9959115748031495
20
-3.3451998818897639
11
4.9974298425196846
21
-3.3449999999999998
0
LINE
8
BLACK
6
CONTINUOUS
10
4.9974298425196846
20
-3.3449999999999998
11
5.0825701574803146
21
-3.3449999999999998
0
LINE
8
BLACK
6
CONTINUOUS
10
5.0825701574803146
20
-3.3449999999999998
11
5.0855032283464565
21
-3.3457859055118111
0
LINE
8
BLACK
6
CONTINUOUS
10
5.0940551181102363
20
-3.5741622834645668
11
5.1149658267716536
21
-3.5741164566929133
0
LINE
8
BLACK
6
CONTINUOUS
10
5.1149658267716536
20
-3.5741164566929133
11
5.1159522440944878
21
-3.5724080314960629
0
LINE
8
BLACK
6
CONTINUOUS
10
5.1159522440944878
20
-3.5724080314960629
11
5.1190944881889759
21
-3.5697713385826773
0
LINE
8
BLACK
6
CONTINUOUS
10
5.1190944881889759
20
-3.5697713385826773
11
5.1229490551181103
21
-3.5683684251968502
0
LINE
8
BLACK
6
CONTINUOUS
10
5.1229490551181103
20
-3.5683684251968502
11
5.1270509448818897
21
-3.5683684251968502
0
LINE
8
BLACK
6
CONTINUOUS
10
5.1270509448818897
20
-3.5683684251968502
11
5.1309055118110232
21
-3.5697713385826773
0
LINE
8
BLACK
6
CONTINUOUS
10
5.1309055118110232
20
-3.5697713385826773
11
5.1340477559055113
21
-3.5724080314960629
0
LINE
8
BLACK
6
CONTINUOUS
10
5.1340477559055113
20
-3.5724080314960629
11
5.1360987401574798
21
-3.5759603937007873
0
LINE
8
BLACK
6
CONTINUOUS
10
5.1360987401574798
20
-3.5759603937007873
11
5.1368110236220472
21
-3.5800000000000001
0
LINE
8
BLACK
6
CONTINUOUS
10
5.1368110236220472
20
-3.5800000000000001
11
5.1360987401574798
21
-3.5840396062992124
0
LINE
8
BLACK
6
CONTINUOUS
10
5.1360987401574798
20
-3.5840396062992124
11
5.1340477559055113
21
-3.5875919685039368
0
LINE
8
BLACK
6
CONTINUOUS
10
5.1340477559055113
20
-3.5875919685039368
11
5.1309055118110232
21
-3.5902286614173229
0
LINE
8
BLACK
6
CONTINUOUS
10
5.1309055118110232
20
-3.5902286614173229
11
5.1270509448818897
21
-3.5916315748031495
0
LINE
8
BLACK
6
CONTINUOUS
10
5.1270509448818897
20
-3.5916315748031495
11
5.1229490551181103
21
-3.5916315748031495
0
LINE
8
BLACK
6
CONTINUOUS
10
5.1229490551181103
20
-3.5916315748031495
11
5.1190944881889759
21
-3.5902286614173229
0
LINE
8
BLACK
6
CONTINUOUS
10
5.1190944881889759
20
-3.5902286614173229
11
5.1159522440944878
21
-3.5875919685039368
0
LINE
8
BLACK
6
CONTINUOUS
10
5.1159522440944878
20
-3.5875919685039368
11
5.1149272440944884
21
-3.5858166141732282
0
LINE
8
BLACK
6
CONTINUOUS
10
5.1149272440944884
20
-3.5858166141732282
11
5.0940551181102363
21
-3.5858623622047245
0
LINE
8
BLACK
6
CONTINUOUS
10
5.0940551181102363
20
-3.5858623622047245
11
5.0940551181102363
21
-3.6046062992125982
0
LINE
8
BLACK
6
CONTINUOUS
10
5.0940551181102363
20
-3.6046062992125982
11
5.0546850393700788
21
-3.6046062992125982
0
LINE
8
BLACK
6
CONTINUOUS
10
5.0546850393700788
20
-3.6046062992125982
11
5.0546850393700788
21
-3.5553937007874015
0
LINE
8
BLACK
6
CONTINUOUS
10
5.0546850393700788
20
-3.5553937007874015
11
5.0940551181102363
21
-3.5553937007874015
0
LINE
8
BLACK
6
CONTINUOUS
10
5.0940551181102363
20
-3.5553937007874015
11
5.0940551181102363
21
-3.5741622834645668
0
LINE
8
BLACK
6
CONTINUOUS
10
5.5105905511811022
20
-2.9961811023622045
11
5.4927562204724412
21
-2.9961811023622045
0
LINE
8
BLACK
6
CONTINUOUS
10
5.4927562204724412
20
-2.9961811023622045
11
5.4928192913385825
21
-3.0249999999999999
0
LINE
8
BLACK
6
CONTINUOUS
10
5.4928192913385825
20
-3.0249999999999999
11
6.0425701574803146
21
-3.0249999999999999
0
LINE
8
BLACK
6
CONTINUOUS
10
6.0425701574803146
20
-3.0249999999999999
11
6.0455032283464565
21
-3.0257859055118108
0
LINE
8
BLACK
6
CONTINUOUS
10
6.0455032283464565
20
-3.0257859055118108
11
6.0467181496062992
21
-3.0267181496062991
0
LINE
8
BLACK
6
CONTINUOUS
10
6.0467181496062992
20
-3.0267181496062991
11
6.0582818503937004
21
-3.0382818503937008
0
LINE
8
BLACK
6
CONTINUOUS
10
6.0582818503937004
20
-3.0382818503937008
11
6.0598001181102363
21
-3.0409115748031494
0
LINE
8
BLACK
6
CONTINUOUS
10
6.0598001181102363
20
-3.0409115748031494
11
6.0599999999999996
21
-3.042429842519685
0
LINE
8
BLACK
6
CONTINUOUS
10
6.0599999999999996
20
-3.042429842519685
11
6.0599999999999996
21
-3.1625701574803147
0
LINE
8
BLACK
6
CONTINUOUS
10
6.0599999999999996
20
-3.1625701574803147
11
6.0592140944881887
21
-3.1655032283464566
0
LINE
8
BLACK
6
CONTINUOUS
10
6.0592140944881887
20
-3.1655032283464566
11
6.0582818503937004
21
-3.1667181496062993
0
LINE
8
BLACK
6
CONTINUOUS
10
6.0582818503937004
20
-3.1667181496062993
11
6.0517181496062991
21
-3.1732818503937006
0
LINE
8
BLACK
6
CONTINUOUS
10
6.0517181496062991
20
-3.1732818503937006
11
6.0490884251968504
21
-3.1748001181102361
0
LINE
8
BLACK
6
CONTINUOUS
10
6.0490884251968504
20
-3.1748001181102361
11
6.0475701574803145
21
-3.1749999999999998
0
LINE
8
BLACK
6
CONTINUOUS
10
6.0475701574803145
20
-3.1749999999999998
11
6.0418503937007877
21
-3.1749999999999998
0
LINE
8
BLACK
6
CONTINUOUS
10
6.0418503937007877
20
-3.1749999999999998
11
5.8918503937007873
21
-3.1749999999999998
0
LINE
8
BLACK
6
CONTINUOUS
10
5.8918503937007873
20
-3.1749999999999998
11
5.8449999999999998
21
-3.1749999999999998
0
LINE
8
BLACK
6
CONTINUOUS
10
5.8449999999999998
20
-3.1749999999999998
11
5.6950000000000003
21
-3.1749999999999998
0
LINE
8
BLACK
6
CONTINUOUS
10
5.6950000000000003
20
-3.1749999999999998
11
5.6866248031496065
21
-3.1749999999999998
0
LINE
8
BLACK
6
CONTINUOUS
10
5.6866248031496065
20
-3.1749999999999998
11
5.6836917322834646
21
-3.1742140944881889
0
LINE
8
BLACK
6
CONTINUOUS
10
5.6836917322834646
20
-3.1742140944881889
11
5.6836066929133855
21
-3.1741640157480315
0
LINE
8
BLACK
6
CONTINUOUS
10
5.6836066929133855
20
-3.1741640157480315
11
5.6349999999999998
21
-3.145
0
LINE
8
BLACK
6
CONTINUOUS
10
5.6349999999999998
20
-3.145
11
5.6214960629921258
21
-3.145
0
LINE
8
BLACK
6
CONTINUOUS
10
5.6214960629921258
20
-3.145
11
5.6214960629921258
21
-3.1456299212598426
0
LINE
8
BLACK
6
CONTINUOUS
10
5.6214960629921258
20
-3.1456299212598426
11
5.5585039370078739
21
-3.1456299212598426
0
LINE
8
BLACK
6
CONTINUOUS
10
5.5585039370078739
20
-3.1456299212598426
11
5.5585039370078739
21
-3.145
0
LINE
8
BLACK
6
CONTINUOUS
10
5.5585039370078739
20
-3.145
11
5.4938976377952757
21
-3.145
0
LINE
8
BLACK
6
CONTINUOUS
10
5.4938976377952757
20
-3.145
11
5.4938976377952757
21
-3.1479527559055116
0
LINE
8
BLACK
6
CONTINUOUS
10
5.4938976377952757
20
-3.1479527559055116
11
5.4061023622047246
21
-3.1479527559055116
0
LINE
8
BLACK
6
CONTINUOUS
10
5.4061023622047246
20
-3.1479527559055116
11
5.4061023622047246
21
-3.145
0
LINE
8
BLACK
6
CONTINUOUS
10
5.4061023622047246
20
-3.145
11
5.3424298425196852
21
-3.145
0
LINE
8
BLACK
6
CONTINUOUS
10
5.3424298425196852
20
-3.145
11
5.3394967716535433
21
-3.1442140944881891
0
LINE
8
BLACK
6
CONTINUOUS
10
5.3394967716535433
20
-3.1442140944881891
11
5.3382818503937006
21
-3.1432818503937008
0
LINE
8
BLACK
6
CONTINUOUS
10
5.3382818503937006
20
-3.1432818503937008
11
5.306718149606299
21
-3.1117181496062991
0
LINE
8
BLACK
6
CONTINUOUS
10
5.306718149606299
20
-3.1117181496062991
11
5.3051998818897639
21
-3.1090884251968505
0
LINE
8
BLACK
6
CONTINUOUS
10
5.3051998818897639
20
-3.1090884251968505
11
5.3049999999999997
21
-3.107570157480315
0
LINE
8
BLACK
6
CONTINUOUS
10
5.3049999999999997
20
-3.107570157480315
11
5.3049999999999997
21
-3.1055905511811024
0
LINE
8
BLACK
6
CONTINUOUS
10
5.3049999999999997
20
-3.1055905511811024
11
5.3036220472440947
21
-3.1055905511811024
0
LINE
8
BLACK
6
CONTINUOUS
10
5.3036220472440947
20
-3.1055905511811024
11
5.3036220472440947
21
-3.0544094488188978
0
LINE
8
BLACK
6
CONTINUOUS
10
5.3036220472440947
20
-3.0544094488188978
11
5.3049999999999997
21
-3.0544094488188978
0
LINE
8
BLACK
6
CONTINUOUS
10
5.3049999999999997
20
-3.0544094488188978
11
5.3049999999999997
21
-3.0478194094488189
0
LINE
8
BLACK
6
CONTINUOUS
10
5.3049999999999997
20
-3.0478194094488189
11
5.3057859055118106
21
-3.044886338582677
0
LINE
8
BLACK
6
CONTINUOUS
10
5.3057859055118106
20
-3.044886338582677
11
5.3072015748031491
21
-3.0432387401574803
0
LINE
8
BLACK
6
CONTINUOUS
10
5.3072015748031491
20
-3.0432387401574803
11
5.3082126771653542
21
-3.042429842519685
0
LINE
8
BLACK
6
CONTINUOUS
10
5.3082126771653542
20
-3.042429842519685
11
5.3283931496062991
21
-3.0262854330708659
0
LINE
8
BLACK
6
CONTINUOUS
10
5.3283931496062991
20
-3.0262854330708659
11
5.3311744488188975
21
-3.0250668897637794
0
LINE
8
BLACK
6
CONTINUOUS
10
5.3311744488188975
20
-3.0250668897637794
11
5.3320577165354326
21
-3.0249999999999999
0
LINE
8
BLACK
6
CONTINUOUS
10
5.3320577165354326
20
-3.0249999999999999
11
5.4772192125984249
21
-3.0249999999999999
0
LINE
8
BLACK
6
CONTINUOUS
10
5.4772192125984249
20
-3.0249999999999999
11
5.4771561417322836
21
-2.9961811023622045
0
LINE
8
BLACK
6
CONTINUOUS
10
5.4771561417322836
20
-2.9961811023622045
11
5.4594094488188976
21
-2.9961811023622045
0
LINE
8
BLACK
6
CONTINUOUS
10
5.4594094488188976
20
-2.9961811023622045
11
5.4594094488188976
21
-2.9686220472440943
0
LINE
8
BLACK
6
CONTINUOUS
10
5.4594094488188976
20
-2.9686220472440943
11
5.5105905511811022
21
-2.9686220472440943
0
LINE
8
BLACK
6
CONTINUOUS
10
5.5105905511811022
20
-2.9686220472440943
11
5.5105905511811022
21
-2.9961811023622045
0
LINE
8
BLACK
6
CONTINUOUS
10
5.4859055118110236
20
-2.8397713385826773
11
5.4890477559055117
21
-2.8424080314960629
0
LINE
8
BLACK
6
CONTINUOUS
10
5.4890477559055117
20
-2.8424080314960629
11
5.4910987401574802
21
-2.8459603937007873
0
LINE
8
BLACK
6
CONTINUOUS
10
5.4910987401574802
20
-2.8459603937007873
11
5.4918110236220468
21
-2.8500000000000001
0
LINE
8
BLACK
6
CONTINUOUS
10
5.4918110236220468
20
-2.8500000000000001
11
5.4910987401574802
21
-2.8540396062992124
0
LINE
8
BLACK
6
CONTINUOUS
10
5.4910987401574802
20
-2.8540396062992124
11
5.4907935433070865
21
-2.8545681496062993
0
LINE
8
BLACK
6
CONTINUOUS
10
5.4907935433070865
20
-2.8545681496062993
11
5.4908764173228342
21
-2.8938188976377952
0
LINE
8
BLACK
6
CONTINUOUS
10
5.4908764173228342
20
-2.8938188976377952
11
5.5105905511811022
21
-2.8938188976377952
0
LINE
8
BLACK
6
CONTINUOUS
10
5.5105905511811022
20
-2.8938188976377952
11
5.5105905511811022
21
-2.9213779527559054
0
LINE
8
BLACK
6
CONTINUOUS
10
5.5105905511811022
20
-2.9213779527559054
11
5.4594094488188976
21
-2.9213779527559054
0
LINE
8
BLACK
6
CONTINUOUS
10
5.4594094488188976
20
-2.9213779527559054
11
5.4594094488188976
21
-2.8938188976377952
0
LINE
8
BLACK
6
CONTINUOUS
10
5.4594094488188976
20
-2.8938188976377952
11
5.4791764173228348
21
-2.8938188976377952
0
LINE
8
BLACK
6
CONTINUOUS
10
5.4791764173228348
20
-2.8938188976377952
11
5.4791085039370078
21
-2.8616315748031496
0
LINE
8
BLACK
6
CONTINUOUS
10
5.4791085039370078
20
-2.8616315748031496
11
5.4779490551181098
21
-2.8616315748031496
0
LINE
8
BLACK
6
CONTINUOUS
10
5.4779490551181098
20
-2.8616315748031496
11
5.4740944881889764
21
-2.8602286614173229
0
LINE
8
BLACK
6
CONTINUOUS
10
5.4740944881889764
20
-2.8602286614173229
11
5.4709522440944882
21
-2.8575919685039368
0
LINE
8
BLACK
6
CONTINUOUS
10
5.4709522440944882
20
-2.8575919685039368
11
5.4689012598425197
21
-2.8540396062992124
0
LINE
8
BLACK
6
CONTINUOUS
10
5.4689012598425197
20
-2.8540396062992124
11
5.4681889763779523
21
-2.8500000000000001
0
LINE
8
BLACK
6
CONTINUOUS
10
5.4681889763779523
20
-2.8500000000000001
11
5.4689012598425197
21
-2.8459603937007873
0
LINE
8
BLACK
6
CONTINUOUS
10
5.4689012598425197
20
-2.8459603937007873
11
5.4709522440944882
21
-2.8424080314960629
0
LINE
8
BLACK
6
CONTINUOUS
10
5.4709522440944882
20
-2.8424080314960629
11
5.4740944881889764
21
-2.8397713385826773
0
LINE
8
BLACK
6
CONTINUOUS
10
5.4740944881889764
20
-2.8397713385826773
11
5.4779490551181098
21
-2.8383684251968502
0
LINE
8
BLACK
6
CONTINUOUS
10
5.4779490551181098
20
-2.8383684251968502
11
5.4820509448818893
21
-2.8383684251968502
0
LINE
8
BLACK
6
CONTINUOUS
10
5.4820509448818893
20
-2.8383684251968502
11
5.4859055118110236
21
-2.8397713385826773
0
LINE
8
BLACK
6
CONTINUOUS
10
6.1840944881889763
20
-2.6137583464566929
11
6.1862416535433074
21
-2.6159055118110235
0
LINE
8
BLACK
6
CONTINUOUS
10
6.1862416535433074
20
-2.6159055118110235
11
6.1870275590551183
21
-2.6188385826771654
0
LINE
8
BLACK
6
CONTINUOUS
10
6.1870275590551183
20
-2.6188385826771654
11
6.1870275590551183
21
-4.1811614173228344
0
LINE
8
BLACK
6
CONTINUOUS
10
6.1870275590551183
20
-4.1811614173228344
11
6.1862416535433074
21
-4.1840944881889763
0
LINE
8
BLACK
6
CONTINUOUS
10
6.1862416535433074
20
-4.1840944881889763
11
6.1840944881889763
21
-4.1862416535433074
0
LINE
8
BLACK
6
CONTINUOUS
10
6.1840944881889763
20
-4.1862416535433074
11
6.1811614173228344
21
-4.1870275590551183
0
LINE
8
BLACK
6
CONTINUOUS
10
6.1811614173228344
20
-4.1870275590551183
11
4.6188385826771654
21
-4.1870275590551183
0
LINE
8
BLACK
6
CONTINUOUS
10
4.6188385826771654
20
-4.1870275590551183
11
4.6159055118110235
21
-4.1862416535433074
0
LINE
8
BLACK
6
CONTINUOUS
10
4.6159055118110235
20
-4.1862416535433074
11
4.6137583464566925
21
-4.1840944881889763
0
LINE
8
BLACK
6
CONTINUOUS
10
4.6137583464566925
20
-4.1840944881889763
11
4.6129724409448816
21
-4.1811614173228344
0
LINE
8
BLACK
6
CONTINUOUS
10
4.6129724409448816
20
-4.1811614173228344
11
4.6129724409448816
21
-3.9500130708661416
0
LINE
8
BLACK
6
CONTINUOUS
10
4.6129724409448816
20
-3.9500130708661416
11
4.6129724409448816
21
-3.6284225196850395
0
LINE
8
BLACK
6
CONTINUOUS
10
4.6129724409448816
20
-3.6284225196850395
11
4.6129724409448816
21
-2.8928319685039368
0
LINE
8
BLACK
6
CONTINUOUS
10
4.6129724409448816
20
-2.8928319685039368
11
4.6129724409448816
21
-2.6188385826771654
0
LINE
8
BLACK
6
CONTINUOUS
10
4.6129724409448816
20
-2.6188385826771654
11
4.6137583464566925
21
-2.6159055118110235
0
LINE
8
BLACK
6
CONTINUOUS
10
4.6137583464566925
20
-2.6159055118110235
11
4.6159055118110235
21
-2.6137583464566929
0
LINE
8
BLACK
6
CONTINUOUS
10
4.6159055118110235
20
-2.6137583464566929
11
4.6188385826771654
21
-2.612972440944882
0
LINE
8
BLACK
6
CONTINUOUS
10
4.6188385826771654
20
-2.612972440944882
11
6.1811614173228344
21
-2.612972440944882
0
LINE
8
BLACK
6
CONTINUOUS
10
6.1811614173228344
20
-2.612972440944882
11
6.1840944881889763
21
-2.6137583464566929
0
LINE
8
BLACK
6
CONTINUOUS
10
5.2893012204724412
20
-3.5587311023622048
11
5.2893010236220475
21
-3.5587311417322836
0
LINE
8
BLACK
6
CONTINUOUS
10
5.2893010236220475
20
-3.5587311417322836
11
5.2839905511811018
21
-3.5609308267716533
0
LINE
8
BLACK
6
CONTINUOUS
10
5.2839905511811018
20
-3.5609308267716533
11
5.2794301574803146
21
-3.5644301574803148
0
LINE
8
BLACK
6
CONTINUOUS
10
5.2794301574803146
20
-3.5644301574803148
11
5.2759308267716536
21
-3.5689905511811024
0
LINE
8
BLACK
6
CONTINUOUS
10
5.2759308267716536
20
-3.5689905511811024
11
5.2737311417322834
21
-3.5743010236220472
0
LINE
8
BLACK
6
CONTINUOUS
10
5.2737311417322834
20
-3.5743010236220472
11
5.2737311023622047
21
-3.5743012204724409
0
LINE
8
BLACK
6
CONTINUOUS
10
5.2737311023622047
20
-3.5743012204724409
11
5.2729809055118109
21
-3.5799998818897638
0
LINE
8
BLACK
6
CONTINUOUS
10
5.2729809055118109
20
-3.5799998818897638
11
5.2729809055118109
21
-3.5800000787401576
0
LINE
8
BLACK
6
CONTINUOUS
10
5.2729809055118109
20
-3.5800000787401576
11
5.2737311023622047
21
-3.5856988582677163
0
LINE
8
BLACK
6
CONTINUOUS
10
5.2737311023622047
20
-3.5856988582677163
11
5.2759308661417323
21
-3.5910095275590552
0
LINE
8
BLACK
6
CONTINUOUS
10
5.2759308661417323
20
-3.5910095275590552
11
5.2794300787401571
21
-3.5955697637795274
0
LINE
8
BLACK
6
CONTINUOUS
10
5.2794300787401571
20
-3.5955697637795274
11
5.2794301968503934
21
-3.5955698818897637
0
LINE
8
BLACK
6
CONTINUOUS
10
5.2794301968503934
20
-3.5955698818897637
11
5.2839904330708656
21
-3.5990690944881889
0
LINE
8
BLACK
6
CONTINUOUS
10
5.2839904330708656
20
-3.5990690944881889
11
5.2839904330708656
21
-3.5990691338582677
0
LINE
8
BLACK
6
CONTINUOUS
10
5.2839904330708656
20
-3.5990691338582677
11
5.2873392519685041
21
-3.6004562204724411
0
LINE
8
BLACK
6
CONTINUOUS
10
5.2873392519685041
20
-3.6004562204724411
11
5.2893010236220475
21
-3.6012688188976378
0
LINE
8
BLACK
6
CONTINUOUS
10
5.2893010236220475
20
-3.6012688188976378
11
5.2909600000000001
21
-3.6014872047244095
0
LINE
8
BLACK
6
CONTINUOUS
10
5.2909600000000001
20
-3.6014872047244095
11
5.2937653149606296
21
-3.6026491338582676
0
LINE
8
BLACK
6
CONTINUOUS
10
5.2937653149606296
20
-3.6026491338582676
11
5.2956138976377956
21
-3.605058149606299
0
LINE
8
BLACK
6
CONTINUOUS
10
5.2956138976377956
20
-3.605058149606299
11
5.2960103149606299
21
-3.6080687007874013
0
LINE
8
BLACK
6
CONTINUOUS
10
5.2960103149606299
20
-3.6080687007874013
11
5.2948483464566927
21
-3.6108741338582675
0
LINE
8
BLACK
6
CONTINUOUS
10
5.2948483464566927
20
-3.6108741338582675
11
5.2924393307086612
21
-3.612722716535433
0
LINE
8
BLACK
6
CONTINUOUS
10
5.2924393307086612
20
-3.612722716535433
11
5.2901943700787397
21
-3.6131692913385827
0
LINE
8
BLACK
6
CONTINUOUS
10
5.2901943700787397
20
-3.6131692913385827
11
5.2798794094488191
21
-3.6131692913385827
0
LINE
8
BLACK
6
CONTINUOUS
10
5.2798794094488191
20
-3.6131692913385827
11
5.2769566535433068
21
-3.6137505905511809
0
LINE
8
BLACK
6
CONTINUOUS
10
5.2769566535433068
20
-3.6137505905511809
11
5.2736423622047246
21
-3.6159651574803147
0
LINE
8
BLACK
6
CONTINUOUS
10
5.2736423622047246
20
-3.6159651574803147
11
5.2736422834645671
21
-3.6159652362204722
0
LINE
8
BLACK
6
CONTINUOUS
10
5.2736422834645671
20
-3.6159652362204722
11
5.2714277952755904
21
-3.619279409448819
0
LINE
8
BLACK
6
CONTINUOUS
10
5.2714277952755904
20
-3.619279409448819
11
5.2708464566929134
21
-3.6222020472440946
0
LINE
8
BLACK
6
CONTINUOUS
10
5.2708464566929134
20
-3.6222020472440946
11
5.2708464566929134
21
-3.6477977165354329
0
LINE
8
BLACK
6
CONTINUOUS
10
5.2708464566929134
20
-3.6477977165354329
11
5.2714277559055116
21
-3.6507204724409448
0
LINE
8
BLACK
6
CONTINUOUS
10
5.2714277559055116
20
-3.6507204724409448
11
5.2736423228346458
21
-3.6540347637795274
0
LINE
8
BLACK
6
CONTINUOUS
10
5.2736423228346458
20
-3.6540347637795274
11
5.2736424015748034
21
-3.6540348425196849
0
LINE
8
BLACK
6
CONTINUOUS
10
5.2736424015748034
20
-3.6540348425196849
11
5.2746488582677165
21
-3.6547073622047241
0
LINE
8
BLACK
6
CONTINUOUS
10
5.2746488582677165
20
-3.6547073622047241
11
5.276650984251968
21
-3.6569903543307087
0
LINE
8
BLACK
6
CONTINUOUS
10
5.276650984251968
20
-3.6569903543307087
11
5.277243346456693
21
-3.6599685826771653
0
LINE
8
BLACK
6
CONTINUOUS
10
5.277243346456693
20
-3.6599685826771653
11
5.2762672440944884
21
-3.662843937007874
0
LINE
8
BLACK
6
CONTINUOUS
10
5.2762672440944884
20
-3.662843937007874
11
5.2755377952755902
21
-3.6637327952755903
0
LINE
8
BLACK
6
CONTINUOUS
10
5.2755377952755902
20
-3.6637327952755903
11
5.273561889763779
21
-3.6657087007874014
0
LINE
8
BLACK
6
CONTINUOUS
10
5.273561889763779
20
-3.6657087007874014
11
5.2726805118110232
21
-3.6667137007874016
0
LINE
8
BLACK
6
CONTINUOUS
10
5.2726805118110232
20
-3.6667137007874016
11
5.2709173622047247
21
-3.67028905511811
0
LINE
8
BLACK
6
CONTINUOUS
10
5.2709173622047247
20
-3.67028905511811
11
5.2709173622047247
21
-3.6702890944881887
0
LINE
8
BLACK
6
CONTINUOUS
10
5.2709173622047247
20
-3.6702890944881887
11
5.270131614173228
21
-3.6732216929133856
0
LINE
8
BLACK
6
CONTINUOUS
10
5.270131614173228
20
-3.6732216929133856
11
5.2701314173228342
21
-3.6732225984251969
0
LINE
8
BLACK
6
CONTINUOUS
10
5.2701314173228342
20
-3.6732225984251969
11
5.2697834645669293
21
-3.6758658267716533
0
LINE
8
BLACK
6
CONTINUOUS
10
5.2697834645669293
20
-3.6758658267716533
11
5.2697834645669293
21
-3.6941341338582676
0
LINE
8
BLACK
6
CONTINUOUS
10
5.2697834645669293
20
-3.6941341338582676
11
5.2701314173228342
21
-3.6967773622047244
0
LINE
8
BLACK
6
CONTINUOUS
10
5.2701314173228342
20
-3.6967773622047244
11
5.2701315748031492
21
-3.6967781102362203
0
LINE
8
BLACK
6
CONTINUOUS
10
5.2701315748031492
20
-3.6967781102362203
11
5.2709172834645672
21
-3.6997105511811021
0
LINE
8
BLACK
6
CONTINUOUS
10
5.2709172834645672
20
-3.6997105511811021
11
5.2713470866141732
21
-3.7009767322834644
0
LINE
8
BLACK
6
CONTINUOUS
10
5.2713470866141732
20
-3.7009767322834644
11
5.2735616141732287
21
-3.7042909448818895
0
LINE
8
BLACK
6
CONTINUOUS
10
5.2735616141732287
20
-3.7042909448818895
11
5.2735617716535428
21
-3.7042911417322832
0
LINE
8
BLACK
6
CONTINUOUS
10
5.2735617716535428
20
-3.7042911417322832
11
5.2755377559055114
21
-3.7062671259842519
0
LINE
8
BLACK
6
CONTINUOUS
10
5.2755377559055114
20
-3.7062671259842519
11
5.2770560236220474
21
-3.7088968503937005
0
LINE
8
BLACK
6
CONTINUOUS
10
5.2770560236220474
20
-3.7088968503937005
11
5.2770560236220474
21
-3.7119333858267716
0
LINE
8
BLACK
6
CONTINUOUS
10
5.2770560236220474
20
-3.7119333858267716
11
5.2755377559055114
21
-3.7145631102362202
0
LINE
8
BLACK
6
CONTINUOUS
10
5.2755377559055114
20
-3.7145631102362202
11
5.2746489763779527
21
-3.715292559055118
0
LINE
8
BLACK
6
CONTINUOUS
10
5.2746489763779527
20
-3.715292559055118
11
5.2736423228346458
21
-3.7159651968503935
0
LINE
8
BLACK
6
CONTINUOUS
10
5.2736423228346458
20
-3.7159651968503935
11
5.2736422834645671
21
-3.7159652362204723
0
LINE
8
BLACK
6
CONTINUOUS
10
5.2736422834645671
20
-3.7159652362204723
11
5.2714277952755904
21
-3.7192794094488186
0
LINE
8
BLACK
6
CONTINUOUS
10
5.2714277952755904
20
-3.7192794094488186
11
5.2708464566929134
21
-3.7222020472440942
0
LINE
8
BLACK
6
CONTINUOUS
10
5.2708464566929134
20
-3.7222020472440942
11
5.2708464566929134
21
-3.747797716535433
0
LINE
8
BLACK
6
CONTINUOUS
10
5.2708464566929134
20
-3.747797716535433
11
5.2714277559055116
21
-3.7507204724409449
0
LINE
8
BLACK
6
CONTINUOUS
10
5.2714277559055116
20
-3.7507204724409449
11
5.2736423228346458
21
-3.7540347637795275
0
LINE
8
BLACK
6
CONTINUOUS
10
5.2736423228346458
20
-3.7540347637795275
11
5.2736423622047246
21
-3.7540348031496062
0
LINE
8
BLACK
6
CONTINUOUS
10
5.2736423622047246
20
-3.7540348031496062
11
5.2752701968503937
21
-3.7551225196850391
0
LINE
8
BLACK
6
CONTINUOUS
10
5.2752701968503937
20
-3.7551225196850391
11
5.2772722834645664
21
-3.7574055511811024
0
LINE
8
BLACK
6
CONTINUOUS
10
5.2772722834645664
20
-3.7574055511811024
11
5.2778646456692915
21
-3.7603837401574802
0
LINE
8
BLACK
6
CONTINUOUS
10
5.2778646456692915
20
-3.7603837401574802
11
5.2768885433070869
21
-3.7632591338582677
0
LINE
8
BLACK
6
CONTINUOUS
10
5.2768885433070869
20
-3.7632591338582677
11
5.2752701968503937
21
-3.7648774803149605
0
LINE
8
BLACK
6
CONTINUOUS
10
5.2752701968503937
20
-3.7648774803149605
11
5.2736423622047246
21
-3.765965157480315
0
LINE
8
BLACK
6
CONTINUOUS
10
5.2736423622047246
20
-3.765965157480315
11
5.2736422834645671
21
-3.7659652362204725
0
LINE
8
BLACK
6
CONTINUOUS
10
5.2736422834645671
20
-3.7659652362204725
11
5.2714277952755904
21
-3.7692794094488189
0
LINE
8
BLACK
6
CONTINUOUS
10
5.2714277952755904
20
-3.7692794094488189
11
5.2708464566929134
21
-3.7722020472440945
0
LINE
8
BLACK
6
CONTINUOUS
10
5.2708464566929134
20
-3.7722020472440945
11
5.2708464566929134
21
-3.7977977165354329
0
LINE
8
BLACK
6
CONTINUOUS
10
5.2708464566929134
20
-3.7977977165354329
11
5.2714277559055116
21
-3.8007204724409447
0
LINE
8
BLACK
6
CONTINUOUS
10
5.2714277559055116
20
-3.8007204724409447
11
5.2736423228346458
21
-3.8040347637795273
0
LINE
8
BLACK
6
CONTINUOUS
10
5.2736423228346458
20
-3.8040347637795273
11
5.2736424015748034
21
-3.8040348425196848
0
LINE
8
BLACK
6
CONTINUOUS
10
5.2736424015748034
20
-3.8040348425196848
11
5.2769565748031493
21
-3.8062493307086611
0
LINE
8
BLACK
6
CONTINUOUS
10
5.2769565748031493
20
-3.8062493307086611
11
5.2769566535433068
21
-3.8062493700787399
0
LINE
8
BLACK
6
CONTINUOUS
10
5.2769566535433068
20
-3.8062493700787399
11
5.2798792519685041
21
-3.8068307086614173
0
LINE
8
BLACK
6
CONTINUOUS
10
5.2798792519685041
20
-3.8068307086614173
11
5.2916732677165355
21
-3.8068306692913385
0
LINE
8
BLACK
6
CONTINUOUS
10
5.2916732677165355
20
-3.8068306692913385
11
5.2946062992125986
21
-3.8076165748031494
0
LINE
8
BLACK
6
CONTINUOUS
10
5.2946062992125986
20
-3.8076165748031494
11
5.2967534645669287
21
-3.8097637401574804
0
LINE
8
BLACK
6
CONTINUOUS
10
5.2967534645669287
20
-3.8097637401574804
11
5.2975393700787397
21
-3.8126968110236219
0
LINE
8
BLACK
6
CONTINUOUS
10
5.2975393700787397
20
-3.8126968110236219
11
5.2975393700787397
21
-3.8316412598425198
0
LINE
8
BLACK
6
CONTINUOUS
10
5.2975393700787397
20
-3.8316412598425198
11
5.2967534645669287
21
-3.8345743307086613
0
LINE
8
BLACK
6
CONTINUOUS
10
5.2967534645669287
20
-3.8345743307086613
11
5.2949323228346454
21
-3.8365187401574801
0
LINE
8
BLACK
6
CONTINUOUS
10
5.2949323228346454
20
-3.8365187401574801
11
5.2924612992125981
21
-3.8381698425196848
0
LINE
8
BLACK
6
CONTINUOUS
10
5.2924612992125981
20
-3.8381698425196848
11
5.2924611811023619
21
-3.8381699606299211
0
LINE
8
BLACK
6
CONTINUOUS
10
5.2924611811023619
20
-3.8381699606299211
11
5.290246692913386
21
-3.8414841338582675
0
LINE
8
BLACK
6
CONTINUOUS
10
5.290246692913386
20
-3.8414841338582675
11
5.2896653543307082
21
-3.8444067716535431
0
LINE
8
BLACK
6
CONTINUOUS
10
5.2896653543307082
20
-3.8444067716535431
11
5.2896653543307082
21
-3.8955929921259842
0
LINE
8
BLACK
6
CONTINUOUS
10
5.2896653543307082
20
-3.8955929921259842
11
5.2902466535433073
21
-3.898515748031496
0
LINE
8
BLACK
6
CONTINUOUS
10
5.2902466535433073
20
-3.898515748031496
11
5.2924612204724406
21
-3.9018300393700787
0
LINE
8
BLACK
6
CONTINUOUS
10
5.2924612204724406
20
-3.9018300393700787
11
5.2924612992125981
21
-3.9018301181102362
0
LINE
8
BLACK
6
CONTINUOUS
10
5.2924612992125981
20
-3.9018301181102362
11
5.2957754724409449
21
-3.9040446062992125
0
LINE
8
BLACK
6
CONTINUOUS
10
5.2957754724409449
20
-3.9040446062992125
11
5.2957755511811024
21
-3.9040446456692912
0
LINE
8
BLACK
6
CONTINUOUS
10
5.2957755511811024
20
-3.9040446456692912
11
5.2986981496062988
21
-3.9046259842519686
0
LINE
8
BLACK
6
CONTINUOUS
10
5.2986981496062988
20
-3.9046259842519686
11
5.3400419685039369
21
-3.9046259448818899
0
LINE
8
BLACK
6
CONTINUOUS
10
5.3400419685039369
20
-3.9046259448818899
11
5.3429646062992129
21
-3.9040446456692912
0
LINE
8
BLACK
6
CONTINUOUS
10
5.3429646062992129
20
-3.9040446456692912
11
5.3462788976377951
21
-3.9018300787401574
0
LINE
8
BLACK
6
CONTINUOUS
10
5.3462788976377951
20
-3.9018300787401574
11
5.3484934645669293
21
-3.8985157874015748
0
LINE
8
BLACK
6
CONTINUOUS
10
5.3484934645669293
20
-3.8985157874015748
11
5.3490748031496063
21
-3.895593188976378
0
LINE
8
BLACK
6
CONTINUOUS
10
5.3490748031496063
20
-3.895593188976378
11
5.3490747637795275
21
-3.8444068503937006
0
LINE
8
BLACK
6
CONTINUOUS
10
5.3490747637795275
20
-3.8444068503937006
11
5.3484934645669293
21
-3.841484212598425
0
LINE
8
BLACK
6
CONTINUOUS
10
5.3484934645669293
20
-3.841484212598425
11
5.3462788976377951
21
-3.8381699212598424
0
LINE
8
BLACK
6
CONTINUOUS
10
5.3462788976377951
20
-3.8381699212598424
11
5.3462788188976376
21
-3.8381698425196848
0
LINE
8
BLACK
6
CONTINUOUS
10
5.3462788188976376
20
-3.8381698425196848
11
5.343807834645669
21
-3.8365187401574801
0
LINE
8
BLACK
6
CONTINUOUS
10
5.343807834645669
20
-3.8365187401574801
11
5.3418057086614175
21
-3.8342357086614172
0
LINE
8
BLACK
6
CONTINUOUS
10
5.3418057086614175
20
-3.8342357086614172
11
5.3412007874015748
21
-3.8316412598425198
0
LINE
8
BLACK
6
CONTINUOUS
10
5.3412007874015748
20
-3.8316412598425198
11
5.3412007874015748
21
-3.8126968110236219
0
LINE
8
BLACK
6
CONTINUOUS
10
5.3412007874015748
20
-3.8126968110236219
11
5.3419866929133857
21
-3.8097637401574804
0
LINE
8
BLACK
6
CONTINUOUS
10
5.3419866929133857
20
-3.8097637401574804
11
5.3441338582677167
21
-3.8076165748031494
0
LINE
8
BLACK
6
CONTINUOUS
10
5.3441338582677167
20
-3.8076165748031494
11
5.3470669291338577
21
-3.8068306692913385
0
LINE
8
BLACK
6
CONTINUOUS
10
5.3470669291338577
20
-3.8068306692913385
11
5.3664986220472439
21
-3.8068306692913385
0
LINE
8
BLACK
6
CONTINUOUS
10
5.3664986220472439
20
-3.8068306692913385
11
5.3664986614173227
21
-3.8068306692913385
0
LINE
8
BLACK
6
CONTINUOUS
10
5.3664986614173227
20
-3.8068306692913385
11
5.3664986614173227
21
-3.8068306299212598
0
LINE
8
BLACK
6
CONTINUOUS
10
5.3664986614173227
20
-3.8068306299212598
11
5.3667280314960628
21
-3.8068080708661416
0
LINE
8
BLACK
6
CONTINUOUS
10
5.3667280314960628
20
-3.8068080708661416
11
5.369724015748031
21
-3.8073026377952757
0
LINE
8
BLACK
6
CONTINUOUS
10
5.369724015748031
20
-3.8073026377952757
11
5.3720713385826766
21
-3.809228937007874
0
LINE
8
BLACK
6
CONTINUOUS
10
5.3720713385826766
20
-3.809228937007874
11
5.3731410236220469
21
-3.8120708267716537
0
LINE
8
BLACK
6
CONTINUOUS
10
5.3731410236220469
20
-3.8120708267716537
11
5.3731692913385825
21
-3.8126459448818895
0
LINE
8
BLACK
6
CONTINUOUS
10
5.3731692913385825
20
-3.8126459448818895
11
5.3731692913385825
21
-3.9585275984251966
0
LINE
8
BLACK
6
CONTINUOUS
10
5.3731692913385825
20
-3.9585275984251966
11
5.3723833858267716
21
-3.9614606692913386
0
LINE
8
BLACK
6
CONTINUOUS
10
5.3723833858267716
20
-3.9614606692913386
11
5.3714511417322832
21
-3.9626755905511808
0
LINE
8
BLACK
6
CONTINUOUS
10
5.3714511417322832
20
-3.9626755905511808
11
5.3626755905511807
21
-3.9714511417322833
0
LINE
8
BLACK
6
CONTINUOUS
10
5.3626755905511807
20
-3.9714511417322833
11
5.3600458661417321
21
-3.9729694094488188
0
LINE
8
BLACK
6
CONTINUOUS
10
5.3600458661417321
20
-3.9729694094488188
11
5.358527598425197
21
-3.9731692913385825
0
LINE
8
BLACK
6
CONTINUOUS
10
5.358527598425197
20
-3.9731692913385825
11
5.1948857874015744
21
-3.9731692913385825
0
LINE
8
BLACK
6
CONTINUOUS
10
5.1948857874015744
20
-3.9731692913385825
11
5.1919527165354333
21
-3.9723833858267716
0
LINE
8
BLACK
6
CONTINUOUS
10
5.1919527165354333
20
-3.9723833858267716
11
5.1898055511811023
21
-3.9702362204724411
0
LINE
8
BLACK
6
CONTINUOUS
10
5.1898055511811023
20
-3.9702362204724411
11
5.1890196456692914
21
-3.9673031496062992
0
LINE
8
BLACK
6
CONTINUOUS
10
5.1890196456692914
20
-3.9673031496062992
11
5.1890196456692914
21
-3.9500132677165354
0
LINE
8
BLACK
6
CONTINUOUS
10
5.1890196456692914
20
-3.9500132677165354
11
5.1890196456692914
21
-3.9500131496062991
0
LINE
8
BLACK
6
CONTINUOUS
10
5.1890196456692914
20
-3.9500131496062991
11
5.1884383464566932
21
-3.9470905118110235
0
LINE
8
BLACK
6
CONTINUOUS
10
5.1884383464566932
20
-3.9470905118110235
11
5.186223779527559
21
-3.9437762204724409
0
LINE
8
BLACK
6
CONTINUOUS
10
5.186223779527559
20
-3.9437762204724409
11
5.1862237401574802
21
-3.9437761811023622
0
LINE
8
BLACK
6
CONTINUOUS
10
5.1862237401574802
20
-3.9437761811023622
11
5.1862237007874015
21
-3.9437761417322834
0
LINE
8
BLACK
6
CONTINUOUS
10
5.1862237007874015
20
-3.9437761417322834
11
5.1829095275590547
21
-3.9415616535433071
0
LINE
8
BLACK
6
CONTINUOUS
10
5.1829095275590547
20
-3.9415616535433071
11
5.1799868897637795
21
-3.9409803149606297
0
LINE
8
BLACK
6
CONTINUOUS
10
5.1799868897637795
20
-3.9409803149606297
11
5.0900132677165351
21
-3.9409803149606297
0
LINE
8
BLACK
6
CONTINUOUS
10
5.0900132677165351
20
-3.9409803149606297
11
5.0870905118110237
21
-3.9415616141732284
0
LINE
8
BLACK
6
CONTINUOUS
10
5.0870905118110237
20
-3.9415616141732284
11
5.0837762204724406
21
-3.9437761811023622
0
LINE
8
BLACK
6
CONTINUOUS
10
5.0837762204724406
20
-3.9437761811023622
11
5.0837761417322831
21
-3.9437762598425197
0
LINE
8
BLACK
6
CONTINUOUS
10
5.0837761417322831
20
-3.9437762598425197
11
5.0815616535433072
21
-3.947090433070866
0
LINE
8
BLACK
6
CONTINUOUS
10
5.0815616535433072
20
-3.947090433070866
11
5.0809803149606294
21
-3.9500130708661416
0
LINE
8
BLACK
6
CONTINUOUS
10
5.0809803149606294
20
-3.9500130708661416
11
5.0809803149606294
21
-4.0399866929133861
0
LINE
8
BLACK
6
CONTINUOUS
10
5.0809803149606294
20
-4.0399866929133861
11
5.0815616141732285
21
-4.0429094488188975
0
LINE
8
BLACK
6
CONTINUOUS
10
5.0815616141732285
20
-4.0429094488188975
11
5.0837761811023618
21
-4.0462237401574805
0
LINE
8
BLACK
6
CONTINUOUS
10
5.0837761811023618
20
-4.0462237401574805
11
5.0837762598425194
21
-4.046223818897638
0
LINE
8
BLACK
6
CONTINUOUS
10
5.0837762598425194
20
-4.046223818897638
11
5.0870904330708662
21
-4.0484383070866139
0
LINE
8
BLACK
6
CONTINUOUS
10
5.0870904330708662
20
-4.0484383070866139
11
5.0870905118110237
21
-4.0484383464566926
0
LINE
8
BLACK
6
CONTINUOUS
10
5.0870905118110237
20
-4.0484383464566926
11
5.0900131102362201
21
-4.0490196850393696
0
LINE
8
BLACK
6
CONTINUOUS
10
5.0900131102362201
20
-4.0490196850393696
11
5.1799868503937008
21
-4.0490196456692908
0
LINE
8
BLACK
6
CONTINUOUS
10
5.1799868503937008
20
-4.0490196456692908
11
5.1829094881889759
21
-4.0484383464566926
0
LINE
8
BLACK
6
CONTINUOUS
10
5.1829094881889759
20
-4.0484383464566926
11
5.186223779527559
21
-4.0462237795275593
0
LINE
8
BLACK
6
CONTINUOUS
10
5.186223779527559
20
-4.0462237795275593
11
5.1884383464566932
21
-4.0429094881889762
0
LINE
8
BLACK
6
CONTINUOUS
10
5.1884383464566932
20
-4.0429094881889762
11
5.1890196850393702
21
-4.0399868897637798
0
LINE
8
BLACK
6
CONTINUOUS
10
5.1890196850393702
20
-4.0399868897637798
11
5.1890196850393702
21
-4.0226968503937011
0
LINE
8
BLACK
6
CONTINUOUS
10
5.1890196850393702
20
-4.0226968503937011
11
5.1898055905511811
21
-4.0197637795275591
0
LINE
8
BLACK
6
CONTINUOUS
10
5.1898055905511811
20
-4.0197637795275591
11
5.1919527559055121
21
-4.0176166141732281
0
LINE
8
BLACK
6
CONTINUOUS
10
5.1919527559055121
20
-4.0176166141732281
11
5.1948858267716531
21
-4.0168307086614172
0
LINE
8
BLACK
6
CONTINUOUS
10
5.1948858267716531
20
-4.0168307086614172
11
5.3728740944881892
21
-4.0168307086614172
0
LINE
8
BLACK
6
CONTINUOUS
10
5.3728740944881892
20
-4.0168307086614172
11
5.3784263385826767
21
-4.0153429921259844
0
LINE
8
BLACK
6
CONTINUOUS
10
5.3784263385826767
20
-4.0153429921259844
11
5.3784264173228342
21
-4.0153429133858269
0
LINE
8
BLACK
6
CONTINUOUS
10
5.3784264173228342
20
-4.0153429133858269
11
5.3784264960629917
21
-4.0153429133858269
0
LINE
8
BLACK
6
CONTINUOUS
10
5.3784264960629917
20
-4.0153429133858269
11
5.3805158267716537
21
-4.0141366141732284
0
LINE
8
BLACK
6
CONTINUOUS
10
5.3805158267716537
20
-4.0141366141732284
11
5.3805161811023625
21
-4.0141364173228347
0
LINE
8
BLACK
6
CONTINUOUS
10
5.3805161811023625
20
-4.0141364173228347
11
5.3834043700787397
21
-4.0124689370078741
0
LINE
8
BLACK
6
CONTINUOUS
10
5.3834043700787397
20
-4.0124689370078741
11
5.3874689370078741
21
-4.0084043700787397
0
LINE
8
BLACK
6
CONTINUOUS
10
5.3874689370078741
20
-4.0084043700787397
11
5.3874689370078741
21
-4.0084042913385822
0
LINE
8
BLACK
6
CONTINUOUS
10
5.3874689370078741
20
-4.0084042913385822
11
5.3879516929133855
21
-4.0079215748031496
0
LINE
8
BLACK
6
CONTINUOUS
10
5.3879516929133855
20
-4.0079215748031496
11
5.3879518503937005
21
-4.0079213779527558
0
LINE
8
BLACK
6
CONTINUOUS
10
5.3879518503937005
20
-4.0079213779527558
11
5.4079213779527562
21
-3.9879518503937006
0
LINE
8
BLACK
6
CONTINUOUS
10
5.4079213779527562
20
-3.9879518503937006
11
5.4079215748031491
21
-3.9879516929133856
0
LINE
8
BLACK
6
CONTINUOUS
10
5.4079215748031491
20
-3.9879516929133856
11
5.4084042913385826
21
-3.9874689370078737
0
LINE
8
BLACK
6
CONTINUOUS
10
5.4084042913385826
20
-3.9874689370078737
11
5.4084043700787401
21
-3.9874689370078737
0
LINE
8
BLACK
6
CONTINUOUS
10
5.4084043700787401
20
-3.9874689370078737
11
5.4124689370078736
21
-3.9834043700787403
0
LINE
8
BLACK
6
CONTINUOUS
10
5.4124689370078736
20
-3.9834043700787403
11
5.4153429921259839
21
-3.9784263385826772
0
LINE
8
BLACK
6
CONTINUOUS
10
5.4153429921259839
20
-3.9784263385826772
11
5.4160296850393701
21
-3.9758635826771651
0
LINE
8
BLACK
6
CONTINUOUS
10
5.4160296850393701
20
-3.9758635826771651
11
5.4168307480314963
21
-3.9728740551181101
0
LINE
8
BLACK
6
CONTINUOUS
10
5.4168307480314963
20
-3.9728740551181101
11
5.4168307480314963
21
-3.9671259055118111
0
LINE
8
BLACK
6
CONTINUOUS
10
5.4168307480314963
20
-3.9671259055118111
11
5.4168307480314963
21
-3.9667665354330706
0
LINE
8
BLACK
6
CONTINUOUS
10
5.4168307480314963
20
-3.9667665354330706
11
5.4168307086614176
21
-3.9667658267716535
0
LINE
8
BLACK
6
CONTINUOUS
10
5.4168307086614176
20
-3.9667658267716535
11
5.4168307086614176
21
-3.9210724803149604
0
LINE
8
BLACK
6
CONTINUOUS
10
5.4168307086614176
20
-3.9210724803149604
11
5.4176166141732285
21
-3.9181394094488189
0
LINE
8
BLACK
6
CONTINUOUS
10
5.4176166141732285
20
-3.9181394094488189
11
5.4197637795275586
21
-3.9159922440944883
0
LINE
8
BLACK
6
CONTINUOUS
10
5.4197637795275586
20
-3.9159922440944883
11
5.4226968503937005
21
-3.915206338582677
0
LINE
8
BLACK
6
CONTINUOUS
10
5.4226968503937005
20
-3.915206338582677
11
5.4256299212598424
21
-3.9159922440944883
0
LINE
8
BLACK
6
CONTINUOUS
10
5.4256299212598424
20
-3.9159922440944883
11
5.42757437007874
21
-3.9178134251968504
0
LINE
8
BLACK
6
CONTINUOUS
10
5.42757437007874
20
-3.9178134251968504
11
5.4285617322834643
21
-3.9192911023622048
0
LINE
8
BLACK
6
CONTINUOUS
10
5.4285617322834643
20
-3.9192911023622048
11
5.4307088976377953
21
-3.9214382677165354
0
LINE
8
BLACK
6
CONTINUOUS
10
5.4307088976377953
20
-3.9214382677165354
11
5.4314744488188973
21
-3.9221096456692912
0
LINE
8
BLACK
6
CONTINUOUS
10
5.4314744488188973
20
-3.9221096456692912
11
5.4317541732283461
21
-3.9224285039370077
0
LINE
8
BLACK
6
CONTINUOUS
10
5.4317541732283461
20
-3.9224285039370077
11
5.4317770078740155
21
-3.922405708661417
0
LINE
8
BLACK
6
CONTINUOUS
10
5.4317770078740155
20
-3.922405708661417
11
5.4321854724409446
21
-3.9228141732283466
0
LINE
8
BLACK
6
CONTINUOUS
10
5.4321854724409446
20
-3.9228141732283466
11
5.4321856299212596
21
-3.9228142519685036
0
LINE
8
BLACK
6
CONTINUOUS
10
5.4321856299212596
20
-3.9228142519685036
11
5.4321856692913384
21
-3.9228143307086611
0
LINE
8
BLACK
6
CONTINUOUS
10
5.4321856692913384
20
-3.9228143307086611
11
5.4354999606299215
21
-3.9250288976377954
0
LINE
8
BLACK
6
CONTINUOUS
10
5.4354999606299215
20
-3.9250288976377954
11
5.4384225590551178
21
-3.9256102362204723
0
LINE
8
BLACK
6
CONTINUOUS
10
5.4384225590551178
20
-3.9256102362204723
11
5.4915774015748031
21
-3.9256101968503936
0
LINE
8
BLACK
6
CONTINUOUS
10
5.4915774015748031
20
-3.9256101968503936
11
5.4926761023622044
21
-3.9253916535433069
0
LINE
8
BLACK
6
CONTINUOUS
10
5.4926761023622044
20
-3.9253916535433069
11
5.4929901574803148
21
-3.9253292125984252
0
LINE
8
BLACK
6
CONTINUOUS
10
5.4929901574803148
20
-3.9253292125984252
11
5.4941344094488187
21
-3.9252165354330706
0
LINE
8
BLACK
6
CONTINUOUS
10
5.4941344094488187
20
-3.9252165354330706
11
5.5225696062992125
21
-3.9252165354330706
0
LINE
8
BLACK
6
CONTINUOUS
10
5.5225696062992125
20
-3.9252165354330706
11
5.522570157480315
21
-3.9252165354330706
0
LINE
8
BLACK
6
CONTINUOUS
10
5.522570157480315
20
-3.9252165354330706
11
5.5239036614173225
21
-3.9251291338582677
0
LINE
8
BLACK
6
CONTINUOUS
10
5.5239036614173225
20
-3.9251291338582677
11
5.5254219291338584
21
-3.924929251968504
0
LINE
8
BLACK
6
CONTINUOUS
10
5.5254219291338584
20
-3.924929251968504
11
5.529196692913386
21
-3.9236479133858269
0
LINE
8
BLACK
6
CONTINUOUS
10
5.529196692913386
20
-3.9236479133858269
11
5.5318264173228346
21
-3.9221296456692913
0
LINE
8
BLACK
6
CONTINUOUS
10
5.5318264173228346
20
-3.9221296456692913
11
5.5339423228346458
21
-3.920506023622047
0
LINE
8
BLACK
6
CONTINUOUS
10
5.5339423228346458
20
-3.920506023622047
11
5.5605060236220467
21
-3.8939423228346457
0
LINE
8
BLACK
6
CONTINUOUS
10
5.5605060236220467
20
-3.8939423228346457
11
5.561387165354331
21
-3.8929375984251968
0
LINE
8
BLACK
6
CONTINUOUS
10
5.561387165354331
20
-3.8929375984251968
11
5.5620854724409448
21
-3.8920275196850391
0
LINE
8
BLACK
6
CONTINUOUS
10
5.5620854724409448
20
-3.8920275196850391
11
5.5621699212598426
21
-3.8919312598425195
0
LINE
8
BLACK
6
CONTINUOUS
10
5.5621699212598426
20
-3.8919312598425195
11
5.5623194094488184
21
-3.8917226771653541
0
LINE
8
BLACK
6
CONTINUOUS
10
5.5623194094488184
20
-3.8917226771653541
11
5.5623194488188972
21
-3.8917226377952754
0
LINE
8
BLACK
6
CONTINUOUS
10
5.5623194488188972
20
-3.8917226377952754
11
5.5623194881889759
21
-3.8917225196850391
0
LINE
8
BLACK
6
CONTINUOUS
10
5.5623194881889759
20
-3.8917225196850391
11
5.5623195669291334
21
-3.8917224409448816
0
LINE
8
BLACK
6
CONTINUOUS
10
5.5623195669291334
20
-3.8917224409448816
11
5.5632124409448815
21
-3.8899117322834647
0
LINE
8
BLACK
6
CONTINUOUS
10
5.5632124409448815
20
-3.8899117322834647
11
5.564082519685039
21
-3.888147440944882
0
LINE
8
BLACK
6
CONTINUOUS
10
5.564082519685039
20
-3.888147440944882
11
5.5648684251968499
21
-3.88521437007874
0
LINE
8
BLACK
6
CONTINUOUS
10
5.5648684251968499
20
-3.88521437007874
11
5.5648684645669286
21
-3.8852139370078738
0
LINE
8
BLACK
6
CONTINUOUS
10
5.5648684645669286
20
-3.8852139370078738
11
5.5648685433070861
21
-3.8852136614173229
0
LINE
8
BLACK
6
CONTINUOUS
10
5.5648685433070861
20
-3.8852136614173229
11
5.565216496062992
21
-3.8825704330708661
0
LINE
8
BLACK
6
CONTINUOUS
10
5.565216496062992
20
-3.8825704330708661
11
5.5652165354330707
21
-3.8825701574803149
0
LINE
8
BLACK
6
CONTINUOUS
10
5.5652165354330707
20
-3.8825701574803149
11
5.5652165354330707
21
-3.8066616535433071
0
LINE
8
BLACK
6
CONTINUOUS
10
5.5652165354330707
20
-3.8066616535433071
11
5.5660024409448816
21
-3.8037285826771652
0
LINE
8
BLACK
6
CONTINUOUS
10
5.5660024409448816
20
-3.8037285826771652
11
5.5669346850393699
21
-3.8025136614173229
0
LINE
8
BLACK
6
CONTINUOUS
10
5.5669346850393699
20
-3.8025136614173229
11
5.5825136614173223
21
-3.7869346850393701
0
LINE
8
BLACK
6
CONTINUOUS
10
5.5825136614173223
20
-3.7869346850393701
11
5.5851433858267718
21
-3.7854164173228346
0
LINE
8
BLACK
6
CONTINUOUS
10
5.5851433858267718
20
-3.7854164173228346
11
5.5866616535433069
21
-3.7852165354330709
0
LINE
8
BLACK
6
CONTINUOUS
10
5.5866616535433069
20
-3.7852165354330709
11
6.0420668110236218
21
-3.7852165354330709
0
LINE
8
BLACK
6
CONTINUOUS
10
6.0420668110236218
20
-3.7852165354330709
11
6.042066929133858
21
-3.7852165354330709
0
LINE
8
BLACK
6
CONTINUOUS
10
6.042066929133858
20
-3.7852165354330709
11
6.0441150787401572
21
-3.7850091338582676
0
LINE
8
BLACK
6
CONTINUOUS
10
6.0441150787401572
20
-3.7850091338582676
11
6.0464194094488191
21
-3.7845375984251968
0
LINE
8
BLACK
6
CONTINUOUS
10
6.0464194094488191
20
-3.7845375984251968
11
6.0471238582677165
21
-3.7843672047244095
0
LINE
8
BLACK
6
CONTINUOUS
10
6.0471238582677165
20
-3.7843672047244095
11
6.0506794488188973
21
-3.7825648818897637
0
LINE
8
BLACK
6
CONTINUOUS
10
6.0506794488188973
20
-3.7825648818897637
11
6.0530680314960632
21
-3.7806899606299211
0
LINE
8
BLACK
6
CONTINUOUS
10
6.0530680314960632
20
-3.7806899606299211
11
6.0549330708661415
21
-3.7787834645669292
0
LINE
8
BLACK
6
CONTINUOUS
10
6.0549330708661415
20
-3.7787834645669292
11
6.0670000000000002
21
-3.7626942125984253
0
LINE
8
BLACK
6
CONTINUOUS
10
6.0670000000000002
20
-3.7626942125984253
11
6.0673525196850395
21
-3.7621935826771651
0
LINE
8
BLACK
6
CONTINUOUS
10
6.0673525196850395
20
-3.7621935826771651
11
6.0677398425196847
21
-3.7616069685039371
0
LINE
8
BLACK
6
CONTINUOUS
10
6.0677398425196847
20
-3.7616069685039371
11
6.0690825196850389
21
-3.7586218897637793
0
LINE
8
BLACK
6
CONTINUOUS
10
6.0690825196850389
20
-3.7586218897637793
11
6.0698684251968507
21
-3.7556888188976378
0
LINE
8
BLACK
6
CONTINUOUS
10
6.0698684251968507
20
-3.7556888188976378
11
6.0698684645669294
21
-3.7556883858267716
0
LINE
8
BLACK
6
CONTINUOUS
10
6.0698684645669294
20
-3.7556883858267716
11
6.0698685433070869
21
-3.7556881102362203
0
LINE
8
BLACK
6
CONTINUOUS
10
6.0698685433070869
20
-3.7556881102362203
11
6.0702164960629919
21
-3.7530448818897635
0
LINE
8
BLACK
6
CONTINUOUS
10
6.0702164960629919
20
-3.7530448818897635
11
6.0702165354330706
21
-3.7530446062992127
0
LINE
8
BLACK
6
CONTINUOUS
10
6.0702165354330706
20
-3.7530446062992127
11
6.0702165354330706
21
-3.6474303937007875
0
LINE
8
BLACK
6
CONTINUOUS
10
6.0702165354330706
20
-3.6474303937007875
11
6.0702165354330706
21
-3.6474298425196849
0
LINE
8
BLACK
6
CONTINUOUS
10
6.0702165354330706
20
-3.6474298425196849
11
6.0701291338582672
21
-3.646096338582677
0
LINE
8
BLACK
6
CONTINUOUS
10
6.0701291338582672
20
-3.646096338582677
11
6.069929251968504
21
-3.6445780708661415
0
LINE
8
BLACK
6
CONTINUOUS
10
6.069929251968504
20
-3.6445780708661415
11
6.0686479133858269
21
-3.6408033070866139
0
LINE
8
BLACK
6
CONTINUOUS
10
6.0686479133858269
20
-3.6408033070866139
11
6.0671296456692909
21
-3.6381735826771653
0
LINE
8
BLACK
6
CONTINUOUS
10
6.0671296456692909
20
-3.6381735826771653
11
6.0655060236220475
21
-3.6360576771653541
0
LINE
8
BLACK
6
CONTINUOUS
10
6.0655060236220475
20
-3.6360576771653541
11
6.05264405511811
21
-3.623195708661417
0
LINE
8
BLACK
6
CONTINUOUS
10
6.05264405511811
20
-3.623195708661417
11
6.0513723622047246
21
-3.6212924409448819
0
LINE
8
BLACK
6
CONTINUOUS
10
6.0513723622047246
20
-3.6212924409448819
11
6.0512887401574798
21
-3.6210905118110235
0
LINE
8
BLACK
6
CONTINUOUS
10
6.0512887401574798
20
-3.6210905118110235
11
6.0505407480314961
21
-3.6199710629921258
0
LINE
8
BLACK
6
CONTINUOUS
10
6.0505407480314961
20
-3.6199710629921258
11
6.0490741732283464
21
-3.6177762204724409
0
LINE
8
BLACK
6
CONTINUOUS
10
6.0490741732283464
20
-3.6177762204724409
11
6.0490740944881889
21
-3.6177761811023621
0
LINE
8
BLACK
6
CONTINUOUS
10
6.0490740944881889
20
-3.6177761811023621
11
6.0490740944881889
21
-3.6177761417322833
0
LINE
8
BLACK
6
CONTINUOUS
10
6.0490740944881889
20
-3.6177761417322833
11
6.0457599212598421
21
-3.6155616535433071
0
LINE
8
BLACK
6
CONTINUOUS
10
6.0457599212598421
20
-3.6155616535433071
11
6.0428372834645669
21
-3.6149803149606297
0
LINE
8
BLACK
6
CONTINUOUS
10
6.0428372834645669
20
-3.6149803149606297
11
6.0394498031496058
21
-3.6149803149606297
0
LINE
8
BLACK
6
CONTINUOUS
10
6.0394498031496058
20
-3.6149803149606297
11
6.0386840944881888
21
-3.614930118110236
0
LINE
8
BLACK
6
CONTINUOUS
10
6.0386840944881888
20
-3.614930118110236
11
6.0375702362204722
21
-3.614783464566929
0
LINE
8
BLACK
6
CONTINUOUS
10
6.0375702362204722
20
-3.614783464566929
11
6.0375701574803147
21
-3.614783464566929
0
LINE
8
BLACK
6
CONTINUOUS
10
6.0375701574803147
20
-3.614783464566929
11
5.6717647244094485
21
-3.614783464566929
0
LINE
8
BLACK
6
CONTINUOUS
10
5.6717647244094485
20
-3.614783464566929
11
5.6706203149606296
21
-3.6146707480314961
0
LINE
8
BLACK
6
CONTINUOUS
10
5.6706203149606296
20
-3.6146707480314961
11
5.6705931889763779
21
-3.6146653543307088
0
LINE
8
BLACK
6
CONTINUOUS
10
5.6705931889763779
20
-3.6146653543307088
11
5.6194068503937009
21
-3.6146653543307088
0
LINE
8
BLACK
6
CONTINUOUS
10
5.6194068503937009
20
-3.6146653543307088
11
5.6193835039370077
21
-3.6146699999999998
0
LINE
8
BLACK
6
CONTINUOUS
10
5.6193835039370077
20
-3.6146699999999998
11
5.6193798818897633
21
-3.6146707480314961
0
LINE
8
BLACK
6
CONTINUOUS
10
5.6193798818897633
20
-3.6146707480314961
11
5.618235551181102
21
-3.614783464566929
0
LINE
8
BLACK
6
CONTINUOUS
10
5.618235551181102
20
-3.614783464566929
11
5.5967647244094483
21
-3.614783464566929
0
LINE
8
BLACK
6
CONTINUOUS
10
5.5967647244094483
20
-3.614783464566929
11
5.5956203149606294
21
-3.6146707480314961
0
LINE
8
BLACK
6
CONTINUOUS
10
5.5956203149606294
20
-3.6146707480314961
11
5.5955931889763777
21
-3.6146653543307088
0
LINE
8
BLACK
6
CONTINUOUS
10
5.5955931889763777
20
-3.6146653543307088
11
5.5444068503937007
21
-3.6146653543307088
0
LINE
8
BLACK
6
CONTINUOUS
10
5.5444068503937007
20
-3.6146653543307088
11
5.5443835039370075
21
-3.6146699999999998
0
LINE
8
BLACK
6
CONTINUOUS
10
5.5443835039370075
20
-3.6146699999999998
11
5.5443798818897641
21
-3.6146707480314961
0
LINE
8
BLACK
6
CONTINUOUS
10
5.5443798818897641
20
-3.6146707480314961
11
5.5432355511811027
21
-3.614783464566929
0
LINE
8
BLACK
6
CONTINUOUS
10
5.5432355511811027
20
-3.614783464566929
11
5.4174294488188979
21
-3.614783464566929
0
LINE
8
BLACK
6
CONTINUOUS
10
5.4174294488188979
20
-3.614783464566929
11
5.416096338582677
21
-3.6148708267716536
0
LINE
8
BLACK
6
CONTINUOUS
10
5.416096338582677
20
-3.6148708267716536
11
5.4145781102362207
21
-3.6150707086614173
0
LINE
8
BLACK
6
CONTINUOUS
10
5.4145781102362207
20
-3.6150707086614173
11
5.4108033070866144
21
-3.6163520866141732
0
LINE
8
BLACK
6
CONTINUOUS
10
5.4108033070866144
20
-3.6163520866141732
11
5.4081738188976374
21
-3.6178701968503937
0
LINE
8
BLACK
6
CONTINUOUS
10
5.4081738188976374
20
-3.6178701968503937
11
5.4081735433070861
21
-3.6178703937007874
0
LINE
8
BLACK
6
CONTINUOUS
10
5.4081735433070861
20
-3.6178703937007874
11
5.4060577165354333
21
-3.6194938976377951
0
LINE
8
BLACK
6
CONTINUOUS
10
5.4060577165354333
20
-3.6194938976377951
11
5.3855455905511809
21
-3.6400059842519683
0
LINE
8
BLACK
6
CONTINUOUS
10
5.3855455905511809
20
-3.6400059842519683
11
5.3829158661417322
21
-3.6415242519685038
0
LINE
8
BLACK
6
CONTINUOUS
10
5.3829158661417322
20
-3.6415242519685038
11
5.3798793307086612
21
-3.6415242519685038
0
LINE
8
BLACK
6
CONTINUOUS
10
5.3798793307086612
20
-3.6415242519685038
11
5.3772496062992126
21
-3.6400059842519683
0
LINE
8
BLACK
6
CONTINUOUS
10
5.3772496062992126
20
-3.6400059842519683
11
5.3757313385826766
21
-3.6373762598425197
0
LINE
8
BLACK
6
CONTINUOUS
10
5.3757313385826766
20
-3.6373762598425197
11
5.3755314566929133
21
-3.6358581496062992
0
LINE
8
BLACK
6
CONTINUOUS
10
5.3755314566929133
20
-3.6358581496062992
11
5.3755314566929133
21
-3.6222021259842521
0
LINE
8
BLACK
6
CONTINUOUS
10
5.3755314566929133
20
-3.6222021259842521
11
5.3749501574803151
21
-3.6192794881889765
0
LINE
8
BLACK
6
CONTINUOUS
10
5.3749501574803151
20
-3.6192794881889765
11
5.3727355905511809
21
-3.6159651968503934
0
LINE
8
BLACK
6
CONTINUOUS
10
5.3727355905511809
20
-3.6159651968503934
11
5.3727355511811021
21
-3.6159651574803147
0
LINE
8
BLACK
6
CONTINUOUS
10
5.3727355511811021
20
-3.6159651574803147
11
5.3727355118110234
21
-3.6159651181102364
0
LINE
8
BLACK
6
CONTINUOUS
10
5.3727355118110234
20
-3.6159651181102364
11
5.3694213385826774
21
-3.6137506299212596
0
LINE
8
BLACK
6
CONTINUOUS
10
5.3694213385826774
20
-3.6137506299212596
11
5.3664987007874014
21
-3.6131692913385827
0
LINE
8
BLACK
6
CONTINUOUS
10
5.3664987007874014
20
-3.6131692913385827
11
5.3449803149606296
21
-3.6131692913385827
0
LINE
8
BLACK
6
CONTINUOUS
10
5.3449803149606296
20
-3.6131692913385827
11
5.3420472440944877
21
-3.6123833858267718
0
LINE
8
BLACK
6
CONTINUOUS
10
5.3420472440944877
20
-3.6123833858267718
11
5.3399000787401576
21
-3.6102362204724407
0
LINE
8
BLACK
6
CONTINUOUS
10
5.3399000787401576
20
-3.6102362204724407
11
5.3391141732283467
21
-3.6073031496062993
0
LINE
8
BLACK
6
CONTINUOUS
10
5.3391141732283467
20
-3.6073031496062993
11
5.3391141732283467
21
-3.606092401574803
0
LINE
8
BLACK
6
CONTINUOUS
10
5.3391141732283467
20
-3.606092401574803
11
5.3391141338582679
21
-3.6060923228346455
0
LINE
8
BLACK
6
CONTINUOUS
10
5.3391141338582679
20
-3.6060923228346455
11
5.3380288976377948
21
-3.6020420866141731
0
LINE
8
BLACK
6
CONTINUOUS
10
5.3380288976377948
20
-3.6020420866141731
11
5.3364234251968501
21
-3.599261377952756
0
LINE
8
BLACK
6
CONTINUOUS
10
5.3364234251968501
20
-3.599261377952756
11
5.3359323622047246
21
-3.5984107874015749
0
LINE
8
BLACK
6
CONTINUOUS
10
5.3359323622047246
20
-3.5984107874015749
11
5.3359323228346458
21
-3.5984107480314962
0
LINE
8
BLACK
6
CONTINUOUS
10
5.3359323228346458
20
-3.5984107480314962
11
5.335932283464567
21
-3.5984106692913387
0
LINE
8
BLACK
6
CONTINUOUS
10
5.335932283464567
20
-3.5984106692913387
11
5.3329672834645665
21
-3.5954456692913386
0
LINE
8
BLACK
6
CONTINUOUS
10
5.3329672834645665
20
-3.5954456692913386
11
5.318350905511811
21
-3.5808292913385826
0
LINE
8
BLACK
6
CONTINUOUS
10
5.318350905511811
20
-3.5808292913385826
11
5.316832637795275
21
-3.578199566929134
0
LINE
8
BLACK
6
CONTINUOUS
10
5.316832637795275
20
-3.578199566929134
11
5.3166830314960629
21
-3.5774475196850393
0
LINE
8
BLACK
6
CONTINUOUS
10
5.3166830314960629
20
-3.5774475196850393
11
5.3162688188976377
21
-3.5743010236220472
0
LINE
8
BLACK
6
CONTINUOUS
10
5.3162688188976377
20
-3.5743010236220472
11
5.3140691338582675
21
-3.5689905511811024
0
LINE
8
BLACK
6
CONTINUOUS
10
5.3140691338582675
20
-3.5689905511811024
11
5.3140691338582675
21
-3.5689905118110237
0
LINE
8
BLACK
6
CONTINUOUS
10
5.3140691338582675
20
-3.5689905118110237
11
5.3105697637795277
21
-3.5644300787401573
0
LINE
8
BLACK
6
CONTINUOUS
10
5.3105697637795277
20
-3.5644300787401573
11
5.3060095275590546
21
-3.560930866141732
0
LINE
8
BLACK
6
CONTINUOUS
10
5.3060095275590546
20
-3.560930866141732
11
5.3060095275590546
21
-3.5609308267716533
0
LINE
8
BLACK
6
CONTINUOUS
10
5.3060095275590546
20
-3.5609308267716533
11
5.3006988582677161
21
-3.5587311023622048
0
LINE
8
BLACK
6
CONTINUOUS
10
5.3006988582677161
20
-3.5587311023622048
11
5.2950001181102362
21
-3.557980905511811
0
LINE
8
BLACK
6
CONTINUOUS
10
5.2950001181102362
20
-3.557980905511811
11
5.2949998818897637
21
-3.557980905511811
0
LINE
8
BLACK
6
CONTINUOUS
10
5.2949998818897637
20
-3.557980905511811
11
5.2893012204724412
21
-3.5587311023622048
0
LINE
8
BLACK
6
CONTINUOUS
10
4.7436023622047241
20
-3.6815772440944881
11
4.744183700787401
21
-3.6845000393700786
0
LINE
8
BLACK
6
CONTINUOUS
10
4.744183700787401
20
-3.6845000393700786
11
4.7445821259842518
21
-3.6850962992125984
0
LINE
8
BLACK
6
CONTINUOUS
10
4.7445821259842518
20
-3.6850962992125984
11
4.7455583070866139
21
-3.6879716535433071
0
LINE
8
BLACK
6
CONTINUOUS
10
4.7455583070866139
20
-3.6879716535433071
11
4.7455708661417324
21
-3.6883555118110234
0
LINE
8
BLACK
6
CONTINUOUS
10
4.7455708661417324
20
-3.6883555118110234
11
4.7455708661417324
21
-3.7216444488188976
0
LINE
8
BLACK
6
CONTINUOUS
10
4.7455708661417324
20
-3.7216444488188976
11
4.7447849606299215
21
-3.7245775196850395
0
LINE
8
BLACK
6
CONTINUOUS
10
4.7447849606299215
20
-3.7245775196850395
11
4.744582244094488
21
-3.724903503937008
0
LINE
8
BLACK
6
CONTINUOUS
10
4.744582244094488
20
-3.724903503937008
11
4.744183700787401
21
-3.7254998818897636
0
LINE
8
BLACK
6
CONTINUOUS
10
4.744183700787401
20
-3.7254998818897636
11
4.7441836614173223
21
-3.7255000393700786
0
LINE
8
BLACK
6
CONTINUOUS
10
4.7441836614173223
20
-3.7255000393700786
11
4.7436023622047241
21
-3.7284225196850391
0
LINE
8
BLACK
6
CONTINUOUS
10
4.7436023622047241
20
-3.7284225196850391
11
4.7436023622047241
21
-3.7815772440944881
0
LINE
8
BLACK
6
CONTINUOUS
10
4.7436023622047241
20
-3.7815772440944881
11
4.7436024015748028
21
-3.7815774015748032
0
LINE
8
BLACK
6
CONTINUOUS
10
4.7436024015748028
20
-3.7815774015748032
11
4.744183700787401
21
-3.7845000393700787
0
LINE
8
BLACK
6
CONTINUOUS
10
4.744183700787401
20
-3.7845000393700787
11
4.7445238582677165
21
-3.7850091338582676
0
LINE
8
BLACK
6
CONTINUOUS
10
4.7445238582677165
20
-3.7850091338582676
11
4.7445821259842518
21
-3.7850962992125985
0
LINE
8
BLACK
6
CONTINUOUS
10
4.7445821259842518
20
-3.7850962992125985
11
4.7455583070866139
21
-3.7879716535433068
0
LINE
8
BLACK
6
CONTINUOUS
10
4.7455583070866139
20
-3.7879716535433068
11
4.7455708661417324
21
-3.7883554724409447
0
LINE
8
BLACK
6
CONTINUOUS
10
4.7455708661417324
20
-3.7883554724409447
11
4.7455708661417324
21
-3.8145274803149607
0
LINE
8
BLACK
6
CONTINUOUS
10
4.7455708661417324
20
-3.8145274803149607
11
4.7455708661417324
21
-3.8202756692913384
0
LINE
8
BLACK
6
CONTINUOUS
10
4.7455708661417324
20
-3.8202756692913384
11
4.7470585826771652
21
-3.8258279133858268
0
LINE
8
BLACK
6
CONTINUOUS
10
4.7470585826771652
20
-3.8258279133858268
11
4.7499326377952755
21
-3.8308059448818899
0
LINE
8
BLACK
6
CONTINUOUS
10
4.7499326377952755
20
-3.8308059448818899
11
4.753997204724409
21
-3.8348705118110233
0
LINE
8
BLACK
6
CONTINUOUS
10
4.753997204724409
20
-3.8348705118110233
11
4.7539972440944878
21
-3.8348705511811021
0
LINE
8
BLACK
6
CONTINUOUS
10
4.7539972440944878
20
-3.8348705511811021
11
4.7675310236220474
21
-3.8484043307086613
0
LINE
8
BLACK
6
CONTINUOUS
10
4.7675310236220474
20
-3.8484043307086613
11
4.7675310629921261
21
-3.84840437007874
0
LINE
8
BLACK
6
CONTINUOUS
10
4.7675310629921261
20
-3.84840437007874
11
4.7715956299212596
21
-3.852468937007874
0
LINE
8
BLACK
6
CONTINUOUS
10
4.7715956299212596
20
-3.852468937007874
11
4.7736994488188973
21
-3.8536835433070866
0
LINE
8
BLACK
6
CONTINUOUS
10
4.7736994488188973
20
-3.8536835433070866
11
4.7736995275590548
21
-3.8536836220472441
0
LINE
8
BLACK
6
CONTINUOUS
10
4.7736995275590548
20
-3.8536836220472441
11
4.7736995669291336
21
-3.8536836220472441
0
LINE
8
BLACK
6
CONTINUOUS
10
4.7736995669291336
20
-3.8536836220472441
11
4.7765736220472439
21
-3.8553429921259843
0
LINE
8
BLACK
6
CONTINUOUS
10
4.7765736220472439
20
-3.8553429921259843
11
4.782125905511811
21
-3.8568307086614171
0
LINE
8
BLACK
6
CONTINUOUS
10
4.782125905511811
20
-3.8568307086614171
11
5.0778740944881893
21
-3.8568307086614171
0
LINE
8
BLACK
6
CONTINUOUS
10
5.0778740944881893
20
-3.8568307086614171
11
5.0834263385826768
21
-3.8553429921259843
0
LINE
8
BLACK
6
CONTINUOUS
10
5.0834263385826768
20
-3.8553429921259843
11
5.0840704724409447
21
-3.8549711023622044
0
LINE
8
BLACK
6
CONTINUOUS
10
5.0840704724409447
20
-3.8549711023622044
11
5.0884043700787398
21
-3.852468937007874
0
LINE
8
BLACK
6
CONTINUOUS
10
5.0884043700787398
20
-3.852468937007874
11
5.0924689370078742
21
-3.84840437007874
0
LINE
8
BLACK
6
CONTINUOUS
10
5.0924689370078742
20
-3.84840437007874
11
5.0924689370078742
21
-3.8484042913385825
0
LINE
8
BLACK
6
CONTINUOUS
10
5.0924689370078742
20
-3.8484042913385825
11
5.0929516929133856
21
-3.8479215748031494
0
LINE
8
BLACK
6
CONTINUOUS
10
5.0929516929133856
20
-3.8479215748031494
11
5.0929518503937006
21
-3.8479213779527557
0
LINE
8
BLACK
6
CONTINUOUS
10
5.0929518503937006
20
-3.8479213779527557
11
5.1097324015748029
21
-3.8311408267716534
0
LINE
8
BLACK
6
CONTINUOUS
10
5.1097324015748029
20
-3.8311408267716534
11
5.1097325984251967
21
-3.8311406692913383
0
LINE
8
BLACK
6
CONTINUOUS
10
5.1097325984251967
20
-3.8311406692913383
11
5.1102153149606302
21
-3.8306579133858265
0
LINE
8
BLACK
6
CONTINUOUS
10
5.1102153149606302
20
-3.8306579133858265
11
5.1102153937007877
21
-3.8306579133858265
0
LINE
8
BLACK
6
CONTINUOUS
10
5.1102153937007877
20
-3.8306579133858265
11
5.1142799606299212
21
-3.826593346456693
0
LINE
8
BLACK
6
CONTINUOUS
10
5.1142799606299212
20
-3.826593346456693
11
5.1171540157480315
21
-3.82161531496063
0
LINE
8
BLACK
6
CONTINUOUS
10
5.1171540157480315
20
-3.82161531496063
11
5.1186417322834643
21
-3.8160630314960629
0
LINE
8
BLACK
6
CONTINUOUS
10
5.1186417322834643
20
-3.8160630314960629
11
5.1186417322834643
21
-3.8126968110236219
0
LINE
8
BLACK
6
CONTINUOUS
10
5.1186417322834643
20
-3.8126968110236219
11
5.1194276377952752
21
-3.8097637401574804
0
LINE
8
BLACK
6
CONTINUOUS
10
5.1194276377952752
20
-3.8097637401574804
11
5.1215748031496062
21
-3.8076165748031494
0
LINE
8
BLACK
6
CONTINUOUS
10
5.1215748031496062
20
-3.8076165748031494
11
5.1245078740157481
21
-3.8068306692913385
0
LINE
8
BLACK
6
CONTINUOUS
10
5.1245078740157481
20
-3.8068306692913385
11
5.1401205905511809
21
-3.8068306692913385
0
LINE
8
BLACK
6
CONTINUOUS
10
5.1401205905511809
20
-3.8068306692913385
11
5.1401207086614171
21
-3.8068306692913385
0
LINE
8
BLACK
6
CONTINUOUS
10
5.1401207086614171
20
-3.8068306692913385
11
5.1430433464566931
21
-3.8062493700787399
0
LINE
8
BLACK
6
CONTINUOUS
10
5.1430433464566931
20
-3.8062493700787399
11
5.1463576377952753
21
-3.8040348031496061
0
LINE
8
BLACK
6
CONTINUOUS
10
5.1463576377952753
20
-3.8040348031496061
11
5.1485722047244096
21
-3.8007205118110234
0
LINE
8
BLACK
6
CONTINUOUS
10
5.1485722047244096
20
-3.8007205118110234
11
5.1491535433070865
21
-3.7977979133858266
0
LINE
8
BLACK
6
CONTINUOUS
10
5.1491535433070865
20
-3.7977979133858266
11
5.1491535039370078
21
-3.772202125984252
0
LINE
8
BLACK
6
CONTINUOUS
10
5.1491535039370078
20
-3.772202125984252
11
5.1485722047244096
21
-3.7692794881889764
0
LINE
8
BLACK
6
CONTINUOUS
10
5.1485722047244096
20
-3.7692794881889764
11
5.1463576377952753
21
-3.7659651968503938
0
LINE
8
BLACK
6
CONTINUOUS
10
5.1463576377952753
20
-3.7659651968503938
11
5.1463575984251966
21
-3.765965157480315
0
LINE
8
BLACK
6
CONTINUOUS
10
5.1463575984251966
20
-3.765965157480315
11
5.1447297637795275
21
-3.7648774409448817
0
LINE
8
BLACK
6
CONTINUOUS
10
5.1447297637795275
20
-3.7648774409448817
11
5.1427276771653538
21
-3.7625944094488188
0
LINE
8
BLACK
6
CONTINUOUS
10
5.1427276771653538
20
-3.7625944094488188
11
5.1421353149606297
21
-3.7596161811023623
0
LINE
8
BLACK
6
CONTINUOUS
10
5.1421353149606297
20
-3.7596161811023623
11
5.1431114173228343
21
-3.7567408267716536
0
LINE
8
BLACK
6
CONTINUOUS
10
5.1431114173228343
20
-3.7567408267716536
11
5.1447297244094488
21
-3.7551225196850391
0
LINE
8
BLACK
6
CONTINUOUS
10
5.1447297244094488
20
-3.7551225196850391
11
5.1463576377952753
21
-3.7540348031496062
0
LINE
8
BLACK
6
CONTINUOUS
10
5.1463576377952753
20
-3.7540348031496062
11
5.1485722047244096
21
-3.7507205118110236
0
LINE
8
BLACK
6
CONTINUOUS
10
5.1485722047244096
20
-3.7507205118110236
11
5.1491535433070865
21
-3.7477979133858268
0
LINE
8
BLACK
6
CONTINUOUS
10
5.1491535433070865
20
-3.7477979133858268
11
5.1491535039370078
21
-3.7222021259842517
0
LINE
8
BLACK
6
CONTINUOUS
10
5.1491535039370078
20
-3.7222021259842517
11
5.1485722047244096
21
-3.7192794881889761
0
LINE
8
BLACK
6
CONTINUOUS
10
5.1485722047244096
20
-3.7192794881889761
11
5.1463576377952753
21
-3.7159651968503935
0
LINE
8
BLACK
6
CONTINUOUS
10
5.1463576377952753
20
-3.7159651968503935
11
5.1463575590551178
21
-3.715965118110236
0
LINE
8
BLACK
6
CONTINUOUS
10
5.1463575590551178
20
-3.715965118110236
11
5.1430433858267719
21
-3.7137506299212597
0
LINE
8
BLACK
6
CONTINUOUS
10
5.1430433858267719
20
-3.7137506299212597
11
5.1401207480314959
21
-3.7131692913385828
0
LINE
8
BLACK
6
CONTINUOUS
10
5.1401207480314959
20
-3.7131692913385828
11
5.0535014566929135
21
-3.7131692913385828
0
LINE
8
BLACK
6
CONTINUOUS
10
5.0535014566929135
20
-3.7131692913385828
11
5.0505787007874012
21
-3.713750590551181
0
LINE
8
BLACK
6
CONTINUOUS
10
5.0505787007874012
20
-3.713750590551181
11
5.0470361811023619
21
-3.7161176771653541
0
LINE
8
BLACK
6
CONTINUOUS
10
5.0470361811023619
20
-3.7161176771653541
11
5.0441607874015748
21
-3.7170937401574804
0
LINE
8
BLACK
6
CONTINUOUS
10
5.0441607874015748
20
-3.7170937401574804
11
5.0437771259842519
21
-3.7171062992125985
0
LINE
8
BLACK
6
CONTINUOUS
10
5.0437771259842519
20
-3.7171062992125985
11
4.9877157874015747
21
-3.7171062992125985
0
LINE
8
BLACK
6
CONTINUOUS
10
4.9877157874015747
20
-3.7171062992125985
11
4.9877151574803147
21
-3.7171062598425197
0
LINE
8
BLACK
6
CONTINUOUS
10
4.9877151574803147
20
-3.7171062598425197
11
4.9873557480314963
21
-3.7171062598425197
0
LINE
8
BLACK
6
CONTINUOUS
10
4.9873557480314963
20
-3.7171062598425197
11
4.9826442519685035
21
-3.7171062598425197
0
LINE
8
BLACK
6
CONTINUOUS
10
4.9826442519685035
20
-3.7171062598425197
11
4.9826440944881885
21
-3.7171062598425197
0
LINE
8
BLACK
6
CONTINUOUS
10
4.9826440944881885
20
-3.7171062598425197
11
4.979054960629921
21
-3.718067992125984
0
LINE
8
BLACK
6
CONTINUOUS
10
4.979054960629921
20
-3.718067992125984
11
4.9790549212598423
21
-3.7180679527559053
0
LINE
8
BLACK
6
CONTINUOUS
10
4.9790549212598423
20
-3.7180679527559053
11
4.9780935433070868
21
-3.7183255905511809
0
LINE
8
BLACK
6
CONTINUOUS
10
4.9780935433070868
20
-3.7183255905511809
11
4.9780931102362205
21
-3.718325748031496
0
LINE
8
BLACK
6
CONTINUOUS
10
4.9780931102362205
20
-3.718325748031496
11
4.9740132283464566
21
-3.7206812598425194
0
LINE
8
BLACK
6
CONTINUOUS
10
4.9740132283464566
20
-3.7206812598425194
11
4.9740128740157479
21
-3.7206815354330707
0
LINE
8
BLACK
6
CONTINUOUS
10
4.9740128740157479
20
-3.7206815354330707
11
4.9706814173228349
21
-3.7240129527559054
0
LINE
8
BLACK
6
CONTINUOUS
10
4.9706814173228349
20
-3.7240129527559054
11
4.9706814566929136
21
-3.7240129921259841
0
LINE
8
BLACK
6
CONTINUOUS
10
4.9706814566929136
20
-3.7240129921259841
11
4.9706813779527561
21
-3.7240130708661416
0
LINE
8
BLACK
6
CONTINUOUS
10
4.9706813779527561
20
-3.7240130708661416
11
4.9690130708661417
21
-3.725681377952756
0
LINE
8
BLACK
6
CONTINUOUS
10
4.9690130708661417
20
-3.725681377952756
11
4.9690129921259842
21
-3.7256814566929135
0
LINE
8
BLACK
6
CONTINUOUS
10
4.9690129921259842
20
-3.7256814566929135
11
4.9690129527559055
21
-3.7256814173228348
0
LINE
8
BLACK
6
CONTINUOUS
10
4.9690129527559055
20
-3.7256814173228348
11
4.9656815354330703
21
-3.7290128740157478
0
LINE
8
BLACK
6
CONTINUOUS
10
4.9656815354330703
20
-3.7290128740157478
11
4.9656813385826775
21
-3.7290131102362203
0
LINE
8
BLACK
6
CONTINUOUS
10
4.9656813385826775
20
-3.7290131102362203
11
4.9633257086614169
21
-3.7330932283464566
0
LINE
8
BLACK
6
CONTINUOUS
10
4.9633257086614169
20
-3.7330932283464566
11
4.9633257086614169
21
-3.7330933070866141
0
LINE
8
BLACK
6
CONTINUOUS
10
4.9633257086614169
20
-3.7330933070866141
11
4.9627297244094484
21
-3.7353175196850392
0
LINE
8
BLACK
6
CONTINUOUS
10
4.9627297244094484
20
-3.7353175196850392
11
4.9612114566929133
21
-3.7379472047244096
0
LINE
8
BLACK
6
CONTINUOUS
10
4.9612114566929133
20
-3.7379472047244096
11
4.9585817322834647
21
-3.7394654724409446
0
LINE
8
BLACK
6
CONTINUOUS
10
4.9585817322834647
20
-3.7394654724409446
11
4.9570635433070862
21
-3.7396653543307088
0
LINE
8
BLACK
6
CONTINUOUS
10
4.9570635433070862
20
-3.7396653543307088
11
4.9544069291338584
21
-3.7396653543307088
0
LINE
8
BLACK
6
CONTINUOUS
10
4.9544069291338584
20
-3.7396653543307088
11
4.9514842125984249
21
-3.740246653543307
0
LINE
8
BLACK
6
CONTINUOUS
10
4.9514842125984249
20
-3.740246653543307
11
4.9481699212598427
21
-3.7424612204724408
0
LINE
8
BLACK
6
CONTINUOUS
10
4.9481699212598427
20
-3.7424612204724408
11
4.9481698425196852
21
-3.7424612992125983
0
LINE
8
BLACK
6
CONTINUOUS
10
4.9481698425196852
20
-3.7424612992125983
11
4.9459553543307084
21
-3.7457754724409447
0
LINE
8
BLACK
6
CONTINUOUS
10
4.9459553543307084
20
-3.7457754724409447
11
4.9457605905511812
21
-3.7467546850393698
0
LINE
8
BLACK
6
CONTINUOUS
10
4.9457605905511812
20
-3.7467546850393698
11
4.9444175590551183
21
-3.7494780708661417
0
LINE
8
BLACK
6
CONTINUOUS
10
4.9444175590551183
20
-3.7494780708661417
11
4.9418927559055117
21
-3.7511650787401574
0
LINE
8
BLACK
6
CONTINUOUS
10
4.9418927559055117
20
-3.7511650787401574
11
4.9400071653543307
21
-3.751476377952756
0
LINE
8
BLACK
6
CONTINUOUS
10
4.9400071653543307
20
-3.751476377952756
11
4.9370668897637797
21
-3.751476377952756
0
LINE
8
BLACK
6
CONTINUOUS
10
4.9370668897637797
20
-3.751476377952756
11
4.9341338188976378
21
-3.7506904724409447
0
LINE
8
BLACK
6
CONTINUOUS
10
4.9341338188976378
20
-3.7506904724409447
11
4.9319866535433068
21
-3.7485433070866141
0
LINE
8
BLACK
6
CONTINUOUS
10
4.9319866535433068
20
-3.7485433070866141
11
4.9312007480314959
21
-3.7456102362204722
0
LINE
8
BLACK
6
CONTINUOUS
10
4.9312007480314959
20
-3.7456102362204722
11
4.9312007480314959
21
-3.7334227165354328
0
LINE
8
BLACK
6
CONTINUOUS
10
4.9312007480314959
20
-3.7334227165354328
11
4.9312007480314959
21
-3.733422598425197
0
LINE
8
BLACK
6
CONTINUOUS
10
4.9312007480314959
20
-3.733422598425197
11
4.9306194488188977
21
-3.7304999606299214
0
LINE
8
BLACK
6
CONTINUOUS
10
4.9306194488188977
20
-3.7304999606299214
11
4.9284048818897634
21
-3.7271856692913383
0
LINE
8
BLACK
6
CONTINUOUS
10
4.9284048818897634
20
-3.7271856692913383
11
4.9284048425196847
21
-3.7271856299212596
0
LINE
8
BLACK
6
CONTINUOUS
10
4.9284048425196847
20
-3.7271856299212596
11
4.9284048031496059
21
-3.7271855905511808
0
LINE
8
BLACK
6
CONTINUOUS
10
4.9284048031496059
20
-3.7271855905511808
11
4.92509062992126
21
-3.7249711023622045
0
LINE
8
BLACK
6
CONTINUOUS
10
4.92509062992126
20
-3.7249711023622045
11
4.922167992125984
21
-3.7243897637795276
0
LINE
8
BLACK
6
CONTINUOUS
10
4.922167992125984
20
-3.7243897637795276
11
4.8926353149606294
21
-3.7243897637795276
0
LINE
8
BLACK
6
CONTINUOUS
10
4.8926353149606294
20
-3.7243897637795276
11
4.889712559055118
21
-3.7249710629921258
0
LINE
8
BLACK
6
CONTINUOUS
10
4.889712559055118
20
-3.7249710629921258
11
4.886398267716535
21
-3.7271856299212596
0
LINE
8
BLACK
6
CONTINUOUS
10
4.886398267716535
20
-3.7271856299212596
11
4.8863981889763775
21
-3.7271857086614171
0
LINE
8
BLACK
6
CONTINUOUS
10
4.8863981889763775
20
-3.7271857086614171
11
4.8841837007874016
21
-3.7304998818897639
0
LINE
8
BLACK
6
CONTINUOUS
10
4.8841837007874016
20
-3.7304998818897639
11
4.8836023622047247
21
-3.7334225196850395
0
LINE
8
BLACK
6
CONTINUOUS
10
4.8836023622047247
20
-3.7334225196850395
11
4.8836023622047247
21
-3.786577244094488
0
LINE
8
BLACK
6
CONTINUOUS
10
4.8836023622047247
20
-3.786577244094488
11
4.8841836614173229
21
-3.7894999999999999
0
LINE
8
BLACK
6
CONTINUOUS
10
4.8841836614173229
20
-3.7894999999999999
11
4.8863982283464562
21
-3.7928142913385825
0
LINE
8
BLACK
6
CONTINUOUS
10
4.8863982283464562
20
-3.7928142913385825
11
4.8863983070866137
21
-3.79281437007874
0
LINE
8
BLACK
6
CONTINUOUS
10
4.8863983070866137
20
-3.79281437007874
11
4.8897124803149605
21
-3.7950288582677163
0
LINE
8
BLACK
6
CONTINUOUS
10
4.8897124803149605
20
-3.7950288582677163
11
4.889712559055118
21
-3.7950288976377951
0
LINE
8
BLACK
6
CONTINUOUS
10
4.889712559055118
20
-3.7950288976377951
11
4.8926351574803144
21
-3.7956102362204724
0
LINE
8
BLACK
6
CONTINUOUS
10
4.8926351574803144
20
-3.7956102362204724
11
4.9221679527559052
21
-3.7956101968503937
0
LINE
8
BLACK
6
CONTINUOUS
10
4.9221679527559052
20
-3.7956101968503937
11
4.9250905905511813
21
-3.7950288976377951
0
LINE
8
BLACK
6
CONTINUOUS
10
4.9250905905511813
20
-3.7950288976377951
11
4.9284048818897634
21
-3.7928143307086613
0
LINE
8
BLACK
6
CONTINUOUS
10
4.9284048818897634
20
-3.7928143307086613
11
4.9303716535433066
21
-3.7898708267716534
0
LINE
8
BLACK
6
CONTINUOUS
10
4.9303716535433066
20
-3.7898708267716534
11
4.9326546456692908
21
-3.7878687401574802
0
LINE
8
BLACK
6
CONTINUOUS
10
4.9326546456692908
20
-3.7878687401574802
11
4.9352491732283461
21
-3.7872637795275588
0
LINE
8
BLACK
6
CONTINUOUS
10
4.9352491732283461
20
-3.7872637795275588
11
4.9400071653543307
21
-3.7872637795275588
0
LINE
8
BLACK
6
CONTINUOUS
10
4.9400071653543307
20
-3.7872637795275588
11
4.9429402362204726
21
-3.7880496850393701
0
LINE
8
BLACK
6
CONTINUOUS
10
4.9429402362204726
20
-3.7880496850393701
11
4.9450874015748028
21
-3.7901968503937007
0
LINE
8
BLACK
6
CONTINUOUS
10
4.9450874015748028
20
-3.7901968503937007
11
4.9457605905511812
21
-3.7919855511811025
0
LINE
8
BLACK
6
CONTINUOUS
10
4.9457605905511812
20
-3.7919855511811025
11
4.9459552755905509
21
-3.7929645275590551
0
LINE
8
BLACK
6
CONTINUOUS
10
4.9459552755905509
20
-3.7929645275590551
11
4.9481698818897639
21
-3.7962788582677165
0
LINE
8
BLACK
6
CONTINUOUS
10
4.9481698818897639
20
-3.7962788582677165
11
4.9481699606299214
21
-3.796278937007874
0
LINE
8
BLACK
6
CONTINUOUS
10
4.9481699606299214
20
-3.796278937007874
11
4.9514841338582674
21
-3.7984934251968503
0
LINE
8
BLACK
6
CONTINUOUS
10
4.9514841338582674
20
-3.7984934251968503
11
4.9514842125984249
21
-3.798493464566929
0
LINE
8
BLACK
6
CONTINUOUS
10
4.9514842125984249
20
-3.798493464566929
11
4.9544068110236221
21
-3.799074803149606
0
LINE
8
BLACK
6
CONTINUOUS
10
4.9544068110236221
20
-3.799074803149606
11
5.0055931496062991
21
-3.7990747637795277
0
LINE
8
BLACK
6
CONTINUOUS
10
5.0055931496062991
20
-3.7990747637795277
11
5.0085157874015751
21
-3.798493464566929
0
LINE
8
BLACK
6
CONTINUOUS
10
5.0085157874015751
20
-3.798493464566929
11
5.0118300787401573
21
-3.7962788976377952
0
LINE
8
BLACK
6
CONTINUOUS
10
5.0118300787401573
20
-3.7962788976377952
11
5.0140446456692915
21
-3.7929646062992126
0
LINE
8
BLACK
6
CONTINUOUS
10
5.0140446456692915
20
-3.7929646062992126
11
5.0146259842519685
21
-3.7900420078740158
0
LINE
8
BLACK
6
CONTINUOUS
10
5.0146259842519685
20
-3.7900420078740158
11
5.0146259448818897
21
-3.7587598031496063
0
LINE
8
BLACK
6
CONTINUOUS
10
5.0146259448818897
20
-3.7587598031496063
11
5.0154118503937006
21
-3.7558267716535432
0
LINE
8
BLACK
6
CONTINUOUS
10
5.0154118503937006
20
-3.7558267716535432
11
5.0175590157480316
21
-3.7536796062992126
0
LINE
8
BLACK
6
CONTINUOUS
10
5.0175590157480316
20
-3.7536796062992126
11
5.0204920866141727
21
-3.7528937007874017
0
LINE
8
BLACK
6
CONTINUOUS
10
5.0204920866141727
20
-3.7528937007874017
11
5.0437771259842519
21
-3.7528937007874017
0
LINE
8
BLACK
6
CONTINUOUS
10
5.0437771259842519
20
-3.7528937007874017
11
5.0467101968503938
21
-3.7536796062992126
0
LINE
8
BLACK
6
CONTINUOUS
10
5.0467101968503938
20
-3.7536796062992126
11
5.0470362204724406
21
-3.7538823622047244
0
LINE
8
BLACK
6
CONTINUOUS
10
5.0470362204724406
20
-3.7538823622047244
11
5.0488922047244094
21
-3.7551225196850391
0
LINE
8
BLACK
6
CONTINUOUS
10
5.0488922047244094
20
-3.7551225196850391
11
5.0508943307086609
21
-3.7574055118110237
0
LINE
8
BLACK
6
CONTINUOUS
10
5.0508943307086609
20
-3.7574055118110237
11
5.0514866929133859
21
-3.7603837401574802
0
LINE
8
BLACK
6
CONTINUOUS
10
5.0514866929133859
20
-3.7603837401574802
11
5.0505105905511813
21
-3.763259094488189
0
LINE
8
BLACK
6
CONTINUOUS
10
5.0505105905511813
20
-3.763259094488189
11
5.0488922440944881
21
-3.7648774803149605
0
LINE
8
BLACK
6
CONTINUOUS
10
5.0488922440944881
20
-3.7648774803149605
11
5.047264409448819
21
-3.765965157480315
0
LINE
8
BLACK
6
CONTINUOUS
10
5.047264409448819
20
-3.765965157480315
11
5.0472643307086615
21
-3.7659652362204725
0
LINE
8
BLACK
6
CONTINUOUS
10
5.0472643307086615
20
-3.7659652362204725
11
5.0450498425196848
21
-3.7692794094488189
0
LINE
8
BLACK
6
CONTINUOUS
10
5.0450498425196848
20
-3.7692794094488189
11
5.0444685039370079
21
-3.7722020472440945
0
LINE
8
BLACK
6
CONTINUOUS
10
5.0444685039370079
20
-3.7722020472440945
11
5.0444685039370079
21
-3.7977977165354329
0
LINE
8
BLACK
6
CONTINUOUS
10
5.0444685039370079
20
-3.7977977165354329
11
5.0450498425196848
21
-3.8007205118110234
0
LINE
8
BLACK
6
CONTINUOUS
10
5.0450498425196848
20
-3.8007205118110234
11
5.0472705905511805
21
-3.8040440551181103
0
LINE
8
BLACK
6
CONTINUOUS
10
5.0472705905511805
20
-3.8040440551181103
11
5.048246692913386
21
-3.8069194488188978
0
LINE
8
BLACK
6
CONTINUOUS
10
5.048246692913386
20
-3.8069194488188978
11
5.0476542913385822
21
-3.8098976377952756
0
LINE
8
BLACK
6
CONTINUOUS
10
5.0476542913385822
20
-3.8098976377952756
11
5.0456522047244095
21
-3.8121806299212597
0
LINE
8
BLACK
6
CONTINUOUS
10
5.0456522047244095
20
-3.8121806299212597
11
5.0427768110236215
21
-3.8131567322834643
0
LINE
8
BLACK
6
CONTINUOUS
10
5.0427768110236215
20
-3.8131567322834643
11
5.0423931102362207
21
-3.8131692913385824
0
LINE
8
BLACK
6
CONTINUOUS
10
5.0423931102362207
20
-3.8131692913385824
11
4.796472440944882
21
-3.8131692913385824
0
LINE
8
BLACK
6
CONTINUOUS
10
4.796472440944882
20
-3.8131692913385824
11
4.7935393700787401
21
-3.8123833858267715
0
LINE
8
BLACK
6
CONTINUOUS
10
4.7935393700787401
20
-3.8123833858267715
11
4.7923244488188974
21
-3.8114511417322832
0
LINE
8
BLACK
6
CONTINUOUS
10
4.7923244488188974
20
-3.8114511417322832
11
4.7909504330708659
21
-3.8100771259842521
0
LINE
8
BLACK
6
CONTINUOUS
10
4.7909504330708659
20
-3.8100771259842521
11
4.7894321653543308
21
-3.807447401574803
0
LINE
8
BLACK
6
CONTINUOUS
10
4.7894321653543308
20
-3.807447401574803
11
4.7892322834645666
21
-3.8059291338582675
0
LINE
8
BLACK
6
CONTINUOUS
10
4.7892322834645666
20
-3.8059291338582675
11
4.7892322834645666
21
-3.7883554724409447
0
LINE
8
BLACK
6
CONTINUOUS
10
4.7892322834645666
20
-3.7883554724409447
11
4.7900181889763775
21
-3.7854224015748033
0
LINE
8
BLACK
6
CONTINUOUS
10
4.7900181889763775
20
-3.7854224015748033
11
4.7902203543307085
21
-3.7850972834645669
0
LINE
8
BLACK
6
CONTINUOUS
10
4.7902203543307085
20
-3.7850972834645669
11
4.7906194488188971
21
-3.7845000393700787
0
LINE
8
BLACK
6
CONTINUOUS
10
4.7906194488188971
20
-3.7845000393700787
11
4.791200787401575
21
-3.7815774409448819
0
LINE
8
BLACK
6
CONTINUOUS
10
4.791200787401575
20
-3.7815774409448819
11
4.7912007480314962
21
-3.7284225984251966
0
LINE
8
BLACK
6
CONTINUOUS
10
4.7912007480314962
20
-3.7284225984251966
11
4.7906194488188971
21
-3.7254999606299211
0
LINE
8
BLACK
6
CONTINUOUS
10
4.7906194488188971
20
-3.7254999606299211
11
4.7902208661417323
21
-3.7249034645669292
0
LINE
8
BLACK
6
CONTINUOUS
10
4.7902208661417323
20
-3.7249034645669292
11
4.7892448425196852
21
-3.7220281102362205
0
LINE
8
BLACK
6
CONTINUOUS
10
4.7892448425196852
20
-3.7220281102362205
11
4.7892322834645666
21
-3.7216444488188976
0
LINE
8
BLACK
6
CONTINUOUS
10
4.7892322834645666
20
-3.7216444488188976
11
4.7892322834645666
21
-3.7212817322834644
0
LINE
8
BLACK
6
CONTINUOUS
10
4.7892322834645666
20
-3.7212817322834644
11
4.7900181889763775
21
-3.7183486614173229
0
LINE
8
BLACK
6
CONTINUOUS
10
4.7900181889763775
20
-3.7183486614173229
11
4.7921653543307086
21
-3.7162014960629919
0
LINE
8
BLACK
6
CONTINUOUS
10
4.7921653543307086
20
-3.7162014960629919
11
4.7950984251968505
21
-3.715415590551181
0
LINE
8
BLACK
6
CONTINUOUS
10
4.7950984251968505
20
-3.715415590551181
11
4.7980314960629924
21
-3.7162014960629919
0
LINE
8
BLACK
6
CONTINUOUS
10
4.7980314960629924
20
-3.7162014960629919
11
4.7983575196850392
21
-3.7164042519685037
0
LINE
8
BLACK
6
CONTINUOUS
10
4.7983575196850392
20
-3.7164042519685037
11
4.8014841338582679
21
-3.7184934251968502
0
LINE
8
BLACK
6
CONTINUOUS
10
4.8014841338582679
20
-3.7184934251968502
11
4.8014842125984254
21
-3.718493464566929
0
LINE
8
BLACK
6
CONTINUOUS
10
4.8014842125984254
20
-3.718493464566929
11
4.8044068110236218
21
-3.7190748031496064
0
LINE
8
BLACK
6
CONTINUOUS
10
4.8044068110236218
20
-3.7190748031496064
11
4.8060398031496065
21
-3.7190747637795276
0
LINE
8
BLACK
6
CONTINUOUS
10
4.8060398031496065
20
-3.7190747637795276
11
4.8089727559055113
21
-3.7198606299212598
0
LINE
8
BLACK
6
CONTINUOUS
10
4.8089727559055113
20
-3.7198606299212598
11
4.8111199606299211
21
-3.7220077165354328
0
LINE
8
BLACK
6
CONTINUOUS
10
4.8111199606299211
20
-3.7220077165354328
11
4.8119059448818895
21
-3.7249407874015747
0
LINE
8
BLACK
6
CONTINUOUS
10
4.8119059448818895
20
-3.7249407874015747
11
4.8111200787401573
21
-3.7278738582677167
0
LINE
8
BLACK
6
CONTINUOUS
10
4.8111200787401573
20
-3.7278738582677167
11
4.8109173228346451
21
-3.7281999212598422
0
LINE
8
BLACK
6
CONTINUOUS
10
4.8109173228346451
20
-3.7281999212598422
11
4.8093805511811025
21
-3.7304998425196851
0
LINE
8
BLACK
6
CONTINUOUS
10
4.8093805511811025
20
-3.7304998425196851
11
4.8087992125984247
21
-3.7334225196850395
0
LINE
8
BLACK
6
CONTINUOUS
10
4.8087992125984247
20
-3.7334225196850395
11
4.8087992125984247
21
-3.786577244094488
0
LINE
8
BLACK
6
CONTINUOUS
10
4.8087992125984247
20
-3.786577244094488
11
4.8093805118110238
21
-3.7894999999999999
0
LINE
8
BLACK
6
CONTINUOUS
10
4.8093805118110238
20
-3.7894999999999999
11
4.8115950787401571
21
-3.7928142913385825
0
LINE
8
BLACK
6
CONTINUOUS
10
4.8115950787401571
20
-3.7928142913385825
11
4.8115951574803146
21
-3.79281437007874
0
LINE
8
BLACK
6
CONTINUOUS
10
4.8115951574803146
20
-3.79281437007874
11
4.8149093307086615
21
-3.7950288582677163
0
LINE
8
BLACK
6
CONTINUOUS
10
4.8149093307086615
20
-3.7950288582677163
11
4.814909409448819
21
-3.7950288976377951
0
LINE
8
BLACK
6
CONTINUOUS
10
4.814909409448819
20
-3.7950288976377951
11
4.8178320078740153
21
-3.7956102362204724
0
LINE
8
BLACK
6
CONTINUOUS
10
4.8178320078740153
20
-3.7956102362204724
11
4.8473648031496062
21
-3.7956101968503937
0
LINE
8
BLACK
6
CONTINUOUS
10
4.8473648031496062
20
-3.7956101968503937
11
4.8502874409448822
21
-3.7950288976377951
0
LINE
8
BLACK
6
CONTINUOUS
10
4.8502874409448822
20
-3.7950288976377951
11
4.8536017322834644
21
-3.7928143307086613
0
LINE
8
BLACK
6
CONTINUOUS
10
4.8536017322834644
20
-3.7928143307086613
11
4.8558162992125986
21
-3.7895000393700786
0
LINE
8
BLACK
6
CONTINUOUS
10
4.8558162992125986
20
-3.7895000393700786
11
4.8563976377952756
21
-3.7865774409448818
0
LINE
8
BLACK
6
CONTINUOUS
10
4.8563976377952756
20
-3.7865774409448818
11
4.8563975984251968
21
-3.733422598425197
0
LINE
8
BLACK
6
CONTINUOUS
10
4.8563975984251968
20
-3.733422598425197
11
4.8558162992125986
21
-3.7304999606299214
0
LINE
8
BLACK
6
CONTINUOUS
10
4.8558162992125986
20
-3.7304999606299214
11
4.8539291732283463
21
-3.7276757086614172
0
LINE
8
BLACK
6
CONTINUOUS
10
4.8539291732283463
20
-3.7276757086614172
11
4.8529531102362204
21
-3.7248003543307084
0
LINE
8
BLACK
6
CONTINUOUS
10
4.8529531102362204
20
-3.7248003543307084
11
4.8535455118110233
21
-3.7218221259842519
0
LINE
8
BLACK
6
CONTINUOUS
10
4.8535455118110233
20
-3.7218221259842519
11
4.8555476377952758
21
-3.7195391338582677
0
LINE
8
BLACK
6
CONTINUOUS
10
4.8555476377952758
20
-3.7195391338582677
11
4.8576623228346456
21
-3.7186631889763779
0
LINE
8
BLACK
6
CONTINUOUS
10
4.8576623228346456
20
-3.7186631889763779
11
4.8585157874015747
21
-3.718493464566929
0
LINE
8
BLACK
6
CONTINUOUS
10
4.8585157874015747
20
-3.718493464566929
11
4.8618300787401569
21
-3.7162788976377952
0
LINE
8
BLACK
6
CONTINUOUS
10
4.8618300787401569
20
-3.7162788976377952
11
4.8640446456692912
21
-3.7129646062992125
0
LINE
8
BLACK
6
CONTINUOUS
10
4.8640446456692912
20
-3.7129646062992125
11
4.8646259842519681
21
-3.7100420078740157
0
LINE
8
BLACK
6
CONTINUOUS
10
4.8646259842519681
20
-3.7100420078740157
11
4.8646259448818894
21
-3.6686981889763777
0
LINE
8
BLACK
6
CONTINUOUS
10
4.8646259448818894
20
-3.6686981889763777
11
4.8640446456692912
21
-3.6657755511811021
0
LINE
8
BLACK
6
CONTINUOUS
10
4.8640446456692912
20
-3.6657755511811021
11
4.8618300787401569
21
-3.6624612598425195
0
LINE
8
BLACK
6
CONTINUOUS
10
4.8618300787401569
20
-3.6624612598425195
11
4.8618300000000003
21
-3.662461181102362
0
LINE
8
BLACK
6
CONTINUOUS
10
4.8618300000000003
20
-3.662461181102362
11
4.8585158267716535
21
-3.6602466929133857
0
LINE
8
BLACK
6
CONTINUOUS
10
4.8585158267716535
20
-3.6602466929133857
11
4.8555931889763775
21
-3.6596653543307087
0
LINE
8
BLACK
6
CONTINUOUS
10
4.8555931889763775
20
-3.6596653543307087
11
4.8044069685039368
21
-3.6596653543307087
0
LINE
8
BLACK
6
CONTINUOUS
10
4.8044069685039368
20
-3.6596653543307087
11
4.8014841338582679
21
-3.6602466929133857
0
LINE
8
BLACK
6
CONTINUOUS
10
4.8014841338582679
20
-3.6602466929133857
11
4.8003258661417325
21
-3.6610206299212598
0
LINE
8
BLACK
6
CONTINUOUS
10
4.8003258661417325
20
-3.6610206299212598
11
4.7974504724409446
21
-3.6619966535433068
0
LINE
8
BLACK
6
CONTINUOUS
10
4.7974504724409446
20
-3.6619966535433068
11
4.7944722834645672
21
-3.6614042125984252
0
LINE
8
BLACK
6
CONTINUOUS
10
4.7944722834645672
20
-3.6614042125984252
11
4.7921893307086609
21
-3.6594020472440945
0
LINE
8
BLACK
6
CONTINUOUS
10
4.7921893307086609
20
-3.6594020472440945
11
4.7912133070866139
21
-3.656526653543307
0
LINE
8
BLACK
6
CONTINUOUS
10
4.7912133070866139
20
-3.656526653543307
11
4.7912007480314962
21
-3.6561436614173228
0
LINE
8
BLACK
6
CONTINUOUS
10
4.7912007480314962
20
-3.6561436614173228
11
4.7912007480314962
21
-3.628422598425197
0
LINE
8
BLACK
6
CONTINUOUS
10
4.7912007480314962
20
-3.628422598425197
11
4.7906194488188971
21
-3.625499960629921
0
LINE
8
BLACK
6
CONTINUOUS
10
4.7906194488188971
20
-3.625499960629921
11
4.7884048818897638
21
-3.6221856692913383
0
LINE
8
BLACK
6
CONTINUOUS
10
4.7884048818897638
20
-3.6221856692913383
11
4.788404842519685
21
-3.6221856299212596
0
LINE
8
BLACK
6
CONTINUOUS
10
4.788404842519685
20
-3.6221856299212596
11
4.7884048031496063
21
-3.6221855905511808
0
LINE
8
BLACK
6
CONTINUOUS
10
4.7884048031496063
20
-3.6221855905511808
11
4.7850906299212594
21
-3.6199711023622045
0
LINE
8
BLACK
6
CONTINUOUS
10
4.7850906299212594
20
-3.6199711023622045
11
4.7821679921259843
21
-3.6193897637795276
0
LINE
8
BLACK
6
CONTINUOUS
10
4.7821679921259843
20
-3.6193897637795276
11
4.7526353149606297
21
-3.6193897637795276
0
LINE
8
BLACK
6
CONTINUOUS
10
4.7526353149606297
20
-3.6193897637795276
11
4.7497125590551184
21
-3.6199710629921258
0
LINE
8
BLACK
6
CONTINUOUS
10
4.7497125590551184
20
-3.6199710629921258
11
4.7463982677165353
21
-3.6221856299212596
0
LINE
8
BLACK
6
CONTINUOUS
10
4.7463982677165353
20
-3.6221856299212596
11
4.7463981889763778
21
-3.6221857086614171
0
LINE
8
BLACK
6
CONTINUOUS
10
4.7463981889763778
20
-3.6221857086614171
11
4.744183700787401
21
-3.6254998818897639
0
LINE
8
BLACK
6
CONTINUOUS
10
4.744183700787401
20
-3.6254998818897639
11
4.7436023622047241
21
-3.6284225196850395
0
LINE
8
BLACK
6
CONTINUOUS
10
4.7436023622047241
20
-3.6284225196850395
11
4.7436023622047241
21
-3.6815772440944881
0
LINE
8
BLACK
6
CONTINUOUS
10
4.668799212598425
20
-3.6815772440944881
11
4.6693805118110232
21
-3.6844999999999999
0
LINE
8
BLACK
6
CONTINUOUS
10
4.6693805118110232
20
-3.6844999999999999
11
4.6715950787401574
21
-3.6878142913385825
0
LINE
8
BLACK
6
CONTINUOUS
10
4.6715950787401574
20
-3.6878142913385825
11
4.671595157480315
21
-3.68781437007874
0
LINE
8
BLACK
6
CONTINUOUS
10
4.671595157480315
20
-3.68781437007874
11
4.6749093307086609
21
-3.6900288582677163
0
LINE
8
BLACK
6
CONTINUOUS
10
4.6749093307086609
20
-3.6900288582677163
11
4.6749094094488184
21
-3.6900288976377951
0
LINE
8
BLACK
6
CONTINUOUS
10
4.6749094094488184
20
-3.6900288976377951
11
4.6778320078740157
21
-3.6906102362204725
0
LINE
8
BLACK
6
CONTINUOUS
10
4.6778320078740157
20
-3.6906102362204725
11
4.7073648031496065
21
-3.6906101968503937
0
LINE
8
BLACK
6
CONTINUOUS
10
4.7073648031496065
20
-3.6906101968503937
11
4.7102874409448816
21
-3.6900288976377951
0
LINE
8
BLACK
6
CONTINUOUS
10
4.7102874409448816
20
-3.6900288976377951
11
4.7136017322834647
21
-3.6878143307086613
0
LINE
8
BLACK
6
CONTINUOUS
10
4.7136017322834647
20
-3.6878143307086613
11
4.715816299212598
21
-3.6845000393700786
0
LINE
8
BLACK
6
CONTINUOUS
10
4.715816299212598
20
-3.6845000393700786
11
4.7163976377952759
21
-3.6815774409448818
0
LINE
8
BLACK
6
CONTINUOUS
10
4.7163976377952759
20
-3.6815774409448818
11
4.7163975984251971
21
-3.628422598425197
0
LINE
8
BLACK
6
CONTINUOUS
10
4.7163975984251971
20
-3.628422598425197
11
4.7163975984251971
21
-3.6284225196850395
0
LINE
8
BLACK
6
CONTINUOUS
10
4.7163975984251971
20
-3.6284225196850395
11
4.715816299212598
21
-3.625499960629921
0
LINE
8
BLACK
6
CONTINUOUS
10
4.715816299212598
20
-3.625499960629921
11
4.7154177165354332
21
-3.6249034645669291
0
LINE
8
BLACK
6
CONTINUOUS
10
4.7154177165354332
20
-3.6249034645669291
11
4.7144416929133861
21
-3.6220281102362204
0
LINE
8
BLACK
6
CONTINUOUS
10
4.7144416929133861
20
-3.6220281102362204
11
4.7144291338582676
21
-3.6216444488188975
0
LINE
8
BLACK
6
CONTINUOUS
10
4.7144291338582676
20
-3.6216444488188975
11
4.7144291338582676
21
-3.4874295275590552
0
LINE
8
BLACK
6
CONTINUOUS
10
4.7144291338582676
20
-3.4874295275590552
11
4.7144291338582676
21
-3.4688739763779526
0
LINE
8
BLACK
6
CONTINUOUS
10
4.7144291338582676
20
-3.4688739763779526
11
4.7152150393700785
21
-3.4659409055118111
0
LINE
8
BLACK
6
CONTINUOUS
10
4.7152150393700785
20
-3.4659409055118111
11
4.7161472834645668
21
-3.4647259842519684
0
LINE
8
BLACK
6
CONTINUOUS
10
4.7161472834645668
20
-3.4647259842519684
11
4.7406244094488184
21
-3.4402488582677164
0
LINE
8
BLACK
6
CONTINUOUS
10
4.7406244094488184
20
-3.4402488582677164
11
4.7432541338582679
21
-3.4387305905511809
0
LINE
8
BLACK
6
CONTINUOUS
10
4.7432541338582679
20
-3.4387305905511809
11
4.744772401574803
21
-3.4385307086614172
0
LINE
8
BLACK
6
CONTINUOUS
10
4.744772401574803
20
-3.4385307086614172
11
4.7634025590551179
21
-3.4385307086614172
0
LINE
8
BLACK
6
CONTINUOUS
10
4.7634025590551179
20
-3.4385307086614172
11
4.7663356299212598
21
-3.4393166141732281
0
LINE
8
BLACK
6
CONTINUOUS
10
4.7663356299212598
20
-3.4393166141732281
11
4.7682800787401574
21
-3.4411377952755906
0
LINE
8
BLACK
6
CONTINUOUS
10
4.7682800787401574
20
-3.4411377952755906
11
4.769941141732283
21
-3.4436237401574803
0
LINE
8
BLACK
6
CONTINUOUS
10
4.769941141732283
20
-3.4436237401574803
11
4.7699412204724405
21
-3.4436238188976378
0
LINE
8
BLACK
6
CONTINUOUS
10
4.7699412204724405
20
-3.4436238188976378
11
4.7732553937007873
21
-3.4458383070866141
0
LINE
8
BLACK
6
CONTINUOUS
10
4.7732553937007873
20
-3.4458383070866141
11
4.7732554724409448
21
-3.4458383464566928
0
LINE
8
BLACK
6
CONTINUOUS
10
4.7732554724409448
20
-3.4458383464566928
11
4.7761780708661412
21
-3.4464196850393698
0
LINE
8
BLACK
6
CONTINUOUS
10
4.7761780708661412
20
-3.4464196850393698
11
4.9238218897637793
21
-3.446419645669291
0
LINE
8
BLACK
6
CONTINUOUS
10
4.9238218897637793
20
-3.446419645669291
11
4.9267445275590553
21
-3.4458383464566928
0
LINE
8
BLACK
6
CONTINUOUS
10
4.9267445275590553
20
-3.4458383464566928
11
4.9300588188976375
21
-3.443623779527559
0
LINE
8
BLACK
6
CONTINUOUS
10
4.9300588188976375
20
-3.443623779527559
11
4.9322733858267718
21
-3.4403094881889764
0
LINE
8
BLACK
6
CONTINUOUS
10
4.9322733858267718
20
-3.4403094881889764
11
4.9327045275590553
21
-3.4381418897637794
0
LINE
8
BLACK
6
CONTINUOUS
10
4.9327045275590553
20
-3.4381418897637794
11
4.9340475196850395
21
-3.4354185433070867
0
LINE
8
BLACK
6
CONTINUOUS
10
4.9340475196850395
20
-3.4354185433070867
11
4.9343092519685037
21
-3.4351390157480313
0
LINE
8
BLACK
6
CONTINUOUS
10
4.9343092519685037
20
-3.4351390157480313
11
4.9405060236220475
21
-3.4289423228346454
0
LINE
8
BLACK
6
CONTINUOUS
10
4.9405060236220475
20
-3.4289423228346454
11
4.9413871653543309
21
-3.427937598425197
0
LINE
8
BLACK
6
CONTINUOUS
10
4.9413871653543309
20
-3.427937598425197
11
4.9420854724409446
21
-3.4270275196850393
0
LINE
8
BLACK
6
CONTINUOUS
10
4.9420854724409446
20
-3.4270275196850393
11
4.9421699212598424
21
-3.4269312598425197
0
LINE
8
BLACK
6
CONTINUOUS
10
4.9421699212598424
20
-3.4269312598425197
11
4.9423194094488192
21
-3.4267226771653543
0
LINE
8
BLACK
6
CONTINUOUS
10
4.9423194094488192
20
-3.4267226771653543
11
4.942319448818898
21
-3.4267226377952755
0
LINE
8
BLACK
6
CONTINUOUS
10
4.942319448818898
20
-3.4267226377952755
11
4.9423194881889767
21
-3.4267225196850393
0
LINE
8
BLACK
6
CONTINUOUS
10
4.9423194881889767
20
-3.4267225196850393
11
4.9423195669291333
21
-3.4267224409448818
0
LINE
8
BLACK
6
CONTINUOUS
10
4.9423195669291333
20
-3.4267224409448818
11
4.9432124409448814
21
-3.4249117322834643
0
LINE
8
BLACK
6
CONTINUOUS
10
4.9432124409448814
20
-3.4249117322834643
11
4.9440825196850389
21
-3.4231474409448817
0
LINE
8
BLACK
6
CONTINUOUS
10
4.9440825196850389
20
-3.4231474409448817
11
4.9448684251968507
21
-3.4202143700787402
0
LINE
8
BLACK
6
CONTINUOUS
10
4.9448684251968507
20
-3.4202143700787402
11
4.9448684645669294
21
-3.4202139370078739
0
LINE
8
BLACK
6
CONTINUOUS
10
4.9448684645669294
20
-3.4202139370078739
11
4.9448685433070869
21
-3.4202136614173226
0
LINE
8
BLACK
6
CONTINUOUS
10
4.9448685433070869
20
-3.4202136614173226
11
4.9452164960629919
21
-3.4175704330708663
0
LINE
8
BLACK
6
CONTINUOUS
10
4.9452164960629919
20
-3.4175704330708663
11
4.9452165354330706
21
-3.417570157480315
0
LINE
8
BLACK
6
CONTINUOUS
10
4.9452165354330706
20
-3.417570157480315
11
4.9452165354330706
21
-3.360769842519685
0
LINE
8
BLACK
6
CONTINUOUS
10
4.9452165354330706
20
-3.360769842519685
11
4.9460024409448815
21
-3.3578367716535431
0
LINE
8
BLACK
6
CONTINUOUS
10
4.9460024409448815
20
-3.3578367716535431
11
4.9465544094488187
21
-3.3570407086614171
0
LINE
8
BLACK
6
CONTINUOUS
10
4.9465544094488187
20
-3.3570407086614171
11
4.948582519685039
21
-3.3545780314960627
0
LINE
8
BLACK
6
CONTINUOUS
10
4.948582519685039
20
-3.3545780314960627
11
4.9901582283464565
21
-3.3040932677165356
0
LINE
8
BLACK
6
CONTINUOUS
10
4.9901582283464565
20
-3.3040932677165356
11
5.0080615354330709
21
-3.2823535433070865
0
LINE
8
BLACK
6
CONTINUOUS
10
5.0080615354330709
20
-3.2823535433070865
11
5.0105327952755907
21
-3.2805890157480313
0
LINE
8
BLACK
6
CONTINUOUS
10
5.0105327952755907
20
-3.2805890157480313
11
5.0125898031496066
21
-3.280216535433071
0
LINE
8
BLACK
6
CONTINUOUS
10
5.0125898031496066
20
-3.280216535433071
11
5.1025696062992125
21
-3.280216535433071
0
LINE
8
BLACK
6
CONTINUOUS
10
5.1025696062992125
20
-3.280216535433071
11
5.1025701574803151
21
-3.280216535433071
0
LINE
8
BLACK
6
CONTINUOUS
10
5.1025701574803151
20
-3.280216535433071
11
5.1039036614173225
21
-3.2801291338582677
0
LINE
8
BLACK
6
CONTINUOUS
10
5.1039036614173225
20
-3.2801291338582677
11
5.1054219291338585
21
-3.2799292519685039
0
LINE
8
BLACK
6
CONTINUOUS
10
5.1054219291338585
20
-3.2799292519685039
11
5.1091966929133861
21
-3.2786479133858268
0
LINE
8
BLACK
6
CONTINUOUS
10
5.1091966929133861
20
-3.2786479133858268
11
5.1118264173228347
21
-3.2771296456692913
0
LINE
8
BLACK
6
CONTINUOUS
10
5.1118264173228347
20
-3.2771296456692913
11
5.1139423228346459
21
-3.275506023622047
0
LINE
8
BLACK
6
CONTINUOUS
10
5.1139423228346459
20
-3.275506023622047
11
5.1255060236220471
21
-3.2639423228346458
0
LINE
8
BLACK
6
CONTINUOUS
10
5.1255060236220471
20
-3.2639423228346458
11
5.1263871653543305
21
-3.2629375984251969
0
LINE
8
BLACK
6
CONTINUOUS
10
5.1263871653543305
20
-3.2629375984251969
11
5.1270854724409451
21
-3.2620275196850392
0
LINE
8
BLACK
6
CONTINUOUS
10
5.1270854724409451
20
-3.2620275196850392
11
5.1271699212598421
21
-3.2619312598425196
0
LINE
8
BLACK
6
CONTINUOUS
10
5.1271699212598421
20
-3.2619312598425196
11
5.1273194094488188
21
-3.2617226771653542
0
LINE
8
BLACK
6
CONTINUOUS
10
5.1273194094488188
20
-3.2617226771653542
11
5.1273194488188976
21
-3.2617226377952755
0
LINE
8
BLACK
6
CONTINUOUS
10
5.1273194488188976
20
-3.2617226377952755
11
5.1273194881889763
21
-3.2617225196850392
0
LINE
8
BLACK
6
CONTINUOUS
10
5.1273194881889763
20
-3.2617225196850392
11
5.1273195669291338
21
-3.2617224409448817
0
LINE
8
BLACK
6
CONTINUOUS
10
5.1273195669291338
20
-3.2617224409448817
11
5.1282124409448819
21
-3.2599117322834643
0
LINE
8
BLACK
6
CONTINUOUS
10
5.1282124409448819
20
-3.2599117322834643
11
5.1290825196850394
21
-3.2581474409448816
0
LINE
8
BLACK
6
CONTINUOUS
10
5.1290825196850394
20
-3.2581474409448816
11
5.1298684251968503
21
-3.2552143700787401
0
LINE
8
BLACK
6
CONTINUOUS
10
5.1298684251968503
20
-3.2552143700787401
11
5.129868464566929
21
-3.2552139370078739
0
LINE
8
BLACK
6
CONTINUOUS
10
5.129868464566929
20
-3.2552139370078739
11
5.1298685433070865
21
-3.2552136614173226
0
LINE
8
BLACK
6
CONTINUOUS
10
5.1298685433070865
20
-3.2552136614173226
11
5.1302164960629923
21
-3.2525704330708662
0
LINE
8
BLACK
6
CONTINUOUS
10
5.1302164960629923
20
-3.2525704330708662
11
5.1302165354330711
21
-3.252570157480315
0
LINE
8
BLACK
6
CONTINUOUS
10
5.1302165354330711
20
-3.252570157480315
11
5.1302165354330711
21
-3.1566616535433072
0
LINE
8
BLACK
6
CONTINUOUS
10
5.1302165354330711
20
-3.1566616535433072
11
5.131002440944882
21
-3.1537285826771653
0
LINE
8
BLACK
6
CONTINUOUS
10
5.131002440944882
20
-3.1537285826771653
11
5.1319346850393703
21
-3.1525136614173226
0
LINE
8
BLACK
6
CONTINUOUS
10
5.1319346850393703
20
-3.1525136614173226
11
5.1375136614173229
21
-3.14693468503937
0
LINE
8
BLACK
6
CONTINUOUS
10
5.1375136614173229
20
-3.14693468503937
11
5.1401433858267715
21
-3.1454164173228345
0
LINE
8
BLACK
6
CONTINUOUS
10
5.1401433858267715
20
-3.1454164173228345
11
5.1416616535433066
21
-3.1452165354330708
0
LINE
8
BLACK
6
CONTINUOUS
10
5.1416616535433066
20
-3.1452165354330708
11
5.227941811023622
21
-3.1452165354330708
0
LINE
8
BLACK
6
CONTINUOUS
10
5.227941811023622
20
-3.1452165354330708
11
5.227942283464567
21
-3.1452165354330708
0
LINE
8
BLACK
6
CONTINUOUS
10
5.227942283464567
20
-3.1452165354330708
11
5.2287137795275589
21
-3.1451873622047244
0
LINE
8
BLACK
6
CONTINUOUS
10
5.2287137795275589
20
-3.1451873622047244
11
5.229597047244094
21
-3.1451204724409449
0
LINE
8
BLACK
6
CONTINUOUS
10
5.229597047244094
20
-3.1451204724409449
11
5.2329255118110236
21
-3.1442908661417324
0
LINE
8
BLACK
6
CONTINUOUS
10
5.2329255118110236
20
-3.1442908661417324
11
5.235706811023622
21
-3.143072283464567
0
LINE
8
BLACK
6
CONTINUOUS
10
5.235706811023622
20
-3.143072283464567
11
5.2379890551181099
21
-3.1416922834645669
0
LINE
8
BLACK
6
CONTINUOUS
10
5.2379890551181099
20
-3.1416922834645669
11
5.2591806299212598
21
-3.1247390157480313
0
LINE
8
BLACK
6
CONTINUOUS
10
5.2591806299212598
20
-3.1247390157480313
11
5.2605474015748026
21
-3.123419409448819
0
LINE
8
BLACK
6
CONTINUOUS
10
5.2605474015748026
20
-3.123419409448819
11
5.261963070866142
21
-3.1217718110236219
0
LINE
8
BLACK
6
CONTINUOUS
10
5.261963070866142
20
-3.1217718110236219
11
5.2623194488188973
21
-3.1213330708661418
0
LINE
8
BLACK
6
CONTINUOUS
10
5.2623194488188973
20
-3.1213330708661418
11
5.2640825196850392
21
-3.1177578740157479
0
LINE
8
BLACK
6
CONTINUOUS
10
5.2640825196850392
20
-3.1177578740157479
11
5.2648684251968501
21
-3.1148248031496064
0
LINE
8
BLACK
6
CONTINUOUS
10
5.2648684251968501
20
-3.1148248031496064
11
5.2648684645669288
21
-3.1148243700787401
0
LINE
8
BLACK
6
CONTINUOUS
10
5.2648684645669288
20
-3.1148243700787401
11
5.2648685433070863
21
-3.1148240944881889
0
LINE
8
BLACK
6
CONTINUOUS
10
5.2648685433070863
20
-3.1148240944881889
11
5.2652164960629921
21
-3.1121808661417321
0
LINE
8
BLACK
6
CONTINUOUS
10
5.2652164960629921
20
-3.1121808661417321
11
5.2652165354330709
21
-3.1121805905511812
0
LINE
8
BLACK
6
CONTINUOUS
10
5.2652165354330709
20
-3.1121805905511812
11
5.2652165354330709
21
-3.1121148425196852
0
LINE
8
BLACK
6
CONTINUOUS
10
5.2652165354330709
20
-3.1121148425196852
11
5.2652229527559058
21
-3.1120825196850395
0
LINE
8
BLACK
6
CONTINUOUS
10
5.2652229527559058
20
-3.1120825196850395
11
5.2652290944881885
21
-3.1119889763779525
0
LINE
8
BLACK
6
CONTINUOUS
10
5.2652290944881885
20
-3.1119889763779525
11
5.2652413779527558
21
-3.1119897637795275
0
LINE
8
BLACK
6
CONTINUOUS
10
5.2652413779527558
20
-3.1119897637795275
11
5.2656630708661414
21
-3.1098699212598424
0
LINE
8
BLACK
6
CONTINUOUS
10
5.2656630708661414
20
-3.1098699212598424
11
5.2658161417322837
21
-3.1095001968503935
0
LINE
8
BLACK
6
CONTINUOUS
10
5.2658161417322837
20
-3.1095001968503935
11
5.2658162992125979
21
-3.1095000393700785
0
LINE
8
BLACK
6
CONTINUOUS
10
5.2658162992125979
20
-3.1095000393700785
11
5.2663976377952757
21
-3.1065774409448816
0
LINE
8
BLACK
6
CONTINUOUS
10
5.2663976377952757
20
-3.1065774409448816
11
5.2663975984251969
21
-3.0534225984251968
0
LINE
8
BLACK
6
CONTINUOUS
10
5.2663975984251969
20
-3.0534225984251968
11
5.2663975984251969
21
-3.0534225196850393
0
LINE
8
BLACK
6
CONTINUOUS
10
5.2663975984251969
20
-3.0534225196850393
11
5.2658162992125979
21
-3.0504999606299212
0
LINE
8
BLACK
6
CONTINUOUS
10
5.2658162992125979
20
-3.0504999606299212
11
5.2650783070866138
21
-3.0493955511811022
0
LINE
8
BLACK
6
CONTINUOUS
10
5.2650783070866138
20
-3.0493955511811022
11
5.2644010629921256
21
-3.0480221259842519
0
LINE
8
BLACK
6
CONTINUOUS
10
5.2644010629921256
20
-3.0480221259842519
11
5.2636479133858263
21
-3.0458033464566929
0
LINE
8
BLACK
6
CONTINUOUS
10
5.2636479133858263
20
-3.0458033464566929
11
5.2636479133858263
21
-3.0458033070866142
0
LINE
8
BLACK
6
CONTINUOUS
10
5.2636479133858263
20
-3.0458033070866142
11
5.2621296456692912
21
-3.0431735826771651
0
LINE
8
BLACK
6
CONTINUOUS
10
5.2621296456692912
20
-3.0431735826771651
11
5.2605060236220469
21
-3.0410576771653544
0
LINE
8
BLACK
6
CONTINUOUS
10
5.2605060236220469
20
-3.0410576771653544
11
5.2439423228346458
21
-3.0244939763779528
0
LINE
8
BLACK
6
CONTINUOUS
10
5.2439423228346458
20
-3.0244939763779528
11
5.2429375984251969
21
-3.0236128346456694
0
LINE
8
BLACK
6
CONTINUOUS
10
5.2429375984251969
20
-3.0236128346456694
11
5.2429373622047244
21
-3.0236126377952757
0
LINE
8
BLACK
6
CONTINUOUS
10
5.2429373622047244
20
-3.0236126377952757
11
5.2429371653543306
21
-3.0236124803149607
0
LINE
8
BLACK
6
CONTINUOUS
10
5.2429371653543306
20
-3.0236124803149607
11
5.2420275196850392
21
-3.0229144488188977
0
LINE
8
BLACK
6
CONTINUOUS
10
5.2420275196850392
20
-3.0229144488188977
11
5.2419313779527554
21
-3.0228301181102362
0
LINE
8
BLACK
6
CONTINUOUS
10
5.2419313779527554
20
-3.0228301181102362
11
5.2417224409448817
21
-3.0226803937007873
0
LINE
8
BLACK
6
CONTINUOUS
10
5.2417224409448817
20
-3.0226803937007873
11
5.2381475590551183
21
-3.0209175196850393
0
LINE
8
BLACK
6
CONTINUOUS
10
5.2381475590551183
20
-3.0209175196850393
11
5.2381471653543308
21
-3.0209173622047243
0
LINE
8
BLACK
6
CONTINUOUS
10
5.2381471653543308
20
-3.0209173622047243
11
5.2352145669291339
21
-3.0201316141732284
0
LINE
8
BLACK
6
CONTINUOUS
10
5.2352145669291339
20
-3.0201316141732284
11
5.2352136614173226
21
-3.0201314173228346
0
LINE
8
BLACK
6
CONTINUOUS
10
5.2352136614173226
20
-3.0201314173228346
11
5.2325704330708662
21
-3.0197834645669293
0
LINE
8
BLACK
6
CONTINUOUS
10
5.2325704330708662
20
-3.0197834645669293
11
5.232570157480315
21
-3.0197834645669293
0
LINE
8
BLACK
6
CONTINUOUS
10
5.232570157480315
20
-3.0197834645669293
11
5.0725949999999997
21
-3.0197834645669293
0
LINE
8
BLACK
6
CONTINUOUS
10
5.0725949999999997
20
-3.0197834645669293
11
5.071747401574803
21
-3.0198491338582678
0
LINE
8
BLACK
6
CONTINUOUS
10
5.071747401574803
20
-3.0198491338582678
11
5.0710207086614174
21
-3.0199054330708659
0
LINE
8
BLACK
6
CONTINUOUS
10
5.0710207086614174
20
-3.0199054330708659
11
5.0692347244094487
21
-3.0201839370078738
0
LINE
8
BLACK
6
CONTINUOUS
10
5.0692347244094487
20
-3.0201839370078738
11
5.0689950393700789
21
-3.0202242913385824
0
LINE
8
BLACK
6
CONTINUOUS
10
5.0689950393700789
20
-3.0202242913385824
11
5.0652855118110232
21
-3.0216837401574801
0
LINE
8
BLACK
6
CONTINUOUS
10
5.0652855118110232
20
-3.0216837401574801
11
5.0652853543307081
21
-3.0216838188976376
0
LINE
8
BLACK
6
CONTINUOUS
10
5.0652853543307081
20
-3.0216838188976376
11
5.0627314960629919
21
-3.0233250393700786
0
LINE
8
BLACK
6
CONTINUOUS
10
5.0627314960629919
20
-3.0233250393700786
11
5.0627309448818894
21
-3.0233254330708661
0
LINE
8
BLACK
6
CONTINUOUS
10
5.0627309448818894
20
-3.0233254330708661
11
5.0606950787401574
21
-3.0250474803149605
0
LINE
8
BLACK
6
CONTINUOUS
10
5.0606950787401574
20
-3.0250474803149605
11
5.0606945669291337
21
-3.0250479921259843
0
LINE
8
BLACK
6
CONTINUOUS
10
5.0606945669291337
20
-3.0250479921259843
11
5.0139660236220474
21
-3.0764493700787403
0
LINE
8
BLACK
6
CONTINUOUS
10
5.0139660236220474
20
-3.0764493700787403
11
5.0132741338582676
21
-3.0772975196850392
0
LINE
8
BLACK
6
CONTINUOUS
10
5.0132741338582676
20
-3.0772975196850392
11
5.0132740944881888
21
-3.0772975984251967
0
LINE
8
BLACK
6
CONTINUOUS
10
5.0132740944881888
20
-3.0772975984251967
11
5.0125351574803148
21
-3.0783095275590551
0
LINE
8
BLACK
6
CONTINUOUS
10
5.0125351574803148
20
-3.0783095275590551
11
5.0109175196850391
21
-3.0816905118110234
0
LINE
8
BLACK
6
CONTINUOUS
10
5.0109175196850391
20
-3.0816905118110234
11
5.0109174803149603
21
-3.0816905511811021
0
LINE
8
BLACK
6
CONTINUOUS
10
5.0109174803149603
20
-3.0816905511811021
11
5.0101315354330707
21
-3.0846237401574803
0
LINE
8
BLACK
6
CONTINUOUS
10
5.0101315354330707
20
-3.0846237401574803
11
5.0101314173228344
21
-3.0846243307086612
0
LINE
8
BLACK
6
CONTINUOUS
10
5.0101314173228344
20
-3.0846243307086612
11
5.0097834645669286
21
-3.087267559055118
0
LINE
8
BLACK
6
CONTINUOUS
10
5.0097834645669286
20
-3.087267559055118
11
5.0097834645669286
21
-3.1433383464566926
0
LINE
8
BLACK
6
CONTINUOUS
10
5.0097834645669286
20
-3.1433383464566926
11
5.0089975590551177
21
-3.1462714173228346
0
LINE
8
BLACK
6
CONTINUOUS
10
5.0089975590551177
20
-3.1462714173228346
11
5.0080653149606302
21
-3.1474863385826772
0
LINE
8
BLACK
6
CONTINUOUS
10
5.0080653149606302
20
-3.1474863385826772
11
4.9574863385826768
21
-3.1980653149606297
0
LINE
8
BLACK
6
CONTINUOUS
10
4.9574863385826768
20
-3.1980653149606297
11
4.9548566141732282
21
-3.1995835826771652
0
LINE
8
BLACK
6
CONTINUOUS
10
4.9548566141732282
20
-3.1995835826771652
11
4.9533383464566931
21
-3.199783464566929
0
LINE
8
BLACK
6
CONTINUOUS
10
4.9533383464566931
20
-3.199783464566929
11
4.9024294488188973
21
-3.199783464566929
0
LINE
8
BLACK
6
CONTINUOUS
10
4.9024294488188973
20
-3.199783464566929
11
4.9010963385826773
21
-3.1998708267716536
0
LINE
8
BLACK
6
CONTINUOUS
10
4.9010963385826773
20
-3.1998708267716536
11
4.8995781102362201
21
-3.2000707086614173
0
LINE
8
BLACK
6
CONTINUOUS
10
4.8995781102362201
20
-3.2000707086614173
11
4.8958033070866138
21
-3.2013520866141731
0
LINE
8
BLACK
6
CONTINUOUS
10
4.8958033070866138
20
-3.2013520866141731
11
4.8931738188976377
21
-3.2028701968503936
0
LINE
8
BLACK
6
CONTINUOUS
10
4.8931738188976377
20
-3.2028701968503936
11
4.8931735433070864
21
-3.2028703937007874
0
LINE
8
BLACK
6
CONTINUOUS
10
4.8931735433070864
20
-3.2028703937007874
11
4.8910577165354328
21
-3.204493897637795
0
LINE
8
BLACK
6
CONTINUOUS
10
4.8910577165354328
20
-3.204493897637795
11
4.8844938582677164
21
-3.2110577559055118
0
LINE
8
BLACK
6
CONTINUOUS
10
4.8844938582677164
20
-3.2110577559055118
11
4.8836128740157481
21
-3.2120623622047244
0
LINE
8
BLACK
6
CONTINUOUS
10
4.8836128740157481
20
-3.2120623622047244
11
4.8829144094488184
21
-3.2129725590551179
0
LINE
8
BLACK
6
CONTINUOUS
10
4.8829144094488184
20
-3.2129725590551179
11
4.8828299606299215
21
-3.2130688188976375
0
LINE
8
BLACK
6
CONTINUOUS
10
4.8828299606299215
20
-3.2130688188976375
11
4.8826803937007872
21
-3.2132775196850392
0
LINE
8
BLACK
6
CONTINUOUS
10
4.8826803937007872
20
-3.2132775196850392
11
4.8809175196850392
21
-3.216852401574803
0
LINE
8
BLACK
6
CONTINUOUS
10
4.8809175196850392
20
-3.216852401574803
11
4.8809173622047242
21
-3.2168527952755905
0
LINE
8
BLACK
6
CONTINUOUS
10
4.8809173622047242
20
-3.2168527952755905
11
4.8801316141732283
21
-3.2197853937007874
0
LINE
8
BLACK
6
CONTINUOUS
10
4.8801316141732283
20
-3.2197853937007874
11
4.8801314173228345
21
-3.2197862992125983
0
LINE
8
BLACK
6
CONTINUOUS
10
4.8801314173228345
20
-3.2197862992125983
11
4.8797834645669287
21
-3.2224295275590551
0
LINE
8
BLACK
6
CONTINUOUS
10
4.8797834645669287
20
-3.2224295275590551
11
4.8797834645669287
21
-3.2347620866141731
0
LINE
8
BLACK
6
CONTINUOUS
10
4.8797834645669287
20
-3.2347620866141731
11
4.8796707480314963
21
-3.235906496062992
0
LINE
8
BLACK
6
CONTINUOUS
10
4.8796707480314963
20
-3.235906496062992
11
4.8793503937007872
21
-3.2375170078740156
0
LINE
8
BLACK
6
CONTINUOUS
10
4.8793503937007872
20
-3.2375170078740156
11
4.8793503937007872
21
-3.3024828740157481
0
LINE
8
BLACK
6
CONTINUOUS
10
4.8793503937007872
20
-3.3024828740157481
11
4.8795447637795277
21
-3.3034600787401573
0
LINE
8
BLACK
6
CONTINUOUS
10
4.8795447637795277
20
-3.3034600787401573
11
4.8796707480314963
21
-3.3040934645669289
0
LINE
8
BLACK
6
CONTINUOUS
10
4.8796707480314963
20
-3.3040934645669289
11
4.8797834645669287
21
-3.3052376771653544
0
LINE
8
BLACK
6
CONTINUOUS
10
4.8797834645669287
20
-3.3052376771653544
11
4.8797834645669287
21
-3.3083383464566927
0
LINE
8
BLACK
6
CONTINUOUS
10
4.8797834645669287
20
-3.3083383464566927
11
4.8789975590551178
21
-3.3112714173228346
0
LINE
8
BLACK
6
CONTINUOUS
10
4.8789975590551178
20
-3.3112714173228346
11
4.8780653149606295
21
-3.3124863385826773
0
LINE
8
BLACK
6
CONTINUOUS
10
4.8780653149606295
20
-3.3124863385826773
11
4.8724863385826769
21
-3.3180653149606298
0
LINE
8
BLACK
6
CONTINUOUS
10
4.8724863385826769
20
-3.3180653149606298
11
4.8698566141732282
21
-3.3195835826771654
0
LINE
8
BLACK
6
CONTINUOUS
10
4.8698566141732282
20
-3.3195835826771654
11
4.8683383464566932
21
-3.3197834645669291
0
LINE
8
BLACK
6
CONTINUOUS
10
4.8683383464566932
20
-3.3197834645669291
11
4.7924294488188979
21
-3.3197834645669291
0
LINE
8
BLACK
6
CONTINUOUS
10
4.7924294488188979
20
-3.3197834645669291
11
4.791096338582677
21
-3.3198708267716537
0
LINE
8
BLACK
6
CONTINUOUS
10
4.791096338582677
20
-3.3198708267716537
11
4.7895781102362207
21
-3.3200707086614174
0
LINE
8
BLACK
6
CONTINUOUS
10
4.7895781102362207
20
-3.3200707086614174
11
4.7858033070866144
21
-3.3213520866141732
0
LINE
8
BLACK
6
CONTINUOUS
10
4.7858033070866144
20
-3.3213520866141732
11
4.7831738188976374
21
-3.3228701968503938
0
LINE
8
BLACK
6
CONTINUOUS
10
4.7831738188976374
20
-3.3228701968503938
11
4.7831735433070861
21
-3.3228703937007875
0
LINE
8
BLACK
6
CONTINUOUS
10
4.7831735433070861
20
-3.3228703937007875
11
4.7810577165354333
21
-3.3244938976377951
0
LINE
8
BLACK
6
CONTINUOUS
10
4.7810577165354333
20
-3.3244938976377951
11
4.7644938582677163
21
-3.3410577559055117
0
LINE
8
BLACK
6
CONTINUOUS
10
4.7644938582677163
20
-3.3410577559055117
11
4.763612874015748
21
-3.3420623622047243
0
LINE
8
BLACK
6
CONTINUOUS
10
4.763612874015748
20
-3.3420623622047243
11
4.7629144094488192
21
-3.3429725590551183
0
LINE
8
BLACK
6
CONTINUOUS
10
4.7629144094488192
20
-3.3429725590551183
11
4.7628299606299214
21
-3.3430688188976379
0
LINE
8
BLACK
6
CONTINUOUS
10
4.7628299606299214
20
-3.3430688188976379
11
4.7626803937007871
21
-3.3432775196850395
0
LINE
8
BLACK
6
CONTINUOUS
10
4.7626803937007871
20
-3.3432775196850395
11
4.7609175196850391
21
-3.3468524015748029
0
LINE
8
BLACK
6
CONTINUOUS
10
4.7609175196850391
20
-3.3468524015748029
11
4.7609173622047241
21
-3.3468527952755904
0
LINE
8
BLACK
6
CONTINUOUS
10
4.7609173622047241
20
-3.3468527952755904
11
4.7601316141732282
21
-3.3497853937007873
0
LINE
8
BLACK
6
CONTINUOUS
10
4.7601316141732282
20
-3.3497853937007873
11
4.7601314173228344
21
-3.3497862992125982
0
LINE
8
BLACK
6
CONTINUOUS
10
4.7601314173228344
20
-3.3497862992125982
11
4.7597834645669295
21
-3.352429527559055
0
LINE
8
BLACK
6
CONTINUOUS
10
4.7597834645669295
20
-3.352429527559055
11
4.7597834645669295
21
-3.3890031496062991
0
LINE
8
BLACK
6
CONTINUOUS
10
4.7597834645669295
20
-3.3890031496062991
11
4.7589975590551177
21
-3.391936220472441
0
LINE
8
BLACK
6
CONTINUOUS
10
4.7589975590551177
20
-3.391936220472441
11
4.7568503937007875
21
-3.3940833858267716
0
LINE
8
BLACK
6
CONTINUOUS
10
4.7568503937007875
20
-3.3940833858267716
11
4.7539173228346456
21
-3.3948692913385825
0
LINE
8
BLACK
6
CONTINUOUS
10
4.7539173228346456
20
-3.3948692913385825
11
4.7361740944881889
21
-3.3948692913385825
0
LINE
8
BLACK
6
CONTINUOUS
10
4.7361740944881889
20
-3.3948692913385825
11
4.7304259055118107
21
-3.3948692913385825
0
LINE
8
BLACK
6
CONTINUOUS
10
4.7304259055118107
20
-3.3948692913385825
11
4.7261571259842521
21
-3.3960131102362205
0
LINE
8
BLACK
6
CONTINUOUS
10
4.7261571259842521
20
-3.3960131102362205
11
4.7257501968503934
21
-3.396122125984252
0
LINE
8
BLACK
6
CONTINUOUS
10
4.7257501968503934
20
-3.396122125984252
11
4.7248736614173223
21
-3.396356968503937
0
LINE
8
BLACK
6
CONTINUOUS
10
4.7248736614173223
20
-3.396356968503937
11
4.7198955905511806
21
-3.3992310629921261
0
LINE
8
BLACK
6
CONTINUOUS
10
4.7198955905511806
20
-3.3992310629921261
11
4.6751294881889764
21
-3.4439971653543306
0
LINE
8
BLACK
6
CONTINUOUS
10
4.6751294881889764
20
-3.4439971653543306
11
4.6722554330708661
21
-3.4489751968503937
0
LINE
8
BLACK
6
CONTINUOUS
10
4.6722554330708661
20
-3.4489751968503937
11
4.6707677165354333
21
-3.4545273622047241
0
LINE
8
BLACK
6
CONTINUOUS
10
4.6707677165354333
20
-3.4545273622047241
11
4.6707677165354333
21
-3.6216444488188975
0
LINE
8
BLACK
6
CONTINUOUS
10
4.6707677165354333
20
-3.6216444488188975
11
4.6699818110236215
21
-3.6245775196850394
0
LINE
8
BLACK
6
CONTINUOUS
10
4.6699818110236215
20
-3.6245775196850394
11
4.669779094488189
21
-3.6249035039370079
0
LINE
8
BLACK
6
CONTINUOUS
10
4.669779094488189
20
-3.6249035039370079
11
4.669380551181102
21
-3.6254998818897639
0
LINE
8
BLACK
6
CONTINUOUS
10
4.669380551181102
20
-3.6254998818897639
11
4.6693805118110232
21
-3.6255000393700785
0
LINE
8
BLACK
6
CONTINUOUS
10
4.6693805118110232
20
-3.6255000393700785
11
4.668799212598425
21
-3.6284225196850395
0
LINE
8
BLACK
6
CONTINUOUS
10
4.668799212598425
20
-3.6284225196850395
11
4.668799212598425
21
-3.6815772440944881
0
LINE
8
BLACK
6
CONTINUOUS
10
4.7647834645669294
20
-3.4874298425196848
11
4.7647834645669294
21
-3.5332238976377952
0
LINE
8
BLACK
6
CONTINUOUS
10
4.7647834645669294
20
-3.5332238976377952
11
4.7647875196850391
21
-3.533476377952756
0
LINE
8
BLACK
6
CONTINUOUS
10
4.7647875196850391
20
-3.533476377952756
11
4.7647887795275592
21
-3.5335533070866143
0
LINE
8
BLACK
6
CONTINUOUS
10
4.7647887795275592
20
-3.5335533070866143
11
4.7648009448818893
21
-3.5339304724409448
0
LINE
8
BLACK
6
CONTINUOUS
10
4.7648009448818893
20
-3.5339304724409448
11
4.7653344488188978
21
-3.5368755905511811
0
LINE
8
BLACK
6
CONTINUOUS
10
4.7653344488188978
20
-3.5368755905511811
11
4.7663074409448818
21
-3.5397516535433069
0
LINE
8
BLACK
6
CONTINUOUS
10
4.7663074409448818
20
-3.5397516535433069
11
4.7663074409448818
21
-3.5397516929133857
0
LINE
8
BLACK
6
CONTINUOUS
10
4.7663074409448818
20
-3.5397516929133857
11
4.7674845275590547
21
-3.5421448818897638
0
LINE
8
BLACK
6
CONTINUOUS
10
4.7674845275590547
20
-3.5421448818897638
11
4.767484803149606
21
-3.5421453937007872
0
LINE
8
BLACK
6
CONTINUOUS
10
4.767484803149606
20
-3.5421453937007872
11
4.7747575984251966
21
-3.5530545669291338
0
LINE
8
BLACK
6
CONTINUOUS
10
4.7747575984251966
20
-3.5530545669291338
11
4.7747581889763779
21
-3.5530553543307084
0
LINE
8
BLACK
6
CONTINUOUS
10
4.7747581889763779
20
-3.5530553543307084
11
4.7762703543307081
21
-3.5548404330708663
0
LINE
8
BLACK
6
CONTINUOUS
10
4.7762703543307081
20
-3.5548404330708663
11
4.7762706299212594
21
-3.5548407480314959
0
LINE
8
BLACK
6
CONTINUOUS
10
4.7762706299212594
20
-3.5548407480314959
11
4.777994015748031
21
-3.5564565748031494
0
LINE
8
BLACK
6
CONTINUOUS
10
4.777994015748031
20
-3.5564565748031494
11
4.778218582677165
21
-3.5566671653543307
0
LINE
8
BLACK
6
CONTINUOUS
10
4.778218582677165
20
-3.5566671653543307
11
4.7784581889763782
21
-3.5568705511811021
0
LINE
8
BLACK
6
CONTINUOUS
10
4.7784581889763782
20
-3.5568705511811021
11
4.7789869685039372
21
-3.5573194488188977
0
LINE
8
BLACK
6
CONTINUOUS
10
4.7789869685039372
20
-3.5573194488188977
11
4.778987165354331
21
-3.5573195275590552
0
LINE
8
BLACK
6
CONTINUOUS
10
4.778987165354331
20
-3.5573195275590552
11
4.7789872047244097
21
-3.557319566929134
0
LINE
8
BLACK
6
CONTINUOUS
10
4.7789872047244097
20
-3.557319566929134
11
4.7825620078740156
21
-3.5590824803149603
0
LINE
8
BLACK
6
CONTINUOUS
10
4.7825620078740156
20
-3.5590824803149603
11
4.7825624015748032
21
-3.5590825984251966
0
LINE
8
BLACK
6
CONTINUOUS
10
4.7825624015748032
20
-3.5590825984251966
11
4.7840287007874016
21
-3.559475472440945
0
LINE
8
BLACK
6
CONTINUOUS
10
4.7840287007874016
20
-3.559475472440945
11
4.7854952362204726
21
-3.5598684251968504
0
LINE
8
BLACK
6
CONTINUOUS
10
4.7854952362204726
20
-3.5598684251968504
11
4.7854955511811026
21
-3.5598684645669292
0
LINE
8
BLACK
6
CONTINUOUS
10
4.7854955511811026
20
-3.5598684645669292
11
4.7854959055118105
21
-3.5598685433070867
0
LINE
8
BLACK
6
CONTINUOUS
10
4.7854959055118105
20
-3.5598685433070867
11
4.7881283858267718
21
-3.5602150787401574
0
LINE
8
BLACK
6
CONTINUOUS
10
4.7881283858267718
20
-3.5602150787401574
11
4.7881394488188977
21
-3.5602165354330708
0
LINE
8
BLACK
6
CONTINUOUS
10
4.7881394488188977
20
-3.5602165354330708
11
4.8133383464566926
21
-3.5602165354330708
0
LINE
8
BLACK
6
CONTINUOUS
10
4.8133383464566926
20
-3.5602165354330708
11
4.8162714173228345
21
-3.5610024409448817
0
LINE
8
BLACK
6
CONTINUOUS
10
4.8162714173228345
20
-3.5610024409448817
11
4.8174863385826772
21
-3.5619346850393701
0
LINE
8
BLACK
6
CONTINUOUS
10
4.8174863385826772
20
-3.5619346850393701
11
4.8360576771653543
21
-3.5805060236220472
0
LINE
8
BLACK
6
CONTINUOUS
10
4.8360576771653543
20
-3.5805060236220472
11
4.8370624015748032
21
-3.5813871653543305
0
LINE
8
BLACK
6
CONTINUOUS
10
4.8370624015748032
20
-3.5813871653543305
11
4.8377885039370074
21
-3.5819443307086614
0
LINE
8
BLACK
6
CONTINUOUS
10
4.8377885039370074
20
-3.5819443307086614
11
4.8379724409448821
21
-3.5820854724409448
0
LINE
8
BLACK
6
CONTINUOUS
10
4.8379724409448821
20
-3.5820854724409448
11
4.8380688188976375
21
-3.5821700000000001
0
LINE
8
BLACK
6
CONTINUOUS
10
4.8380688188976375
20
-3.5821700000000001
11
4.8382775196850396
21
-3.5823195669291339
0
LINE
8
BLACK
6
CONTINUOUS
10
4.8382775196850396
20
-3.5823195669291339
11
4.8417593700787398
21
-3.5840365748031497
0
LINE
8
BLACK
6
CONTINUOUS
10
4.8417593700787398
20
-3.5840365748031497
11
4.841852559055118
21
-3.5840825196850394
0
LINE
8
BLACK
6
CONTINUOUS
10
4.841852559055118
20
-3.5840825196850394
11
4.8418526771653543
21
-3.5840825196850394
0
LINE
8
BLACK
6
CONTINUOUS
10
4.8418526771653543
20
-3.5840825196850394
11
4.8418527952755905
21
-3.5840825984251969
0
LINE
8
BLACK
6
CONTINUOUS
10
4.8418527952755905
20
-3.5840825984251969
11
4.843319094488189
21
-3.5844754724409449
0
LINE
8
BLACK
6
CONTINUOUS
10
4.843319094488189
20
-3.5844754724409449
11
4.8447856299212599
21
-3.5848684251968503
0
LINE
8
BLACK
6
CONTINUOUS
10
4.8447856299212599
20
-3.5848684251968503
11
4.84478594488189
21
-3.5848684645669291
0
LINE
8
BLACK
6
CONTINUOUS
10
4.84478594488189
20
-3.5848684645669291
11
4.8447862992125987
21
-3.5848685433070866
0
LINE
8
BLACK
6
CONTINUOUS
10
4.8447862992125987
20
-3.5848685433070866
11
4.8474295275590551
21
-3.585216496062992
0
LINE
8
BLACK
6
CONTINUOUS
10
4.8474295275590551
20
-3.585216496062992
11
4.8474298425196851
21
-3.5852165354330707
0
LINE
8
BLACK
6
CONTINUOUS
10
4.8474298425196851
20
-3.5852165354330707
11
4.8627022047244095
21
-3.5852165354330707
0
LINE
8
BLACK
6
CONTINUOUS
10
4.8627022047244095
20
-3.5852165354330707
11
4.8656352755905514
21
-3.5860024409448816
0
LINE
8
BLACK
6
CONTINUOUS
10
4.8656352755905514
20
-3.5860024409448816
11
4.8671168503937006
21
-3.5872197637795273
0
LINE
8
BLACK
6
CONTINUOUS
10
4.8671168503937006
20
-3.5872197637795273
11
4.8922691732283461
21
-3.6159651968503934
0
LINE
8
BLACK
6
CONTINUOUS
10
4.8922691732283461
20
-3.6159651968503934
11
4.893332047244094
21
-3.6171798818897636
0
LINE
8
BLACK
6
CONTINUOUS
10
4.893332047244094
20
-3.6171798818897636
11
4.894672007874016
21
-3.6199047637795276
0
LINE
8
BLACK
6
CONTINUOUS
10
4.894672007874016
20
-3.6199047637795276
11
4.8947834645669293
21
-3.6210427559055116
0
LINE
8
BLACK
6
CONTINUOUS
10
4.8947834645669293
20
-3.6210427559055116
11
4.8947834645669293
21
-3.6271805905511809
0
LINE
8
BLACK
6
CONTINUOUS
10
4.8947834645669293
20
-3.6271805905511809
11
4.8949601181102365
21
-3.6290722047244093
0
LINE
8
BLACK
6
CONTINUOUS
10
4.8949601181102365
20
-3.6290722047244093
11
4.8953623228346457
21
-3.631206929133858
0
LINE
8
BLACK
6
CONTINUOUS
10
4.8953623228346457
20
-3.631206929133858
11
4.8953624803149607
21
-3.6312076377952756
0
LINE
8
BLACK
6
CONTINUOUS
10
4.8953624803149607
20
-3.6312076377952756
11
4.8953625590551182
21
-3.6312080708661418
0
LINE
8
BLACK
6
CONTINUOUS
10
4.8953625590551182
20
-3.6312080708661418
11
4.8954822440944881
21
-3.6317591732283465
0
LINE
8
BLACK
6
CONTINUOUS
10
4.8954822440944881
20
-3.6317591732283465
11
4.8954822834645668
21
-3.631759251968504
0
LINE
8
BLACK
6
CONTINUOUS
10
4.8954822834645668
20
-3.631759251968504
11
4.8971726771653543
21
-3.6353694094488187
0
LINE
8
BLACK
6
CONTINUOUS
10
4.8971726771653543
20
-3.6353694094488187
11
4.8971727165354331
21
-3.6353694881889762
0
LINE
8
BLACK
6
CONTINUOUS
10
4.8971727165354331
20
-3.6353694881889762
11
4.8971727559055118
21
-3.635369527559055
0
LINE
8
BLACK
6
CONTINUOUS
10
4.8971727559055118
20
-3.635369527559055
11
4.8971727952755906
21
-3.6353695669291337
0
LINE
8
BLACK
6
CONTINUOUS
10
4.8971727952755906
20
-3.6353695669291337
11
4.8989718897637795
21
-3.6378151968503936
0
LINE
8
BLACK
6
CONTINUOUS
10
4.8989718897637795
20
-3.6378151968503936
11
4.8989720472440945
21
-3.6378153543307086
0
LINE
8
BLACK
6
CONTINUOUS
10
4.8989720472440945
20
-3.6378153543307086
11
4.9008193700787404
21
-3.6397390157480314
0
LINE
8
BLACK
6
CONTINUOUS
10
4.9008193700787404
20
-3.6397390157480314
11
4.9220109448818894
21
-3.656692283464567
0
LINE
8
BLACK
6
CONTINUOUS
10
4.9220109448818894
20
-3.656692283464567
11
4.9221979921259837
21
-3.6568306692913386
0
LINE
8
BLACK
6
CONTINUOUS
10
4.9221979921259837
20
-3.6568306692913386
11
4.9226308661417324
21
-3.6571509842519685
0
LINE
8
BLACK
6
CONTINUOUS
10
4.9226308661417324
20
-3.6571509842519685
11
4.9226313385826774
21
-3.6571512992125985
0
LINE
8
BLACK
6
CONTINUOUS
10
4.9226313385826774
20
-3.6571512992125985
11
4.923362834645669
21
-3.6576508661417324
0
LINE
8
BLACK
6
CONTINUOUS
10
4.923362834645669
20
-3.6576508661417324
11
4.926480433070866
21
-3.6590825196850392
0
LINE
8
BLACK
6
CONTINUOUS
10
4.926480433070866
20
-3.6590825196850392
11
4.9264806299212598
21
-3.6590825590551179
0
LINE
8
BLACK
6
CONTINUOUS
10
4.9264806299212598
20
-3.6590825590551179
11
4.9264807874015748
21
-3.6590826377952754
0
LINE
8
BLACK
6
CONTINUOUS
10
4.9264807874015748
20
-3.6590826377952754
11
4.928240275590551
21
-3.65955405511811
0
LINE
8
BLACK
6
CONTINUOUS
10
4.928240275590551
20
-3.65955405511811
11
4.9294135039370079
21
-3.6598684251968505
0
LINE
8
BLACK
6
CONTINUOUS
10
4.9294135039370079
20
-3.6598684251968505
11
4.929413818897638
21
-3.6598684645669293
0
LINE
8
BLACK
6
CONTINUOUS
10
4.929413818897638
20
-3.6598684645669293
11
4.9294141732283467
21
-3.6598685433070863
0
LINE
8
BLACK
6
CONTINUOUS
10
4.9294141732283467
20
-3.6598685433070863
11
4.9320574015748031
21
-3.6602164960629922
0
LINE
8
BLACK
6
CONTINUOUS
10
4.9320574015748031
20
-3.6602164960629922
11
4.9320577165354331
21
-3.6602165354330709
0
LINE
8
BLACK
6
CONTINUOUS
10
4.9320577165354331
20
-3.6602165354330709
11
5.1341338582677167
21
-3.6602165354330709
0
LINE
8
BLACK
6
CONTINUOUS
10
5.1341338582677167
20
-3.6602165354330709
11
5.1344266929133857
21
-3.6601779527559053
0
LINE
8
BLACK
6
CONTINUOUS
10
5.1344266929133857
20
-3.6601779527559053
11
5.1367773622047244
21
-3.6598685433070863
0
LINE
8
BLACK
6
CONTINUOUS
10
5.1367773622047244
20
-3.6598685433070863
11
5.1367776377952756
21
-3.6598684645669293
0
LINE
8
BLACK
6
CONTINUOUS
10
5.1367776377952756
20
-3.6598684645669293
11
5.1367780708661419
21
-3.6598684251968505
0
LINE
8
BLACK
6
CONTINUOUS
10
5.1367780708661419
20
-3.6598684251968505
11
5.1397111417322829
21
-3.6590825196850392
0
LINE
8
BLACK
6
CONTINUOUS
10
5.1397111417322829
20
-3.6590825196850392
11
5.140976614173228
21
-3.6586529527559053
0
LINE
8
BLACK
6
CONTINUOUS
10
5.140976614173228
20
-3.6586529527559053
11
5.1442911023622049
21
-3.6564382677165352
0
LINE
8
BLACK
6
CONTINUOUS
10
5.1442911023622049
20
-3.6564382677165352
11
5.146438267716535
21
-3.6542911023622047
0
LINE
8
BLACK
6
CONTINUOUS
10
5.146438267716535
20
-3.6542911023622047
11
5.1473194488188971
21
-3.653286338582677
0
LINE
8
BLACK
6
CONTINUOUS
10
5.1473194488188971
20
-3.653286338582677
11
5.1490825196850389
21
-3.6497111417322832
0
LINE
8
BLACK
6
CONTINUOUS
10
5.1490825196850389
20
-3.6497111417322832
11
5.1498684251968498
21
-3.6467780708661417
0
LINE
8
BLACK
6
CONTINUOUS
10
5.1498684251968498
20
-3.6467780708661417
11
5.1498684645669286
21
-3.6467776377952754
0
LINE
8
BLACK
6
CONTINUOUS
10
5.1498684645669286
20
-3.6467776377952754
11
5.1498685433070861
21
-3.6467773622047241
0
LINE
8
BLACK
6
CONTINUOUS
10
5.1498685433070861
20
-3.6467773622047241
11
5.1502164960629919
21
-3.6441341338582678
0
LINE
8
BLACK
6
CONTINUOUS
10
5.1502164960629919
20
-3.6441341338582678
11
5.1502165354330707
21
-3.6441338582677165
0
LINE
8
BLACK
6
CONTINUOUS
10
5.1502165354330707
20
-3.6441338582677165
11
5.1502165354330707
21
-3.6258661417322835
0
LINE
8
BLACK
6
CONTINUOUS
10
5.1502165354330707
20
-3.6258661417322835
11
5.1502164960629919
21
-3.6258658267716535
0
LINE
8
BLACK
6
CONTINUOUS
10
5.1502164960629919
20
-3.6258658267716535
11
5.1498685433070861
21
-3.6232225984251967
0
LINE
8
BLACK
6
CONTINUOUS
10
5.1498685433070861
20
-3.6232225984251967
11
5.1498684251968498
21
-3.6232222047244091
0
LINE
8
BLACK
6
CONTINUOUS
10
5.1498684251968498
20
-3.6232222047244091
11
5.1498684251968498
21
-3.6232219291338583
0
LINE
8
BLACK
6
CONTINUOUS
10
5.1498684251968498
20
-3.6232219291338583
11
5.1490825196850389
21
-3.6202888582677164
0
LINE
8
BLACK
6
CONTINUOUS
10
5.1490825196850389
20
-3.6202888582677164
11
5.1486529527559055
21
-3.6190233858267717
0
LINE
8
BLACK
6
CONTINUOUS
10
5.1486529527559055
20
-3.6190233858267717
11
5.148652874015748
21
-3.6190233070866142
0
LINE
8
BLACK
6
CONTINUOUS
10
5.148652874015748
20
-3.6190233070866142
11
5.148652874015748
21
-3.6190232283464567
0
LINE
8
BLACK
6
CONTINUOUS
10
5.148652874015748
20
-3.6190232283464567
11
5.1464383464566925
21
-3.6157090157480316
0
LINE
8
BLACK
6
CONTINUOUS
10
5.1464383464566925
20
-3.6157090157480316
11
5.1464381889763775
21
-3.6157088188976378
0
LINE
8
BLACK
6
CONTINUOUS
10
5.1464381889763775
20
-3.6157088188976378
11
5.1442912204724411
21
-3.6135618503937006
0
LINE
8
BLACK
6
CONTINUOUS
10
5.1442912204724411
20
-3.6135618503937006
11
5.1438436614173231
21
-3.6131693307086614
0
LINE
8
BLACK
6
CONTINUOUS
10
5.1438436614173231
20
-3.6131693307086614
11
5.1432863385826773
21
-3.6126805511811022
0
LINE
8
BLACK
6
CONTINUOUS
10
5.1432863385826773
20
-3.6126805511811022
11
5.1397111417322829
21
-3.6109174803149604
0
LINE
8
BLACK
6
CONTINUOUS
10
5.1397111417322829
20
-3.6109174803149604
11
5.1397110236220476
21
-3.6109174409448817
0
LINE
8
BLACK
6
CONTINUOUS
10
5.1397110236220476
20
-3.6109174409448817
11
5.1397109448818901
21
-3.6109174015748029
0
LINE
8
BLACK
6
CONTINUOUS
10
5.1397109448818901
20
-3.6109174015748029
11
5.1367869291338586
21
-3.6101339370078738
0
LINE
8
BLACK
6
CONTINUOUS
10
5.1367869291338586
20
-3.6101339370078738
11
5.1341572047244091
21
-3.6086157086614175
0
LINE
8
BLACK
6
CONTINUOUS
10
5.1341572047244091
20
-3.6086157086614175
11
5.1326388976377952
21
-3.6059859842519684
0
LINE
8
BLACK
6
CONTINUOUS
10
5.1326388976377952
20
-3.6059859842519684
11
5.1326388976377952
21
-3.6029494488188973
0
LINE
8
BLACK
6
CONTINUOUS
10
5.1326388976377952
20
-3.6029494488188973
11
5.1341571259842516
21
-3.6003197244094487
0
LINE
8
BLACK
6
CONTINUOUS
10
5.1341571259842516
20
-3.6003197244094487
11
5.1356945275590551
21
-3.5992925196850392
0
LINE
8
BLACK
6
CONTINUOUS
10
5.1356945275590551
20
-3.5992925196850392
11
5.1356765748031492
21
-3.599261377952756
0
LINE
8
BLACK
6
CONTINUOUS
10
5.1356765748031492
20
-3.599261377952756
11
5.1360094094488185
21
-3.5990691338582677
0
LINE
8
BLACK
6
CONTINUOUS
10
5.1360094094488185
20
-3.5990691338582677
11
5.1360095669291335
21
-3.5990690944881889
0
LINE
8
BLACK
6
CONTINUOUS
10
5.1360095669291335
20
-3.5990690944881889
11
5.1405698425196853
21
-3.5955698425196849
0
LINE
8
BLACK
6
CONTINUOUS
10
5.1405698425196853
20
-3.5955698425196849
11
5.1440690944881888
21
-3.591009566929134
0
LINE
8
BLACK
6
CONTINUOUS
10
5.1440690944881888
20
-3.591009566929134
11
5.1440690944881888
21
-3.5910095275590552
0
LINE
8
BLACK
6
CONTINUOUS
10
5.1440690944881888
20
-3.5910095275590552
11
5.1440691338582676
21
-3.5910095275590552
0
LINE
8
BLACK
6
CONTINUOUS
10
5.1440691338582676
20
-3.5910095275590552
11
5.1462688582677165
21
-3.5856988582677163
0
LINE
8
BLACK
6
CONTINUOUS
10
5.1462688582677165
20
-3.5856988582677163
11
5.1470190944881891
21
-3.5800000787401576
0
LINE
8
BLACK
6
CONTINUOUS
10
5.1470190944881891
20
-3.5800000787401576
11
5.1470190944881891
21
-3.5799998818897638
0
LINE
8
BLACK
6
CONTINUOUS
10
5.1470190944881891
20
-3.5799998818897638
11
5.1462688582677165
21
-3.5743012204724409
0
LINE
8
BLACK
6
CONTINUOUS
10
5.1462688582677165
20
-3.5743012204724409
11
5.1462688188976378
21
-3.5743010236220472
0
LINE
8
BLACK
6
CONTINUOUS
10
5.1462688188976378
20
-3.5743010236220472
11
5.1440691338582676
21
-3.5689905511811024
0
LINE
8
BLACK
6
CONTINUOUS
10
5.1440691338582676
20
-3.5689905511811024
11
5.1440690944881888
21
-3.5689905118110237
0
LINE
8
BLACK
6
CONTINUOUS
10
5.1440690944881888
20
-3.5689905118110237
11
5.1440690944881888
21
-3.5689904724409449
0
LINE
8
BLACK
6
CONTINUOUS
10
5.1440690944881888
20
-3.5689904724409449
11
5.1405698425196853
21
-3.5644301574803148
0
LINE
8
BLACK
6
CONTINUOUS
10
5.1405698425196853
20
-3.5644301574803148
11
5.1405697637795278
21
-3.564430118110236
0
LINE
8
BLACK
6
CONTINUOUS
10
5.1405697637795278
20
-3.564430118110236
11
5.1405697637795278
21
-3.5644300787401573
0
LINE
8
BLACK
6
CONTINUOUS
10
5.1405697637795278
20
-3.5644300787401573
11
5.1360095275590547
21
-3.560930866141732
0
LINE
8
BLACK
6
CONTINUOUS
10
5.1360095275590547
20
-3.560930866141732
11
5.1360095275590547
21
-3.5609308267716533
0
LINE
8
BLACK
6
CONTINUOUS
10
5.1360095275590547
20
-3.5609308267716533
11
5.1306988582677162
21
-3.5587311023622048
0
LINE
8
BLACK
6
CONTINUOUS
10
5.1306988582677162
20
-3.5587311023622048
11
5.1250001181102363
21
-3.557980905511811
0
LINE
8
BLACK
6
CONTINUOUS
10
5.1250001181102363
20
-3.557980905511811
11
5.1249998818897637
21
-3.557980905511811
0
LINE
8
BLACK
6
CONTINUOUS
10
5.1249998818897637
20
-3.557980905511811
11
5.1193012204724404
21
-3.5587311023622048
0
LINE
8
BLACK
6
CONTINUOUS
10
5.1193012204724404
20
-3.5587311023622048
11
5.1193010236220475
21
-3.5587311417322836
0
LINE
8
BLACK
6
CONTINUOUS
10
5.1193010236220475
20
-3.5587311417322836
11
5.1139903937007869
21
-3.5609309055118108
0
LINE
8
BLACK
6
CONTINUOUS
10
5.1139903937007869
20
-3.5609309055118108
11
5.1139903543307081
21
-3.5609309448818895
0
LINE
8
BLACK
6
CONTINUOUS
10
5.1139903543307081
20
-3.5609309448818895
11
5.113511889763779
21
-3.5612980708661417
0
LINE
8
BLACK
6
CONTINUOUS
10
5.113511889763779
20
-3.5612980708661417
11
5.110706496062992
21
-3.5624600787401572
0
LINE
8
BLACK
6
CONTINUOUS
10
5.110706496062992
20
-3.5624600787401572
11
5.1076959448818897
21
-3.5620636614173229
0
LINE
8
BLACK
6
CONTINUOUS
10
5.1076959448818897
20
-3.5620636614173229
11
5.1052869291338583
21
-3.5602150787401574
0
LINE
8
BLACK
6
CONTINUOUS
10
5.1052869291338583
20
-3.5602150787401574
11
5.1041249212598423
21
-3.5574096850393699
0
LINE
8
BLACK
6
CONTINUOUS
10
5.1041249212598423
20
-3.5574096850393699
11
5.1040747637795274
21
-3.5566440944881887
0
LINE
8
BLACK
6
CONTINUOUS
10
5.1040747637795274
20
-3.5566440944881887
11
5.1040747637795274
21
-3.5544069685039368
0
LINE
8
BLACK
6
CONTINUOUS
10
5.1040747637795274
20
-3.5544069685039368
11
5.1040747637795274
21
-3.5544068503937005
0
LINE
8
BLACK
6
CONTINUOUS
10
5.1040747637795274
20
-3.5544068503937005
11
5.1034934645669292
21
-3.5514842125984249
0
LINE
8
BLACK
6
CONTINUOUS
10
5.1034934645669292
20
-3.5514842125984249
11
5.101278897637795
21
-3.5481699212598423
0
LINE
8
BLACK
6
CONTINUOUS
10
5.101278897637795
20
-3.5481699212598423
11
5.1012788188976375
21
-3.5481698425196848
0
LINE
8
BLACK
6
CONTINUOUS
10
5.1012788188976375
20
-3.5481698425196848
11
5.0979646456692915
21
-3.5459553543307085
0
LINE
8
BLACK
6
CONTINUOUS
10
5.0979646456692915
20
-3.5459553543307085
11
5.0950420078740155
21
-3.5453740157480316
0
LINE
8
BLACK
6
CONTINUOUS
10
5.0950420078740155
20
-3.5453740157480316
11
5.0598877952755901
21
-3.5453740157480316
0
LINE
8
BLACK
6
CONTINUOUS
10
5.0598877952755901
20
-3.5453740157480316
11
5.056954724409449
21
-3.5445881102362202
0
LINE
8
BLACK
6
CONTINUOUS
10
5.056954724409449
20
-3.5445881102362202
11
5.054807559055118
21
-3.5424409448818897
0
LINE
8
BLACK
6
CONTINUOUS
10
5.054807559055118
20
-3.5424409448818897
11
5.0540216535433071
21
-3.5395078740157477
0
LINE
8
BLACK
6
CONTINUOUS
10
5.0540216535433071
20
-3.5395078740157477
11
5.054807559055118
21
-3.5365748031496063
0
LINE
8
BLACK
6
CONTINUOUS
10
5.054807559055118
20
-3.5365748031496063
11
5.0561729133858266
21
-3.5349679527559053
0
LINE
8
BLACK
6
CONTINUOUS
10
5.0561729133858266
20
-3.5349679527559053
11
5.0993179921259841
21
-3.4996674803149603
0
LINE
8
BLACK
6
CONTINUOUS
10
5.0993179921259841
20
-3.4996674803149603
11
5.1006339370078742
21
-3.4983758267716536
0
LINE
8
BLACK
6
CONTINUOUS
10
5.1006339370078742
20
-3.4983758267716536
11
5.1019995275590553
21
-3.4967687401574801
0
LINE
8
BLACK
6
CONTINUOUS
10
5.1019995275590553
20
-3.4967687401574801
11
5.1023194488188972
21
-3.4963726377952753
0
LINE
8
BLACK
6
CONTINUOUS
10
5.1023194488188972
20
-3.4963726377952753
11
5.104082519685039
21
-3.4927974409448819
0
LINE
8
BLACK
6
CONTINUOUS
10
5.104082519685039
20
-3.4927974409448819
11
5.1048684251968499
21
-3.48986437007874
0
LINE
8
BLACK
6
CONTINUOUS
10
5.1048684251968499
20
-3.48986437007874
11
5.1048684645669287
21
-3.4898639370078741
0
LINE
8
BLACK
6
CONTINUOUS
10
5.1048684645669287
20
-3.4898639370078741
11
5.1048685433070862
21
-3.4898636614173228
0
LINE
8
BLACK
6
CONTINUOUS
10
5.1048685433070862
20
-3.4898636614173228
11
5.105216496062992
21
-3.487220433070866
0
LINE
8
BLACK
6
CONTINUOUS
10
5.105216496062992
20
-3.487220433070866
11
5.1052165354330707
21
-3.4872201574803148
0
LINE
8
BLACK
6
CONTINUOUS
10
5.1052165354330707
20
-3.4872201574803148
11
5.1052165354330707
21
-3.3574303937007874
0
LINE
8
BLACK
6
CONTINUOUS
10
5.1052165354330707
20
-3.3574303937007874
11
5.1052165354330707
21
-3.3574298425196849
0
LINE
8
BLACK
6
CONTINUOUS
10
5.1052165354330707
20
-3.3574298425196849
11
5.1051291338582674
21
-3.356096338582677
0
LINE
8
BLACK
6
CONTINUOUS
10
5.1051291338582674
20
-3.356096338582677
11
5.1049292519685041
21
-3.3545780708661415
0
LINE
8
BLACK
6
CONTINUOUS
10
5.1049292519685041
20
-3.3545780708661415
11
5.1047797637795274
21
-3.3541376377952754
0
LINE
8
BLACK
6
CONTINUOUS
10
5.1047797637795274
20
-3.3541376377952754
11
5.1044684645669287
21
-3.3522520866141732
0
LINE
8
BLACK
6
CONTINUOUS
10
5.1044684645669287
20
-3.3522520866141732
11
5.1044684645669287
21
-3.3510211417322835
0
LINE
8
BLACK
6
CONTINUOUS
10
5.1044684645669287
20
-3.3510211417322835
11
5.1044684645669287
21
-3.3510210236220472
0
LINE
8
BLACK
6
CONTINUOUS
10
5.1044684645669287
20
-3.3510210236220472
11
5.1038871653543305
21
-3.3480983858267717
0
LINE
8
BLACK
6
CONTINUOUS
10
5.1038871653543305
20
-3.3480983858267717
11
5.1016725984251972
21
-3.344784094488189
0
LINE
8
BLACK
6
CONTINUOUS
10
5.1016725984251972
20
-3.344784094488189
11
5.1016725196850397
21
-3.3447840157480315
0
LINE
8
BLACK
6
CONTINUOUS
10
5.1016725196850397
20
-3.3447840157480315
11
5.0983583070866141
21
-3.3425694881889765
0
LINE
8
BLACK
6
CONTINUOUS
10
5.0983583070866141
20
-3.3425694881889765
11
5.097824566929134
21
-3.3423484251968505
0
LINE
8
BLACK
6
CONTINUOUS
10
5.097824566929134
20
-3.3423484251968505
11
5.0978462992125984
21
-3.3422958661417321
0
LINE
8
BLACK
6
CONTINUOUS
10
5.0978462992125984
20
-3.3422958661417321
11
5.0957066929133861
21
-3.3412405905511808
0
LINE
8
BLACK
6
CONTINUOUS
10
5.0957066929133861
20
-3.3412405905511808
11
5.0954267322834648
21
-3.3409783858267716
0
LINE
8
BLACK
6
CONTINUOUS
10
5.0954267322834648
20
-3.3409783858267716
11
5.0939422047244092
21
-3.3394938582677165
0
LINE
8
BLACK
6
CONTINUOUS
10
5.0939422047244092
20
-3.3394938582677165
11
5.0935771653543309
21
-3.3391737401574804
0
LINE
8
BLACK
6
CONTINUOUS
10
5.0935771653543309
20
-3.3391737401574804
11
5.0929375984251966
21
-3.3386128346456694
0
LINE
8
BLACK
6
CONTINUOUS
10
5.0929375984251966
20
-3.3386128346456694
11
5.092937362204724
21
-3.3386126377952756
0
LINE
8
BLACK
6
CONTINUOUS
10
5.092937362204724
20
-3.3386126377952756
11
5.0929371653543303
21
-3.3386124803149606
0
LINE
8
BLACK
6
CONTINUOUS
10
5.0929371653543303
20
-3.3386124803149606
11
5.0920275196850389
21
-3.3379144488188977
0
LINE
8
BLACK
6
CONTINUOUS
10
5.0920275196850389
20
-3.3379144488188977
11
5.091931377952756
21
-3.3378301181102361
0
LINE
8
BLACK
6
CONTINUOUS
10
5.091931377952756
20
-3.3378301181102361
11
5.0917224409448814
21
-3.3376803937007873
0
LINE
8
BLACK
6
CONTINUOUS
10
5.0917224409448814
20
-3.3376803937007873
11
5.088147559055118
21
-3.3359175196850392
0
LINE
8
BLACK
6
CONTINUOUS
10
5.088147559055118
20
-3.3359175196850392
11
5.0881471653543304
21
-3.3359173622047242
0
LINE
8
BLACK
6
CONTINUOUS
10
5.0881471653543304
20
-3.3359173622047242
11
5.0852145669291335
21
-3.3351316141732283
0
LINE
8
BLACK
6
CONTINUOUS
10
5.0852145669291335
20
-3.3351316141732283
11
5.0852136614173231
21
-3.3351314173228346
0
LINE
8
BLACK
6
CONTINUOUS
10
5.0852136614173231
20
-3.3351314173228346
11
5.0825704330708659
21
-3.3347834645669292
0
LINE
8
BLACK
6
CONTINUOUS
10
5.0825704330708659
20
-3.3347834645669292
11
5.0825701574803146
21
-3.3347834645669292
0
LINE
8
BLACK
6
CONTINUOUS
10
5.0825701574803146
20
-3.3347834645669292
11
4.9974298425196846
21
-3.3347834645669292
0
LINE
8
BLACK
6
CONTINUOUS
10
4.9974298425196846
20
-3.3347834645669292
11
4.9974294488188979
21
-3.3347834645669292
0
LINE
8
BLACK
6
CONTINUOUS
10
4.9974294488188979
20
-3.3347834645669292
11
4.9960963385826771
21
-3.3348708267716534
0
LINE
8
BLACK
6
CONTINUOUS
10
4.9960963385826771
20
-3.3348708267716534
11
4.9945781102362208
21
-3.3350707086614171
0
LINE
8
BLACK
6
CONTINUOUS
10
4.9945781102362208
20
-3.3350707086614171
11
4.9908033070866145
21
-3.3363520866141734
0
LINE
8
BLACK
6
CONTINUOUS
10
4.9908033070866145
20
-3.3363520866141734
11
4.9881738188976374
21
-3.3378701968503934
0
LINE
8
BLACK
6
CONTINUOUS
10
4.9881738188976374
20
-3.3378701968503934
11
4.9881736614173224
21
-3.3378702755905509
0
LINE
8
BLACK
6
CONTINUOUS
10
4.9881736614173224
20
-3.3378702755905509
11
4.9881735826771649
21
-3.3378703543307084
0
LINE
8
BLACK
6
CONTINUOUS
10
4.9881735826771649
20
-3.3378703543307084
11
4.9878375984251964
21
-3.3381281496062991
0
LINE
8
BLACK
6
CONTINUOUS
10
4.9878375984251964
20
-3.3381281496062991
11
4.9860577165354334
21
-3.3394938976377952
0
LINE
8
BLACK
6
CONTINUOUS
10
4.9860577165354334
20
-3.3394938976377952
11
4.9794938582677162
21
-3.3460577559055116
0
LINE
8
BLACK
6
CONTINUOUS
10
4.9794938582677162
20
-3.3460577559055116
11
4.9786128740157478
21
-3.3470623622047242
0
LINE
8
BLACK
6
CONTINUOUS
10
4.9786128740157478
20
-3.3470623622047242
11
4.977914409448819
21
-3.3479725590551181
0
LINE
8
BLACK
6
CONTINUOUS
10
4.977914409448819
20
-3.3479725590551181
11
4.9778299606299212
21
-3.3480688188976377
0
LINE
8
BLACK
6
CONTINUOUS
10
4.9778299606299212
20
-3.3480688188976377
11
4.977680393700787
21
-3.3482775196850394
0
LINE
8
BLACK
6
CONTINUOUS
10
4.977680393700787
20
-3.3482775196850394
11
4.9759175196850389
21
-3.3518524015748032
0
LINE
8
BLACK
6
CONTINUOUS
10
4.9759175196850389
20
-3.3518524015748032
11
4.9759173622047239
21
-3.3518527952755903
0
LINE
8
BLACK
6
CONTINUOUS
10
4.9759173622047239
20
-3.3518527952755903
11
4.975131614173228
21
-3.3547853937007872
0
LINE
8
BLACK
6
CONTINUOUS
10
4.975131614173228
20
-3.3547853937007872
11
4.9751314173228343
21
-3.3547862992125985
0
LINE
8
BLACK
6
CONTINUOUS
10
4.9751314173228343
20
-3.3547862992125985
11
4.9747834645669293
21
-3.3574295275590549
0
LINE
8
BLACK
6
CONTINUOUS
10
4.9747834645669293
20
-3.3574295275590549
11
4.9747834645669293
21
-3.4633383464566929
0
LINE
8
BLACK
6
CONTINUOUS
10
4.9747834645669293
20
-3.4633383464566929
11
4.9739975590551184
21
-3.4662714173228344
0
LINE
8
BLACK
6
CONTINUOUS
10
4.9739975590551184
20
-3.4662714173228344
11
4.9730653149606301
21
-3.4674863385826771
0
LINE
8
BLACK
6
CONTINUOUS
10
4.9730653149606301
20
-3.4674863385826771
11
4.9724863385826774
21
-3.4680653149606298
0
LINE
8
BLACK
6
CONTINUOUS
10
4.9724863385826774
20
-3.4680653149606298
11
4.9698566141732279
21
-3.4695835826771653
0
LINE
8
BLACK
6
CONTINUOUS
10
4.9698566141732279
20
-3.4695835826771653
11
4.9683383464566928
21
-3.469783464566929
0
LINE
8
BLACK
6
CONTINUOUS
10
4.9683383464566928
20
-3.469783464566929
11
4.7824294488188972
21
-3.469783464566929
0
LINE
8
BLACK
6
CONTINUOUS
10
4.7824294488188972
20
-3.469783464566929
11
4.7810963385826772
21
-3.4698708267716536
0
LINE
8
BLACK
6
CONTINUOUS
10
4.7810963385826772
20
-3.4698708267716536
11
4.77957811023622
21
-3.4700707086614173
0
LINE
8
BLACK
6
CONTINUOUS
10
4.77957811023622
20
-3.4700707086614173
11
4.7758033070866137
21
-3.4713520866141732
0
LINE
8
BLACK
6
CONTINUOUS
10
4.7758033070866137
20
-3.4713520866141732
11
4.7731738188976376
21
-3.4728701968503937
0
LINE
8
BLACK
6
CONTINUOUS
10
4.7731738188976376
20
-3.4728701968503937
11
4.7731735433070863
21
-3.4728703937007874
0
LINE
8
BLACK
6
CONTINUOUS
10
4.7731735433070863
20
-3.4728703937007874
11
4.7710577165354326
21
-3.474493897637795
0
LINE
8
BLACK
6
CONTINUOUS
10
4.7710577165354326
20
-3.474493897637795
11
4.7694938582677162
21
-3.4760577559055119
0
LINE
8
BLACK
6
CONTINUOUS
10
4.7694938582677162
20
-3.4760577559055119
11
4.7686128740157478
21
-3.4770623622047245
0
LINE
8
BLACK
6
CONTINUOUS
10
4.7686128740157478
20
-3.4770623622047245
11
4.7679144094488191
21
-3.477972559055118
0
LINE
8
BLACK
6
CONTINUOUS
10
4.7679144094488191
20
-3.477972559055118
11
4.7678299606299213
21
-3.4780688188976376
0
LINE
8
BLACK
6
CONTINUOUS
10
4.7678299606299213
20
-3.4780688188976376
11
4.767680393700787
21
-3.4782775196850393
0
LINE
8
BLACK
6
CONTINUOUS
10
4.767680393700787
20
-3.4782775196850393
11
4.765917519685039
21
-3.4818524015748031
0
LINE
8
BLACK
6
CONTINUOUS
10
4.765917519685039
20
-3.4818524015748031
11
4.765917362204724
21
-3.4818527952755907
0
LINE
8
BLACK
6
CONTINUOUS
10
4.765917362204724
20
-3.4818527952755907
11
4.7651316141732281
21
-3.4847853937007871
0
LINE
8
BLACK
6
CONTINUOUS
10
4.7651316141732281
20
-3.4847853937007871
11
4.7651314173228343
21
-3.4847862992125984
0
LINE
8
BLACK
6
CONTINUOUS
10
4.7651314173228343
20
-3.4847862992125984
11
4.7647834645669294
21
-3.4874295275590552
0
LINE
8
BLACK
6
CONTINUOUS
10
4.7647834645669294
20
-3.4874295275590552
11
4.7647834645669294
21
-3.4874298425196848
0
LINE
8
BLACK
6
CONTINUOUS
10
5.2936023622047239
20
-3.1065774015748029
11
5.294183661417323
21
-3.1094999999999997
0
LINE
8
BLACK
6
CONTINUOUS
10
5.294183661417323
20
-3.1094999999999997
11
5.2941837007874017
21
-3.1095000393700785
0
LINE
8
BLACK
6
CONTINUOUS
10
5.2941837007874017
20
-3.1095000393700785
11
5.2949215354330708
21
-3.1106042519685038
0
LINE
8
BLACK
6
CONTINUOUS
10
5.2949215354330708
20
-3.1106042519685038
11
5.2955988582677165
21
-3.111977755905512
0
LINE
8
BLACK
6
CONTINUOUS
10
5.2955988582677165
20
-3.111977755905512
11
5.2963520866141733
21
-3.114196692913386
0
LINE
8
BLACK
6
CONTINUOUS
10
5.2963520866141733
20
-3.114196692913386
11
5.2978703543307084
21
-3.1168264173228346
0
LINE
8
BLACK
6
CONTINUOUS
10
5.2978703543307084
20
-3.1168264173228346
11
5.2994939763779527
21
-3.1189423228346458
0
LINE
8
BLACK
6
CONTINUOUS
10
5.2994939763779527
20
-3.1189423228346458
11
5.3310576771653544
21
-3.150506023622047
0
LINE
8
BLACK
6
CONTINUOUS
10
5.3310576771653544
20
-3.150506023622047
11
5.3320624015748033
21
-3.1513871653543308
0
LINE
8
BLACK
6
CONTINUOUS
10
5.3320624015748033
20
-3.1513871653543308
11
5.3327885039370075
21
-3.1519443307086612
0
LINE
8
BLACK
6
CONTINUOUS
10
5.3327885039370075
20
-3.1519443307086612
11
5.3329724409448822
21
-3.1520854724409446
0
LINE
8
BLACK
6
CONTINUOUS
10
5.3329724409448822
20
-3.1520854724409446
11
5.3330688188976376
21
-3.1521699999999999
0
LINE
8
BLACK
6
CONTINUOUS
10
5.3330688188976376
20
-3.1521699999999999
11
5.3332775196850388
21
-3.1523195669291337
0
LINE
8
BLACK
6
CONTINUOUS
10
5.3332775196850388
20
-3.1523195669291337
11
5.3367593700787399
21
-3.1540365748031496
0
LINE
8
BLACK
6
CONTINUOUS
10
5.3367593700787399
20
-3.1540365748031496
11
5.3368525590551181
21
-3.1540825196850393
0
LINE
8
BLACK
6
CONTINUOUS
10
5.3368525590551181
20
-3.1540825196850393
11
5.3368526771653544
21
-3.1540825196850393
0
LINE
8
BLACK
6
CONTINUOUS
10
5.3368526771653544
20
-3.1540825196850393
11
5.3368527952755906
21
-3.1540825984251968
0
LINE
8
BLACK
6
CONTINUOUS
10
5.3368527952755906
20
-3.1540825984251968
11
5.3383190944881891
21
-3.1544754724409447
0
LINE
8
BLACK
6
CONTINUOUS
10
5.3383190944881891
20
-3.1544754724409447
11
5.33978562992126
21
-3.1548684251968502
0
LINE
8
BLACK
6
CONTINUOUS
10
5.33978562992126
20
-3.1548684251968502
11
5.3397859448818901
21
-3.1548684645669289
0
LINE
8
BLACK
6
CONTINUOUS
10
5.3397859448818901
20
-3.1548684645669289
11
5.339786299212598
21
-3.1548685433070864
0
LINE
8
BLACK
6
CONTINUOUS
10
5.339786299212598
20
-3.1548685433070864
11
5.3424295275590552
21
-3.1552164960629923
0
LINE
8
BLACK
6
CONTINUOUS
10
5.3424295275590552
20
-3.1552164960629923
11
5.3424298425196852
21
-3.155216535433071
0
LINE
8
BLACK
6
CONTINUOUS
10
5.3424298425196852
20
-3.155216535433071
11
5.3971589763779528
21
-3.155216535433071
0
LINE
8
BLACK
6
CONTINUOUS
10
5.3971589763779528
20
-3.155216535433071
11
5.4000920472440948
21
-3.1560024409448819
0
LINE
8
BLACK
6
CONTINUOUS
10
5.4000920472440948
20
-3.1560024409448819
11
5.4004175590551178
21
-3.1562048425196849
0
LINE
8
BLACK
6
CONTINUOUS
10
5.4004175590551178
20
-3.1562048425196849
11
5.4021928740157481
21
-3.1573911023622045
0
LINE
8
BLACK
6
CONTINUOUS
10
5.4021928740157481
20
-3.1573911023622045
11
5.4051154724409445
21
-3.1579724409448819
0
LINE
8
BLACK
6
CONTINUOUS
10
5.4051154724409445
20
-3.1579724409448819
11
5.4948844881889762
21
-3.1579724015748032
0
LINE
8
BLACK
6
CONTINUOUS
10
5.4948844881889762
20
-3.1579724015748032
11
5.4978071259842523
21
-3.1573911023622045
0
LINE
8
BLACK
6
CONTINUOUS
10
5.4978071259842523
20
-3.1573911023622045
11
5.4995819291338579
21
-3.1562051968503937
0
LINE
8
BLACK
6
CONTINUOUS
10
5.4995819291338579
20
-3.1562051968503937
11
5.5024573228346458
21
-3.1552290944881891
0
LINE
8
BLACK
6
CONTINUOUS
10
5.5024573228346458
20
-3.1552290944881891
11
5.5028410236220475
21
-3.155216535433071
0
LINE
8
BLACK
6
CONTINUOUS
10
5.5028410236220475
20
-3.155216535433071
11
5.5547620866141729
21
-3.155216535433071
0
LINE
8
BLACK
6
CONTINUOUS
10
5.5547620866141729
20
-3.155216535433071
11
5.5559064960629918
21
-3.1553292519685039
0
LINE
8
BLACK
6
CONTINUOUS
10
5.5559064960629918
20
-3.1553292519685039
11
5.5575170472440947
21
-3.1556496062992125
0
LINE
8
BLACK
6
CONTINUOUS
10
5.5575170472440947
20
-3.1556496062992125
11
5.6224829133858263
21
-3.1556495669291338
0
LINE
8
BLACK
6
CONTINUOUS
10
5.6224829133858263
20
-3.1556495669291338
11
5.6240933858267717
21
-3.1553292125984251
0
LINE
8
BLACK
6
CONTINUOUS
10
5.6240933858267717
20
-3.1553292125984251
11
5.625237716535433
21
-3.155216535433071
0
LINE
8
BLACK
6
CONTINUOUS
10
5.625237716535433
20
-3.155216535433071
11
5.6305453937007872
21
-3.155216535433071
0
LINE
8
BLACK
6
CONTINUOUS
10
5.6305453937007872
20
-3.155216535433071
11
5.6334784645669291
21
-3.1560024409448819
0
LINE
8
BLACK
6
CONTINUOUS
10
5.6334784645669291
20
-3.1560024409448819
11
5.6335635039370073
21
-3.1560525196850393
0
LINE
8
BLACK
6
CONTINUOUS
10
5.6335635039370073
20
-3.1560525196850393
11
5.67835031496063
21
-3.1829246062992125
0
LINE
8
BLACK
6
CONTINUOUS
10
5.67835031496063
20
-3.1829246062992125
11
5.6784224409448818
21
-3.1829674803149604
0
LINE
8
BLACK
6
CONTINUOUS
10
5.6784224409448818
20
-3.1829674803149604
11
5.6785074803149609
21
-3.1830175590551182
0
LINE
8
BLACK
6
CONTINUOUS
10
5.6785074803149609
20
-3.1830175590551182
11
5.6810475196850394
21
-3.1840825196850391
0
LINE
8
BLACK
6
CONTINUOUS
10
5.6810475196850394
20
-3.1840825196850391
11
5.6839805905511813
21
-3.1848684251968504
0
LINE
8
BLACK
6
CONTINUOUS
10
5.6839805905511813
20
-3.1848684251968504
11
5.6839808661417326
21
-3.1848684251968504
0
LINE
8
BLACK
6
CONTINUOUS
10
5.6839808661417326
20
-3.1848684251968504
11
5.6839812598425192
21
-3.1848685433070867
0
LINE
8
BLACK
6
CONTINUOUS
10
5.6839812598425192
20
-3.1848685433070867
11
5.6866244881889765
21
-3.1852164960629921
0
LINE
8
BLACK
6
CONTINUOUS
10
5.6866244881889765
20
-3.1852164960629921
11
5.6866248031496065
21
-3.1852165354330708
0
LINE
8
BLACK
6
CONTINUOUS
10
5.6866248031496065
20
-3.1852165354330708
11
6.0475696062992128
21
-3.1852165354330708
0
LINE
8
BLACK
6
CONTINUOUS
10
6.0475696062992128
20
-3.1852165354330708
11
6.0475701574803145
21
-3.1852165354330708
0
LINE
8
BLACK
6
CONTINUOUS
10
6.0475701574803145
20
-3.1852165354330708
11
6.0489036614173228
21
-3.1851291338582675
0
LINE
8
BLACK
6
CONTINUOUS
10
6.0489036614173228
20
-3.1851291338582675
11
6.0504219291338579
21
-3.1849292519685037
0
LINE
8
BLACK
6
CONTINUOUS
10
6.0504219291338579
20
-3.1849292519685037
11
6.0541966929133855
21
-3.1836479133858266
0
LINE
8
BLACK
6
CONTINUOUS
10
6.0541966929133855
20
-3.1836479133858266
11
6.0568264173228341
21
-3.1821296456692911
0
LINE
8
BLACK
6
CONTINUOUS
10
6.0568264173228341
20
-3.1821296456692911
11
6.0589423228346453
21
-3.1805060236220473
0
LINE
8
BLACK
6
CONTINUOUS
10
6.0589423228346453
20
-3.1805060236220473
11
6.0655060236220475
21
-3.1739423228346455
0
LINE
8
BLACK
6
CONTINUOUS
10
6.0655060236220475
20
-3.1739423228346455
11
6.0663871653543309
21
-3.1729375984251966
0
LINE
8
BLACK
6
CONTINUOUS
10
6.0663871653543309
20
-3.1729375984251966
11
6.0670854724409446
21
-3.1720275196850394
0
LINE
8
BLACK
6
CONTINUOUS
10
6.0670854724409446
20
-3.1720275196850394
11
6.0671699212598424
21
-3.1719312598425198
0
LINE
8
BLACK
6
CONTINUOUS
10
6.0671699212598424
20
-3.1719312598425198
11
6.0673194094488192
21
-3.1717226771653544
0
LINE
8
BLACK
6
CONTINUOUS
10
6.0673194094488192
20
-3.1717226771653544
11
6.0673194488188971
21
-3.1717226377952756
0
LINE
8
BLACK
6
CONTINUOUS
10
6.0673194488188971
20
-3.1717226377952756
11
6.0673194881889758
21
-3.1717225196850394
0
LINE
8
BLACK
6
CONTINUOUS
10
6.0673194881889758
20
-3.1717225196850394
11
6.0673195669291333
21
-3.1717224409448819
0
LINE
8
BLACK
6
CONTINUOUS
10
6.0673195669291333
20
-3.1717224409448819
11
6.0682124409448814
21
-3.1699117322834645
0
LINE
8
BLACK
6
CONTINUOUS
10
6.0682124409448814
20
-3.1699117322834645
11
6.0690825196850389
21
-3.1681474409448818
0
LINE
8
BLACK
6
CONTINUOUS
10
6.0690825196850389
20
-3.1681474409448818
11
6.0698684251968507
21
-3.1652143700787403
0
LINE
8
BLACK
6
CONTINUOUS
10
6.0698684251968507
20
-3.1652143700787403
11
6.0698684645669294
21
-3.165213937007874
0
LINE
8
BLACK
6
CONTINUOUS
10
6.0698684645669294
20
-3.165213937007874
11
6.0698685433070869
21
-3.1652136614173227
0
LINE
8
BLACK
6
CONTINUOUS
10
6.0698685433070869
20
-3.1652136614173227
11
6.0702164960629919
21
-3.1625704330708659
0
LINE
8
BLACK
6
CONTINUOUS
10
6.0702164960629919
20
-3.1625704330708659
11
6.0702165354330706
21
-3.1625701574803147
0
LINE
8
BLACK
6
CONTINUOUS
10
6.0702165354330706
20
-3.1625701574803147
11
6.0702165354330706
21
-3.0424303937007875
0
LINE
8
BLACK
6
CONTINUOUS
10
6.0702165354330706
20
-3.0424303937007875
11
6.0702165354330706
21
-3.042429842519685
0
LINE
8
BLACK
6
CONTINUOUS
10
6.0702165354330706
20
-3.042429842519685
11
6.0701291338582672
21
-3.041096338582677
0
LINE
8
BLACK
6
CONTINUOUS
10
6.0701291338582672
20
-3.041096338582677
11
6.069929251968504
21
-3.0395780708661415
0
LINE
8
BLACK
6
CONTINUOUS
10
6.069929251968504
20
-3.0395780708661415
11
6.0686479133858269
21
-3.0358033070866139
0
LINE
8
BLACK
6
CONTINUOUS
10
6.0686479133858269
20
-3.0358033070866139
11
6.0671296456692909
21
-3.0331735826771653
0
LINE
8
BLACK
6
CONTINUOUS
10
6.0671296456692909
20
-3.0331735826771653
11
6.0655060236220475
21
-3.0310576771653541
0
LINE
8
BLACK
6
CONTINUOUS
10
6.0655060236220475
20
-3.0310576771653541
11
6.0539423228346454
21
-3.0194939763779525
0
LINE
8
BLACK
6
CONTINUOUS
10
6.0539423228346454
20
-3.0194939763779525
11
6.0529375984251965
21
-3.0186128346456691
0
LINE
8
BLACK
6
CONTINUOUS
10
6.0529375984251965
20
-3.0186128346456691
11
6.052937362204724
21
-3.0186126377952753
0
LINE
8
BLACK
6
CONTINUOUS
10
6.052937362204724
20
-3.0186126377952753
11
6.0529371653543302
21
-3.0186124803149608
0
LINE
8
BLACK
6
CONTINUOUS
10
6.0529371653543302
20
-3.0186124803149608
11
6.0520275196850388
21
-3.0179144488188974
0
LINE
8
BLACK
6
CONTINUOUS
10
6.0520275196850388
20
-3.0179144488188974
11
6.0519313779527559
21
-3.0178301181102363
0
LINE
8
BLACK
6
CONTINUOUS
10
6.0519313779527559
20
-3.0178301181102363
11
6.0517224409448813
21
-3.0176803937007874
0
LINE
8
BLACK
6
CONTINUOUS
10
6.0517224409448813
20
-3.0176803937007874
11
6.0481475590551179
21
-3.0159175196850394
0
LINE
8
BLACK
6
CONTINUOUS
10
6.0481475590551179
20
-3.0159175196850394
11
6.0481471653543304
21
-3.0159173622047244
0
LINE
8
BLACK
6
CONTINUOUS
10
6.0481471653543304
20
-3.0159173622047244
11
6.0452145669291335
21
-3.0151316141732281
0
LINE
8
BLACK
6
CONTINUOUS
10
6.0452145669291335
20
-3.0151316141732281
11
6.0452136614173231
21
-3.0151314173228347
0
LINE
8
BLACK
6
CONTINUOUS
10
6.0452136614173231
20
-3.0151314173228347
11
6.0425704330708658
21
-3.0147834645669289
0
LINE
8
BLACK
6
CONTINUOUS
10
6.0425704330708658
20
-3.0147834645669289
11
6.0425701574803146
21
-3.0147834645669289
0
LINE
8
BLACK
6
CONTINUOUS
10
6.0425701574803146
20
-3.0147834645669289
11
5.5201231889763775
21
-3.0147834645669289
0
LINE
8
BLACK
6
CONTINUOUS
10
5.5201231889763775
20
-3.0147834645669289
11
5.5171901181102365
21
-3.013997559055118
0
LINE
8
BLACK
6
CONTINUOUS
10
5.5171901181102365
20
-3.013997559055118
11
5.5150429527559055
21
-3.0118503937007874
0
LINE
8
BLACK
6
CONTINUOUS
10
5.5150429527559055
20
-3.0118503937007874
11
5.5142570472440946
21
-3.0089173228346455
0
LINE
8
BLACK
6
CONTINUOUS
10
5.5142570472440946
20
-3.0089173228346455
11
5.5150429527559055
21
-3.0059842519685041
0
LINE
8
BLACK
6
CONTINUOUS
10
5.5150429527559055
20
-3.0059842519685041
11
5.5168640944881888
21
-3.0040398425196848
0
LINE
8
BLACK
6
CONTINUOUS
10
5.5168640944881888
20
-3.0040398425196848
11
5.5174850787401573
21
-3.003624842519685
0
LINE
8
BLACK
6
CONTINUOUS
10
5.5174850787401573
20
-3.003624842519685
11
5.5178143307086609
21
-3.0034048818897636
0
LINE
8
BLACK
6
CONTINUOUS
10
5.5178143307086609
20
-3.0034048818897636
11
5.5200288976377951
21
-3.000090590551181
0
LINE
8
BLACK
6
CONTINUOUS
10
5.5200288976377951
20
-3.000090590551181
11
5.5206102362204721
21
-2.9971679921259842
0
LINE
8
BLACK
6
CONTINUOUS
10
5.5206102362204721
20
-2.9971679921259842
11
5.5206101968503933
21
-2.9676351968503938
0
LINE
8
BLACK
6
CONTINUOUS
10
5.5206101968503933
20
-2.9676351968503938
11
5.5200288976377951
21
-2.9647125590551182
0
LINE
8
BLACK
6
CONTINUOUS
10
5.5200288976377951
20
-2.9647125590551182
11
5.5178143307086609
21
-2.9613982677165356
0
LINE
8
BLACK
6
CONTINUOUS
10
5.5178143307086609
20
-2.9613982677165356
11
5.5178142913385821
21
-2.9613982283464568
0
LINE
8
BLACK
6
CONTINUOUS
10
5.5178142913385821
20
-2.9613982283464568
11
5.5178142519685034
21
-2.9613981889763781
0
LINE
8
BLACK
6
CONTINUOUS
10
5.5178142519685034
20
-2.9613981889763781
11
5.5145000787401575
21
-2.9591837007874013
0
LINE
8
BLACK
6
CONTINUOUS
10
5.5145000787401575
20
-2.9591837007874013
11
5.5115774409448814
21
-2.9586023622047244
0
LINE
8
BLACK
6
CONTINUOUS
10
5.5115774409448814
20
-2.9586023622047244
11
5.4584227165354333
21
-2.9586023622047244
0
LINE
8
BLACK
6
CONTINUOUS
10
5.4584227165354333
20
-2.9586023622047244
11
5.455499960629921
21
-2.9591836614173226
0
LINE
8
BLACK
6
CONTINUOUS
10
5.455499960629921
20
-2.9591836614173226
11
5.4521856692913389
21
-2.9613982283464568
0
LINE
8
BLACK
6
CONTINUOUS
10
5.4521856692913389
20
-2.9613982283464568
11
5.4521855905511813
21
-2.9613983070866139
0
LINE
8
BLACK
6
CONTINUOUS
10
5.4521855905511813
20
-2.9613983070866139
11
5.4499711023622046
21
-2.9647124803149607
0
LINE
8
BLACK
6
CONTINUOUS
10
5.4499711023622046
20
-2.9647124803149607
11
5.4493897637795277
21
-2.9676351181102363
0
LINE
8
BLACK
6
CONTINUOUS
10
5.4493897637795277
20
-2.9676351181102363
11
5.4493897637795277
21
-2.9971677952755904
0
LINE
8
BLACK
6
CONTINUOUS
10
5.4493897637795277
20
-2.9971677952755904
11
5.4499710629921259
21
-3.0000905511811022
0
LINE
8
BLACK
6
CONTINUOUS
10
5.4499710629921259
20
-3.0000905511811022
11
5.4521856299212601
21
-3.0034048425196849
0
LINE
8
BLACK
6
CONTINUOUS
10
5.4521856299212601
20
-3.0034048425196849
11
5.4521857086614176
21
-3.0034049212598424
0
LINE
8
BLACK
6
CONTINUOUS
10
5.4521857086614176
20
-3.0034049212598424
11
5.4531359055118109
21
-3.0040398425196848
0
LINE
8
BLACK
6
CONTINUOUS
10
5.4531359055118109
20
-3.0040398425196848
11
5.4551380314960625
21
-3.0063228346456694
0
LINE
8
BLACK
6
CONTINUOUS
10
5.4551380314960625
20
-3.0063228346456694
11
5.4557303937007875
21
-3.0093010236220472
0
LINE
8
BLACK
6
CONTINUOUS
10
5.4557303937007875
20
-3.0093010236220472
11
5.4547542913385829
21
-3.0121764173228347
0
LINE
8
BLACK
6
CONTINUOUS
10
5.4547542913385829
20
-3.0121764173228347
11
5.4524712992125979
21
-3.0141785433070867
0
LINE
8
BLACK
6
CONTINUOUS
10
5.4524712992125979
20
-3.0141785433070867
11
5.4498768110236222
21
-3.0147834645669289
0
LINE
8
BLACK
6
CONTINUOUS
10
5.4498768110236222
20
-3.0147834645669289
11
5.3320577165354326
21
-3.0147834645669289
0
LINE
8
BLACK
6
CONTINUOUS
10
5.3320577165354326
20
-3.0147834645669289
11
5.3314790944881887
21
-3.01480531496063
0
LINE
8
BLACK
6
CONTINUOUS
10
5.3314790944881887
20
-3.01480531496063
11
5.3312860629921257
21
-3.0148126377952753
0
LINE
8
BLACK
6
CONTINUOUS
10
5.3312860629921257
20
-3.0148126377952753
11
5.3304027952755906
21
-3.0148795275590552
0
LINE
8
BLACK
6
CONTINUOUS
10
5.3304027952755906
20
-3.0148795275590552
11
5.3270746062992123
21
-3.0157090157480315
0
LINE
8
BLACK
6
CONTINUOUS
10
5.3270746062992123
20
-3.0157090157480315
11
5.3270744488188972
21
-3.015709094488189
0
LINE
8
BLACK
6
CONTINUOUS
10
5.3270744488188972
20
-3.015709094488189
11
5.3242936220472439
21
-3.0169274015748031
0
LINE
8
BLACK
6
CONTINUOUS
10
5.3242936220472439
20
-3.0169274015748031
11
5.3242929527559051
21
-3.0169277559055119
0
LINE
8
BLACK
6
CONTINUOUS
10
5.3242929527559051
20
-3.0169277559055119
11
5.3220107874015747
21
-3.0183077165354328
0
LINE
8
BLACK
6
CONTINUOUS
10
5.3220107874015747
20
-3.0183077165354328
11
5.3018303543307086
21
-3.0344521259842518
0
LINE
8
BLACK
6
CONTINUOUS
10
5.3018303543307086
20
-3.0344521259842518
11
5.3008197637795273
21
-3.0352605905511809
0
LINE
8
BLACK
6
CONTINUOUS
10
5.3008197637795273
20
-3.0352605905511809
11
5.3008195669291336
21
-3.0352607480314959
0
LINE
8
BLACK
6
CONTINUOUS
10
5.3008195669291336
20
-3.0352607480314959
11
5.2994522047244095
21
-3.0365809448818899
0
LINE
8
BLACK
6
CONTINUOUS
10
5.2994522047244095
20
-3.0365809448818899
11
5.2980372047244098
21
-3.0382277952755903
0
LINE
8
BLACK
6
CONTINUOUS
10
5.2980372047244098
20
-3.0382277952755903
11
5.2976806299212598
21
-3.0386667716535434
0
LINE
8
BLACK
6
CONTINUOUS
10
5.2976806299212598
20
-3.0386667716535434
11
5.2976805511811023
21
-3.0386669291338584
0
LINE
8
BLACK
6
CONTINUOUS
10
5.2976805511811023
20
-3.0386669291338584
11
5.2959174409448817
21
-3.0422421653543306
0
LINE
8
BLACK
6
CONTINUOUS
10
5.2959174409448817
20
-3.0422421653543306
11
5.2959173622047242
21
-3.0422423622047243
0
LINE
8
BLACK
6
CONTINUOUS
10
5.2959173622047242
20
-3.0422423622047243
11
5.2951316141732283
21
-3.0451749606299212
0
LINE
8
BLACK
6
CONTINUOUS
10
5.2951316141732283
20
-3.0451749606299212
11
5.2951314173228345
21
-3.0451758661417321
0
LINE
8
BLACK
6
CONTINUOUS
10
5.2951314173228345
20
-3.0451758661417321
11
5.2947834645669287
21
-3.0478190944881889
0
LINE
8
BLACK
6
CONTINUOUS
10
5.2947834645669287
20
-3.0478190944881889
11
5.2947834645669287
21
-3.0478851181102362
0
LINE
8
BLACK
6
CONTINUOUS
10
5.2947834645669287
20
-3.0478851181102362
11
5.294777007874016
21
-3.0479174015748032
0
LINE
8
BLACK
6
CONTINUOUS
10
5.294777007874016
20
-3.0479174015748032
11
5.2947709055118111
21
-3.0480110236220472
0
LINE
8
BLACK
6
CONTINUOUS
10
5.2947709055118111
20
-3.0480110236220472
11
5.294758582677165
21
-3.0480101968503934
0
LINE
8
BLACK
6
CONTINUOUS
10
5.294758582677165
20
-3.0480101968503934
11
5.2943370078740157
21
-3.0501298425196848
0
LINE
8
BLACK
6
CONTINUOUS
10
5.2943370078740157
20
-3.0501298425196848
11
5.294183661417323
21
-3.0504999606299212
0
LINE
8
BLACK
6
CONTINUOUS
10
5.294183661417323
20
-3.0504999606299212
11
5.2936023622047239
21
-3.0534225196850393
0
LINE
8
BLACK
6
CONTINUOUS
10
5.2936023622047239
20
-3.0534225196850393
11
5.2936023622047239
21
-3.1065774015748029
0
LINE
8
BLACK
6
CONTINUOUS
10
5.4743012204724408
20
-2.8287311023622048
11
5.4743010236220471
21
-2.8287311417322836
0
LINE
8
BLACK
6
CONTINUOUS
10
5.4743010236220471
20
-2.8287311417322836
11
5.4689905511811023
21
-2.8309308267716533
0
LINE
8
BLACK
6
CONTINUOUS
10
5.4689905511811023
20
-2.8309308267716533
11
5.4644301574803151
21
-2.8344301574803148
0
LINE
8
BLACK
6
CONTINUOUS
10
5.4644301574803151
20
-2.8344301574803148
11
5.4609308267716532
21
-2.8389905511811024
0
LINE
8
BLACK
6
CONTINUOUS
10
5.4609308267716532
20
-2.8389905511811024
11
5.458731141732283
21
-2.8443010236220472
0
LINE
8
BLACK
6
CONTINUOUS
10
5.458731141732283
20
-2.8443010236220472
11
5.4587311023622043
21
-2.8443012204724409
0
LINE
8
BLACK
6
CONTINUOUS
10
5.4587311023622043
20
-2.8443012204724409
11
5.4579809055118105
21
-2.8499998818897638
0
LINE
8
BLACK
6
CONTINUOUS
10
5.4579809055118105
20
-2.8499998818897638
11
5.4579809055118105
21
-2.8500000787401576
0
LINE
8
BLACK
6
CONTINUOUS
10
5.4579809055118105
20
-2.8500000787401576
11
5.4587311023622043
21
-2.8556988582677163
0
LINE
8
BLACK
6
CONTINUOUS
10
5.4587311023622043
20
-2.8556988582677163
11
5.460930866141732
21
-2.8610095275590552
0
LINE
8
BLACK
6
CONTINUOUS
10
5.460930866141732
20
-2.8610095275590552
11
5.4609309055118107
21
-2.861009566929134
0
LINE
8
BLACK
6
CONTINUOUS
10
5.4609309055118107
20
-2.861009566929134
11
5.4644301574803151
21
-2.8655698425196849
0
LINE
8
BLACK
6
CONTINUOUS
10
5.4644301574803151
20
-2.8655698425196849
11
5.4667797637795275
21
-2.8673727559055115
0
LINE
8
BLACK
6
CONTINUOUS
10
5.4667797637795275
20
-2.8673727559055115
11
5.468628267716535
21
-2.8697817716535434
0
LINE
8
BLACK
6
CONTINUOUS
10
5.468628267716535
20
-2.8697817716535434
11
5.4690748031496064
21
-2.872026653543307
0
LINE
8
BLACK
6
CONTINUOUS
10
5.4690748031496064
20
-2.872026653543307
11
5.4690748031496064
21
-2.8779330708661415
0
LINE
8
BLACK
6
CONTINUOUS
10
5.4690748031496064
20
-2.8779330708661415
11
5.4682888976377955
21
-2.8808661417322834
0
LINE
8
BLACK
6
CONTINUOUS
10
5.4682888976377955
20
-2.8808661417322834
11
5.4661417322834644
21
-2.883013307086614
0
LINE
8
BLACK
6
CONTINUOUS
10
5.4661417322834644
20
-2.883013307086614
11
5.4632087007874013
21
-2.8837992125984253
0
LINE
8
BLACK
6
CONTINUOUS
10
5.4632087007874013
20
-2.8837992125984253
11
5.4584226771653546
21
-2.8837992125984253
0
LINE
8
BLACK
6
CONTINUOUS
10
5.4584226771653546
20
-2.8837992125984253
11
5.455499960629921
21
-2.8843805118110235
0
LINE
8
BLACK
6
CONTINUOUS
10
5.455499960629921
20
-2.8843805118110235
11
5.4521856692913389
21
-2.8865950787401573
0
LINE
8
BLACK
6
CONTINUOUS
10
5.4521856692913389
20
-2.8865950787401573
11
5.4521855905511813
21
-2.8865951574803148
0
LINE
8
BLACK
6
CONTINUOUS
10
5.4521855905511813
20
-2.8865951574803148
11
5.4499711023622046
21
-2.8899093307086612
0
LINE
8
BLACK
6
CONTINUOUS
10
5.4499711023622046
20
-2.8899093307086612
11
5.4493897637795277
21
-2.8928319685039368
0
LINE
8
BLACK
6
CONTINUOUS
10
5.4493897637795277
20
-2.8928319685039368
11
5.4493897637795277
21
-2.9223646456692913
0
LINE
8
BLACK
6
CONTINUOUS
10
5.4493897637795277
20
-2.9223646456692913
11
5.4499710629921259
21
-2.9252874015748032
0
LINE
8
BLACK
6
CONTINUOUS
10
5.4499710629921259
20
-2.9252874015748032
11
5.4521856299212601
21
-2.9286016929133858
0
LINE
8
BLACK
6
CONTINUOUS
10
5.4521856299212601
20
-2.9286016929133858
11
5.4521857086614176
21
-2.9286017716535433
0
LINE
8
BLACK
6
CONTINUOUS
10
5.4521857086614176
20
-2.9286017716535433
11
5.4554998818897635
21
-2.9308162598425196
0
LINE
8
BLACK
6
CONTINUOUS
10
5.4554998818897635
20
-2.9308162598425196
11
5.455499960629921
21
-2.9308162992125983
0
LINE
8
BLACK
6
CONTINUOUS
10
5.455499960629921
20
-2.9308162992125983
11
5.4584225590551183
21
-2.9313976377952757
0
LINE
8
BLACK
6
CONTINUOUS
10
5.4584225590551183
20
-2.9313976377952757
11
5.5115774015748027
21
-2.931397598425197
0
LINE
8
BLACK
6
CONTINUOUS
10
5.5115774015748027
20
-2.931397598425197
11
5.5145000393700787
21
-2.9308162992125983
0
LINE
8
BLACK
6
CONTINUOUS
10
5.5145000393700787
20
-2.9308162992125983
11
5.5178143307086609
21
-2.9286017322834645
0
LINE
8
BLACK
6
CONTINUOUS
10
5.5178143307086609
20
-2.9286017322834645
11
5.5200288976377951
21
-2.9252874409448819
0
LINE
8
BLACK
6
CONTINUOUS
10
5.5200288976377951
20
-2.9252874409448819
11
5.5206102362204721
21
-2.9223648425196851
0
LINE
8
BLACK
6
CONTINUOUS
10
5.5206102362204721
20
-2.9223648425196851
11
5.5206101968503933
21
-2.8928320472440943
0
LINE
8
BLACK
6
CONTINUOUS
10
5.5206101968503933
20
-2.8928320472440943
11
5.5200288976377951
21
-2.8899094094488187
0
LINE
8
BLACK
6
CONTINUOUS
10
5.5200288976377951
20
-2.8899094094488187
11
5.5178143307086609
21
-2.8865951181102361
0
LINE
8
BLACK
6
CONTINUOUS
10
5.5178143307086609
20
-2.8865951181102361
11
5.5178142913385821
21
-2.8865950787401573
0
LINE
8
BLACK
6
CONTINUOUS
10
5.5178142913385821
20
-2.8865950787401573
11
5.5178142519685034
21
-2.8865950393700786
0
LINE
8
BLACK
6
CONTINUOUS
10
5.5178142519685034
20
-2.8865950393700786
11
5.5145000787401575
21
-2.8843805511811023
0
LINE
8
BLACK
6
CONTINUOUS
10
5.5145000787401575
20
-2.8843805511811023
11
5.5115774409448814
21
-2.8837992125984253
0
LINE
8
BLACK
6
CONTINUOUS
10
5.5115774409448814
20
-2.8837992125984253
11
5.5067913385826772
21
-2.8837992125984253
0
LINE
8
BLACK
6
CONTINUOUS
10
5.5067913385826772
20
-2.8837992125984253
11
5.5038582677165353
21
-2.883013307086614
0
LINE
8
BLACK
6
CONTINUOUS
10
5.5038582677165353
20
-2.883013307086614
11
5.5017111023622043
21
-2.8808661417322834
0
LINE
8
BLACK
6
CONTINUOUS
10
5.5017111023622043
20
-2.8808661417322834
11
5.5009251968503934
21
-2.8779330708661415
0
LINE
8
BLACK
6
CONTINUOUS
10
5.5009251968503934
20
-2.8779330708661415
11
5.5009251968503934
21
-2.8576953937007872
0
LINE
8
BLACK
6
CONTINUOUS
10
5.5009251968503934
20
-2.8576953937007872
11
5.5012444488188974
21
-2.8560903543307088
0
LINE
8
BLACK
6
CONTINUOUS
10
5.5012444488188974
20
-2.8560903543307088
11
5.5011693307086613
21
-2.8560702362204724
0
LINE
8
BLACK
6
CONTINUOUS
10
5.5011693307086613
20
-2.8560702362204724
11
5.5012687401574798
21
-2.8556991338582676
0
LINE
8
BLACK
6
CONTINUOUS
10
5.5012687401574798
20
-2.8556991338582676
11
5.5012688188976373
21
-2.8556989763779526
0
LINE
8
BLACK
6
CONTINUOUS
10
5.5012688188976373
20
-2.8556989763779526
11
5.5020190944881886
21
-2.8500000000000001
0
LINE
8
BLACK
6
CONTINUOUS
10
5.5020190944881886
20
-2.8500000000000001
11
5.5012688188976373
21
-2.8443010236220472
0
LINE
8
BLACK
6
CONTINUOUS
10
5.5012688188976373
20
-2.8443010236220472
11
5.4990690944881893
21
-2.8389904724409449
0
LINE
8
BLACK
6
CONTINUOUS
10
5.4990690944881893
20
-2.8389904724409449
11
5.4955698425196848
21
-2.8344301574803148
0
LINE
8
BLACK
6
CONTINUOUS
10
5.4955698425196848
20
-2.8344301574803148
11
5.4955697637795273
21
-2.834430118110236
0
LINE
8
BLACK
6
CONTINUOUS
10
5.4955697637795273
20
-2.834430118110236
11
5.4955697637795273
21
-2.8344300787401573
0
LINE
8
BLACK
6
CONTINUOUS
10
5.4955697637795273
20
-2.8344300787401573
11
5.4910095275590551
21
-2.8309308661417321
0
LINE
8
BLACK
6
CONTINUOUS
10
5.4910095275590551
20
-2.8309308661417321
11
5.4910095275590551
21
-2.8309308267716533
0
LINE
8
BLACK
6
CONTINUOUS
10
5.4910095275590551
20
-2.8309308267716533
11
5.4856988582677166
21
-2.8287311023622048
0
LINE
8
BLACK
6
CONTINUOUS
10
5.4856988582677166
20
-2.8287311023622048
11
5.4800001181102358
21
-2.827980905511811
0
LINE
8
BLACK
6
CONTINUOUS
10
5.4800001181102358
20
-2.827980905511811
11
5.4799998818897633
21
-2.827980905511811
0
LINE
8
BLACK
6
CONTINUOUS
10
5.4799998818897633
20
-2.827980905511811
11
5.4743012204724408
21
-2.8287311023622048
0
CIRCLE
8
BLACK
10
4.7999999999999998
20
-2.7999999999999998
40
0.0068897637795276
0
CIRCLE
8
BLACK
10
6.
20
-2.7999999999999998
40
0.0068897637795276
0
CIRCLE
8
BLACK
10
4.7999999999999998
20
-4.
40
0.0068897637795276
0
CIRCLE
8
BLACK
10
6.
20
-4.
40
0.0068897637795276
0
CIRCLE
8
BLACK
10
5.9668503937007875
20
-3.6999999999999997
40
0.0068897637795276
0
CIRCLE
8
BLACK
10
5.7699999999999996
20
-3.6999999999999997
40
0.0068897637795276
0
CIRCLE
8
BLACK
10
5.9668503937007875
20
-3.5
40
0.0068897637795276
0
CIRCLE
8
BLACK
10
5.7699999999999996
20
-3.5
40
0.0068897637795276
0
CIRCLE
8
BLACK
10
5.9668503937007875
20
-3.1000000000000001
40
0.0068897637795276
0
CIRCLE
8
BLACK
10
5.7699999999999996
20
-3.1000000000000001
40
0.0068897637795276
0
CIRCLE
8
BLACK
10
5.9668503937007875
20
-3.2999999999999998
40
0.0068897637795276
0
CIRCLE
8
BLACK
10
5.7699999999999996
20
-3.2999999999999998
40
0.0068897637795276
0
CIRCLE
8
BLACK
10
5.1349999999999998
20
-3.9950000000000001
40
0.0068897637795276
0
CIRCLE
8
BLACK
10
5.4649999999999999
20
-3.8900000000000001
40
0.0068897637795276
0
CIRCLE
8
BLACK
10
5.4649999999999999
20
-3.9884251968503937
40
0.0068897637795276
0
CIRCLE
8
BLACK
10
5.2324999999999999
20
-3.6625000000000001
40
0.0059055118110236
0
CIRCLE
8
BLACK
10
5.2299999999999995
20
-3.7549999999999999
40
0.0059055118110236
0
CIRCLE
8
BLACK
10
5.2299999999999995
20
-3.71
40
0.0059055118110236
0
CIRCLE
8
BLACK
10
5.1875
20
-3.7549999999999999
40
0.0059055118110236
0
CIRCLE
8
BLACK
10
5.1875
20
-3.71
40
0.0059055118110236
0
CIRCLE
8
BLACK
10
5.1875
20
-3.6625000000000001
40
0.0059055118110236
0
CIRCLE
8
BLACK
10
5.3999999999999995
20
-3.2949999999999999
40
0.0059055118110236
0
CIRCLE
8
BLACK
10
5.2400000000000002
20
-3.4699999999999998
40
0.0059055118110236
0
CIRCLE
8
BLACK
10
5.4050000000000002
20
-3.415
40
0.0059055118110236
0
CIRCLE
8
BLACK
10
4.7909448818897635
20
-3.27
40
0.0059055118110236
0
CIRCLE
8
BLACK
10
5.6449999999999996
20
-3.5699999999999998
40
0.0059055118110236
0
CIRCLE
8
BLACK
10
5.3549999999999995
20
-3.25
40
0.0059055118110236
0
CIRCLE
8
BLACK
10
5.2400000000000002
20
-3.4199999999999999
40
0.0059055118110236
0
CIRCLE
8
BLACK
10
5.3149999999999995
20
-3.29
40
0.0059055118110236
0
CIRCLE
8
BLACK
10
5.4050000000000002
20
-3.4750000000000001
40
0.0059055118110236
0
CIRCLE
8
BLACK
10
5.5
20
-3.2949999999999999
40
0.0059055118110236
0
CIRCLE
8
BLACK
10
5.2699999999999996
20
-3.29
40
0.0059055118110236
0
CIRCLE
8
BLACK
10
5.2400000000000002
20
-3.375
40
0.0059055118110236
0
CIRCLE
8
BLACK
10
5.5599999999999996
20
-3.3999999999999999
40
0.0059055118110236
0
CIRCLE
8
BLACK
10
5.5700000000000003
20
-3.5656299212598426
40
0.0059055118110236
0
CIRCLE
8
BLACK
10
5.5599999999999996
20
-3.4350000000000001
40
0.0059055118110236
0
CIRCLE
8
BLACK
10
5.3549999999999995
20
-3.21
40
0.0059055118110236
0
CIRCLE
8
BLACK
10
4.9799999999999995
20
-3.6899999999999999
40
0.0059055118110236
0
CIRCLE
8
BLACK
10
5.4050000000000002
20
-3.3700000000000001
40
0.0059055118110236
0
CIRCLE
8
BLACK
10
5.4500000000000002
20
-3.2949999999999999
40
0.0059055118110236
0
CIRCLE
8
BLACK
10
4.6925984251968504
20
-3.7549999999999999
40
0.0059055118110236
0
CIRCLE
8
BLACK
10
5.5599999999999996
20
-3.4750000000000001
40
0.0059055118110236
0
CIRCLE
8
BLACK
10
5.5899999999999999
20
-3.2440551181102362
40
0.0059055118110236
0
CIRCLE
8
BLACK
10
5.2199999999999998
20
-3.29
40
0.0059055118110236
0
CIRCLE
8
BLACK
10
5.2406299212598428
20
-3.8700000000000001
40
0.0059055118110236
0
CIRCLE
8
BLACK
10
4.8300000000000001
20
-3.6106299212598425
40
0.0059055118110236
0
CIRCLE
8
BLACK
10
5.125
20
-3.5800000000000001
40
0.0059055118110236
0
CIRCLE
8
BLACK
10
5.2949999999999999
20
-3.5800000000000001
40
0.0059055118110236
0
CIRCLE
8
BLACK
10
5.4799999999999995
20
-2.8500000000000001
40
0.0059055118110236
  0
ENDSEC
  0
EOF
