  0
SECTION
  2
HEADER
  9
$ANGBASE
  50
0.0
  9
$ANGDIR
  70
1
  9
$MEASUREMENT
  70
0
  0
ENDSEC
  0
SECTION
  2
TABLES
  0
TABLE
  2
LTYPE
  70
4
  0
LTYPE
  5
40F
  2
CONTINUOUS
  70
0
  3
Solid line
  72
65
  73
0
  40
0.0
  0
LTYPE
  5
410
  2
DASHDOT
 70
0
  3
Dash Dot ____ _ ____ _
 72
65
 73
4
 40
2.0
 49
1.25
 49
-0.25
 49
0.25
 49
-0.25
  0
LTYPE
  5
411
  2
DASHED
 70
0
  3
Dashed __ __ __ __ __
 72
65
 73
2
 40
0.75
 49
0.5
 49
-0.25
  0
LTYPE
  5
43B
  2
DOTTED
 70
0
  3
Dotted .  .  .  .
 72
65
 73
2
 40
0.2
 49
0.0
 49
-0.2
  0
ENDTAB
  0
TABLE
  2
STYLE
  70
4
  0
STYLE
  2
KICAD
  70
0
  40
0
  41
1
  42
1
  50
0
  71
0
  3
isocp.shx
  0
STYLE
  2
KICADB
  70
0
  40
0
  41
1
  42
1
  50
0
  71
0
  3
isocp.shx
  0
STYLE
  2
KICADI
  70
0
  40
0
  41
1
  42
1
  50
15
  71
0
  3
isocp.shx
  0
STYLE
  2
KICADBI
  70
0
  40
0
  41
1
  42
1
  50
15
  71
0
  3
isocp.shx
  0
ENDTAB
  0
TABLE
  2
LAYER
  70
1
  0
LAYER
  2
BLACK
  70
0
  62
7
  6
CONTINUOUS
  0
ENDTAB
  0
ENDSEC
  0
SECTION
  2
ENTITIES
0
LINE
8
BLACK
6
CONTINUOUS
10
5.2444719291338577
20
-4.0945350787401571
11
5.2445756299212594
21
-4.094527716535433
0
LINE
8
BLACK
6
CONTINUOUS
10
5.2445756299212594
20
-4.094527716535433
11
5.2446546850393698
21
-4.0945530708661417
0
LINE
8
BLACK
6
CONTINUOUS
10
5.2446546850393698
20
-4.0945530708661417
11
5.2448512992125984
21
-4.0945724409448818
0
LINE
8
BLACK
6
CONTINUOUS
10
5.2448512992125984
20
-4.0945724409448818
11
5.2453194094488191
21
-4.0947663385826774
0
LINE
8
BLACK
6
CONTINUOUS
10
5.2453194094488191
20
-4.0947663385826774
11
5.2509524803149601
21
-4.0965736220472442
0
LINE
8
BLACK
6
CONTINUOUS
10
5.2509524803149601
20
-4.0965736220472442
11
5.2516572440944884
21
-4.0968882283464563
0
LINE
8
BLACK
6
CONTINUOUS
10
5.2516572440944884
20
-4.0968882283464563
11
5.2528177165354331
21
-4.097894724409449
0
LINE
8
BLACK
6
CONTINUOUS
10
5.2528177165354331
20
-4.097894724409449
11
5.2535046850393696
21
-4.0992687007874018
0
LINE
8
BLACK
6
CONTINUOUS
10
5.2535046850393696
20
-4.0992687007874018
11
5.2536136220472436
21
-4.1008009842519684
0
LINE
8
BLACK
6
CONTINUOUS
10
5.2536136220472436
20
-4.1008009842519684
11
5.2531278346456691
21
-4.1022583070866139
0
LINE
8
BLACK
6
CONTINUOUS
10
5.2531278346456691
20
-4.1022583070866139
11
5.2521213385826773
21
-4.1034187795275594
0
LINE
8
BLACK
6
CONTINUOUS
10
5.2521213385826773
20
-4.1034187795275594
11
5.2507473622047245
21
-4.1041057874015747
0
LINE
8
BLACK
6
CONTINUOUS
10
5.2507473622047245
20
-4.1041057874015747
11
5.249215078740157
21
-4.1042146850393699
0
LINE
8
BLACK
6
CONTINUOUS
10
5.249215078740157
20
-4.1042146850393699
11
5.2432690157480311
21
-4.1023069685039371
0
LINE
8
BLACK
6
CONTINUOUS
10
5.2432690157480311
20
-4.1023069685039371
11
5.2355427952755909
21
-4.1023646062992123
0
LINE
8
BLACK
6
CONTINUOUS
10
5.2355427952755909
20
-4.1023646062992123
11
5.2331905118110233
21
-4.1035859448818899
0
LINE
8
BLACK
6
CONTINUOUS
10
5.2331905118110233
20
-4.1035859448818899
11
5.2322195669291336
21
-4.1046007874015746
0
LINE
8
BLACK
6
CONTINUOUS
10
5.2322195669291336
20
-4.1046007874015746
11
5.2311011811023622
21
-4.1069255118110233
0
LINE
8
BLACK
6
CONTINUOUS
10
5.2311011811023622
20
-4.1069255118110233
11
5.2311331496062987
21
-4.1088335433070862
0
LINE
8
BLACK
6
CONTINUOUS
10
5.2311331496062987
20
-4.1088335433070862
11
5.2323625590551179
21
-4.1112013779527556
0
LINE
8
BLACK
6
CONTINUOUS
10
5.2323625590551179
20
-4.1112013779527556
11
5.2333772440944877
21
-4.1121721653543304
0
LINE
8
BLACK
6
CONTINUOUS
10
5.2333772440944877
20
-4.1121721653543304
11
5.236330905511811
21
-4.11359311023622
0
LINE
8
BLACK
6
CONTINUOUS
10
5.236330905511811
20
-4.11359311023622
11
5.2431633070866139
21
-4.1152367716535432
0
LINE
8
BLACK
6
CONTINUOUS
10
5.2431633070866139
20
-4.1152367716535432
11
5.2432198818897637
21
-4.1152569685039371
0
LINE
8
BLACK
6
CONTINUOUS
10
5.2432198818897637
20
-4.1152569685039371
11
5.243248346456693
21
-4.1152590157480313
0
LINE
8
BLACK
6
CONTINUOUS
10
5.243248346456693
20
-4.1152590157480313
11
5.2433140157480311
21
-4.1152905905511812
0
LINE
8
BLACK
6
CONTINUOUS
10
5.2433140157480311
20
-4.1152905905511812
11
5.2438901181102358
21
-4.1154964173228343
0
LINE
8
BLACK
6
CONTINUOUS
10
5.2438901181102358
20
-4.1154964173228343
11
5.244164645669291
21
-4.1156998031496066
0
LINE
8
BLACK
6
CONTINUOUS
10
5.244164645669291
20
-4.1156998031496066
11
5.2477186614173226
21
-4.1174096062992129
0
LINE
8
BLACK
6
CONTINUOUS
10
5.2477186614173226
20
-4.1174096062992129
11
5.2480492125984251
21
-4.1176176771653541
0
LINE
8
BLACK
6
CONTINUOUS
10
5.2480492125984251
20
-4.1176176771653541
11
5.2481452755905513
21
-4.1176574803149606
0
LINE
8
BLACK
6
CONTINUOUS
10
5.2481452755905513
20
-4.1176574803149606
11
5.2482084251968502
21
-4.1177178740157476
0
LINE
8
BLACK
6
CONTINUOUS
10
5.2482084251968502
20
-4.1177178740157476
11
5.2483718110236222
21
-4.1178207480314963
0
LINE
8
BLACK
6
CONTINUOUS
10
5.2483718110236222
20
-4.1178207480314963
11
5.2486441338582672
21
-4.1181347637795271
0
LINE
8
BLACK
6
CONTINUOUS
10
5.2486441338582672
20
-4.1181347637795271
11
5.2506166141732287
21
-4.1200218503937007
0
LINE
8
BLACK
6
CONTINUOUS
10
5.2506166141732287
20
-4.1200218503937007
11
5.2508643307086613
21
-4.1203236614173226
0
LINE
8
BLACK
6
CONTINUOUS
10
5.2508643307086613
20
-4.1203236614173226
11
5.2509429921259843
21
-4.1203918897637797
0
LINE
8
BLACK
6
CONTINUOUS
10
5.2509429921259843
20
-4.1203918897637797
11
5.2509820078740157
21
-4.1204670078740158
0
LINE
8
BLACK
6
CONTINUOUS
10
5.2509820078740157
20
-4.1204670078740158
11
5.25110625984252
21
-4.1206184251968505
0
LINE
8
BLACK
6
CONTINUOUS
10
5.25110625984252
20
-4.1206184251968505
11
5.2512862598425194
21
-4.1210530708661413
0
LINE
8
BLACK
6
CONTINUOUS
10
5.2512862598425194
20
-4.1210530708661413
11
5.2532288976377952
21
-4.1247945669291335
0
LINE
8
BLACK
6
CONTINUOUS
10
5.2532288976377952
20
-4.1247945669291335
11
5.2535047244094484
21
-4.1255153937007876
0
LINE
8
BLACK
6
CONTINUOUS
10
5.2535047244094484
20
-4.1255153937007876
11
5.2535147244094489
21
-4.125656456692913
0
LINE
8
BLACK
6
CONTINUOUS
10
5.2535147244094489
20
-4.125656456692913
11
5.2535688976377948
21
-4.1257872047244097
0
LINE
8
BLACK
6
CONTINUOUS
10
5.2535688976377948
20
-4.1257872047244097
11
5.2535827165354325
21
-4.1266128346456696
0
LINE
8
BLACK
6
CONTINUOUS
10
5.2535827165354325
20
-4.1266128346456696
11
5.2536136220472436
21
-4.1270476771653541
0
LINE
8
BLACK
6
CONTINUOUS
10
5.2536136220472436
20
-4.1270476771653541
11
5.2535911023622042
21
-4.1271151181102361
0
LINE
8
BLACK
6
CONTINUOUS
10
5.2535911023622042
20
-4.1271151181102361
11
5.2536445275590546
21
-4.1303048031496061
0
LINE
8
BLACK
6
CONTINUOUS
10
5.2536445275590546
20
-4.1303048031496061
11
5.2535688976377948
21
-4.1310728740157483
0
LINE
8
BLACK
6
CONTINUOUS
10
5.2535688976377948
20
-4.1310728740157483
11
5.2535147244094489
21
-4.1312035826771654
0
LINE
8
BLACK
6
CONTINUOUS
10
5.2535147244094489
20
-4.1312035826771654
11
5.2535047244094484
21
-4.1313446850393696
0
LINE
8
BLACK
6
CONTINUOUS
10
5.2535047244094484
20
-4.1313446850393696
11
5.2531562992125984
21
-4.1320688582677167
0
LINE
8
BLACK
6
CONTINUOUS
10
5.2531562992125984
20
-4.1320688582677167
11
5.2529810236220476
21
-4.1324920866141728
0
LINE
8
BLACK
6
CONTINUOUS
10
5.2529810236220476
20
-4.1324920866141728
11
5.252926496062992
21
-4.1325465748031496
0
LINE
8
BLACK
6
CONTINUOUS
10
5.252926496062992
20
-4.1325465748031496
11
5.2513541338582677
21
-4.135815
0
LINE
8
BLACK
6
CONTINUOUS
10
5.2513541338582677
20
-4.135815
11
5.2511461023622044
21
-4.136145472440945
0
LINE
8
BLACK
6
CONTINUOUS
10
5.2511461023622044
20
-4.136145472440945
11
5.2511062992125987
21
-4.1362416141732279
0
LINE
8
BLACK
6
CONTINUOUS
10
5.2511062992125987
20
-4.1362416141732279
11
5.2510457874015746
21
-4.1363048031496064
0
LINE
8
BLACK
6
CONTINUOUS
10
5.2510457874015746
20
-4.1363048031496064
11
5.2509429921259843
21
-4.1364681889763775
0
LINE
8
BLACK
6
CONTINUOUS
10
5.2509429921259843
20
-4.1364681889763775
11
5.2506290157480313
21
-4.1367404330708659
0
LINE
8
BLACK
6
CONTINUOUS
10
5.2506290157480313
20
-4.1367404330708659
11
5.248741889763779
21
-4.138712992125984
0
LINE
8
BLACK
6
CONTINUOUS
10
5.248741889763779
20
-4.138712992125984
11
5.248439921259842
21
-4.1389608267716538
0
LINE
8
BLACK
6
CONTINUOUS
10
5.248439921259842
20
-4.1389608267716538
11
5.2483718110236222
21
-4.1390393700787405
0
LINE
8
BLACK
6
CONTINUOUS
10
5.2483718110236222
20
-4.1390393700787405
11
5.2482967322834648
21
-4.1390783070866144
0
LINE
8
BLACK
6
CONTINUOUS
10
5.2482967322834648
20
-4.1390783070866144
11
5.2481453149606301
21
-4.1392026377952753
0
LINE
8
BLACK
6
CONTINUOUS
10
5.2481453149606301
20
-4.1392026377952753
11
5.2477103937007872
21
-4.1393827559055119
0
LINE
8
BLACK
6
CONTINUOUS
10
5.2477103937007872
20
-4.1393827559055119
11
5.2439691338582675
21
-4.1413252755905514
0
LINE
8
BLACK
6
CONTINUOUS
10
5.2439691338582675
20
-4.1413252755905514
11
5.243248346456693
21
-4.1416011023622046
0
LINE
8
BLACK
6
CONTINUOUS
10
5.243248346456693
20
-4.1416011023622046
11
5.2431072440944879
21
-4.1416111023622042
0
LINE
8
BLACK
6
CONTINUOUS
10
5.2431072440944879
20
-4.1416111023622042
11
5.2429765354330709
21
-4.141665275590551
0
LINE
8
BLACK
6
CONTINUOUS
10
5.2429765354330709
20
-4.141665275590551
11
5.2422713779527559
21
-4.1416705118110233
0
LINE
8
BLACK
6
CONTINUOUS
10
5.2422713779527559
20
-4.1416705118110233
11
5.2417160629921256
21
-4.1417099999999998
0
LINE
8
BLACK
6
CONTINUOUS
10
5.2417160629921256
20
-4.1417099999999998
11
5.2416124015748027
21
-4.1416754330708656
0
LINE
8
BLACK
6
CONTINUOUS
10
5.2416124015748027
20
-4.1416754330708656
11
5.2328346456692909
21
-4.1417409055118108
0
LINE
8
BLACK
6
CONTINUOUS
10
5.2328346456692909
20
-4.1417409055118108
11
5.2324459055118107
21
-4.1417025984251969
0
LINE
8
BLACK
6
CONTINUOUS
10
5.2324459055118107
20
-4.1417025984251969
11
5.232342204724409
21
-4.1417099999999998
0
LINE
8
BLACK
6
CONTINUOUS
10
5.232342204724409
20
-4.1417099999999998
11
5.2322631102362207
21
-4.1416846062992123
0
LINE
8
BLACK
6
CONTINUOUS
10
5.2322631102362207
20
-4.1416846062992123
11
5.2320665748031496
21
-4.141665275590551
0
LINE
8
BLACK
6
CONTINUOUS
10
5.2320665748031496
20
-4.141665275590551
11
5.2315985826771652
21
-4.1414714173228342
0
LINE
8
BLACK
6
CONTINUOUS
10
5.2315985826771652
20
-4.1414714173228342
11
5.2259653543307083
21
-4.1396640944881886
0
LINE
8
BLACK
6
CONTINUOUS
10
5.2259653543307083
20
-4.1396640944881886
11
5.2252606299212596
21
-4.1393494881889765
0
LINE
8
BLACK
6
CONTINUOUS
10
5.2252606299212596
20
-4.1393494881889765
11
5.224100157480315
21
-4.1383429921259838
0
LINE
8
BLACK
6
CONTINUOUS
10
5.224100157480315
20
-4.1383429921259838
11
5.2234131496062988
21
-4.136969015748031
0
LINE
8
BLACK
6
CONTINUOUS
10
5.2234131496062988
20
-4.136969015748031
11
5.2233042519685036
21
-4.1354367322834644
0
LINE
8
BLACK
6
CONTINUOUS
10
5.2233042519685036
20
-4.1354367322834644
11
5.2237900000000002
21
-4.1339794094488189
0
LINE
8
BLACK
6
CONTINUOUS
10
5.2237900000000002
20
-4.1339794094488189
11
5.224796496062992
21
-4.1328189370078743
0
LINE
8
BLACK
6
CONTINUOUS
10
5.224796496062992
20
-4.1328189370078743
11
5.2261704724409448
21
-4.1321319291338581
0
LINE
8
BLACK
6
CONTINUOUS
10
5.2261704724409448
20
-4.1321319291338581
11
5.2277027559055114
21
-4.1320230314960629
0
LINE
8
BLACK
6
CONTINUOUS
10
5.2277027559055114
20
-4.1320230314960629
11
5.2336487795275586
21
-4.133930708661417
0
LINE
8
BLACK
6
CONTINUOUS
10
5.2336487795275586
20
-4.133930708661417
11
5.2413749999999997
21
-4.1338730708661418
0
LINE
8
BLACK
6
CONTINUOUS
10
5.2413749999999997
20
-4.1338730708661418
11
5.2437273228346459
21
-4.1326517322834642
0
LINE
8
BLACK
6
CONTINUOUS
10
5.2437273228346459
20
-4.1326517322834642
11
5.2446982677165357
21
-4.1316368503937007
0
LINE
8
BLACK
6
CONTINUOUS
10
5.2446982677165357
20
-4.1316368503937007
11
5.2458166535433071
21
-4.129312125984252
0
LINE
8
BLACK
6
CONTINUOUS
10
5.2458166535433071
20
-4.129312125984252
11
5.2457846850393697
21
-4.1274040551181104
0
LINE
8
BLACK
6
CONTINUOUS
10
5.2457846850393697
20
-4.1274040551181104
11
5.2445553543307089
21
-4.1250363779527559
0
LINE
8
BLACK
6
CONTINUOUS
10
5.2445553543307089
20
-4.1250363779527559
11
5.2435405118110232
21
-4.1240654330708661
0
LINE
8
BLACK
6
CONTINUOUS
10
5.2435405118110232
20
-4.1240654330708661
11
5.2405869291338583
21
-4.1226445275590553
0
LINE
8
BLACK
6
CONTINUOUS
10
5.2405869291338583
20
-4.1226445275590553
11
5.2337545275590553
21
-4.1210009055118109
0
LINE
8
BLACK
6
CONTINUOUS
10
5.2337545275590553
20
-4.1210009055118109
11
5.233697874015748
21
-4.1209806692913382
0
LINE
8
BLACK
6
CONTINUOUS
10
5.233697874015748
20
-4.1209806692913382
11
5.233669527559055
21
-4.1209786614173227
0
LINE
8
BLACK
6
CONTINUOUS
10
5.233669527559055
20
-4.1209786614173227
11
5.2336038976377948
21
-4.1209470866141729
0
LINE
8
BLACK
6
CONTINUOUS
10
5.2336038976377948
20
-4.1209470866141729
11
5.2330277559055114
21
-4.1207412598425197
0
LINE
8
BLACK
6
CONTINUOUS
10
5.2330277559055114
20
-4.1207412598425197
11
5.2327531889763774
21
-4.1205378346456696
0
LINE
8
BLACK
6
CONTINUOUS
10
5.2327531889763774
20
-4.1205378346456696
11
5.2291992125984255
21
-4.118828070866142
0
LINE
8
BLACK
6
CONTINUOUS
10
5.2291992125984255
20
-4.118828070866142
11
5.2288686220472442
21
-4.1186199606299212
0
LINE
8
BLACK
6
CONTINUOUS
10
5.2288686220472442
20
-4.1186199606299212
11
5.228772559055118
21
-4.1185801968503934
0
LINE
8
BLACK
6
CONTINUOUS
10
5.228772559055118
20
-4.1185801968503934
11
5.2287093700787404
21
-4.1185197244094489
0
LINE
8
BLACK
6
CONTINUOUS
10
5.2287093700787404
20
-4.1185197244094489
11
5.2285460236220471
21
-4.1184169291338586
0
LINE
8
BLACK
6
CONTINUOUS
10
5.2285460236220471
20
-4.1184169291338586
11
5.2282737401574799
21
-4.1181029527559057
0
LINE
8
BLACK
6
CONTINUOUS
10
5.2282737401574799
20
-4.1181029527559057
11
5.2263012204724406
21
-4.1162158267716533
0
LINE
8
BLACK
6
CONTINUOUS
10
5.2263012204724406
20
-4.1162158267716533
11
5.2260533858267717
21
-4.1159138188976376
0
LINE
8
BLACK
6
CONTINUOUS
10
5.2260533858267717
20
-4.1159138188976376
11
5.2259748818897638
21
-4.1158457480314956
0
LINE
8
BLACK
6
CONTINUOUS
10
5.2259748818897638
20
-4.1158457480314956
11
5.2259358661417323
21
-4.1157706299212595
0
LINE
8
BLACK
6
CONTINUOUS
10
5.2259358661417323
20
-4.1157706299212595
11
5.225811614173228
21
-4.1156192125984248
0
LINE
8
BLACK
6
CONTINUOUS
10
5.225811614173228
20
-4.1156192125984248
11
5.2256314960629924
21
-4.1151843700787403
0
LINE
8
BLACK
6
CONTINUOUS
10
5.2256314960629924
20
-4.1151843700787403
11
5.2236889763779528
21
-4.1114430708661418
0
LINE
8
BLACK
6
CONTINUOUS
10
5.2236889763779528
20
-4.1114430708661418
11
5.2234131496062988
21
-4.1107222834645665
0
LINE
8
BLACK
6
CONTINUOUS
10
5.2234131496062988
20
-4.1107222834645665
11
5.2234031102362204
21
-4.1105811811023623
0
LINE
8
BLACK
6
CONTINUOUS
10
5.2234031102362204
20
-4.1105811811023623
11
5.2233489763779524
21
-4.1104504724409452
0
LINE
8
BLACK
6
CONTINUOUS
10
5.2233489763779524
20
-4.1104504724409452
11
5.2233351181102359
21
-4.1096248031496065
0
LINE
8
BLACK
6
CONTINUOUS
10
5.2233351181102359
20
-4.1096248031496065
11
5.2233042519685036
21
-4.1091899999999999
0
LINE
8
BLACK
6
CONTINUOUS
10
5.2233042519685036
20
-4.1091899999999999
11
5.2233267322834642
21
-4.1091225196850392
0
LINE
8
BLACK
6
CONTINUOUS
10
5.2233267322834642
20
-4.1091225196850392
11
5.2232733464566925
21
-4.1059328740157479
0
LINE
8
BLACK
6
CONTINUOUS
10
5.2232733464566925
20
-4.1059328740157479
11
5.2233489763779524
21
-4.1051648031496066
0
LINE
8
BLACK
6
CONTINUOUS
10
5.2233489763779524
20
-4.1051648031496066
11
5.2234031102362204
21
-4.1050340551181099
0
LINE
8
BLACK
6
CONTINUOUS
10
5.2234031102362204
20
-4.1050340551181099
11
5.2234131496062988
21
-4.1048929921259845
0
LINE
8
BLACK
6
CONTINUOUS
10
5.2234131496062988
20
-4.1048929921259845
11
5.2237615354330709
21
-4.1041687795275585
0
LINE
8
BLACK
6
CONTINUOUS
10
5.2237615354330709
20
-4.1041687795275585
11
5.2239368503937005
21
-4.1037455905511813
0
LINE
8
BLACK
6
CONTINUOUS
10
5.2239368503937005
20
-4.1037455905511813
11
5.2239913385826773
21
-4.1036910629921257
0
LINE
8
BLACK
6
CONTINUOUS
10
5.2239913385826773
20
-4.1036910629921257
11
5.2255637401574804
21
-4.100422677165354
0
LINE
8
BLACK
6
CONTINUOUS
10
5.2255637401574804
20
-4.100422677165354
11
5.2257718110236215
21
-4.1000920866141728
0
LINE
8
BLACK
6
CONTINUOUS
10
5.2257718110236215
20
-4.1000920866141728
11
5.225811614173228
21
-4.0999960629921262
0
LINE
8
BLACK
6
CONTINUOUS
10
5.225811614173228
20
-4.0999960629921262
11
5.225872007874016
21
-4.0999328740157477
0
LINE
8
BLACK
6
CONTINUOUS
10
5.225872007874016
20
-4.0999328740157477
11
5.2259748818897638
21
-4.0997695275590553
0
LINE
8
BLACK
6
CONTINUOUS
10
5.2259748818897638
20
-4.0997695275590553
11
5.2262888976377955
21
-4.0994971653543306
0
LINE
8
BLACK
6
CONTINUOUS
10
5.2262888976377955
20
-4.0994971653543306
11
5.2281759842519682
21
-4.0975247244094488
0
LINE
8
BLACK
6
CONTINUOUS
10
5.2281759842519682
20
-4.0975247244094488
11
5.2284777952755901
21
-4.0972769685039365
0
LINE
8
BLACK
6
CONTINUOUS
10
5.2284777952755901
20
-4.0972769685039365
11
5.2285460236220471
21
-4.0971983464566932
0
LINE
8
BLACK
6
CONTINUOUS
10
5.2285460236220471
20
-4.0971983464566932
11
5.2286211417322832
21
-4.0971592913385821
0
LINE
8
BLACK
6
CONTINUOUS
10
5.2286211417322832
20
-4.0971592913385821
11
5.228772559055118
21
-4.0970350787401575
0
LINE
8
BLACK
6
CONTINUOUS
10
5.228772559055118
20
-4.0970350787401575
11
5.2292072047244096
21
-4.0968550393700784
0
LINE
8
BLACK
6
CONTINUOUS
10
5.2292072047244096
20
-4.0968550393700784
11
5.2329487007874018
21
-4.0949124409448814
0
LINE
8
BLACK
6
CONTINUOUS
10
5.2329487007874018
20
-4.0949124409448814
11
5.233669527559055
21
-4.0946366141732282
0
LINE
8
BLACK
6
CONTINUOUS
10
5.233669527559055
20
-4.0946366141732282
11
5.2338105905511814
21
-4.0946265748031498
0
LINE
8
BLACK
6
CONTINUOUS
10
5.2338105905511814
20
-4.0946265748031498
11
5.2339413385826772
21
-4.0945724409448818
0
LINE
8
BLACK
6
CONTINUOUS
10
5.2339413385826772
20
-4.0945724409448818
11
5.2346464566929134
21
-4.0945671653543307
0
LINE
8
BLACK
6
CONTINUOUS
10
5.2346464566929134
20
-4.0945671653543307
11
5.2352018110236216
21
-4.094527716535433
0
LINE
8
BLACK
6
CONTINUOUS
10
5.2352018110236216
20
-4.094527716535433
11
5.2353054330708657
21
-4.0945622440944884
0
LINE
8
BLACK
6
CONTINUOUS
10
5.2353054330708657
20
-4.0945622440944884
11
5.2440832283464562
21
-4.094496811023622
0
LINE
8
BLACK
6
CONTINUOUS
10
5.2440832283464562
20
-4.094496811023622
11
5.2444719291338577
21
-4.0945350787401571
0
LINE
8
BLACK
6
CONTINUOUS
10
5.316092401574803
20
-4.0945724409448818
11
5.3175116141732284
21
-4.0951603149606299
0
LINE
8
BLACK
6
CONTINUOUS
10
5.3175116141732284
20
-4.0951603149606299
11
5.3185978346456695
21
-4.096246535433071
0
LINE
8
BLACK
6
CONTINUOUS
10
5.3185978346456695
20
-4.096246535433071
11
5.3191857086614176
21
-4.0976657480314964
0
LINE
8
BLACK
6
CONTINUOUS
10
5.3191857086614176
20
-4.0976657480314964
11
5.3191857086614176
21
-4.0992018897637799
0
LINE
8
BLACK
6
CONTINUOUS
10
5.3191857086614176
20
-4.0992018897637799
11
5.3185978346456695
21
-4.1006211023622043
0
LINE
8
BLACK
6
CONTINUOUS
10
5.3185978346456695
20
-4.1006211023622043
11
5.3175116141732284
21
-4.1017073228346455
0
LINE
8
BLACK
6
CONTINUOUS
10
5.3175116141732284
20
-4.1017073228346455
11
5.316092401574803
21
-4.1022951968503936
0
LINE
8
BLACK
6
CONTINUOUS
10
5.316092401574803
20
-4.1022951968503936
11
5.3004468897637791
21
-4.1023558267716531
0
LINE
8
BLACK
6
CONTINUOUS
10
5.3004468897637791
20
-4.1023558267716531
11
5.3004674803149605
21
-4.1132946850393699
0
LINE
8
BLACK
6
CONTINUOUS
10
5.3004674803149605
20
-4.1132946850393699
11
5.3097000393700791
21
-4.1132444488188975
0
LINE
8
BLACK
6
CONTINUOUS
10
5.3097000393700791
20
-4.1132444488188975
11
5.3104681102362203
21
-4.1133200787401574
0
LINE
8
BLACK
6
CONTINUOUS
10
5.3104681102362203
20
-4.1133200787401574
11
5.3118873228346457
21
-4.1139079527559055
0
LINE
8
BLACK
6
CONTINUOUS
10
5.3118873228346457
20
-4.1139079527559055
11
5.3129735433070868
21
-4.1149941732283466
0
LINE
8
BLACK
6
CONTINUOUS
10
5.3129735433070868
20
-4.1149941732283466
11
5.3135614173228349
21
-4.116413385826772
0
LINE
8
BLACK
6
CONTINUOUS
10
5.3135614173228349
20
-4.116413385826772
11
5.3135614173228349
21
-4.1179495275590554
0
LINE
8
BLACK
6
CONTINUOUS
10
5.3135614173228349
20
-4.1179495275590554
11
5.3129735433070868
21
-4.1193687401574799
0
LINE
8
BLACK
6
CONTINUOUS
10
5.3129735433070868
20
-4.1193687401574799
11
5.3118873228346457
21
-4.120454960629921
0
LINE
8
BLACK
6
CONTINUOUS
10
5.3118873228346457
20
-4.120454960629921
11
5.3104681102362203
21
-4.1210428346456691
0
LINE
8
BLACK
6
CONTINUOUS
10
5.3104681102362203
20
-4.1210428346456691
11
5.3004822047244096
21
-4.1210971653543309
0
LINE
8
BLACK
6
CONTINUOUS
10
5.3004822047244096
20
-4.1210971653543309
11
5.3005063779527557
21
-4.133924291338583
0
LINE
8
BLACK
6
CONTINUOUS
10
5.3005063779527557
20
-4.133924291338583
11
5.3153243307086617
21
-4.1338668897637794
0
LINE
8
BLACK
6
CONTINUOUS
10
5.3153243307086617
20
-4.1338668897637794
11
5.316092401574803
21
-4.1339425196850392
0
LINE
8
BLACK
6
CONTINUOUS
10
5.316092401574803
20
-4.1339425196850392
11
5.3175116141732284
21
-4.1345303937007873
0
LINE
8
BLACK
6
CONTINUOUS
10
5.3175116141732284
20
-4.1345303937007873
11
5.3185978346456695
21
-4.1356166141732285
0
LINE
8
BLACK
6
CONTINUOUS
10
5.3185978346456695
20
-4.1356166141732285
11
5.3191857086614176
21
-4.1370358267716538
0
LINE
8
BLACK
6
CONTINUOUS
10
5.3191857086614176
20
-4.1370358267716538
11
5.3191857086614176
21
-4.1385719685039373
0
LINE
8
BLACK
6
CONTINUOUS
10
5.3191857086614176
20
-4.1385719685039373
11
5.3185978346456695
21
-4.1399911811023618
0
LINE
8
BLACK
6
CONTINUOUS
10
5.3185978346456695
20
-4.1399911811023618
11
5.3175116141732284
21
-4.1410774015748029
0
LINE
8
BLACK
6
CONTINUOUS
10
5.3175116141732284
20
-4.1410774015748029
11
5.316092401574803
21
-4.141665275590551
0
LINE
8
BLACK
6
CONTINUOUS
10
5.316092401574803
20
-4.141665275590551
11
5.2965766929133853
21
-4.1417409055118108
0
LINE
8
BLACK
6
CONTINUOUS
10
5.2965766929133853
20
-4.1417409055118108
11
5.295808622047244
21
-4.141665275590551
0
LINE
8
BLACK
6
CONTINUOUS
10
5.295808622047244
20
-4.141665275590551
11
5.2943894094488186
21
-4.1410774015748029
0
LINE
8
BLACK
6
CONTINUOUS
10
5.2943894094488186
20
-4.1410774015748029
11
5.2933031889763775
21
-4.1399911811023618
0
LINE
8
BLACK
6
CONTINUOUS
10
5.2933031889763775
20
-4.1399911811023618
11
5.2927153149606294
21
-4.1385719685039373
0
LINE
8
BLACK
6
CONTINUOUS
10
5.2927153149606294
20
-4.1385719685039373
11
5.2926396850393695
21
-4.0984338188976377
0
LINE
8
BLACK
6
CONTINUOUS
10
5.2926396850393695
20
-4.0984338188976377
11
5.2927153149606294
21
-4.0976657480314964
0
LINE
8
BLACK
6
CONTINUOUS
10
5.2927153149606294
20
-4.0976657480314964
11
5.2933031889763775
21
-4.096246535433071
0
LINE
8
BLACK
6
CONTINUOUS
10
5.2933031889763775
20
-4.096246535433071
11
5.2943894094488186
21
-4.0951603149606299
0
LINE
8
BLACK
6
CONTINUOUS
10
5.2943894094488186
20
-4.0951603149606299
11
5.295808622047244
21
-4.0945724409448818
0
LINE
8
BLACK
6
CONTINUOUS
10
5.295808622047244
20
-4.0945724409448818
11
5.3153243307086617
21
-4.094496811023622
0
LINE
8
BLACK
6
CONTINUOUS
10
5.3153243307086617
20
-4.094496811023622
11
5.316092401574803
21
-4.0945724409448818
0
LINE
8
BLACK
6
CONTINUOUS
10
5.3813298425196852
20
-4.0945350787401571
11
5.3814335433070868
21
-4.094527716535433
0
LINE
8
BLACK
6
CONTINUOUS
10
5.3814335433070868
20
-4.094527716535433
11
5.3815125984251964
21
-4.0945530708661417
0
LINE
8
BLACK
6
CONTINUOUS
10
5.3815125984251964
20
-4.0945530708661417
11
5.3817092125984249
21
-4.0945724409448818
0
LINE
8
BLACK
6
CONTINUOUS
10
5.3817092125984249
20
-4.0945724409448818
11
5.3821773228346457
21
-4.0947663385826774
0
LINE
8
BLACK
6
CONTINUOUS
10
5.3821773228346457
20
-4.0947663385826774
11
5.3878103937007875
21
-4.0965736220472442
0
LINE
8
BLACK
6
CONTINUOUS
10
5.3878103937007875
20
-4.0965736220472442
11
5.388515157480315
21
-4.0968882283464563
0
LINE
8
BLACK
6
CONTINUOUS
10
5.388515157480315
20
-4.0968882283464563
11
5.3886220472440947
21
-4.0969809448818895
0
LINE
8
BLACK
6
CONTINUOUS
10
5.3886220472440947
20
-4.0969809448818895
11
5.388752716535433
21
-4.0970350787401575
0
LINE
8
BLACK
6
CONTINUOUS
10
5.388752716535433
20
-4.0970350787401575
11
5.3893004330708658
21
-4.0975692913385826
0
LINE
8
BLACK
6
CONTINUOUS
10
5.3893004330708658
20
-4.0975692913385826
11
5.3896756299212596
21
-4.097894724409449
0
LINE
8
BLACK
6
CONTINUOUS
10
5.3896756299212596
20
-4.097894724409449
11
5.3897151968503936
21
-4.0979738582677161
0
LINE
8
BLACK
6
CONTINUOUS
10
5.3897151968503936
20
-4.0979738582677161
11
5.3930988582677166
21
-4.1012742125984252
0
LINE
8
BLACK
6
CONTINUOUS
10
5.3930988582677166
20
-4.1012742125984252
11
5.3933465354330705
21
-4.1015760236220471
0
LINE
8
BLACK
6
CONTINUOUS
10
5.3933465354330705
20
-4.1015760236220471
11
5.3934251968503935
21
-4.1016442519685041
0
LINE
8
BLACK
6
CONTINUOUS
10
5.3934251968503935
20
-4.1016442519685041
11
5.3934642125984249
21
-4.1017194488188977
0
LINE
8
BLACK
6
CONTINUOUS
10
5.3934642125984249
20
-4.1017194488188977
11
5.3935884645669292
21
-4.1018708267716537
0
LINE
8
BLACK
6
CONTINUOUS
10
5.3935884645669292
20
-4.1018708267716537
11
5.3937684645669286
21
-4.1023054330708657
0
LINE
8
BLACK
6
CONTINUOUS
10
5.3937684645669286
20
-4.1023054330708657
11
5.3957111023622044
21
-4.1060469291338579
0
LINE
8
BLACK
6
CONTINUOUS
10
5.3957111023622044
20
-4.1060469291338579
11
5.3957325984251971
21
-4.106103149606299
0
LINE
8
BLACK
6
CONTINUOUS
10
5.3957325984251971
20
-4.106103149606299
11
5.3957495275590546
21
-4.1061259842519684
0
LINE
8
BLACK
6
CONTINUOUS
10
5.3957495275590546
20
-4.1061259842519684
11
5.3957667322834642
21
-4.1061923228346453
0
LINE
8
BLACK
6
CONTINUOUS
10
5.3957667322834642
20
-4.1061923228346453
11
5.3959869291338585
21
-4.106767755905512
0
LINE
8
BLACK
6
CONTINUOUS
10
5.3959869291338585
20
-4.106767755905512
11
5.3960136614173226
21
-4.1071439370078737
0
LINE
8
BLACK
6
CONTINUOUS
10
5.3960136614173226
20
-4.1071439370078737
11
5.3978839370078742
21
-4.1143518110236217
0
LINE
8
BLACK
6
CONTINUOUS
10
5.3978839370078742
20
-4.1143518110236217
11
5.3979036220472443
21
-4.1144849212598427
0
LINE
8
BLACK
6
CONTINUOUS
10
5.3979036220472443
20
-4.1144849212598427
11
5.3979258661417324
21
-4.1145386220472444
0
LINE
8
BLACK
6
CONTINUOUS
10
5.3979258661417324
20
-4.1145386220472444
11
5.3979270866141729
21
-4.1146437007874015
0
LINE
8
BLACK
6
CONTINUOUS
10
5.3979270866141729
20
-4.1146437007874015
11
5.3979968503937004
21
-4.1151153149606294
0
LINE
8
BLACK
6
CONTINUOUS
10
5.3979968503937004
20
-4.1151153149606294
11
5.3979374015748034
21
-4.1155146850393702
0
LINE
8
BLACK
6
CONTINUOUS
10
5.3979374015748034
20
-4.1155146850393702
11
5.3980014960629923
21
-4.1209309842519684
0
LINE
8
BLACK
6
CONTINUOUS
10
5.3980014960629923
20
-4.1209309842519684
11
5.3979882677165349
21
-4.1210649212598423
0
LINE
8
BLACK
6
CONTINUOUS
10
5.3979882677165349
20
-4.1210649212598423
11
5.3979968503937004
21
-4.1211223622047246
0
LINE
8
BLACK
6
CONTINUOUS
10
5.3979968503937004
20
-4.1211223622047246
11
5.3979727952755905
21
-4.1212222834645669
0
LINE
8
BLACK
6
CONTINUOUS
10
5.3979727952755905
20
-4.1212222834645669
11
5.3979258661417324
21
-4.1216990551181105
0
LINE
8
BLACK
6
CONTINUOUS
10
5.3979258661417324
20
-4.1216990551181105
11
5.3977642519685034
21
-4.1220891338582675
0
LINE
8
BLACK
6
CONTINUOUS
10
5.3977642519685034
20
-4.1220891338582675
11
5.3960091732283466
21
-4.1293849212598426
0
LINE
8
BLACK
6
CONTINUOUS
10
5.3960091732283466
20
-4.1293849212598426
11
5.395988937007874
21
-4.1294415354330711
0
LINE
8
BLACK
6
CONTINUOUS
10
5.395988937007874
20
-4.1294415354330711
11
5.3959869291338585
21
-4.129469921259842
0
LINE
8
BLACK
6
CONTINUOUS
10
5.3959869291338585
20
-4.129469921259842
11
5.3959553543307086
21
-4.1295355118110235
0
LINE
8
BLACK
6
CONTINUOUS
10
5.3959553543307086
20
-4.1295355118110235
11
5.3957495275590546
21
-4.1301116929133856
0
LINE
8
BLACK
6
CONTINUOUS
10
5.3957495275590546
20
-4.1301116929133856
11
5.3955461023622044
21
-4.1303862204724409
0
LINE
8
BLACK
6
CONTINUOUS
10
5.3955461023622044
20
-4.1303862204724409
11
5.3938363385826769
21
-4.1339402362204725
0
LINE
8
BLACK
6
CONTINUOUS
10
5.3938363385826769
20
-4.1339402362204725
11
5.3936283070866144
21
-4.1342707086614174
0
LINE
8
BLACK
6
CONTINUOUS
10
5.3936283070866144
20
-4.1342707086614174
11
5.3935885039370079
21
-4.1343668503937003
0
LINE
8
BLACK
6
CONTINUOUS
10
5.3935885039370079
20
-4.1343668503937003
11
5.3935301574803152
21
-4.134426653543307
0
LINE
8
BLACK
6
CONTINUOUS
10
5.3935301574803152
20
-4.134426653543307
11
5.3934251968503935
21
-4.1345934251968499
0
LINE
8
BLACK
6
CONTINUOUS
10
5.3934251968503935
20
-4.1345934251968499
11
5.3930507874015747
21
-4.13491811023622
0
LINE
8
BLACK
6
CONTINUOUS
10
5.3930507874015747
20
-4.13491811023622
11
5.3893493307086615
21
-4.138712992125984
0
LINE
8
BLACK
6
CONTINUOUS
10
5.3893493307086615
20
-4.138712992125984
11
5.3887527559055117
21
-4.1392026377952753
0
LINE
8
BLACK
6
CONTINUOUS
10
5.3887527559055117
20
-4.1392026377952753
11
5.3886220472440947
21
-4.1392567716535433
0
LINE
8
BLACK
6
CONTINUOUS
10
5.3886220472440947
20
-4.1392567716535433
11
5.388515157480315
21
-4.1393494881889765
0
LINE
8
BLACK
6
CONTINUOUS
10
5.388515157480315
20
-4.1393494881889765
11
5.3878056692913381
21
-4.1395948818897637
0
LINE
8
BLACK
6
CONTINUOUS
10
5.3878056692913381
20
-4.1395948818897637
11
5.3873335433070864
21
-4.1397904724409447
0
LINE
8
BLACK
6
CONTINUOUS
10
5.3873335433070864
20
-4.1397904724409447
11
5.3872403543307081
21
-4.1397904724409447
0
LINE
8
BLACK
6
CONTINUOUS
10
5.3872403543307081
20
-4.1397904724409447
11
5.3821861417322836
21
-4.1415388582677162
0
LINE
8
BLACK
6
CONTINUOUS
10
5.3821861417322836
20
-4.1415388582677162
11
5.3818053543307087
21
-4.1416254330708657
0
LINE
8
BLACK
6
CONTINUOUS
10
5.3818053543307087
20
-4.1416254330708657
11
5.3817092125984249
21
-4.141665275590551
0
LINE
8
BLACK
6
CONTINUOUS
10
5.3817092125984249
20
-4.141665275590551
11
5.3816275196850389
21
-4.1416658661417323
0
LINE
8
BLACK
6
CONTINUOUS
10
5.3816275196850389
20
-4.1416658661417323
11
5.3814335433070868
21
-4.1417099999999998
0
LINE
8
BLACK
6
CONTINUOUS
10
5.3814335433070868
20
-4.1417099999999998
11
5.380890157480315
21
-4.1416713779527559
0
LINE
8
BLACK
6
CONTINUOUS
10
5.380890157480315
20
-4.1416713779527559
11
5.3715673228346459
21
-4.1417409055118108
0
LINE
8
BLACK
6
CONTINUOUS
10
5.3715673228346459
20
-4.1417409055118108
11
5.3707992519685037
21
-4.141665275590551
0
LINE
8
BLACK
6
CONTINUOUS
10
5.3707992519685037
20
-4.141665275590551
11
5.3693800393700784
21
-4.1410774015748029
0
LINE
8
BLACK
6
CONTINUOUS
10
5.3693800393700784
20
-4.1410774015748029
11
5.3682938188976372
21
-4.1399911811023618
0
LINE
8
BLACK
6
CONTINUOUS
10
5.3682938188976372
20
-4.1399911811023618
11
5.36770594488189
21
-4.1385719685039373
0
LINE
8
BLACK
6
CONTINUOUS
10
5.36770594488189
20
-4.1385719685039373
11
5.3676303149606301
21
-4.0984338188976377
0
LINE
8
BLACK
6
CONTINUOUS
10
5.3676303149606301
20
-4.0984338188976377
11
5.36770594488189
21
-4.0976657480314964
0
LINE
8
BLACK
6
CONTINUOUS
10
5.36770594488189
20
-4.0976657480314964
11
5.3682938188976372
21
-4.096246535433071
0
LINE
8
BLACK
6
CONTINUOUS
10
5.3682938188976372
20
-4.096246535433071
11
5.3693800393700784
21
-4.0951603149606299
0
LINE
8
BLACK
6
CONTINUOUS
10
5.3693800393700784
20
-4.0951603149606299
11
5.3707992519685037
21
-4.0945724409448818
0
LINE
8
BLACK
6
CONTINUOUS
10
5.3707992519685037
20
-4.0945724409448818
11
5.3809411417322837
21
-4.094496811023622
0
LINE
8
BLACK
6
CONTINUOUS
10
5.3809411417322837
20
-4.094496811023622
11
5.3813298425196852
21
-4.0945350787401571
0
LINE
8
BLACK
6
CONTINUOUS
10
5.3754374803149609
20
-4.1023419291338579
11
5.3754969685039367
21
-4.1339074803149609
0
LINE
8
BLACK
6
CONTINUOUS
10
5.3754969685039367
20
-4.1339074803149609
11
5.3804748818897634
21
-4.1338703543307087
0
LINE
8
BLACK
6
CONTINUOUS
10
5.3804748818897634
20
-4.1338703543307087
11
5.384537165354331
21
-4.1324651181102361
0
LINE
8
BLACK
6
CONTINUOUS
10
5.384537165354331
20
-4.1324651181102361
11
5.3871871259842514
21
-4.1297482677165354
0
LINE
8
BLACK
6
CONTINUOUS
10
5.3871871259842514
20
-4.1297482677165354
11
5.3886013779527557
21
-4.1268085039370082
0
LINE
8
BLACK
6
CONTINUOUS
10
5.3886013779527557
20
-4.1268085039370082
11
5.3901856299212598
21
-4.1202229921259841
0
LINE
8
BLACK
6
CONTINUOUS
10
5.3901856299212598
20
-4.1202229921259841
11
5.3901302755905514
21
-4.1155455118110238
0
LINE
8
BLACK
6
CONTINUOUS
10
5.3901302755905514
20
-4.1155455118110238
11
5.3884185039370074
21
-4.1089483858267712
0
LINE
8
BLACK
6
CONTINUOUS
10
5.3884185039370074
20
-4.1089483858267712
11
5.3870161417322837
21
-4.1062474409448821
0
LINE
8
BLACK
6
CONTINUOUS
10
5.3870161417322837
20
-4.1062474409448821
11
5.3843727952755902
21
-4.1036692125984251
0
LINE
8
BLACK
6
CONTINUOUS
10
5.3843727952755902
20
-4.1036692125984251
11
5.3801269291338585
21
-4.1023069685039371
0
LINE
8
BLACK
6
CONTINUOUS
10
5.3801269291338585
20
-4.1023069685039371
11
5.3754374803149609
21
-4.1023419291338579
0
LINE
8
BLACK
6
CONTINUOUS
10
5.426703582677165
20
-4.0945724409448818
11
5.426834291338583
21
-4.0946265748031498
0
LINE
8
BLACK
6
CONTINUOUS
10
5.426834291338583
20
-4.0946265748031498
11
5.4269753937007872
21
-4.0946366141732282
0
LINE
8
BLACK
6
CONTINUOUS
10
5.4269753937007872
20
-4.0946366141732282
11
5.4276995669291335
21
-4.0949850000000003
0
LINE
8
BLACK
6
CONTINUOUS
10
5.4276995669291335
20
-4.0949850000000003
11
5.4281227952755904
21
-4.0951603149606299
0
LINE
8
BLACK
6
CONTINUOUS
10
5.4281227952755904
20
-4.0951603149606299
11
5.4281772834645672
21
-4.0952148031496058
0
LINE
8
BLACK
6
CONTINUOUS
10
5.4281772834645672
20
-4.0952148031496058
11
5.4314457086614176
21
-4.0967872047244089
0
LINE
8
BLACK
6
CONTINUOUS
10
5.4314457086614176
20
-4.0967872047244089
11
5.4317762598425192
21
-4.096995275590551
0
LINE
8
BLACK
6
CONTINUOUS
10
5.4317762598425192
20
-4.096995275590551
11
5.4318723228346455
21
-4.0970350787401575
0
LINE
8
BLACK
6
CONTINUOUS
10
5.4318723228346455
20
-4.0970350787401575
11
5.4319320472440946
21
-4.0970933464566928
0
LINE
8
BLACK
6
CONTINUOUS
10
5.4319320472440946
20
-4.0970933464566928
11
5.4320988582677163
21
-4.0971983464566932
0
LINE
8
BLACK
6
CONTINUOUS
10
5.4320988582677163
20
-4.0971983464566932
11
5.4324235826771652
21
-4.097572755905512
0
LINE
8
BLACK
6
CONTINUOUS
10
5.4324235826771652
20
-4.097572755905512
11
5.4362184645669291
21
-4.1012742125984252
0
LINE
8
BLACK
6
CONTINUOUS
10
5.4362184645669291
20
-4.1012742125984252
11
5.4367080708661417
21
-4.1018708267716537
0
LINE
8
BLACK
6
CONTINUOUS
10
5.4367080708661417
20
-4.1018708267716537
11
5.4368200787401575
21
-4.1021412204724408
0
LINE
8
BLACK
6
CONTINUOUS
10
5.4368200787401575
20
-4.1021412204724408
11
5.4369943700787404
21
-4.1023764566929133
0
LINE
8
BLACK
6
CONTINUOUS
10
5.4369943700787404
20
-4.1023764566929133
11
5.437123228346457
21
-4.1028730708661421
0
LINE
8
BLACK
6
CONTINUOUS
10
5.437123228346457
20
-4.1028730708661421
11
5.4372959448818898
21
-4.1032900393700791
0
LINE
8
BLACK
6
CONTINUOUS
10
5.4372959448818898
20
-4.1032900393700791
11
5.4372959448818898
21
-4.103538661417323
0
LINE
8
BLACK
6
CONTINUOUS
10
5.4372959448818898
20
-4.103538661417323
11
5.4391287795275591
21
-4.1106022834645666
0
LINE
8
BLACK
6
CONTINUOUS
10
5.4391287795275591
20
-4.1106022834645666
11
5.4391484645669292
21
-4.1107353937007876
0
LINE
8
BLACK
6
CONTINUOUS
10
5.4391484645669292
20
-4.1107353937007876
11
5.4391707086614174
21
-4.1107890944881893
0
LINE
8
BLACK
6
CONTINUOUS
10
5.4391707086614174
20
-4.1107890944881893
11
5.4391712204724412
21
-4.1108894881889766
0
LINE
8
BLACK
6
CONTINUOUS
10
5.4391712204724412
20
-4.1108894881889766
11
5.4392416929133853
21
-4.1113657874015743
0
LINE
8
BLACK
6
CONTINUOUS
10
5.4392416929133853
20
-4.1113657874015743
11
5.439176220472441
21
-4.1118055905511808
0
LINE
8
BLACK
6
CONTINUOUS
10
5.439176220472441
20
-4.1118055905511808
11
5.4392463385826773
21
-4.1246805118110235
0
LINE
8
BLACK
6
CONTINUOUS
10
5.4392463385826773
20
-4.1246805118110235
11
5.4392331102362199
21
-4.1248144488188974
0
LINE
8
BLACK
6
CONTINUOUS
10
5.4392331102362199
20
-4.1248144488188974
11
5.4392416929133853
21
-4.1248718897637797
0
LINE
8
BLACK
6
CONTINUOUS
10
5.4392416929133853
20
-4.1248718897637797
11
5.4392176377952755
21
-4.124971811023622
0
LINE
8
BLACK
6
CONTINUOUS
10
5.4392176377952755
20
-4.124971811023622
11
5.4391707086614174
21
-4.1254485826771656
0
LINE
8
BLACK
6
CONTINUOUS
10
5.4391707086614174
20
-4.1254485826771656
11
5.4390090944881893
21
-4.1258386614173226
0
LINE
8
BLACK
6
CONTINUOUS
10
5.4390090944881893
20
-4.1258386614173226
11
5.4372540157480316
21
-4.1331344488188977
0
LINE
8
BLACK
6
CONTINUOUS
10
5.4372540157480316
20
-4.1331344488188977
11
5.4369943700787404
21
-4.1338612204724408
0
LINE
8
BLACK
6
CONTINUOUS
10
5.4369943700787404
20
-4.1338612204724408
11
5.4368201181102362
21
-4.134096338582677
0
LINE
8
BLACK
6
CONTINUOUS
10
5.4368201181102362
20
-4.134096338582677
11
5.4367081102362205
21
-4.1343668503937003
0
LINE
8
BLACK
6
CONTINUOUS
10
5.4367081102362205
20
-4.1343668503937003
11
5.4363403149606295
21
-4.1347438582677167
0
LINE
8
BLACK
6
CONTINUOUS
10
5.4363403149606295
20
-4.1347438582677167
11
5.4360798425196846
21
-4.1350954724409448
0
LINE
8
BLACK
6
CONTINUOUS
10
5.4360798425196846
20
-4.1350954724409448
11
5.4358811023622042
21
-4.1352146850393696
0
LINE
8
BLACK
6
CONTINUOUS
10
5.4358811023622042
20
-4.1352146850393696
11
5.432468937007874
21
-4.138712992125984
0
LINE
8
BLACK
6
CONTINUOUS
10
5.432468937007874
20
-4.138712992125984
11
5.4321669685039371
21
-4.1389608267716538
0
LINE
8
BLACK
6
CONTINUOUS
10
5.4321669685039371
20
-4.1389608267716538
11
5.4320988582677163
21
-4.1390393700787405
0
LINE
8
BLACK
6
CONTINUOUS
10
5.4320988582677163
20
-4.1390393700787405
11
5.432023779527559
21
-4.1390783070866144
0
LINE
8
BLACK
6
CONTINUOUS
10
5.432023779527559
20
-4.1390783070866144
11
5.4318723622047242
21
-4.1392026377952753
0
LINE
8
BLACK
6
CONTINUOUS
10
5.4318723622047242
20
-4.1392026377952753
11
5.4314374409448813
21
-4.1393827559055119
0
LINE
8
BLACK
6
CONTINUOUS
10
5.4314374409448813
20
-4.1393827559055119
11
5.4276961811023625
21
-4.1413252755905514
0
LINE
8
BLACK
6
CONTINUOUS
10
5.4276961811023625
20
-4.1413252755905514
11
5.4269753937007872
21
-4.1416011023622046
0
LINE
8
BLACK
6
CONTINUOUS
10
5.4269753937007872
20
-4.1416011023622046
11
5.426834291338583
21
-4.1416111023622042
0
LINE
8
BLACK
6
CONTINUOUS
10
5.426834291338583
20
-4.1416111023622042
11
5.426703582677165
21
-4.141665275590551
0
LINE
8
BLACK
6
CONTINUOUS
10
5.426703582677165
20
-4.141665275590551
11
5.4259791338582675
21
-4.1416718897637796
0
LINE
8
BLACK
6
CONTINUOUS
10
5.4259791338582675
20
-4.1416718897637796
11
5.4254431102362206
21
-4.1417099999999998
0
LINE
8
BLACK
6
CONTINUOUS
10
5.4254431102362206
20
-4.1417099999999998
11
5.4253461811023618
21
-4.1416776771653545
0
LINE
8
BLACK
6
CONTINUOUS
10
5.4253461811023618
20
-4.1416776771653545
11
5.4184364566929135
21
-4.1417409055118108
0
LINE
8
BLACK
6
CONTINUOUS
10
5.4184364566929135
20
-4.1417409055118108
11
5.4176683858267713
21
-4.141665275590551
0
LINE
8
BLACK
6
CONTINUOUS
10
5.4176683858267713
20
-4.141665275590551
11
5.4175376377952755
21
-4.1416111023622042
0
LINE
8
BLACK
6
CONTINUOUS
10
5.4175376377952755
20
-4.1416111023622042
11
5.4173965748031492
21
-4.1416011023622046
0
LINE
8
BLACK
6
CONTINUOUS
10
5.4173965748031492
20
-4.1416011023622046
11
5.4166723622047241
21
-4.1412526771653546
0
LINE
8
BLACK
6
CONTINUOUS
10
5.4166723622047241
20
-4.1412526771653546
11
5.416249173228346
21
-4.1410774015748029
0
LINE
8
BLACK
6
CONTINUOUS
10
5.416249173228346
20
-4.1410774015748029
11
5.4161946456692913
21
-4.1410228740157482
0
LINE
8
BLACK
6
CONTINUOUS
10
5.4161946456692913
20
-4.1410228740157482
11
5.4129262598425196
21
-4.1394505118110239
0
LINE
8
BLACK
6
CONTINUOUS
10
5.4129262598425196
20
-4.1394505118110239
11
5.4125956692913384
21
-4.1392424015748031
0
LINE
8
BLACK
6
CONTINUOUS
10
5.4125956692913384
20
-4.1392424015748031
11
5.4124996062992121
21
-4.1392026377952753
0
LINE
8
BLACK
6
CONTINUOUS
10
5.4124996062992121
20
-4.1392026377952753
11
5.4124398031496064
21
-4.1391443307086613
0
LINE
8
BLACK
6
CONTINUOUS
10
5.4124398031496064
20
-4.1391443307086613
11
5.4122730708661413
21
-4.1390393700787405
0
LINE
8
BLACK
6
CONTINUOUS
10
5.4122730708661413
20
-4.1390393700787405
11
5.4119483070866137
21
-4.1386648818897633
0
LINE
8
BLACK
6
CONTINUOUS
10
5.4119483070866137
20
-4.1386648818897633
11
5.4081535039370081
21
-4.1349634251968501
0
LINE
8
BLACK
6
CONTINUOUS
10
5.4081535039370081
20
-4.1349634251968501
11
5.4076638582677168
21
-4.1343668503937003
0
LINE
8
BLACK
6
CONTINUOUS
10
5.4076638582677168
20
-4.1343668503937003
11
5.4075518110236223
21
-4.134096338582677
0
LINE
8
BLACK
6
CONTINUOUS
10
5.4075518110236223
20
-4.134096338582677
11
5.4073775984251968
21
-4.1338612204724408
0
LINE
8
BLACK
6
CONTINUOUS
10
5.4073775984251968
20
-4.1338612204724408
11
5.4072487401574802
21
-4.1333646456692916
0
LINE
8
BLACK
6
CONTINUOUS
10
5.4072487401574802
20
-4.1333646456692916
11
5.4070760236220474
21
-4.1329476377952759
0
LINE
8
BLACK
6
CONTINUOUS
10
5.4070760236220474
20
-4.1329476377952759
11
5.4070760236220474
21
-4.1326989763779522
0
LINE
8
BLACK
6
CONTINUOUS
10
5.4070760236220474
20
-4.1326989763779522
11
5.4052431889763781
21
-4.1256353937007875
0
LINE
8
BLACK
6
CONTINUOUS
10
5.4052431889763781
20
-4.1256353937007875
11
5.4052234645669293
21
-4.1255022440944877
0
LINE
8
BLACK
6
CONTINUOUS
10
5.4052234645669293
20
-4.1255022440944877
11
5.4052012598425199
21
-4.1254485826771656
0
LINE
8
BLACK
6
CONTINUOUS
10
5.4052012598425199
20
-4.1254485826771656
11
5.4052007086614173
21
-4.1253481496062987
0
LINE
8
BLACK
6
CONTINUOUS
10
5.4052007086614173
20
-4.1253481496062987
11
5.405130275590551
21
-4.1248718897637797
0
LINE
8
BLACK
6
CONTINUOUS
10
5.405130275590551
20
-4.1248718897637797
11
5.4051957086614175
21
-4.1244320472440945
0
LINE
8
BLACK
6
CONTINUOUS
10
5.4051957086614175
20
-4.1244320472440945
11
5.40512562992126
21
-4.1115571653543306
0
LINE
8
BLACK
6
CONTINUOUS
10
5.40512562992126
20
-4.1115571653543306
11
5.4051388188976377
21
-4.1114231889763779
0
LINE
8
BLACK
6
CONTINUOUS
10
5.4051388188976377
20
-4.1114231889763779
11
5.405130275590551
21
-4.1113657874015743
0
LINE
8
BLACK
6
CONTINUOUS
10
5.405130275590551
20
-4.1113657874015743
11
5.4051542913385822
21
-4.1112658267716533
0
LINE
8
BLACK
6
CONTINUOUS
10
5.4051542913385822
20
-4.1112658267716533
11
5.4052012598425199
21
-4.1107890944881893
0
LINE
8
BLACK
6
CONTINUOUS
10
5.4052012598425199
20
-4.1107890944881893
11
5.4053628346456692
21
-4.110398937007874
0
LINE
8
BLACK
6
CONTINUOUS
10
5.4053628346456692
20
-4.110398937007874
11
5.4071179527559057
21
-4.1031032677165351
0
LINE
8
BLACK
6
CONTINUOUS
10
5.4071179527559057
20
-4.1031032677165351
11
5.4073775984251968
21
-4.1023764566929133
0
LINE
8
BLACK
6
CONTINUOUS
10
5.4073775984251968
20
-4.1023764566929133
11
5.407551850393701
21
-4.1021412204724408
0
LINE
8
BLACK
6
CONTINUOUS
10
5.407551850393701
20
-4.1021412204724408
11
5.4076638976377955
21
-4.1018708267716537
0
LINE
8
BLACK
6
CONTINUOUS
10
5.4076638976377955
20
-4.1018708267716537
11
5.4080314960629918
21
-4.1014939370078736
0
LINE
8
BLACK
6
CONTINUOUS
10
5.4080314960629918
20
-4.1014939370078736
11
5.4082921259842518
21
-4.1011422047244093
0
LINE
8
BLACK
6
CONTINUOUS
10
5.4082921259842518
20
-4.1011422047244093
11
5.4084909055118109
21
-4.1010229133858269
0
LINE
8
BLACK
6
CONTINUOUS
10
5.4084909055118109
20
-4.1010229133858269
11
5.4119030314960632
21
-4.0975246850393701
0
LINE
8
BLACK
6
CONTINUOUS
10
5.4119030314960632
20
-4.0975246850393701
11
5.4122048425196851
21
-4.0972769685039365
0
LINE
8
BLACK
6
CONTINUOUS
10
5.4122048425196851
20
-4.0972769685039365
11
5.4122730708661413
21
-4.0971983464566932
0
LINE
8
BLACK
6
CONTINUOUS
10
5.4122730708661413
20
-4.0971983464566932
11
5.4123482677165349
21
-4.0971592913385821
0
LINE
8
BLACK
6
CONTINUOUS
10
5.4123482677165349
20
-4.0971592913385821
11
5.4124996456692909
21
-4.0970350787401575
0
LINE
8
BLACK
6
CONTINUOUS
10
5.4124996456692909
20
-4.0970350787401575
11
5.4129342519685038
21
-4.0968550393700784
0
LINE
8
BLACK
6
CONTINUOUS
10
5.4129342519685038
20
-4.0968550393700784
11
5.416675748031496
21
-4.0949124409448814
0
LINE
8
BLACK
6
CONTINUOUS
10
5.416675748031496
20
-4.0949124409448814
11
5.4173965748031492
21
-4.0946366141732282
0
LINE
8
BLACK
6
CONTINUOUS
10
5.4173965748031492
20
-4.0946366141732282
11
5.4175376377952755
21
-4.0946265748031498
0
LINE
8
BLACK
6
CONTINUOUS
10
5.4175376377952755
20
-4.0946265748031498
11
5.4176683858267713
21
-4.0945724409448818
0
LINE
8
BLACK
6
CONTINUOUS
10
5.4176683858267713
20
-4.0945724409448818
11
5.4183927952755901
21
-4.0945657874015744
0
LINE
8
BLACK
6
CONTINUOUS
10
5.4183927952755901
20
-4.0945657874015744
11
5.4189288582677166
21
-4.094527716535433
0
LINE
8
BLACK
6
CONTINUOUS
10
5.4189288582677166
20
-4.094527716535433
11
5.4190257480314958
21
-4.0945599999999995
0
LINE
8
BLACK
6
CONTINUOUS
10
5.4190257480314958
20
-4.0945599999999995
11
5.4259355118110237
21
-4.094496811023622
0
LINE
8
BLACK
6
CONTINUOUS
10
5.4259355118110237
20
-4.094496811023622
11
5.426703582677165
21
-4.0945724409448818
0
LINE
8
BLACK
6
CONTINUOUS
10
5.4192726377952756
20
-4.1023631496062993
11
5.4168762598425193
21
-4.1036073622047242
0
LINE
8
BLACK
6
CONTINUOUS
10
5.4168762598425193
20
-4.1036073622047242
11
5.414417874015748
21
-4.1061277952755901
0
LINE
8
BLACK
6
CONTINUOUS
10
5.414417874015748
20
-4.1061277952755901
11
5.4129322440944883
21
-4.1123034645669287
0
LINE
8
BLACK
6
CONTINUOUS
10
5.4129322440944883
20
-4.1123034645669287
11
5.4129983464566926
21
-4.124447677165354
0
LINE
8
BLACK
6
CONTINUOUS
10
5.4129983464566926
20
-4.124447677165354
11
5.4145044094488188
21
-4.1302518110236219
0
LINE
8
BLACK
6
CONTINUOUS
10
5.4145044094488188
20
-4.1302518110236219
11
5.4171181496062992
21
-4.1328012598425197
0
LINE
8
BLACK
6
CONTINUOUS
10
5.4171181496062992
20
-4.1328012598425197
11
5.4194563779527556
21
-4.1339261417322835
0
LINE
8
BLACK
6
CONTINUOUS
10
5.4194563779527556
20
-4.1339261417322835
11
5.4250992519685042
21
-4.1338745275590547
0
LINE
8
BLACK
6
CONTINUOUS
10
5.4250992519685042
20
-4.1338745275590547
11
5.4274956299212596
21
-4.1326303149606298
0
LINE
8
BLACK
6
CONTINUOUS
10
5.4274956299212596
20
-4.1326303149606298
11
5.4299540551181105
21
-4.1301098425196852
0
LINE
8
BLACK
6
CONTINUOUS
10
5.4299540551181105
20
-4.1301098425196852
11
5.4314396850393702
21
-4.1239342125984253
0
LINE
8
BLACK
6
CONTINUOUS
10
5.4314396850393702
20
-4.1239342125984253
11
5.431373582677165
21
-4.1117899606299213
0
LINE
8
BLACK
6
CONTINUOUS
10
5.431373582677165
20
-4.1117899606299213
11
5.4298675196850397
21
-4.1059858267716534
0
LINE
8
BLACK
6
CONTINUOUS
10
5.4298675196850397
20
-4.1059858267716534
11
5.4272537401574805
21
-4.1034363779527556
0
LINE
8
BLACK
6
CONTINUOUS
10
5.4272537401574805
20
-4.1034363779527556
11
5.424915551181102
21
-4.1023115354330706
0
LINE
8
BLACK
6
CONTINUOUS
10
5.424915551181102
20
-4.1023115354330706
11
5.4192726377952756
21
-4.1023631496062993
0
LINE
8
BLACK
6
CONTINUOUS
10
5.5523128740157475
20
-4.0945724409448818
11
5.5524435826771654
21
-4.0946265748031498
0
LINE
8
BLACK
6
CONTINUOUS
10
5.5524435826771654
20
-4.0946265748031498
11
5.5525846850393696
21
-4.0946366141732282
0
LINE
8
BLACK
6
CONTINUOUS
10
5.5525846850393696
20
-4.0946366141732282
11
5.5533088582677168
21
-4.0949850000000003
0
LINE
8
BLACK
6
CONTINUOUS
10
5.5533088582677168
20
-4.0949850000000003
11
5.5537320866141728
21
-4.0951603149606299
0
LINE
8
BLACK
6
CONTINUOUS
10
5.5537320866141728
20
-4.0951603149606299
11
5.5537865748031496
21
-4.0952148031496058
0
LINE
8
BLACK
6
CONTINUOUS
10
5.5537865748031496
20
-4.0952148031496058
11
5.5570550000000001
21
-4.0967872047244089
0
LINE
8
BLACK
6
CONTINUOUS
10
5.5570550000000001
20
-4.0967872047244089
11
5.5573855511811026
21
-4.096995275590551
0
LINE
8
BLACK
6
CONTINUOUS
10
5.5573855511811026
20
-4.096995275590551
11
5.5574816141732279
21
-4.0970350787401575
0
LINE
8
BLACK
6
CONTINUOUS
10
5.5574816141732279
20
-4.0970350787401575
11
5.5575447637795277
21
-4.0970954724409445
0
LINE
8
BLACK
6
CONTINUOUS
10
5.5575447637795277
20
-4.0970954724409445
11
5.5577081496062988
21
-4.0971983464566932
0
LINE
8
BLACK
6
CONTINUOUS
10
5.5577081496062988
20
-4.0971983464566932
11
5.5579804724409447
21
-4.097512362204724
0
LINE
8
BLACK
6
CONTINUOUS
10
5.5579804724409447
20
-4.097512362204724
11
5.5599529527559053
21
-4.0993994488188976
0
LINE
8
BLACK
6
CONTINUOUS
10
5.5599529527559053
20
-4.0993994488188976
11
5.5602006692913388
21
-4.0997012598425195
0
LINE
8
BLACK
6
CONTINUOUS
10
5.5602006692913388
20
-4.0997012598425195
11
5.5602793307086609
21
-4.0997694881889766
0
LINE
8
BLACK
6
CONTINUOUS
10
5.5602793307086609
20
-4.0997694881889766
11
5.5603183464566932
21
-4.0998446062992127
0
LINE
8
BLACK
6
CONTINUOUS
10
5.5603183464566932
20
-4.0998446062992127
11
5.5604425984251966
21
-4.0999960236220474
0
LINE
8
BLACK
6
CONTINUOUS
10
5.5604425984251966
20
-4.0999960236220474
11
5.5606225984251969
21
-4.1004306692913381
0
LINE
8
BLACK
6
CONTINUOUS
10
5.5606225984251969
20
-4.1004306692913381
11
5.5625652362204727
21
-4.1041721653543304
0
LINE
8
BLACK
6
CONTINUOUS
10
5.5625652362204727
20
-4.1041721653543304
11
5.5628410629921259
21
-4.1048929921259845
0
LINE
8
BLACK
6
CONTINUOUS
10
5.5628410629921259
20
-4.1048929921259845
11
5.5628510629921255
21
-4.1050340551181099
0
LINE
8
BLACK
6
CONTINUOUS
10
5.5628510629921255
20
-4.1050340551181099
11
5.5629052362204723
21
-4.1051648031496066
0
LINE
8
BLACK
6
CONTINUOUS
10
5.5629052362204723
20
-4.1051648031496066
11
5.56291905511811
21
-4.1059904330708656
0
LINE
8
BLACK
6
CONTINUOUS
10
5.56291905511811
20
-4.1059904330708656
11
5.5629499606299211
21
-4.106425275590551
0
LINE
8
BLACK
6
CONTINUOUS
10
5.5629499606299211
20
-4.106425275590551
11
5.5629274409448817
21
-4.106492716535433
0
LINE
8
BLACK
6
CONTINUOUS
10
5.5629274409448817
20
-4.106492716535433
11
5.5629808661417322
21
-4.109682401574803
0
LINE
8
BLACK
6
CONTINUOUS
10
5.5629808661417322
20
-4.109682401574803
11
5.5629425590551183
21
-4.1100711023622045
0
LINE
8
BLACK
6
CONTINUOUS
10
5.5629425590551183
20
-4.1100711023622045
11
5.5629499606299211
21
-4.1101748425196849
0
LINE
8
BLACK
6
CONTINUOUS
10
5.5629499606299211
20
-4.1101748425196849
11
5.5629245669291336
21
-4.1102538976377954
0
LINE
8
BLACK
6
CONTINUOUS
10
5.5629245669291336
20
-4.1102538976377954
11
5.5629052362204723
21
-4.1104504724409452
0
LINE
8
BLACK
6
CONTINUOUS
10
5.5629052362204723
20
-4.1104504724409452
11
5.5627113779527555
21
-4.11091842519685
0
LINE
8
BLACK
6
CONTINUOUS
10
5.5627113779527555
20
-4.11091842519685
11
5.5609040551181099
21
-4.1165516929133856
0
LINE
8
BLACK
6
CONTINUOUS
10
5.5609040551181099
20
-4.1165516929133856
11
5.5605894488188978
21
-4.1172564173228343
0
LINE
8
BLACK
6
CONTINUOUS
10
5.5605894488188978
20
-4.1172564173228343
11
5.5604966929133859
21
-4.117363307086614
0
LINE
8
BLACK
6
CONTINUOUS
10
5.5604966929133859
20
-4.117363307086614
11
5.5604425984251966
21
-4.1174939763779523
0
LINE
8
BLACK
6
CONTINUOUS
10
5.5604425984251966
20
-4.1174939763779523
11
5.5599824803149609
21
-4.1179561811023619
0
LINE
8
BLACK
6
CONTINUOUS
10
5.5599824803149609
20
-4.1179561811023619
11
5.5595829527559051
21
-4.1184168897637798
0
LINE
8
BLACK
6
CONTINUOUS
10
5.5595829527559051
20
-4.1184168897637798
11
5.5594655118110232
21
-4.1184755905511814
0
LINE
8
BLACK
6
CONTINUOUS
10
5.5594655118110232
20
-4.1184755905511814
11
5.5441008267716532
21
-4.1339118110236219
0
LINE
8
BLACK
6
CONTINUOUS
10
5.5441008267716532
20
-4.1339118110236219
11
5.5590438582677164
21
-4.1338668897637794
0
LINE
8
BLACK
6
CONTINUOUS
10
5.5590438582677164
20
-4.1338668897637794
11
5.5598119291338586
21
-4.1339425196850392
0
LINE
8
BLACK
6
CONTINUOUS
10
5.5598119291338586
20
-4.1339425196850392
11
5.5612311417322831
21
-4.1345303937007873
0
LINE
8
BLACK
6
CONTINUOUS
10
5.5612311417322831
20
-4.1345303937007873
11
5.5623173622047242
21
-4.1356166141732285
0
LINE
8
BLACK
6
CONTINUOUS
10
5.5623173622047242
20
-4.1356166141732285
11
5.5629052362204723
21
-4.1370358267716538
0
LINE
8
BLACK
6
CONTINUOUS
10
5.5629052362204723
20
-4.1370358267716538
11
5.5629052362204723
21
-4.1385719685039373
0
LINE
8
BLACK
6
CONTINUOUS
10
5.5629052362204723
20
-4.1385719685039373
11
5.5623173622047242
21
-4.1399911811023618
0
LINE
8
BLACK
6
CONTINUOUS
10
5.5623173622047242
20
-4.1399911811023618
11
5.5612311417322831
21
-4.1410774015748029
0
LINE
8
BLACK
6
CONTINUOUS
10
5.5612311417322831
20
-4.1410774015748029
11
5.5598119291338586
21
-4.141665275590551
0
LINE
8
BLACK
6
CONTINUOUS
10
5.5598119291338586
20
-4.141665275590551
11
5.5346719291338582
21
-4.1417409055118108
0
LINE
8
BLACK
6
CONTINUOUS
10
5.5346719291338582
20
-4.1417409055118108
11
5.533903858267716
21
-4.141665275590551
0
LINE
8
BLACK
6
CONTINUOUS
10
5.533903858267716
20
-4.141665275590551
11
5.5324846456692915
21
-4.1410774015748029
0
LINE
8
BLACK
6
CONTINUOUS
10
5.5324846456692915
20
-4.1410774015748029
11
5.5313984251968504
21
-4.1399911811023618
0
LINE
8
BLACK
6
CONTINUOUS
10
5.5313984251968504
20
-4.1399911811023618
11
5.5308105511811023
21
-4.1385719685039373
0
LINE
8
BLACK
6
CONTINUOUS
10
5.5308105511811023
20
-4.1385719685039373
11
5.5308105511811023
21
-4.1370358267716538
0
LINE
8
BLACK
6
CONTINUOUS
10
5.5308105511811023
20
-4.1370358267716538
11
5.5313984251968504
21
-4.1356166141732285
0
LINE
8
BLACK
6
CONTINUOUS
10
5.5313984251968504
20
-4.1356166141732285
11
5.5538140944881889
21
-4.1130965354330709
0
LINE
8
BLACK
6
CONTINUOUS
10
5.5538140944881889
20
-4.1130965354330709
11
5.5551566929133855
21
-4.1089117322834641
0
LINE
8
BLACK
6
CONTINUOUS
10
5.5551566929133855
20
-4.1089117322834641
11
5.5551210236220472
21
-4.1067816535433073
0
LINE
8
BLACK
6
CONTINUOUS
10
5.5551210236220472
20
-4.1067816535433073
11
5.5538916929133855
21
-4.1044139763779528
0
LINE
8
BLACK
6
CONTINUOUS
10
5.5538916929133855
20
-4.1044139763779528
11
5.5528768503937007
21
-4.103443031496063
0
LINE
8
BLACK
6
CONTINUOUS
10
5.5528768503937007
20
-4.103443031496063
11
5.550518661417323
21
-4.1023085433070863
0
LINE
8
BLACK
6
CONTINUOUS
10
5.550518661417323
20
-4.1023085433070863
11
5.5430043700787399
21
-4.1023646062992123
0
LINE
8
BLACK
6
CONTINUOUS
10
5.5430043700787399
20
-4.1023646062992123
11
5.5406520866141733
21
-4.1035859448818899
0
LINE
8
BLACK
6
CONTINUOUS
10
5.5406520866141733
20
-4.1035859448818899
11
5.5393305905511809
21
-4.104967244094488
0
LINE
8
BLACK
6
CONTINUOUS
10
5.5393305905511809
20
-4.104967244094488
11
5.5387339763779524
21
-4.1054568503937006
0
LINE
8
BLACK
6
CONTINUOUS
10
5.5387339763779524
20
-4.1054568503937006
11
5.537314763779527
21
-4.1060447244094487
0
LINE
8
BLACK
6
CONTINUOUS
10
5.537314763779527
20
-4.1060447244094487
11
5.5357786220472436
21
-4.1060447244094487
0
LINE
8
BLACK
6
CONTINUOUS
10
5.5357786220472436
20
-4.1060447244094487
11
5.5343594094488191
21
-4.1054568503937006
0
LINE
8
BLACK
6
CONTINUOUS
10
5.5343594094488191
20
-4.1054568503937006
11
5.533273188976378
21
-4.1043706299212595
0
LINE
8
BLACK
6
CONTINUOUS
10
5.533273188976378
20
-4.1043706299212595
11
5.5326853149606299
21
-4.102951417322835
0
LINE
8
BLACK
6
CONTINUOUS
10
5.5326853149606299
20
-4.102951417322835
11
5.5326853149606299
21
-4.1014152755905515
0
LINE
8
BLACK
6
CONTINUOUS
10
5.5326853149606299
20
-4.1014152755905515
11
5.533273188976378
21
-4.0999960629921262
0
LINE
8
BLACK
6
CONTINUOUS
10
5.533273188976378
20
-4.0999960629921262
11
5.5356375590551181
21
-4.0975247244094488
0
LINE
8
BLACK
6
CONTINUOUS
10
5.5356375590551181
20
-4.0975247244094488
11
5.53593937007874
21
-4.0972769685039365
0
LINE
8
BLACK
6
CONTINUOUS
10
5.53593937007874
20
-4.0972769685039365
11
5.5360075984251971
21
-4.0971983464566932
0
LINE
8
BLACK
6
CONTINUOUS
10
5.5360075984251971
20
-4.0971983464566932
11
5.5360827165354332
21
-4.0971592913385821
0
LINE
8
BLACK
6
CONTINUOUS
10
5.5360827165354332
20
-4.0971592913385821
11
5.5362341338582679
21
-4.0970350787401575
0
LINE
8
BLACK
6
CONTINUOUS
10
5.5362341338582679
20
-4.0970350787401575
11
5.5366687795275586
21
-4.0968550393700784
0
LINE
8
BLACK
6
CONTINUOUS
10
5.5366687795275586
20
-4.0968550393700784
11
5.5404102755905509
21
-4.0949124409448814
0
LINE
8
BLACK
6
CONTINUOUS
10
5.5404102755905509
20
-4.0949124409448814
11
5.541131102362205
21
-4.0946366141732282
0
LINE
8
BLACK
6
CONTINUOUS
10
5.541131102362205
20
-4.0946366141732282
11
5.5412721653543304
21
-4.0946265748031498
0
LINE
8
BLACK
6
CONTINUOUS
10
5.5412721653543304
20
-4.0946265748031498
11
5.5414029133858262
21
-4.0945724409448818
0
LINE
8
BLACK
6
CONTINUOUS
10
5.5414029133858262
20
-4.0945724409448818
11
5.5421080314960625
21
-4.0945671653543307
0
LINE
8
BLACK
6
CONTINUOUS
10
5.5421080314960625
20
-4.0945671653543307
11
5.5426633858267715
21
-4.094527716535433
0
LINE
8
BLACK
6
CONTINUOUS
10
5.5426633858267715
20
-4.094527716535433
11
5.5427670078740157
21
-4.0945622440944884
0
LINE
8
BLACK
6
CONTINUOUS
10
5.5427670078740157
20
-4.0945622440944884
11
5.5515448031496062
21
-4.094496811023622
0
LINE
8
BLACK
6
CONTINUOUS
10
5.5515448031496062
20
-4.094496811023622
11
5.5523128740157475
21
-4.0945724409448818
0
LINE
8
BLACK
6
CONTINUOUS
10
5.4498023228346453
20
-4.0947427165354329
11
5.4511105905511812
21
-4.0955477952755901
0
LINE
8
BLACK
6
CONTINUOUS
10
5.4511105905511812
20
-4.0955477952755901
11
5.4520111811023622
21
-4.0967922440944884
0
LINE
8
BLACK
6
CONTINUOUS
10
5.4520111811023622
20
-4.0967922440944884
11
5.4580240551181101
21
-4.1218423228346452
0
LINE
8
BLACK
6
CONTINUOUS
10
5.4580240551181101
20
-4.1218423228346452
11
5.4615015354330705
21
-4.1086679527559058
0
LINE
8
BLACK
6
CONTINUOUS
10
5.4615015354330705
20
-4.1086679527559058
11
5.4615690157480312
21
-4.1084879527559055
0
LINE
8
BLACK
6
CONTINUOUS
10
5.4615690157480312
20
-4.1084879527559055
11
5.4615790551181105
21
-4.1084124409448819
0
LINE
8
BLACK
6
CONTINUOUS
10
5.4615790551181105
20
-4.1084124409448819
11
5.4616309055118109
21
-4.1083227952755905
0
LINE
8
BLACK
6
CONTINUOUS
10
5.4616309055118109
20
-4.1083227952755905
11
5.4617724803149601
21
-4.10794531496063
0
LINE
8
BLACK
6
CONTINUOUS
10
5.4617724803149601
20
-4.10794531496063
11
5.4620884645669294
21
-4.1075324803149602
0
LINE
8
BLACK
6
CONTINUOUS
10
5.4620884645669294
20
-4.1075324803149602
11
5.4623487007874019
21
-4.1070829921259842
0
LINE
8
BLACK
6
CONTINUOUS
10
5.4623487007874019
20
-4.1070829921259842
11
5.4625511811023619
21
-4.1069279921259838
0
LINE
8
BLACK
6
CONTINUOUS
10
5.4625511811023619
20
-4.1069279921259838
11
5.4627061811023623
21
-4.1067255118110237
0
LINE
8
BLACK
6
CONTINUOUS
10
5.4627061811023623
20
-4.1067255118110237
11
5.4631557480314958
21
-4.1064651968503938
0
LINE
8
BLACK
6
CONTINUOUS
10
5.4631557480314958
20
-4.1064651968503938
11
5.4635685039370081
21
-4.1061492913385829
0
LINE
8
BLACK
6
CONTINUOUS
10
5.4635685039370081
20
-4.1061492913385829
11
5.4638149606299216
21
-4.1060835433070864
0
LINE
8
BLACK
6
CONTINUOUS
10
5.4638149606299216
20
-4.1060835433070864
11
5.46403562992126
21
-4.1059558267716536
0
LINE
8
BLACK
6
CONTINUOUS
10
5.46403562992126
20
-4.1059558267716536
11
5.4645506692913388
21
-4.1058873622047241
0
LINE
8
BLACK
6
CONTINUOUS
10
5.4645506692913388
20
-4.1058873622047241
11
5.4650527952755903
21
-4.1057535039370077
0
LINE
8
BLACK
6
CONTINUOUS
10
5.4650527952755903
20
-4.1057535039370077
11
5.4653055511811024
21
-4.105787086614173
0
LINE
8
BLACK
6
CONTINUOUS
10
5.4653055511811024
20
-4.105787086614173
11
5.4655583858267711
21
-4.1057535039370077
0
LINE
8
BLACK
6
CONTINUOUS
10
5.4655583858267711
20
-4.1057535039370077
11
5.4660606692913385
21
-4.1058874409448816
0
LINE
8
BLACK
6
CONTINUOUS
10
5.4660606692913385
20
-4.1058874409448816
11
5.4665755511811023
21
-4.1059558661417324
0
LINE
8
BLACK
6
CONTINUOUS
10
5.4665755511811023
20
-4.1059558661417324
11
5.4667960629921257
21
-4.1060835039370076
0
LINE
8
BLACK
6
CONTINUOUS
10
5.4667960629921257
20
-4.1060835039370076
11
5.4670426771653542
21
-4.1061492913385829
0
LINE
8
BLACK
6
CONTINUOUS
10
5.4670426771653542
20
-4.1061492913385829
11
5.4674554724409443
21
-4.1064652755905513
0
LINE
8
BLACK
6
CONTINUOUS
10
5.4674554724409443
20
-4.1064652755905513
11
5.467905
21
-4.1067255118110237
0
LINE
8
BLACK
6
CONTINUOUS
10
5.467905
20
-4.1067255118110237
11
5.4680599606299207
21
-4.1069279921259838
0
LINE
8
BLACK
6
CONTINUOUS
10
5.4680599606299207
20
-4.1069279921259838
11
5.4682624803149604
21
-4.1070829921259842
0
LINE
8
BLACK
6
CONTINUOUS
10
5.4682624803149604
20
-4.1070829921259842
11
5.4685227559055116
21
-4.1075325984251965
0
LINE
8
BLACK
6
CONTINUOUS
10
5.4685227559055116
20
-4.1075325984251965
11
5.4688387007874013
21
-4.10794531496063
0
LINE
8
BLACK
6
CONTINUOUS
10
5.4688387007874013
20
-4.10794531496063
11
5.4689056299212595
21
-4.1081938976377952
0
LINE
8
BLACK
6
CONTINUOUS
10
5.4689056299212595
20
-4.1081938976377952
11
5.4690321653543306
21
-4.1084124015748031
0
LINE
8
BLACK
6
CONTINUOUS
10
5.4690321653543306
20
-4.1084124015748031
11
5.4690979921259837
21
-4.1089078740157481
0
LINE
8
BLACK
6
CONTINUOUS
10
5.4690979921259837
20
-4.1089078740157481
11
5.4725944094488188
21
-4.1218873622047241
0
LINE
8
BLACK
6
CONTINUOUS
10
5.4725944094488188
20
-4.1218873622047241
11
5.4783485433070869
21
-4.0975219291338583
0
LINE
8
BLACK
6
CONTINUOUS
10
5.4783485433070869
20
-4.0975219291338583
11
5.4786000393700789
21
-4.0967922440944884
0
LINE
8
BLACK
6
CONTINUOUS
10
5.4786000393700789
20
-4.0967922440944884
11
5.4795006299212599
21
-4.0955477952755901
0
LINE
8
BLACK
6
CONTINUOUS
10
5.4795006299212599
20
-4.0955477952755901
11
5.4808088976377949
21
-4.0947427165354329
0
LINE
8
BLACK
6
CONTINUOUS
10
5.4808088976377949
20
-4.0947427165354329
11
5.482325708661417
21
-4.0944995669291337
0
LINE
8
BLACK
6
CONTINUOUS
10
5.482325708661417
20
-4.0944995669291337
11
5.4838200787401572
21
-4.0948553543307087
0
LINE
8
BLACK
6
CONTINUOUS
10
5.4838200787401572
20
-4.0948553543307087
11
5.4850645275590546
21
-4.0957559448818897
0
LINE
8
BLACK
6
CONTINUOUS
10
5.4850645275590546
20
-4.0957559448818897
11
5.4858696062992127
21
-4.0970642519685034
0
LINE
8
BLACK
6
CONTINUOUS
10
5.4858696062992127
20
-4.0970642519685034
11
5.4861127952755906
21
-4.0985810236220468
0
LINE
8
BLACK
6
CONTINUOUS
10
5.4861127952755906
20
-4.0985810236220468
11
5.4766346062992124
21
-4.1387157874015745
0
LINE
8
BLACK
6
CONTINUOUS
10
5.4766346062992124
20
-4.1387157874015745
11
5.4765437795275593
21
-4.1389792519685038
0
LINE
8
BLACK
6
CONTINUOUS
10
5.4765437795275593
20
-4.1389792519685038
11
5.4765312204724408
21
-4.139073897637795
0
LINE
8
BLACK
6
CONTINUOUS
10
5.4765312204724408
20
-4.139073897637795
11
5.4764816929133859
21
-4.1391594094488191
0
LINE
8
BLACK
6
CONTINUOUS
10
5.4764816929133859
20
-4.1391594094488191
11
5.4763831102362204
21
-4.1394454724409444
0
LINE
8
BLACK
6
CONTINUOUS
10
5.4763831102362204
20
-4.1394454724409444
11
5.4760479527559056
21
-4.1399085433070866
0
LINE
8
BLACK
6
CONTINUOUS
10
5.4760479527559056
20
-4.1399085433070866
11
5.4757615354330706
21
-4.140403307086614
0
LINE
8
BLACK
6
CONTINUOUS
10
5.4757615354330706
20
-4.140403307086614
11
5.475600984251968
21
-4.1405261417322832
0
LINE
8
BLACK
6
CONTINUOUS
10
5.475600984251968
20
-4.1405261417322832
11
5.4754825196850394
21
-4.1406899212598427
0
LINE
8
BLACK
6
CONTINUOUS
10
5.4754825196850394
20
-4.1406899212598427
11
5.4749957874015749
21
-4.1409894094488191
0
LINE
8
BLACK
6
CONTINUOUS
10
5.4749957874015749
20
-4.1409894094488191
11
5.4745417322834644
21
-4.1413370078740153
0
LINE
8
BLACK
6
CONTINUOUS
10
5.4745417322834644
20
-4.1413370078740153
11
5.4743462992125984
21
-4.141389094488189
0
LINE
8
BLACK
6
CONTINUOUS
10
5.4743462992125984
20
-4.141389094488189
11
5.4741742519685035
21
-4.1414949999999999
0
LINE
8
BLACK
6
CONTINUOUS
10
5.4741742519685035
20
-4.1414949999999999
11
5.4736098818897636
21
-4.1415854724409451
0
LINE
8
BLACK
6
CONTINUOUS
10
5.4736098818897636
20
-4.1415854724409451
11
5.4730574409448813
21
-4.1417327952755905
0
LINE
8
BLACK
6
CONTINUOUS
10
5.4730574409448813
20
-4.1417327952755905
11
5.472857086614173
21
-4.1417061417322838
0
LINE
8
BLACK
6
CONTINUOUS
10
5.472857086614173
20
-4.1417061417322838
11
5.4726574409448814
21
-4.1417381889763778
0
LINE
8
BLACK
6
CONTINUOUS
10
5.4726574409448814
20
-4.1417381889763778
11
5.4721011811023619
21
-4.1416057086614169
0
LINE
8
BLACK
6
CONTINUOUS
10
5.4721011811023619
20
-4.1416057086614169
11
5.4715346850393702
21
-4.1415304724409445
0
LINE
8
BLACK
6
CONTINUOUS
10
5.4715346850393702
20
-4.1415304724409445
11
5.4713597244094485
21
-4.1414291732283468
0
LINE
8
BLACK
6
CONTINUOUS
10
5.4713597244094485
20
-4.1414291732283468
11
5.4711630708661412
21
-4.1413823622047241
0
LINE
8
BLACK
6
CONTINUOUS
10
5.4711630708661412
20
-4.1413823622047241
11
5.4706998818897636
21
-4.1410471653543306
0
LINE
8
BLACK
6
CONTINUOUS
10
5.4706998818897636
20
-4.1410471653543306
11
5.4702052362204725
21
-4.1407607874015744
0
LINE
8
BLACK
6
CONTINUOUS
10
5.4702052362204725
20
-4.1407607874015744
11
5.4700823622047245
21
-4.1406002362204726
0
LINE
8
BLACK
6
CONTINUOUS
10
5.4700823622047245
20
-4.1406002362204726
11
5.4699186220472438
21
-4.1404817716535431
0
LINE
8
BLACK
6
CONTINUOUS
10
5.4699186220472438
20
-4.1404817716535431
11
5.4696190944881886
21
-4.1399950393700786
0
LINE
8
BLACK
6
CONTINUOUS
10
5.4696190944881886
20
-4.1399950393700786
11
5.4692715354330703
21
-4.1395409842519681
0
LINE
8
BLACK
6
CONTINUOUS
10
5.4692715354330703
20
-4.1395409842519681
11
5.4692184645669286
21
-4.1393440157480317
0
LINE
8
BLACK
6
CONTINUOUS
10
5.4692184645669286
20
-4.1393440157480317
11
5.4691135433070865
21
-4.1391735039370081
0
LINE
8
BLACK
6
CONTINUOUS
10
5.4691135433070865
20
-4.1391735039370081
11
5.4690267716535432
21
-4.1386324409448818
0
LINE
8
BLACK
6
CONTINUOUS
10
5.4690267716535432
20
-4.1386324409448818
11
5.4653057480314962
21
-4.1248191732283468
0
LINE
8
BLACK
6
CONTINUOUS
10
5.4653057480314962
20
-4.1248191732283468
11
5.4616106299212595
21
-4.1388183070866145
0
LINE
8
BLACK
6
CONTINUOUS
10
5.4616106299212595
20
-4.1388183070866145
11
5.4615127165354327
21
-4.1390793700787398
0
LINE
8
BLACK
6
CONTINUOUS
10
5.4615127165354327
20
-4.1390793700787398
11
5.4614976377952758
21
-4.1391735039370081
0
LINE
8
BLACK
6
CONTINUOUS
10
5.4614976377952758
20
-4.1391735039370081
11
5.4614459055118107
21
-4.1392574803149609
0
LINE
8
BLACK
6
CONTINUOUS
10
5.4614459055118107
20
-4.1392574803149609
11
5.4613396456692911
21
-4.1395409842519681
0
LINE
8
BLACK
6
CONTINUOUS
10
5.4613396456692911
20
-4.1395409842519681
11
5.460992047244094
21
-4.1399950393700786
0
LINE
8
BLACK
6
CONTINUOUS
10
5.460992047244094
20
-4.1399950393700786
11
5.4606925590551176
21
-4.1404817716535431
0
LINE
8
BLACK
6
CONTINUOUS
10
5.4606925590551176
20
-4.1404817716535431
11
5.460528779527559
21
-4.1406002362204726
0
LINE
8
BLACK
6
CONTINUOUS
10
5.460528779527559
20
-4.1406002362204726
11
5.4604059448818898
21
-4.1407607874015744
0
LINE
8
BLACK
6
CONTINUOUS
10
5.4604059448818898
20
-4.1407607874015744
11
5.4599113385826774
21
-4.1410470866141731
0
LINE
8
BLACK
6
CONTINUOUS
10
5.4599113385826774
20
-4.1410470866141731
11
5.4594481102362202
21
-4.1413823622047241
0
LINE
8
BLACK
6
CONTINUOUS
10
5.4594481102362202
20
-4.1413823622047241
11
5.4592512992125979
21
-4.1414292125984247
0
LINE
8
BLACK
6
CONTINUOUS
10
5.4592512992125979
20
-4.1414292125984247
11
5.4590764960629921
21
-4.1415304330708658
0
LINE
8
BLACK
6
CONTINUOUS
10
5.4590764960629921
20
-4.1415304330708658
11
5.4585101968503933
21
-4.1416056692913381
0
LINE
8
BLACK
6
CONTINUOUS
10
5.4585101968503933
20
-4.1416056692913381
11
5.45795374015748
21
-4.1417381889763778
0
LINE
8
BLACK
6
CONTINUOUS
10
5.45795374015748
20
-4.1417381889763778
11
5.4577540551181105
21
-4.1417061417322838
0
LINE
8
BLACK
6
CONTINUOUS
10
5.4577540551181105
20
-4.1417061417322838
11
5.4575537401574801
21
-4.1417327952755905
0
LINE
8
BLACK
6
CONTINUOUS
10
5.4575537401574801
20
-4.1417327952755905
11
5.4570012598425199
21
-4.1415854724409451
0
LINE
8
BLACK
6
CONTINUOUS
10
5.4570012598425199
20
-4.1415854724409451
11
5.4564369291338579
21
-4.1414949999999999
0
LINE
8
BLACK
6
CONTINUOUS
10
5.4564369291338579
20
-4.1414949999999999
11
5.4562648425196851
21
-4.141389094488189
0
LINE
8
BLACK
6
CONTINUOUS
10
5.4562648425196851
20
-4.141389094488189
11
5.4560694488188979
21
-4.1413370078740153
0
LINE
8
BLACK
6
CONTINUOUS
10
5.4560694488188979
20
-4.1413370078740153
11
5.4556153543307087
21
-4.1409894094488191
0
LINE
8
BLACK
6
CONTINUOUS
10
5.4556153543307087
20
-4.1409894094488191
11
5.4551286614173229
21
-4.1406899212598427
0
LINE
8
BLACK
6
CONTINUOUS
10
5.4551286614173229
20
-4.1406899212598427
11
5.4550101574803147
21
-4.1405261417322832
0
LINE
8
BLACK
6
CONTINUOUS
10
5.4550101574803147
20
-4.1405261417322832
11
5.4548496456692916
21
-4.140403307086614
0
LINE
8
BLACK
6
CONTINUOUS
10
5.4548496456692916
20
-4.140403307086614
11
5.4545633070866142
21
-4.1399087007874016
0
LINE
8
BLACK
6
CONTINUOUS
10
5.4545633070866142
20
-4.1399087007874016
11
5.4542280708661419
21
-4.1394454724409444
0
LINE
8
BLACK
6
CONTINUOUS
10
5.4542280708661419
20
-4.1394454724409444
11
5.4541805511811026
21
-4.1392475590551179
0
LINE
8
BLACK
6
CONTINUOUS
10
5.4541805511811026
20
-4.1392475590551179
11
5.4540800000000003
21
-4.1390738582677162
0
LINE
8
BLACK
6
CONTINUOUS
10
5.4540800000000003
20
-4.1390738582677162
11
5.4540069685039372
21
-4.1385243700787404
0
LINE
8
BLACK
6
CONTINUOUS
10
5.4540069685039372
20
-4.1385243700787404
11
5.4446027559055121
21
-4.0993457086614171
0
LINE
8
BLACK
6
CONTINUOUS
10
5.4446027559055121
20
-4.0993457086614171
11
5.4444984251968505
21
-4.0985810236220468
0
LINE
8
BLACK
6
CONTINUOUS
10
5.4444984251968505
20
-4.0985810236220468
11
5.4447416141732283
21
-4.0970642125984247
0
LINE
8
BLACK
6
CONTINUOUS
10
5.4447416141732283
20
-4.0970642125984247
11
5.4455466929133856
21
-4.0957559448818897
0
LINE
8
BLACK
6
CONTINUOUS
10
5.4455466929133856
20
-4.0957559448818897
11
5.446791141732283
21
-4.0948553543307087
0
LINE
8
BLACK
6
CONTINUOUS
10
5.446791141732283
20
-4.0948553543307087
11
5.4482855118110232
21
-4.094499527559055
0
LINE
8
BLACK
6
CONTINUOUS
10
5.4482855118110232
20
-4.094499527559055
11
5.4498023228346453
21
-4.0947427165354329
0
LINE
8
BLACK
6
CONTINUOUS
10
5.4976937007874014
20
-4.0945724409448818
11
5.4979446850393696
21
-4.0945724409448818
0
LINE
8
BLACK
6
CONTINUOUS
10
5.4979446850393696
20
-4.0945724409448818
11
5.4984285433070861
21
-4.0947728740157476
0
LINE
8
BLACK
6
CONTINUOUS
10
5.4984285433070861
20
-4.0947728740157476
11
5.498933622047244
21
-4.0949106299212596
0
LINE
8
BLACK
6
CONTINUOUS
10
5.498933622047244
20
-4.0949106299212596
11
5.4991319685039368
21
-4.0950642519685037
0
LINE
8
BLACK
6
CONTINUOUS
10
5.4991319685039368
20
-4.0950642519685037
11
5.499363897637795
21
-4.0951603149606299
0
LINE
8
BLACK
6
CONTINUOUS
10
5.499363897637795
20
-4.0951603149606299
11
5.4997341732283465
21
-4.0955305905511814
0
LINE
8
BLACK
6
CONTINUOUS
10
5.4997341732283465
20
-4.0955305905511814
11
5.5001481496062992
21
-4.0958511811023621
0
LINE
8
BLACK
6
CONTINUOUS
10
5.5001481496062992
20
-4.0958511811023621
11
5.5002737401574802
21
-4.0960701574803151
0
LINE
8
BLACK
6
CONTINUOUS
10
5.5002737401574802
20
-4.0960701574803151
11
5.5004501181102361
21
-4.096246535433071
0
LINE
8
BLACK
6
CONTINUOUS
10
5.5004501181102361
20
-4.096246535433071
11
5.5006455118110233
21
-4.0967182677165352
0
LINE
8
BLACK
6
CONTINUOUS
10
5.5006455118110233
20
-4.0967182677165352
11
5.5157832283464563
21
-4.1231087401574804
0
LINE
8
BLACK
6
CONTINUOUS
10
5.5157832283464563
20
-4.1231087401574804
11
5.5157367716535433
21
-4.0984338188976377
0
LINE
8
BLACK
6
CONTINUOUS
10
5.5157367716535433
20
-4.0984338188976377
11
5.5158124015748031
21
-4.0976657480314964
0
LINE
8
BLACK
6
CONTINUOUS
10
5.5158124015748031
20
-4.0976657480314964
11
5.5164002755905512
21
-4.096246535433071
0
LINE
8
BLACK
6
CONTINUOUS
10
5.5164002755905512
20
-4.096246535433071
11
5.5174864960629924
21
-4.0951603149606299
0
LINE
8
BLACK
6
CONTINUOUS
10
5.5174864960629924
20
-4.0951603149606299
11
5.5189057086614168
21
-4.0945724409448818
0
LINE
8
BLACK
6
CONTINUOUS
10
5.5189057086614168
20
-4.0945724409448818
11
5.5204418503937003
21
-4.0945724409448818
0
LINE
8
BLACK
6
CONTINUOUS
10
5.5204418503937003
20
-4.0945724409448818
11
5.5218610629921256
21
-4.0951603149606299
0
LINE
8
BLACK
6
CONTINUOUS
10
5.5218610629921256
20
-4.0951603149606299
11
5.5229472834645668
21
-4.096246535433071
0
LINE
8
BLACK
6
CONTINUOUS
10
5.5229472834645668
20
-4.096246535433071
11
5.5235351574803149
21
-4.0976657480314964
0
LINE
8
BLACK
6
CONTINUOUS
10
5.5235351574803149
20
-4.0976657480314964
11
5.5236107874015747
21
-4.1378038976377951
0
LINE
8
BLACK
6
CONTINUOUS
10
5.5236107874015747
20
-4.1378038976377951
11
5.5235912992125984
21
-4.1380014173228341
0
LINE
8
BLACK
6
CONTINUOUS
10
5.5235912992125984
20
-4.1380014173228341
11
5.5236011811023618
21
-4.1380788976377954
0
LINE
8
BLACK
6
CONTINUOUS
10
5.5236011811023618
20
-4.1380788976377954
11
5.5235738188976375
21
-4.1381791338582676
0
LINE
8
BLACK
6
CONTINUOUS
10
5.5235738188976375
20
-4.1381791338582676
11
5.5235351574803149
21
-4.1385719685039373
0
LINE
8
BLACK
6
CONTINUOUS
10
5.5235351574803149
20
-4.1385719685039373
11
5.5233347637795278
21
-4.1390556692913387
0
LINE
8
BLACK
6
CONTINUOUS
10
5.5233347637795278
20
-4.1390556692913387
11
5.5231970078740158
21
-4.1395609055118108
0
LINE
8
BLACK
6
CONTINUOUS
10
5.5231970078740158
20
-4.1395609055118108
11
5.5230432677165355
21
-4.1397593700787398
0
LINE
8
BLACK
6
CONTINUOUS
10
5.5230432677165355
20
-4.1397593700787398
11
5.5229472834645668
21
-4.1399911811023618
0
LINE
8
BLACK
6
CONTINUOUS
10
5.5229472834645668
20
-4.1399911811023618
11
5.522577047244094
21
-4.1403613779527557
0
LINE
8
BLACK
6
CONTINUOUS
10
5.522577047244094
20
-4.1403613779527557
11
5.5222564173228346
21
-4.1407754330708659
0
LINE
8
BLACK
6
CONTINUOUS
10
5.5222564173228346
20
-4.1407754330708659
11
5.5220385039370079
21
-4.1408999212598427
0
LINE
8
BLACK
6
CONTINUOUS
10
5.5220385039370079
20
-4.1408999212598427
11
5.5218610629921256
21
-4.1410774015748029
0
LINE
8
BLACK
6
CONTINUOUS
10
5.5218610629921256
20
-4.1410774015748029
11
5.5213773622047242
21
-4.1412777165354333
0
LINE
8
BLACK
6
CONTINUOUS
10
5.5213773622047242
20
-4.1412777165354333
11
5.5209226771653546
21
-4.141537598425197
0
LINE
8
BLACK
6
CONTINUOUS
10
5.5209226771653546
20
-4.141537598425197
11
5.5206736614173231
21
-4.1415692125984247
0
LINE
8
BLACK
6
CONTINUOUS
10
5.5206736614173231
20
-4.1415692125984247
11
5.5204418503937003
21
-4.141665275590551
0
LINE
8
BLACK
6
CONTINUOUS
10
5.5204418503937003
20
-4.141665275590551
11
5.519918228346457
21
-4.141665275590551
0
LINE
8
BLACK
6
CONTINUOUS
10
5.519918228346457
20
-4.141665275590551
11
5.5193988188976375
21
-4.1417312992125987
0
LINE
8
BLACK
6
CONTINUOUS
10
5.5193988188976375
20
-4.1417312992125987
11
5.5191567322834647
21
-4.141665275590551
0
LINE
8
BLACK
6
CONTINUOUS
10
5.5191567322834647
20
-4.141665275590551
11
5.5189057086614168
21
-4.141665275590551
0
LINE
8
BLACK
6
CONTINUOUS
10
5.5189057086614168
20
-4.141665275590551
11
5.5184219685039366
21
-4.1414648818897639
0
LINE
8
BLACK
6
CONTINUOUS
10
5.5184219685039366
20
-4.1414648818897639
11
5.5179167716535433
21
-4.1413271259842519
0
LINE
8
BLACK
6
CONTINUOUS
10
5.5179167716535433
20
-4.1413271259842519
11
5.5177182677165355
21
-4.1411733858267716
0
LINE
8
BLACK
6
CONTINUOUS
10
5.5177182677165355
20
-4.1411733858267716
11
5.5174864960629924
21
-4.1410774015748029
0
LINE
8
BLACK
6
CONTINUOUS
10
5.5174864960629924
20
-4.1410774015748029
11
5.5171162598425196
21
-4.140707165354331
0
LINE
8
BLACK
6
CONTINUOUS
10
5.5171162598425196
20
-4.140707165354331
11
5.5167022440944882
21
-4.1403865354330707
0
LINE
8
BLACK
6
CONTINUOUS
10
5.5167022440944882
20
-4.1403865354330707
11
5.5165766141732284
21
-4.1401675196850389
0
LINE
8
BLACK
6
CONTINUOUS
10
5.5165766141732284
20
-4.1401675196850389
11
5.5164002755905512
21
-4.1399911811023618
0
LINE
8
BLACK
6
CONTINUOUS
10
5.5164002755905512
20
-4.1399911811023618
11
5.5162048425196852
21
-4.1395194094488188
0
LINE
8
BLACK
6
CONTINUOUS
10
5.5162048425196852
20
-4.1395194094488188
11
5.5010671259842514
21
-4.1131289370078736
0
LINE
8
BLACK
6
CONTINUOUS
10
5.5010671259842514
20
-4.1131289370078736
11
5.5011136220472441
21
-4.1378038976377951
0
LINE
8
BLACK
6
CONTINUOUS
10
5.5011136220472441
20
-4.1378038976377951
11
5.5010379921259842
21
-4.1385719685039373
0
LINE
8
BLACK
6
CONTINUOUS
10
5.5010379921259842
20
-4.1385719685039373
11
5.5004501181102361
21
-4.1399911811023618
0
LINE
8
BLACK
6
CONTINUOUS
10
5.5004501181102361
20
-4.1399911811023618
11
5.499363897637795
21
-4.1410774015748029
0
LINE
8
BLACK
6
CONTINUOUS
10
5.499363897637795
20
-4.1410774015748029
11
5.4979446850393696
21
-4.141665275590551
0
LINE
8
BLACK
6
CONTINUOUS
10
5.4979446850393696
20
-4.141665275590551
11
5.4964085433070862
21
-4.141665275590551
0
LINE
8
BLACK
6
CONTINUOUS
10
5.4964085433070862
20
-4.141665275590551
11
5.4949893307086617
21
-4.1410774015748029
0
LINE
8
BLACK
6
CONTINUOUS
10
5.4949893307086617
20
-4.1410774015748029
11
5.4939031102362206
21
-4.1399911811023618
0
LINE
8
BLACK
6
CONTINUOUS
10
5.4939031102362206
20
-4.1399911811023618
11
5.4933152362204725
21
-4.1385719685039373
0
LINE
8
BLACK
6
CONTINUOUS
10
5.4933152362204725
20
-4.1385719685039373
11
5.4932396062992126
21
-4.0984338188976377
0
LINE
8
BLACK
6
CONTINUOUS
10
5.4932396062992126
20
-4.0984338188976377
11
5.4932590551181102
21
-4.0982362598425199
0
LINE
8
BLACK
6
CONTINUOUS
10
5.4932590551181102
20
-4.0982362598425199
11
5.4932492125984247
21
-4.0981588188976374
0
LINE
8
BLACK
6
CONTINUOUS
10
5.4932492125984247
20
-4.0981588188976374
11
5.493276535433071
21
-4.0980585433070864
0
LINE
8
BLACK
6
CONTINUOUS
10
5.493276535433071
20
-4.0980585433070864
11
5.4933152362204725
21
-4.0976657480314964
0
LINE
8
BLACK
6
CONTINUOUS
10
5.4933152362204725
20
-4.0976657480314964
11
5.4935156692913383
21
-4.0971818503937003
0
LINE
8
BLACK
6
CONTINUOUS
10
5.4935156692913383
20
-4.0971818503937003
11
5.4936534251968503
21
-4.096676811023622
0
LINE
8
BLACK
6
CONTINUOUS
10
5.4936534251968503
20
-4.096676811023622
11
5.4938070472440943
21
-4.0964784251968505
0
LINE
8
BLACK
6
CONTINUOUS
10
5.4938070472440943
20
-4.0964784251968505
11
5.4939031102362206
21
-4.096246535433071
0
LINE
8
BLACK
6
CONTINUOUS
10
5.4939031102362206
20
-4.096246535433071
11
5.4942733858267712
21
-4.0958762204724408
0
LINE
8
BLACK
6
CONTINUOUS
10
5.4942733858267712
20
-4.0958762204724408
11
5.4945939763779528
21
-4.0954622834645669
0
LINE
8
BLACK
6
CONTINUOUS
10
5.4945939763779528
20
-4.0954622834645669
11
5.4948118503937007
21
-4.0953377559055113
0
LINE
8
BLACK
6
CONTINUOUS
10
5.4948118503937007
20
-4.0953377559055113
11
5.4949893307086617
21
-4.0951603149606299
0
LINE
8
BLACK
6
CONTINUOUS
10
5.4949893307086617
20
-4.0951603149606299
11
5.4954729921259844
21
-4.0949599606299207
0
LINE
8
BLACK
6
CONTINUOUS
10
5.4954729921259844
20
-4.0949599606299207
11
5.4959277165354328
21
-4.0947001181102358
0
LINE
8
BLACK
6
CONTINUOUS
10
5.4959277165354328
20
-4.0947001181102358
11
5.4961766929133855
21
-4.0946684645669293
0
LINE
8
BLACK
6
CONTINUOUS
10
5.4961766929133855
20
-4.0946684645669293
11
5.4964085433070862
21
-4.0945724409448818
0
LINE
8
BLACK
6
CONTINUOUS
10
5.4964085433070862
20
-4.0945724409448818
11
5.4969322047244091
21
-4.0945724409448818
0
LINE
8
BLACK
6
CONTINUOUS
10
5.4969322047244091
20
-4.0945724409448818
11
5.4974516141732286
21
-4.0945064173228349
0
LINE
8
BLACK
6
CONTINUOUS
10
5.4974516141732286
20
-4.0945064173228349
11
5.4976937007874014
21
-4.0945724409448818
0
LINE
8
BLACK
6
CONTINUOUS
10
5.5841750787401576
20
-4.0946166535433068
11
5.5844557086614168
21
-4.0946366141732282
0
LINE
8
BLACK
6
CONTINUOUS
10
5.5844557086614168
20
-4.0946366141732282
11
5.5848972834645672
21
-4.0948574015748029
0
LINE
8
BLACK
6
CONTINUOUS
10
5.5848972834645672
20
-4.0948574015748029
11
5.585365551181102
21
-4.0950135039370075
0
LINE
8
BLACK
6
CONTINUOUS
10
5.585365551181102
20
-4.0950135039370075
11
5.5855780314960626
21
-4.0951977559055122
0
LINE
8
BLACK
6
CONTINUOUS
10
5.5855780314960626
20
-4.0951977559055122
11
5.5858296850393696
21
-4.0953236220472444
0
LINE
8
BLACK
6
CONTINUOUS
10
5.5858296850393696
20
-4.0953236220472444
11
5.5861532283464568
21
-4.0956966535433068
0
LINE
8
BLACK
6
CONTINUOUS
10
5.5861532283464568
20
-4.0956966535433068
11
5.5865260236220475
21
-4.0960200000000002
0
LINE
8
BLACK
6
CONTINUOUS
10
5.5865260236220475
20
-4.0960200000000002
11
5.5866517322834648
21
-4.0962714173228347
0
LINE
8
BLACK
6
CONTINUOUS
10
5.5866517322834648
20
-4.0962714173228347
11
5.5868361811023624
21
-4.0964840944881891
0
LINE
8
BLACK
6
CONTINUOUS
10
5.5868361811023624
20
-4.0964840944881891
11
5.5869951968503937
21
-4.0969583070866138
0
LINE
8
BLACK
6
CONTINUOUS
10
5.5869951968503937
20
-4.0969583070866138
11
5.5872130314960629
21
-4.097393976377953
0
LINE
8
BLACK
6
CONTINUOUS
10
5.5872130314960629
20
-4.097393976377953
11
5.5872323228346454
21
-4.0976654724409451
0
LINE
8
BLACK
6
CONTINUOUS
10
5.5872323228346454
20
-4.0976654724409451
11
5.6002741338582673
21
-4.1365588976377952
0
LINE
8
BLACK
6
CONTINUOUS
10
5.6002741338582673
20
-4.1365588976377952
11
5.6004452755905509
21
-4.1373114566929132
0
LINE
8
BLACK
6
CONTINUOUS
10
5.6004452755905509
20
-4.1373114566929132
11
5.6003363779527557
21
-4.1388437401574798
0
LINE
8
BLACK
6
CONTINUOUS
10
5.6003363779527557
20
-4.1388437401574798
11
5.5996493700787404
21
-4.1402177165354326
0
LINE
8
BLACK
6
CONTINUOUS
10
5.5996493700787404
20
-4.1402177165354326
11
5.5984888976377949
21
-4.1412242125984253
0
LINE
8
BLACK
6
CONTINUOUS
10
5.5984888976377949
20
-4.1412242125984253
11
5.5970315748031494
21
-4.1417099999999998
0
LINE
8
BLACK
6
CONTINUOUS
10
5.5970315748031494
20
-4.1417099999999998
11
5.5954992913385828
21
-4.1416010629921258
0
LINE
8
BLACK
6
CONTINUOUS
10
5.5954992913385828
20
-4.1416010629921258
11
5.59412531496063
21
-4.1409140944881893
0
LINE
8
BLACK
6
CONTINUOUS
10
5.59412531496063
20
-4.1409140944881893
11
5.5931188188976373
21
-4.1397536220472437
0
LINE
8
BLACK
6
CONTINUOUS
10
5.5931188188976373
20
-4.1397536220472437
11
5.5899925590551183
21
-4.1304304330708659
0
LINE
8
BLACK
6
CONTINUOUS
10
5.5899925590551183
20
-4.1304304330708659
11
5.5768662598425198
21
-4.1304812992125983
0
LINE
8
BLACK
6
CONTINUOUS
10
5.5768662598425198
20
-4.1304812992125983
11
5.5740274409448816
21
-4.139048897637795
0
LINE
8
BLACK
6
CONTINUOUS
10
5.5740274409448816
20
-4.139048897637795
11
5.5737128346456695
21
-4.1397536220472437
0
LINE
8
BLACK
6
CONTINUOUS
10
5.5737128346456695
20
-4.1397536220472437
11
5.5727063385826767
21
-4.1409140944881893
0
LINE
8
BLACK
6
CONTINUOUS
10
5.5727063385826767
20
-4.1409140944881893
11
5.5713323622047239
21
-4.1416011023622046
0
LINE
8
BLACK
6
CONTINUOUS
10
5.5713323622047239
20
-4.1416011023622046
11
5.5698000787401574
21
-4.1417099999999998
0
LINE
8
BLACK
6
CONTINUOUS
10
5.5698000787401574
20
-4.1417099999999998
11
5.5683427559055119
21
-4.1412242519685041
0
LINE
8
BLACK
6
CONTINUOUS
10
5.5683427559055119
20
-4.1412242519685041
11
5.5671822834645672
21
-4.1402177559055113
0
LINE
8
BLACK
6
CONTINUOUS
10
5.5671822834645672
20
-4.1402177559055113
11
5.566495275590551
21
-4.1388437795275586
0
LINE
8
BLACK
6
CONTINUOUS
10
5.566495275590551
20
-4.1388437795275586
11
5.5663863779527558
21
-4.137311496062992
0
LINE
8
BLACK
6
CONTINUOUS
10
5.5663863779527558
20
-4.137311496062992
11
5.5701806299212597
21
-4.1258604724409444
0
LINE
8
BLACK
6
CONTINUOUS
10
5.5701806299212597
20
-4.1258604724409444
11
5.5701806299212597
21
-4.1257872047244097
0
LINE
8
BLACK
6
CONTINUOUS
10
5.5701806299212597
20
-4.1257872047244097
11
5.5703019685039372
21
-4.1254942519685036
0
LINE
8
BLACK
6
CONTINUOUS
10
5.5703019685039372
20
-4.1254942519685036
11
5.5796808661417323
21
-4.0971888582677165
0
LINE
8
BLACK
6
CONTINUOUS
10
5.5796808661417323
20
-4.0971888582677165
11
5.5799954724409444
21
-4.0964840944881891
0
LINE
8
BLACK
6
CONTINUOUS
10
5.5799954724409444
20
-4.0964840944881891
11
5.5801798425196854
21
-4.0962714960629922
0
LINE
8
BLACK
6
CONTINUOUS
10
5.5801798425196854
20
-4.0962714960629922
11
5.5803056299212601
21
-4.0960199606299215
0
LINE
8
BLACK
6
CONTINUOUS
10
5.5803056299212601
20
-4.0960199606299215
11
5.5806785039370075
21
-4.0956964960629918
0
LINE
8
BLACK
6
CONTINUOUS
10
5.5806785039370075
20
-4.0956964960629918
11
5.5810019685039371
21
-4.0953236220472444
0
LINE
8
BLACK
6
CONTINUOUS
10
5.5810019685039371
20
-4.0953236220472444
11
5.5812534645669292
21
-4.0951978346456688
0
LINE
8
BLACK
6
CONTINUOUS
10
5.5812534645669292
20
-4.0951978346456688
11
5.5814661023622048
21
-4.0950134645669287
0
LINE
8
BLACK
6
CONTINUOUS
10
5.5814661023622048
20
-4.0950134645669287
11
5.5819346456692909
21
-4.0948572440944879
0
LINE
8
BLACK
6
CONTINUOUS
10
5.5819346456692909
20
-4.0948572440944879
11
5.5823759448818899
21
-4.094636653543307
0
LINE
8
BLACK
6
CONTINUOUS
10
5.5823759448818899
20
-4.094636653543307
11
5.5826564173228341
21
-4.0946166929133856
0
LINE
8
BLACK
6
CONTINUOUS
10
5.5826564173228341
20
-4.0946166929133856
11
5.5829234251968503
21
-4.094527716535433
0
LINE
8
BLACK
6
CONTINUOUS
10
5.5829234251968503
20
-4.094527716535433
11
5.5834159055118109
21
-4.0945627165354326
0
LINE
8
BLACK
6
CONTINUOUS
10
5.5834159055118109
20
-4.0945627165354326
11
5.5839082283464565
21
-4.094527716535433
0
LINE
8
BLACK
6
CONTINUOUS
10
5.5839082283464565
20
-4.094527716535433
11
5.5841750787401576
21
-4.0946166535433068
0
LINE
8
BLACK
6
CONTINUOUS
10
5.5794545275590552
20
-4.1226699212598428
11
5.5873799606299208
21
-4.1226392125984255
0
LINE
8
BLACK
6
CONTINUOUS
10
5.5873799606299208
20
-4.1226392125984255
11
5.5833987401574801
21
-4.1107663385826774
0
LINE
8
BLACK
6
CONTINUOUS
10
5.5833987401574801
20
-4.1107663385826774
11
5.5794545275590552
21
-4.1226699212598428
0
LINE
8
BLACK
6
CONTINUOUS
10
5.2842213779527558
20
-4.0945724409448818
11
5.2856405905511812
21
-4.0951603149606299
0
LINE
8
BLACK
6
CONTINUOUS
10
5.2856405905511812
20
-4.0951603149606299
11
5.2867268110236223
21
-4.096246535433071
0
LINE
8
BLACK
6
CONTINUOUS
10
5.2867268110236223
20
-4.096246535433071
11
5.2873146850393695
21
-4.0976657480314964
0
LINE
8
BLACK
6
CONTINUOUS
10
5.2873146850393695
20
-4.0976657480314964
11
5.2873146850393695
21
-4.0992018897637799
0
LINE
8
BLACK
6
CONTINUOUS
10
5.2873146850393695
20
-4.0992018897637799
11
5.2867268110236223
21
-4.1006211023622043
0
LINE
8
BLACK
6
CONTINUOUS
10
5.2867268110236223
20
-4.1006211023622043
11
5.2856405905511812
21
-4.1017073228346455
0
LINE
8
BLACK
6
CONTINUOUS
10
5.2856405905511812
20
-4.1017073228346455
11
5.2842213779527558
21
-4.1022951968503936
0
LINE
8
BLACK
6
CONTINUOUS
10
5.2842213779527558
20
-4.1022951968503936
11
5.2760748425196846
21
-4.1023216535433074
0
LINE
8
BLACK
6
CONTINUOUS
10
5.2760748425196846
20
-4.1023216535433074
11
5.2761417322834641
21
-4.1378038976377951
0
LINE
8
BLACK
6
CONTINUOUS
10
5.2761417322834641
20
-4.1378038976377951
11
5.2760661023622042
21
-4.1385719685039373
0
LINE
8
BLACK
6
CONTINUOUS
10
5.2760661023622042
20
-4.1385719685039373
11
5.275478228346457
21
-4.1399911811023618
0
LINE
8
BLACK
6
CONTINUOUS
10
5.275478228346457
20
-4.1399911811023618
11
5.2743920078740159
21
-4.1410774015748029
0
LINE
8
BLACK
6
CONTINUOUS
10
5.2743920078740159
20
-4.1410774015748029
11
5.2729727952755905
21
-4.141665275590551
0
LINE
8
BLACK
6
CONTINUOUS
10
5.2729727952755905
20
-4.141665275590551
11
5.271436653543307
21
-4.141665275590551
0
LINE
8
BLACK
6
CONTINUOUS
10
5.271436653543307
20
-4.141665275590551
11
5.2700174409448817
21
-4.1410774015748029
0
LINE
8
BLACK
6
CONTINUOUS
10
5.2700174409448817
20
-4.1410774015748029
11
5.2689312204724406
21
-4.1399911811023618
0
LINE
8
BLACK
6
CONTINUOUS
10
5.2689312204724406
20
-4.1399911811023618
11
5.2683433464566924
21
-4.1385719685039373
0
LINE
8
BLACK
6
CONTINUOUS
10
5.2683433464566924
20
-4.1385719685039373
11
5.2682750787401575
21
-4.1023470078740161
0
LINE
8
BLACK
6
CONTINUOUS
10
5.2682750787401575
20
-4.1023470078740161
11
5.260956141732283
21
-4.1023708267716534
0
LINE
8
BLACK
6
CONTINUOUS
10
5.260956141732283
20
-4.1023708267716534
11
5.2601880708661417
21
-4.1022951968503936
0
LINE
8
BLACK
6
CONTINUOUS
10
5.2601880708661417
20
-4.1022951968503936
11
5.2587688582677163
21
-4.1017073228346455
0
LINE
8
BLACK
6
CONTINUOUS
10
5.2587688582677163
20
-4.1017073228346455
11
5.2576826377952752
21
-4.1006211023622043
0
LINE
8
BLACK
6
CONTINUOUS
10
5.2576826377952752
20
-4.1006211023622043
11
5.2570947637795271
21
-4.0992018897637799
0
LINE
8
BLACK
6
CONTINUOUS
10
5.2570947637795271
20
-4.0992018897637799
11
5.2570947637795271
21
-4.0976657480314964
0
LINE
8
BLACK
6
CONTINUOUS
10
5.2570947637795271
20
-4.0976657480314964
11
5.2576826377952752
21
-4.096246535433071
0
LINE
8
BLACK
6
CONTINUOUS
10
5.2576826377952752
20
-4.096246535433071
11
5.2587688582677163
21
-4.0951603149606299
0
LINE
8
BLACK
6
CONTINUOUS
10
5.2587688582677163
20
-4.0951603149606299
11
5.2601880708661417
21
-4.0945724409448818
0
LINE
8
BLACK
6
CONTINUOUS
10
5.2601880708661417
20
-4.0945724409448818
11
5.2834533070866136
21
-4.094496811023622
0
LINE
8
BLACK
6
CONTINUOUS
10
5.2834533070866136
20
-4.094496811023622
11
5.2842213779527558
21
-4.0945724409448818
0
LINE
8
BLACK
6
CONTINUOUS
10
5.3479634251968502
20
-4.0945724409448818
11
5.3480941338582673
21
-4.0946265748031498
0
LINE
8
BLACK
6
CONTINUOUS
10
5.3480941338582673
20
-4.0946265748031498
11
5.3482352362204724
21
-4.0946366141732282
0
LINE
8
BLACK
6
CONTINUOUS
10
5.3482352362204724
20
-4.0946366141732282
11
5.3489594094488186
21
-4.0949850000000003
0
LINE
8
BLACK
6
CONTINUOUS
10
5.3489594094488186
20
-4.0949850000000003
11
5.3493826377952756
21
-4.0951603149606299
0
LINE
8
BLACK
6
CONTINUOUS
10
5.3493826377952756
20
-4.0951603149606299
11
5.3494371259842515
21
-4.0952148031496058
0
LINE
8
BLACK
6
CONTINUOUS
10
5.3494371259842515
20
-4.0952148031496058
11
5.3527055511811019
21
-4.0967872047244089
0
LINE
8
BLACK
6
CONTINUOUS
10
5.3527055511811019
20
-4.0967872047244089
11
5.3530361023622044
21
-4.096995275590551
0
LINE
8
BLACK
6
CONTINUOUS
10
5.3530361023622044
20
-4.096995275590551
11
5.3531321653543307
21
-4.0970350787401575
0
LINE
8
BLACK
6
CONTINUOUS
10
5.3531321653543307
20
-4.0970350787401575
11
5.3531953149606295
21
-4.0970954724409445
0
LINE
8
BLACK
6
CONTINUOUS
10
5.3531953149606295
20
-4.0970954724409445
11
5.3533587007874015
21
-4.0971983464566932
0
LINE
8
BLACK
6
CONTINUOUS
10
5.3533587007874015
20
-4.0971983464566932
11
5.3536310236220475
21
-4.097512362204724
0
LINE
8
BLACK
6
CONTINUOUS
10
5.3536310236220475
20
-4.097512362204724
11
5.355603503937008
21
-4.0993994488188976
0
LINE
8
BLACK
6
CONTINUOUS
10
5.355603503937008
20
-4.0993994488188976
11
5.3558512204724407
21
-4.0997012598425195
0
LINE
8
BLACK
6
CONTINUOUS
10
5.3558512204724407
20
-4.0997012598425195
11
5.3559298818897636
21
-4.0997694881889766
0
LINE
8
BLACK
6
CONTINUOUS
10
5.3559298818897636
20
-4.0997694881889766
11
5.355968897637795
21
-4.0998446062992127
0
LINE
8
BLACK
6
CONTINUOUS
10
5.355968897637795
20
-4.0998446062992127
11
5.3560931496062993
21
-4.0999960236220474
0
LINE
8
BLACK
6
CONTINUOUS
10
5.3560931496062993
20
-4.0999960236220474
11
5.3562731496062987
21
-4.1004306692913381
0
LINE
8
BLACK
6
CONTINUOUS
10
5.3562731496062987
20
-4.1004306692913381
11
5.3582157874015746
21
-4.1041721653543304
0
LINE
8
BLACK
6
CONTINUOUS
10
5.3582157874015746
20
-4.1041721653543304
11
5.3584916141732286
21
-4.1048929921259845
0
LINE
8
BLACK
6
CONTINUOUS
10
5.3584916141732286
20
-4.1048929921259845
11
5.3585016141732282
21
-4.1050340551181099
0
LINE
8
BLACK
6
CONTINUOUS
10
5.3585016141732282
20
-4.1050340551181099
11
5.358555787401575
21
-4.1051648031496066
0
LINE
8
BLACK
6
CONTINUOUS
10
5.358555787401575
20
-4.1051648031496066
11
5.3585647244094483
21
-4.1059220078740157
0
LINE
8
BLACK
6
CONTINUOUS
10
5.3585647244094483
20
-4.1059220078740157
11
5.3586005118110238
21
-4.106425275590551
0
LINE
8
BLACK
6
CONTINUOUS
10
5.3586005118110238
20
-4.106425275590551
11
5.3585716929133858
21
-4.1065116141732281
0
LINE
8
BLACK
6
CONTINUOUS
10
5.3585716929133858
20
-4.1065116141732281
11
5.3586314173228349
21
-4.1115571653543306
0
LINE
8
BLACK
6
CONTINUOUS
10
5.3586314173228349
20
-4.1115571653543306
11
5.358555787401575
21
-4.1123252362204727
0
LINE
8
BLACK
6
CONTINUOUS
10
5.358555787401575
20
-4.1123252362204727
11
5.3585016141732282
21
-4.1124559448818898
0
LINE
8
BLACK
6
CONTINUOUS
10
5.3585016141732282
20
-4.1124559448818898
11
5.3584916141732286
21
-4.112597047244094
0
LINE
8
BLACK
6
CONTINUOUS
10
5.3584916141732286
20
-4.112597047244094
11
5.3581431889763778
21
-4.1133212204724412
0
LINE
8
BLACK
6
CONTINUOUS
10
5.3581431889763778
20
-4.1133212204724412
11
5.3579679133858269
21
-4.1137444488188972
0
LINE
8
BLACK
6
CONTINUOUS
10
5.3579679133858269
20
-4.1137444488188972
11
5.3579133858267713
21
-4.113798937007874
0
LINE
8
BLACK
6
CONTINUOUS
10
5.3579133858267713
20
-4.113798937007874
11
5.356341023622047
21
-4.1170673622047245
0
LINE
8
BLACK
6
CONTINUOUS
10
5.356341023622047
20
-4.1170673622047245
11
5.3561329133858271
21
-4.1173979133858269
0
LINE
8
BLACK
6
CONTINUOUS
10
5.3561329133858271
20
-4.1173979133858269
11
5.3560931496062993
21
-4.1174940157480311
0
LINE
8
BLACK
6
CONTINUOUS
10
5.3560931496062993
20
-4.1174940157480311
11
5.3560326771653539
21
-4.1175571653543308
0
LINE
8
BLACK
6
CONTINUOUS
10
5.3560326771653539
20
-4.1175571653543308
11
5.3559298818897636
21
-4.1177205511811019
0
LINE
8
BLACK
6
CONTINUOUS
10
5.3559298818897636
20
-4.1177205511811019
11
5.3556159055118107
21
-4.1179927952755904
0
LINE
8
BLACK
6
CONTINUOUS
10
5.3556159055118107
20
-4.1179927952755904
11
5.3537287795275592
21
-4.1199653543307084
0
LINE
8
BLACK
6
CONTINUOUS
10
5.3537287795275592
20
-4.1199653543307084
11
5.3534267716535435
21
-4.1202131496062995
0
LINE
8
BLACK
6
CONTINUOUS
10
5.3534267716535435
20
-4.1202131496062995
11
5.3533587007874015
21
-4.1202916929133862
0
LINE
8
BLACK
6
CONTINUOUS
10
5.3533587007874015
20
-4.1202916929133862
11
5.3532835826771654
21
-4.1203306692913388
0
LINE
8
BLACK
6
CONTINUOUS
10
5.3532835826771654
20
-4.1203306692913388
11
5.3531321653543307
21
-4.120454960629921
0
LINE
8
BLACK
6
CONTINUOUS
10
5.3531321653543307
20
-4.120454960629921
11
5.3526973228346453
21
-4.1206350393700788
0
LINE
8
BLACK
6
CONTINUOUS
10
5.3526973228346453
20
-4.1206350393700788
11
5.3489560236220468
21
-4.1225775984251971
0
LINE
8
BLACK
6
CONTINUOUS
10
5.3489560236220468
20
-4.1225775984251971
11
5.3482352362204724
21
-4.1228534251968503
0
LINE
8
BLACK
6
CONTINUOUS
10
5.3482352362204724
20
-4.1228534251968503
11
5.3480941338582673
21
-4.1228634251968499
0
LINE
8
BLACK
6
CONTINUOUS
10
5.3480941338582673
20
-4.1228634251968499
11
5.3479634251968502
21
-4.1229175984251967
0
LINE
8
BLACK
6
CONTINUOUS
10
5.3479634251968502
20
-4.1229175984251967
11
5.3472865748031495
21
-4.1229208267716535
0
LINE
8
BLACK
6
CONTINUOUS
10
5.3472865748031495
20
-4.1229208267716535
11
5.3467029527559058
21
-4.1229623228346455
0
LINE
8
BLACK
6
CONTINUOUS
10
5.3467029527559058
20
-4.1229623228346455
11
5.3465885433070861
21
-4.1229241732283466
0
LINE
8
BLACK
6
CONTINUOUS
10
5.3465885433070861
20
-4.1229241732283466
11
5.3361062992125987
21
-4.1229744488188977
0
LINE
8
BLACK
6
CONTINUOUS
10
5.3361062992125987
20
-4.1229744488188977
11
5.3361342519685042
21
-4.1378038976377951
0
LINE
8
BLACK
6
CONTINUOUS
10
5.3361342519685042
20
-4.1378038976377951
11
5.3360586220472443
21
-4.1385719685039373
0
LINE
8
BLACK
6
CONTINUOUS
10
5.3360586220472443
20
-4.1385719685039373
11
5.3354707480314962
21
-4.1399911811023618
0
LINE
8
BLACK
6
CONTINUOUS
10
5.3354707480314962
20
-4.1399911811023618
11
5.3343845275590551
21
-4.1410774015748029
0
LINE
8
BLACK
6
CONTINUOUS
10
5.3343845275590551
20
-4.1410774015748029
11
5.3329653149606298
21
-4.141665275590551
0
LINE
8
BLACK
6
CONTINUOUS
10
5.3329653149606298
20
-4.141665275590551
11
5.3314291732283463
21
-4.141665275590551
0
LINE
8
BLACK
6
CONTINUOUS
10
5.3314291732283463
20
-4.141665275590551
11
5.3300099606299209
21
-4.1410774015748029
0
LINE
8
BLACK
6
CONTINUOUS
10
5.3300099606299209
20
-4.1410774015748029
11
5.3289237401574798
21
-4.1399911811023618
0
LINE
8
BLACK
6
CONTINUOUS
10
5.3289237401574798
20
-4.1399911811023618
11
5.3283358661417326
21
-4.1385719685039373
0
LINE
8
BLACK
6
CONTINUOUS
10
5.3283358661417326
20
-4.1385719685039373
11
5.3282602362204727
21
-4.0984338188976377
0
LINE
8
BLACK
6
CONTINUOUS
10
5.3282602362204727
20
-4.0984338188976377
11
5.3283358661417326
21
-4.0976657480314964
0
LINE
8
BLACK
6
CONTINUOUS
10
5.3283358661417326
20
-4.0976657480314964
11
5.3289237401574798
21
-4.096246535433071
0
LINE
8
BLACK
6
CONTINUOUS
10
5.3289237401574798
20
-4.096246535433071
11
5.3300099606299209
21
-4.0951603149606299
0
LINE
8
BLACK
6
CONTINUOUS
10
5.3300099606299209
20
-4.0951603149606299
11
5.3314291732283463
21
-4.0945724409448818
0
LINE
8
BLACK
6
CONTINUOUS
10
5.3314291732283463
20
-4.0945724409448818
11
5.3471953543307089
21
-4.094496811023622
0
LINE
8
BLACK
6
CONTINUOUS
10
5.3471953543307089
20
-4.094496811023622
11
5.3479634251968502
21
-4.0945724409448818
0
LINE
8
BLACK
6
CONTINUOUS
10
5.3360674409448814
20
-4.1023522440944884
11
5.3360915748031497
21
-4.1151724409448818
0
LINE
8
BLACK
6
CONTINUOUS
10
5.3360915748031497
20
-4.1151724409448818
11
5.3463661811023622
21
-4.1151231889763782
0
LINE
8
BLACK
6
CONTINUOUS
10
5.3463661811023622
20
-4.1151231889763782
11
5.3487143307086615
21
-4.1139039763779524
0
LINE
8
BLACK
6
CONTINUOUS
10
5.3487143307086615
20
-4.1139039763779524
11
5.3496851181102363
21
-4.1128892913385826
0
LINE
8
BLACK
6
CONTINUOUS
10
5.3496851181102363
20
-4.1128892913385826
11
5.3508119685039368
21
-4.1105469685039369
0
LINE
8
BLACK
6
CONTINUOUS
10
5.3508119685039368
20
-4.1105469685039369
11
5.3507673228346455
21
-4.1067734645669294
0
LINE
8
BLACK
6
CONTINUOUS
10
5.3507673228346455
20
-4.1067734645669294
11
5.3495422440944882
21
-4.1044139763779528
0
LINE
8
BLACK
6
CONTINUOUS
10
5.3495422440944882
20
-4.1044139763779528
11
5.3485274015748034
21
-4.103443031496063
0
LINE
8
BLACK
6
CONTINUOUS
10
5.3485274015748034
20
-4.103443031496063
11
5.346159409448819
21
-4.1023038188976377
0
LINE
8
BLACK
6
CONTINUOUS
10
5.346159409448819
20
-4.1023038188976377
11
5.3360674409448814
21
-4.1023522440944884
0
LINE
8
BLACK
6
CONTINUOUS
10
4.8191423228346455
20
-3.8914385039370076
11
4.8316161023622044
21
-3.8943948425196848
0
LINE
8
BLACK
6
CONTINUOUS
10
4.8316161023622044
20
-3.8943948425196848
11
4.8436623228346454
21
-3.8987793307086611
0
LINE
8
BLACK
6
CONTINUOUS
10
4.8436623228346454
20
-3.8987793307086611
11
4.8551181102362202
21
-3.9045326377952754
0
LINE
8
BLACK
6
CONTINUOUS
10
4.8551181102362202
20
-3.9045326377952754
11
4.8658285039370082
21
-3.9115769685039368
0
LINE
8
BLACK
6
CONTINUOUS
10
4.8658285039370082
20
-3.9115769685039368
11
4.8756487007874014
21
-3.9198170866141733
0
LINE
8
BLACK
6
CONTINUOUS
10
4.8756487007874014
20
-3.9198170866141733
11
4.8844458267716533
21
-3.9291415354330708
0
LINE
8
BLACK
6
CONTINUOUS
10
4.8844458267716533
20
-3.9291415354330708
11
4.8921010236220468
21
-3.9394242125984249
0
LINE
8
BLACK
6
CONTINUOUS
10
4.8921010236220468
20
-3.9394242125984249
11
4.8985106692913387
21
-3.9505260629921257
0
LINE
8
BLACK
6
CONTINUOUS
10
4.8985106692913387
20
-3.9505260629921257
11
4.903588149606299
21
-3.9622970078740156
0
LINE
8
BLACK
6
CONTINUOUS
10
4.903588149606299
20
-3.9622970078740156
11
4.907264803149606
21
-3.9745777952755903
0
LINE
8
BLACK
6
CONTINUOUS
10
4.907264803149606
20
-3.9745777952755903
11
4.9094908267716537
21
-3.9872023622047243
0
LINE
8
BLACK
6
CONTINUOUS
10
4.9094908267716537
20
-3.9872023622047243
11
4.9102362204724406
21
-4.
0
LINE
8
BLACK
6
CONTINUOUS
10
4.9102362204724406
20
-4.
11
4.9094908267716537
21
-4.0127976377952752
0
LINE
8
BLACK
6
CONTINUOUS
10
4.9094908267716537
20
-4.0127976377952752
11
4.907264803149606
21
-4.0254222047244097
0
LINE
8
BLACK
6
CONTINUOUS
10
4.907264803149606
20
-4.0254222047244097
11
4.903588149606299
21
-4.0377029921259844
0
LINE
8
BLACK
6
CONTINUOUS
10
4.903588149606299
20
-4.0377029921259844
11
4.8985106692913387
21
-4.0494739370078738
0
LINE
8
BLACK
6
CONTINUOUS
10
4.8985106692913387
20
-4.0494739370078738
11
4.8921010236220468
21
-4.0605757874015751
0
LINE
8
BLACK
6
CONTINUOUS
10
4.8921010236220468
20
-4.0605757874015751
11
4.8844458267716533
21
-4.0708584645669292
0
LINE
8
BLACK
6
CONTINUOUS
10
4.8844458267716533
20
-4.0708584645669292
11
4.8756487007874014
21
-4.0801829133858263
0
LINE
8
BLACK
6
CONTINUOUS
10
4.8756487007874014
20
-4.0801829133858263
11
4.8658285039370082
21
-4.0884230314960632
0
LINE
8
BLACK
6
CONTINUOUS
10
4.8658285039370082
20
-4.0884230314960632
11
4.8551181102362202
21
-4.0954673622047242
0
LINE
8
BLACK
6
CONTINUOUS
10
4.8551181102362202
20
-4.0954673622047242
11
4.8436623228346454
21
-4.1012206692913384
0
LINE
8
BLACK
6
CONTINUOUS
10
4.8436623228346454
20
-4.1012206692913384
11
4.8316161023622044
21
-4.1056051574803147
0
LINE
8
BLACK
6
CONTINUOUS
10
4.8316161023622044
20
-4.1056051574803147
11
4.8191423228346455
21
-4.1085614960629924
0
LINE
8
BLACK
6
CONTINUOUS
10
4.8191423228346455
20
-4.1085614960629924
11
4.8064096850393696
21
-4.1100497244094489
0
LINE
8
BLACK
6
CONTINUOUS
10
4.8064096850393696
20
-4.1100497244094489
11
4.79359031496063
21
-4.1100497244094489
0
LINE
8
BLACK
6
CONTINUOUS
10
4.79359031496063
20
-4.1100497244094489
11
4.7808576771653541
21
-4.1085614960629924
0
LINE
8
BLACK
6
CONTINUOUS
10
4.7808576771653541
20
-4.1085614960629924
11
4.7683838976377952
21
-4.1056051574803147
0
LINE
8
BLACK
6
CONTINUOUS
10
4.7683838976377952
20
-4.1056051574803147
11
4.7563376771653543
21
-4.1012206692913384
0
LINE
8
BLACK
6
CONTINUOUS
10
4.7563376771653543
20
-4.1012206692913384
11
4.7448818897637794
21
-4.0954673622047242
0
LINE
8
BLACK
6
CONTINUOUS
10
4.7448818897637794
20
-4.0954673622047242
11
4.7341714960629924
21
-4.0884230314960632
0
LINE
8
BLACK
6
CONTINUOUS
10
4.7341714960629924
20
-4.0884230314960632
11
4.7243512992125982
21
-4.0801829133858263
0
LINE
8
BLACK
6
CONTINUOUS
10
4.7243512992125982
20
-4.0801829133858263
11
4.7155541732283464
21
-4.0708584645669292
0
LINE
8
BLACK
6
CONTINUOUS
10
4.7155541732283464
20
-4.0708584645669292
11
4.7078989763779528
21
-4.0605757874015751
0
LINE
8
BLACK
6
CONTINUOUS
10
4.7078989763779528
20
-4.0605757874015751
11
4.7014893307086609
21
-4.0494739370078738
0
LINE
8
BLACK
6
CONTINUOUS
10
4.7014893307086609
20
-4.0494739370078738
11
4.6964118503937007
21
-4.0377029921259844
0
LINE
8
BLACK
6
CONTINUOUS
10
4.6964118503937007
20
-4.0377029921259844
11
4.6927351968503936
21
-4.0254222047244097
0
LINE
8
BLACK
6
CONTINUOUS
10
4.6927351968503936
20
-4.0254222047244097
11
4.6905091732283459
21
-4.0127976377952752
0
LINE
8
BLACK
6
CONTINUOUS
10
4.6905091732283459
20
-4.0127976377952752
11
4.6897637795275591
21
-4.
0
LINE
8
BLACK
6
CONTINUOUS
10
4.6897637795275591
20
-4.
11
4.6905091732283459
21
-3.9872023622047243
0
LINE
8
BLACK
6
CONTINUOUS
10
4.6905091732283459
20
-3.9872023622047243
11
4.6927351968503936
21
-3.9745777952755903
0
LINE
8
BLACK
6
CONTINUOUS
10
4.6927351968503936
20
-3.9745777952755903
11
4.6964118503937007
21
-3.9622970078740156
0
LINE
8
BLACK
6
CONTINUOUS
10
4.6964118503937007
20
-3.9622970078740156
11
4.7014893307086609
21
-3.9505260629921257
0
LINE
8
BLACK
6
CONTINUOUS
10
4.7014893307086609
20
-3.9505260629921257
11
4.7078989763779528
21
-3.9394242125984249
0
LINE
8
BLACK
6
CONTINUOUS
10
4.7078989763779528
20
-3.9394242125984249
11
4.7155541732283464
21
-3.9291415354330708
0
LINE
8
BLACK
6
CONTINUOUS
10
4.7155541732283464
20
-3.9291415354330708
11
4.7243512992125982
21
-3.9198170866141733
0
LINE
8
BLACK
6
CONTINUOUS
10
4.7243512992125982
20
-3.9198170866141733
11
4.7341714960629924
21
-3.9115769685039368
0
LINE
8
BLACK
6
CONTINUOUS
10
4.7341714960629924
20
-3.9115769685039368
11
4.7448818897637794
21
-3.9045326377952754
0
LINE
8
BLACK
6
CONTINUOUS
10
4.7448818897637794
20
-3.9045326377952754
11
4.7563376771653543
21
-3.8987793307086611
0
LINE
8
BLACK
6
CONTINUOUS
10
4.7563376771653543
20
-3.8987793307086611
11
4.7683838976377952
21
-3.8943948425196848
0
LINE
8
BLACK
6
CONTINUOUS
10
4.7683838976377952
20
-3.8943948425196848
11
4.7808576771653541
21
-3.8914385039370076
0
LINE
8
BLACK
6
CONTINUOUS
10
4.7808576771653541
20
-3.8914385039370076
11
4.79359031496063
21
-3.8899502755905511
0
LINE
8
BLACK
6
CONTINUOUS
10
4.79359031496063
20
-3.8899502755905511
11
4.8064096850393696
21
-3.8899502755905511
0
LINE
8
BLACK
6
CONTINUOUS
10
4.8064096850393696
20
-3.8899502755905511
11
4.8191423228346455
21
-3.8914385039370076
0
LINE
8
BLACK
6
CONTINUOUS
10
6.0191423228346457
20
-3.8914385039370076
11
6.0316161023622046
21
-3.8943948425196848
0
LINE
8
BLACK
6
CONTINUOUS
10
6.0316161023622046
20
-3.8943948425196848
11
6.0436623228346456
21
-3.8987793307086611
0
LINE
8
BLACK
6
CONTINUOUS
10
6.0436623228346456
20
-3.8987793307086611
11
6.0551181102362204
21
-3.9045326377952754
0
LINE
8
BLACK
6
CONTINUOUS
10
6.0551181102362204
20
-3.9045326377952754
11
6.0658285039370075
21
-3.9115769685039368
0
LINE
8
BLACK
6
CONTINUOUS
10
6.0658285039370075
20
-3.9115769685039368
11
6.0756487007874016
21
-3.9198170866141733
0
LINE
8
BLACK
6
CONTINUOUS
10
6.0756487007874016
20
-3.9198170866141733
11
6.0844458267716535
21
-3.9291415354330708
0
LINE
8
BLACK
6
CONTINUOUS
10
6.0844458267716535
20
-3.9291415354330708
11
6.092101023622047
21
-3.9394242125984249
0
LINE
8
BLACK
6
CONTINUOUS
10
6.092101023622047
20
-3.9394242125984249
11
6.098510669291338
21
-3.9505260629921257
0
LINE
8
BLACK
6
CONTINUOUS
10
6.098510669291338
20
-3.9505260629921257
11
6.1035881496062991
21
-3.9622970078740156
0
LINE
8
BLACK
6
CONTINUOUS
10
6.1035881496062991
20
-3.9622970078740156
11
6.1072648031496062
21
-3.9745777952755903
0
LINE
8
BLACK
6
CONTINUOUS
10
6.1072648031496062
20
-3.9745777952755903
11
6.109490826771653
21
-3.9872023622047243
0
LINE
8
BLACK
6
CONTINUOUS
10
6.109490826771653
20
-3.9872023622047243
11
6.1102362204724407
21
-4.
0
LINE
8
BLACK
6
CONTINUOUS
10
6.1102362204724407
20
-4.
11
6.109490826771653
21
-4.0127976377952752
0
LINE
8
BLACK
6
CONTINUOUS
10
6.109490826771653
20
-4.0127976377952752
11
6.1072648031496062
21
-4.0254222047244097
0
LINE
8
BLACK
6
CONTINUOUS
10
6.1072648031496062
20
-4.0254222047244097
11
6.1035881496062991
21
-4.0377029921259844
0
LINE
8
BLACK
6
CONTINUOUS
10
6.1035881496062991
20
-4.0377029921259844
11
6.098510669291338
21
-4.0494739370078738
0
LINE
8
BLACK
6
CONTINUOUS
10
6.098510669291338
20
-4.0494739370078738
11
6.092101023622047
21
-4.0605757874015751
0
LINE
8
BLACK
6
CONTINUOUS
10
6.092101023622047
20
-4.0605757874015751
11
6.0844458267716535
21
-4.0708584645669292
0
LINE
8
BLACK
6
CONTINUOUS
10
6.0844458267716535
20
-4.0708584645669292
11
6.0756487007874016
21
-4.0801829133858263
0
LINE
8
BLACK
6
CONTINUOUS
10
6.0756487007874016
20
-4.0801829133858263
11
6.0658285039370075
21
-4.0884230314960632
0
LINE
8
BLACK
6
CONTINUOUS
10
6.0658285039370075
20
-4.0884230314960632
11
6.0551181102362204
21
-4.0954673622047242
0
LINE
8
BLACK
6
CONTINUOUS
10
6.0551181102362204
20
-4.0954673622047242
11
6.0436623228346456
21
-4.1012206692913384
0
LINE
8
BLACK
6
CONTINUOUS
10
6.0436623228346456
20
-4.1012206692913384
11
6.0316161023622046
21
-4.1056051574803147
0
LINE
8
BLACK
6
CONTINUOUS
10
6.0316161023622046
20
-4.1056051574803147
11
6.0191423228346457
21
-4.1085614960629924
0
LINE
8
BLACK
6
CONTINUOUS
10
6.0191423228346457
20
-4.1085614960629924
11
6.0064096850393698
21
-4.1100497244094489
0
LINE
8
BLACK
6
CONTINUOUS
10
6.0064096850393698
20
-4.1100497244094489
11
5.9935903149606302
21
-4.1100497244094489
0
LINE
8
BLACK
6
CONTINUOUS
10
5.9935903149606302
20
-4.1100497244094489
11
5.9808576771653543
21
-4.1085614960629924
0
LINE
8
BLACK
6
CONTINUOUS
10
5.9808576771653543
20
-4.1085614960629924
11
5.9683838976377954
21
-4.1056051574803147
0
LINE
8
BLACK
6
CONTINUOUS
10
5.9683838976377954
20
-4.1056051574803147
11
5.9563376771653544
21
-4.1012206692913384
0
LINE
8
BLACK
6
CONTINUOUS
10
5.9563376771653544
20
-4.1012206692913384
11
5.9448818897637796
21
-4.0954673622047242
0
LINE
8
BLACK
6
CONTINUOUS
10
5.9448818897637796
20
-4.0954673622047242
11
5.9341714960629917
21
-4.0884230314960632
0
LINE
8
BLACK
6
CONTINUOUS
10
5.9341714960629917
20
-4.0884230314960632
11
5.9243512992125984
21
-4.0801829133858263
0
LINE
8
BLACK
6
CONTINUOUS
10
5.9243512992125984
20
-4.0801829133858263
11
5.9155541732283465
21
-4.0708584645669292
0
LINE
8
BLACK
6
CONTINUOUS
10
5.9155541732283465
20
-4.0708584645669292
11
5.907898976377953
21
-4.0605757874015751
0
LINE
8
BLACK
6
CONTINUOUS
10
5.907898976377953
20
-4.0605757874015751
11
5.9014893307086611
21
-4.0494739370078738
0
LINE
8
BLACK
6
CONTINUOUS
10
5.9014893307086611
20
-4.0494739370078738
11
5.8964118503937009
21
-4.0377029921259844
0
LINE
8
BLACK
6
CONTINUOUS
10
5.8964118503937009
20
-4.0377029921259844
11
5.8927351968503938
21
-4.0254222047244097
0
LINE
8
BLACK
6
CONTINUOUS
10
5.8927351968503938
20
-4.0254222047244097
11
5.8905091732283461
21
-4.0127976377952752
0
LINE
8
BLACK
6
CONTINUOUS
10
5.8905091732283461
20
-4.0127976377952752
11
5.8897637795275593
21
-4.
0
LINE
8
BLACK
6
CONTINUOUS
10
5.8897637795275593
20
-4.
11
5.8905091732283461
21
-3.9872023622047243
0
LINE
8
BLACK
6
CONTINUOUS
10
5.8905091732283461
20
-3.9872023622047243
11
5.8927351968503938
21
-3.9745777952755903
0
LINE
8
BLACK
6
CONTINUOUS
10
5.8927351968503938
20
-3.9745777952755903
11
5.8964118503937009
21
-3.9622970078740156
0
LINE
8
BLACK
6
CONTINUOUS
10
5.8964118503937009
20
-3.9622970078740156
11
5.9014893307086611
21
-3.9505260629921257
0
LINE
8
BLACK
6
CONTINUOUS
10
5.9014893307086611
20
-3.9505260629921257
11
5.907898976377953
21
-3.9394242125984249
0
LINE
8
BLACK
6
CONTINUOUS
10
5.907898976377953
20
-3.9394242125984249
11
5.9155541732283465
21
-3.9291415354330708
0
LINE
8
BLACK
6
CONTINUOUS
10
5.9155541732283465
20
-3.9291415354330708
11
5.9243512992125984
21
-3.9198170866141733
0
LINE
8
BLACK
6
CONTINUOUS
10
5.9243512992125984
20
-3.9198170866141733
11
5.9341714960629917
21
-3.9115769685039368
0
LINE
8
BLACK
6
CONTINUOUS
10
5.9341714960629917
20
-3.9115769685039368
11
5.9448818897637796
21
-3.9045326377952754
0
LINE
8
BLACK
6
CONTINUOUS
10
5.9448818897637796
20
-3.9045326377952754
11
5.9563376771653544
21
-3.8987793307086611
0
LINE
8
BLACK
6
CONTINUOUS
10
5.9563376771653544
20
-3.8987793307086611
11
5.9683838976377954
21
-3.8943948425196848
0
LINE
8
BLACK
6
CONTINUOUS
10
5.9683838976377954
20
-3.8943948425196848
11
5.9808576771653543
21
-3.8914385039370076
0
LINE
8
BLACK
6
CONTINUOUS
10
5.9808576771653543
20
-3.8914385039370076
11
5.9935903149606302
21
-3.8899502755905511
0
LINE
8
BLACK
6
CONTINUOUS
10
5.9935903149606302
20
-3.8899502755905511
11
6.0064096850393698
21
-3.8899502755905511
0
LINE
8
BLACK
6
CONTINUOUS
10
6.0064096850393698
20
-3.8899502755905511
11
6.0191423228346457
21
-3.8914385039370076
0
LINE
8
BLACK
6
CONTINUOUS
10
5.474074527559055
20
-3.9644975984251967
11
5.4795370866141733
21
-3.9673645669291338
0
LINE
8
BLACK
6
CONTINUOUS
10
5.4795370866141733
20
-3.9673645669291338
11
5.4841548031496066
21
-3.9714555118110235
0
LINE
8
BLACK
6
CONTINUOUS
10
5.4841548031496066
20
-3.9714555118110235
11
5.4876592913385824
21
-3.9765326771653542
0
LINE
8
BLACK
6
CONTINUOUS
10
5.4876592913385824
20
-3.9765326771653542
11
5.4898469291338579
21
-3.9823009842519683
0
LINE
8
BLACK
6
CONTINUOUS
10
5.4898469291338579
20
-3.9823009842519683
11
5.4905905511811026
21
-3.9884251968503937
0
LINE
8
BLACK
6
CONTINUOUS
10
5.4905905511811026
20
-3.9884251968503937
11
5.4898469291338579
21
-3.994549409448819
0
LINE
8
BLACK
6
CONTINUOUS
10
5.4898469291338579
20
-3.994549409448819
11
5.4876592913385824
21
-4.0003177165354327
0
LINE
8
BLACK
6
CONTINUOUS
10
5.4876592913385824
20
-4.0003177165354327
11
5.4841548031496066
21
-4.0053948818897638
0
LINE
8
BLACK
6
CONTINUOUS
10
5.4841548031496066
20
-4.0053948818897638
11
5.4795370866141733
21
-4.0094858267716535
0
LINE
8
BLACK
6
CONTINUOUS
10
5.4795370866141733
20
-4.0094858267716535
11
5.474074527559055
21
-4.0123527952755902
0
LINE
8
BLACK
6
CONTINUOUS
10
5.474074527559055
20
-4.0123527952755902
11
5.4680846062992128
21
-4.0138291732283466
0
LINE
8
BLACK
6
CONTINUOUS
10
5.4680846062992128
20
-4.0138291732283466
11
5.4619153937007869
21
-4.0138291732283466
0
LINE
8
BLACK
6
CONTINUOUS
10
5.4619153937007869
20
-4.0138291732283466
11
5.4559254724409447
21
-4.0123527952755902
0
LINE
8
BLACK
6
CONTINUOUS
10
5.4559254724409447
20
-4.0123527952755902
11
5.4504629133858264
21
-4.0094858267716535
0
LINE
8
BLACK
6
CONTINUOUS
10
5.4504629133858264
20
-4.0094858267716535
11
5.4458451968503931
21
-4.0053948818897638
0
LINE
8
BLACK
6
CONTINUOUS
10
5.4458451968503931
20
-4.0053948818897638
11
5.4423407086614173
21
-4.0003177165354327
0
LINE
8
BLACK
6
CONTINUOUS
10
5.4423407086614173
20
-4.0003177165354327
11
5.4401530708661419
21
-3.994549409448819
0
LINE
8
BLACK
6
CONTINUOUS
10
5.4401530708661419
20
-3.994549409448819
11
5.4394094488188971
21
-3.9884251968503937
0
LINE
8
BLACK
6
CONTINUOUS
10
5.4394094488188971
20
-3.9884251968503937
11
5.4401530708661419
21
-3.9823009842519683
0
LINE
8
BLACK
6
CONTINUOUS
10
5.4401530708661419
20
-3.9823009842519683
11
5.4423407086614173
21
-3.9765326771653542
0
LINE
8
BLACK
6
CONTINUOUS
10
5.4423407086614173
20
-3.9765326771653542
11
5.4458451968503931
21
-3.9714555118110235
0
LINE
8
BLACK
6
CONTINUOUS
10
5.4458451968503931
20
-3.9714555118110235
11
5.4504629133858264
21
-3.9673645669291338
0
LINE
8
BLACK
6
CONTINUOUS
10
5.4504629133858264
20
-3.9673645669291338
11
5.4559254724409447
21
-3.9644975984251967
0
LINE
8
BLACK
6
CONTINUOUS
10
5.4559254724409447
20
-3.9644975984251967
11
5.4619153937007869
21
-3.9630212204724407
0
LINE
8
BLACK
6
CONTINUOUS
10
5.4619153937007869
20
-3.9630212204724407
11
5.4680846062992128
21
-3.9630212204724407
0
LINE
8
BLACK
6
CONTINUOUS
10
5.4680846062992128
20
-3.9630212204724407
11
5.474074527559055
21
-3.9644975984251967
0
LINE
8
BLACK
6
CONTINUOUS
10
5.4905905511811026
20
-3.9155905511811024
11
5.4394094488188971
21
-3.9155905511811024
0
LINE
8
BLACK
6
CONTINUOUS
10
5.4394094488188971
20
-3.9155905511811024
11
5.4394094488188971
21
-3.8644094488188974
0
LINE
8
BLACK
6
CONTINUOUS
10
5.4394094488188971
20
-3.8644094488188974
11
5.4905905511811026
21
-3.8644094488188974
0
LINE
8
BLACK
6
CONTINUOUS
10
5.4905905511811026
20
-3.8644094488188974
11
5.4905905511811026
21
-3.9155905511811024
0
LINE
8
BLACK
6
CONTINUOUS
10
5.4857800787401576
20
-3.8124597637795277
11
5.4993626377952758
21
-3.8154495275590552
0
LINE
8
BLACK
6
CONTINUOUS
10
5.4993626377952758
20
-3.8154495275590552
11
5.5125423622047247
21
-3.8198902755905513
0
LINE
8
BLACK
6
CONTINUOUS
10
5.5125423622047247
20
-3.8198902755905513
11
5.5251646850393703
21
-3.8257300000000001
0
LINE
8
BLACK
6
CONTINUOUS
10
5.5251646850393703
20
-3.8257300000000001
11
5.5370816141732284
21
-3.8329001968503937
0
LINE
8
BLACK
6
CONTINUOUS
10
5.5370816141732284
20
-3.8329001968503937
11
5.548153464566929
21
-3.8413167716535432
0
LINE
8
BLACK
6
CONTINUOUS
10
5.548153464566929
20
-3.8413167716535432
11
5.5582503937007877
21
-3.8508811417322835
0
LINE
8
BLACK
6
CONTINUOUS
10
5.5582503937007877
20
-3.8508811417322835
11
5.567254094488189
21
-3.8614810629921257
0
LINE
8
BLACK
6
CONTINUOUS
10
5.567254094488189
20
-3.8614810629921257
11
5.5750589370078742
21
-3.8729923622047244
0
LINE
8
BLACK
6
CONTINUOUS
10
5.5750589370078742
20
-3.8729923622047244
11
5.5815734251968498
21
-3.8852799999999998
0
LINE
8
BLACK
6
CONTINUOUS
10
5.5815734251968498
20
-3.8852799999999998
11
5.5867211811023623
21
-3.8981999606299214
0
LINE
8
BLACK
6
CONTINUOUS
10
5.5867211811023623
20
-3.8981999606299214
11
5.5904419291338581
21
-3.9116007480314958
0
LINE
8
BLACK
6
CONTINUOUS
10
5.5904419291338581
20
-3.9116007480314958
11
5.5926919291338582
21
-3.9253252755905512
0
LINE
8
BLACK
6
CONTINUOUS
10
5.5926919291338582
20
-3.9253252755905512
11
5.5934448818897637
21
-3.9392125984251969
0
LINE
8
BLACK
6
CONTINUOUS
10
5.5934448818897637
20
-3.9392125984251969
11
5.5926919291338582
21
-3.9530999212598426
0
LINE
8
BLACK
6
CONTINUOUS
10
5.5926919291338582
20
-3.9530999212598426
11
5.5904419291338581
21
-3.9668244488188975
0
LINE
8
BLACK
6
CONTINUOUS
10
5.5904419291338581
20
-3.9668244488188975
11
5.5867211811023623
21
-3.9802252362204724
0
LINE
8
BLACK
6
CONTINUOUS
10
5.5867211811023623
20
-3.9802252362204724
11
5.5815734251968498
21
-3.9931451968503935
0
LINE
8
BLACK
6
CONTINUOUS
10
5.5815734251968498
20
-3.9931451968503935
11
5.5750589370078742
21
-4.0054328346456689
0
LINE
8
BLACK
6
CONTINUOUS
10
5.5750589370078742
20
-4.0054328346456689
11
5.567254094488189
21
-4.0169441338582672
0
LINE
8
BLACK
6
CONTINUOUS
10
5.567254094488189
20
-4.0169441338582672
11
5.5582503937007877
21
-4.0275440551181099
0
LINE
8
BLACK
6
CONTINUOUS
10
5.5582503937007877
20
-4.0275440551181099
11
5.548153464566929
21
-4.0371084251968501
0
LINE
8
BLACK
6
CONTINUOUS
10
5.548153464566929
20
-4.0371084251968501
11
5.5370816141732284
21
-4.0455249999999996
0
LINE
8
BLACK
6
CONTINUOUS
10
5.5370816141732284
20
-4.0455249999999996
11
5.5251646850393703
21
-4.0526951968503937
0
LINE
8
BLACK
6
CONTINUOUS
10
5.5251646850393703
20
-4.0526951968503937
11
5.5125423622047247
21
-4.0585349212598425
0
LINE
8
BLACK
6
CONTINUOUS
10
5.5125423622047247
20
-4.0585349212598425
11
5.4993626377952758
21
-4.0629756692913386
0
LINE
8
BLACK
6
CONTINUOUS
10
5.4993626377952758
20
-4.0629756692913386
11
5.4857800787401576
21
-4.0659654330708657
0
LINE
8
BLACK
6
CONTINUOUS
10
5.4857800787401576
20
-4.0659654330708657
11
5.4719538582677165
21
-4.0674690944881888
0
LINE
8
BLACK
6
CONTINUOUS
10
5.4719538582677165
20
-4.0674690944881888
11
5.4580461417322832
21
-4.0674690944881888
0
LINE
8
BLACK
6
CONTINUOUS
10
5.4580461417322832
20
-4.0674690944881888
11
5.4442199212598421
21
-4.0659654330708657
0
LINE
8
BLACK
6
CONTINUOUS
10
5.4442199212598421
20
-4.0659654330708657
11
5.4306373622047239
21
-4.0629756692913386
0
LINE
8
BLACK
6
CONTINUOUS
10
5.4306373622047239
20
-4.0629756692913386
11
5.4174576377952759
21
-4.0585349212598425
0
LINE
8
BLACK
6
CONTINUOUS
10
5.4174576377952759
20
-4.0585349212598425
11
5.4048353149606294
21
-4.0526951968503937
0
LINE
8
BLACK
6
CONTINUOUS
10
5.4048353149606294
20
-4.0526951968503937
11
5.3929183858267713
21
-4.0455249999999996
0
LINE
8
BLACK
6
CONTINUOUS
10
5.3929183858267713
20
-4.0455249999999996
11
5.3818465354330707
21
-4.0371084251968501
0
LINE
8
BLACK
6
CONTINUOUS
10
5.3818465354330707
20
-4.0371084251968501
11
5.3717496062992121
21
-4.0275440551181099
0
LINE
8
BLACK
6
CONTINUOUS
10
5.3717496062992121
20
-4.0275440551181099
11
5.3627459055118107
21
-4.0169441338582672
0
LINE
8
BLACK
6
CONTINUOUS
10
5.3627459055118107
20
-4.0169441338582672
11
5.3549410629921255
21
-4.0054328346456689
0
LINE
8
BLACK
6
CONTINUOUS
10
5.3549410629921255
20
-4.0054328346456689
11
5.3484265748031499
21
-3.9931451968503935
0
LINE
8
BLACK
6
CONTINUOUS
10
5.3484265748031499
20
-3.9931451968503935
11
5.3432788188976374
21
-3.9802252362204724
0
LINE
8
BLACK
6
CONTINUOUS
10
5.3432788188976374
20
-3.9802252362204724
11
5.3395580708661416
21
-3.9668244488188975
0
LINE
8
BLACK
6
CONTINUOUS
10
5.3395580708661416
20
-3.9668244488188975
11
5.3373080708661416
21
-3.9530999212598426
0
LINE
8
BLACK
6
CONTINUOUS
10
5.3373080708661416
20
-3.9530999212598426
11
5.336555118110236
21
-3.9392125984251969
0
LINE
8
BLACK
6
CONTINUOUS
10
5.336555118110236
20
-3.9392125984251969
11
5.3373080708661416
21
-3.9253252755905512
0
LINE
8
BLACK
6
CONTINUOUS
10
5.3373080708661416
20
-3.9253252755905512
11
5.3395580708661416
21
-3.9116007480314958
0
LINE
8
BLACK
6
CONTINUOUS
10
5.3395580708661416
20
-3.9116007480314958
11
5.3432788188976374
21
-3.8981999606299214
0
LINE
8
BLACK
6
CONTINUOUS
10
5.3432788188976374
20
-3.8981999606299214
11
5.3484265748031499
21
-3.8852799999999998
0
LINE
8
BLACK
6
CONTINUOUS
10
5.3484265748031499
20
-3.8852799999999998
11
5.3549410629921255
21
-3.8729923622047244
0
LINE
8
BLACK
6
CONTINUOUS
10
5.3549410629921255
20
-3.8729923622047244
11
5.3627459055118107
21
-3.8614810629921257
0
LINE
8
BLACK
6
CONTINUOUS
10
5.3627459055118107
20
-3.8614810629921257
11
5.3717496062992121
21
-3.8508811417322835
0
LINE
8
BLACK
6
CONTINUOUS
10
5.3717496062992121
20
-3.8508811417322835
11
5.3818465354330707
21
-3.8413167716535432
0
LINE
8
BLACK
6
CONTINUOUS
10
5.3818465354330707
20
-3.8413167716535432
11
5.3929183858267713
21
-3.8329001968503937
0
LINE
8
BLACK
6
CONTINUOUS
10
5.3929183858267713
20
-3.8329001968503937
11
5.4048353149606294
21
-3.8257300000000001
0
LINE
8
BLACK
6
CONTINUOUS
10
5.4048353149606294
20
-3.8257300000000001
11
5.4174576377952759
21
-3.8198902755905513
0
LINE
8
BLACK
6
CONTINUOUS
10
5.4174576377952759
20
-3.8198902755905513
11
5.4306373622047239
21
-3.8154495275590552
0
LINE
8
BLACK
6
CONTINUOUS
10
5.4306373622047239
20
-3.8154495275590552
11
5.4442199212598421
21
-3.8124597637795277
0
LINE
8
BLACK
6
CONTINUOUS
10
5.4442199212598421
20
-3.8124597637795277
11
5.4580461417322832
21
-3.8109561023622045
0
LINE
8
BLACK
6
CONTINUOUS
10
5.4580461417322832
20
-3.8109561023622045
11
5.4719538582677165
21
-3.8109561023622045
0
LINE
8
BLACK
6
CONTINUOUS
10
5.4719538582677165
20
-3.8109561023622045
11
5.4857800787401576
21
-3.8124597637795277
0
LINE
8
BLACK
6
CONTINUOUS
10
5.4493569685039365
20
-4.0608502362204719
11
5.4512583070866141
21
-4.0611733070866141
0
LINE
8
BLACK
6
CONTINUOUS
10
5.4512583070866141
20
-4.0611733070866141
11
5.4649999999999999
21
-4.0619450393700784
0
LINE
8
BLACK
6
CONTINUOUS
10
5.4649999999999999
20
-4.0619450393700784
11
5.4787416929133856
21
-4.0611733070866141
0
LINE
8
BLACK
6
CONTINUOUS
10
5.4787416929133856
20
-4.0611733070866141
11
5.4807879921259843
21
-4.0608255905511808
0
LINE
8
BLACK
6
CONTINUOUS
10
5.4807879921259843
20
-4.0608255905511808
11
5.4493569685039365
21
-4.0608502362204719
0
LINE
8
BLACK
6
CONTINUOUS
10
5.4254720866141728
20
-4.0553481102362205
11
5.4270962204724409
21
-4.0558160236220475
0
LINE
8
BLACK
6
CONTINUOUS
10
5.4270962204724409
20
-4.0558160236220475
11
5.4274540157480313
21
-4.0554582677165349
0
LINE
8
BLACK
6
CONTINUOUS
10
5.4274540157480313
20
-4.0554582677165349
11
5.4277229133858267
21
-4.0553468503937005
0
LINE
8
BLACK
6
CONTINUOUS
10
5.4277229133858267
20
-4.0553468503937005
11
5.4254720866141728
21
-4.0553481102362205
0
LINE
8
BLACK
6
CONTINUOUS
10
5.5021770078740158
20
-4.0553053937007872
11
5.5025459842519684
21
-4.0554582677165349
0
LINE
8
BLACK
6
CONTINUOUS
10
5.5025459842519684
20
-4.0554582677165349
11
5.5029037401574801
21
-4.0558160236220475
0
LINE
8
BLACK
6
CONTINUOUS
10
5.5029037401574801
20
-4.0558160236220475
11
5.5046809448818896
21
-4.0553040157480318
0
LINE
8
BLACK
6
CONTINUOUS
10
5.5046809448818896
20
-4.0553040157480318
11
5.5021770078740158
21
-4.0553053937007872
0
LINE
8
BLACK
6
CONTINUOUS
10
5.411864133858268
20
-4.049838661417323
11
5.4125244881889767
21
-4.0501121653543306
0
LINE
8
BLACK
6
CONTINUOUS
10
5.4125244881889767
20
-4.0501121653543306
11
5.4126902362204721
21
-4.0499464566929131
0
LINE
8
BLACK
6
CONTINUOUS
10
5.4126902362204721
20
-4.0499464566929131
11
5.4129516535433071
21
-4.0498381496062992
0
LINE
8
BLACK
6
CONTINUOUS
10
5.4129516535433071
20
-4.0498381496062992
11
5.411864133858268
21
-4.049838661417323
0
LINE
8
BLACK
6
CONTINUOUS
10
5.5169331496062988
20
-4.0497904330708661
11
5.5173097637795276
21
-4.0499464566929131
0
LINE
8
BLACK
6
CONTINUOUS
10
5.5173097637795276
20
-4.0499464566929131
11
5.5174754724409452
21
-4.0501121653543306
0
LINE
8
BLACK
6
CONTINUOUS
10
5.5174754724409452
20
-4.0501121653543306
11
5.5182516141732281
21
-4.0497907086614173
0
LINE
8
BLACK
6
CONTINUOUS
10
5.5182516141732281
20
-4.0497907086614173
11
5.5182531496062994
21
-4.0497898425196848
0
LINE
8
BLACK
6
CONTINUOUS
10
5.5182531496062994
20
-4.0497898425196848
11
5.5169331496062988
21
-4.0497904330708661
0
LINE
8
BLACK
6
CONTINUOUS
10
5.4018640551181099
20
-4.0443277952755903
11
5.4019574015748031
21
-4.044379409448819
0
LINE
8
BLACK
6
CONTINUOUS
10
5.4019574015748031
20
-4.044379409448819
11
5.4020821653543303
21
-4.0443277165354328
0
LINE
8
BLACK
6
CONTINUOUS
10
5.4020821653543303
20
-4.0443277165354328
11
5.4018640551181099
21
-4.0443277952755903
0
LINE
8
BLACK
6
CONTINUOUS
10
5.5277958661417319
20
-4.0442772047244091
11
5.5280425590551179
21
-4.044379409448819
0
LINE
8
BLACK
6
CONTINUOUS
10
5.5280425590551179
20
-4.044379409448819
11
5.5282277559055117
21
-4.0442770472440941
0
LINE
8
BLACK
6
CONTINUOUS
10
5.5282277559055117
20
-4.0442770472440941
11
5.5277958661417319
21
-4.0442772047244091
0
LINE
8
BLACK
6
CONTINUOUS
10
5.4536844488188976
20
-3.9535994881889764
11
5.4466910629921257
21
-3.9567131496062991
0
LINE
8
BLACK
6
CONTINUOUS
10
5.4466910629921257
20
-3.9567131496062991
11
5.4414448425196849
21
-3.9605247244094488
0
LINE
8
BLACK
6
CONTINUOUS
10
5.4414448425196849
20
-3.9605247244094488
11
5.4408137007874018
21
-3.9611559055118111
0
LINE
8
BLACK
6
CONTINUOUS
10
5.4408137007874018
20
-3.9611559055118111
11
5.4403916141732278
21
-3.9613307086614173
0
LINE
8
BLACK
6
CONTINUOUS
10
5.4403916141732278
20
-3.9613307086614173
11
5.4364538188976379
21
-3.9657040551181102
0
LINE
8
BLACK
6
CONTINUOUS
10
5.4364538188976379
20
-3.9657040551181102
11
5.436392125984252
21
-3.9658530708661415
0
LINE
8
BLACK
6
CONTINUOUS
10
5.436392125984252
20
-3.9658530708661415
11
5.4356648425196852
21
-3.96658031496063
0
LINE
8
BLACK
6
CONTINUOUS
10
5.4356648425196852
20
-3.96658031496063
11
5.4353754724409447
21
-3.9669017322834645
0
LINE
8
BLACK
6
CONTINUOUS
10
5.4353754724409447
20
-3.9669017322834645
11
5.4328367716535428
21
-3.9712988188976377
0
LINE
8
BLACK
6
CONTINUOUS
10
5.4328367716535428
20
-3.9712988188976377
11
5.4328094488188974
21
-3.9713648818897638
0
LINE
8
BLACK
6
CONTINUOUS
10
5.4328094488188974
20
-3.9713648818897638
11
5.4327839370078737
21
-3.9713903543307087
0
LINE
8
BLACK
6
CONTINUOUS
10
5.4327839370078737
20
-3.9713903543307087
11
5.4315478740157479
21
-3.9735313385826769
0
LINE
8
BLACK
6
CONTINUOUS
10
5.4315478740157479
20
-3.9735313385826769
11
5.4308094094488188
21
-3.9758040944881889
0
LINE
8
BLACK
6
CONTINUOUS
10
5.4308094094488188
20
-3.9758040944881889
11
5.4308094094488188
21
-3.9758122834645668
0
LINE
8
BLACK
6
CONTINUOUS
10
5.4308094094488188
20
-3.9758122834645668
11
5.4307970472440941
21
-3.9758420472440945
0
LINE
8
BLACK
6
CONTINUOUS
10
5.4307970472440941
20
-3.9758420472440945
11
5.4292739763779529
21
-3.9805296850393699
0
LINE
8
BLACK
6
CONTINUOUS
10
5.4292739763779529
20
-3.9805296850393699
11
5.4292739763779529
21
-3.9813240944881887
0
LINE
8
BLACK
6
CONTINUOUS
10
5.4292739763779529
20
-3.9813240944881887
11
5.4290789370078736
21
-3.981794842519685
0
LINE
8
BLACK
6
CONTINUOUS
10
5.4290789370078736
20
-3.981794842519685
11
5.4286046850393701
21
-3.9863073228346457
0
LINE
8
BLACK
6
CONTINUOUS
10
5.4286046850393701
20
-3.9863073228346457
11
5.4286046850393701
21
-3.986835905511811
0
LINE
8
BLACK
6
CONTINUOUS
10
5.4286046850393701
20
-3.986835905511811
11
5.4285302362204719
21
-3.9870155905511808
0
LINE
8
BLACK
6
CONTINUOUS
10
5.4285302362204719
20
-3.9870155905511808
11
5.4283820866141728
21
-3.9884251968503937
0
LINE
8
BLACK
6
CONTINUOUS
10
5.4283820866141728
20
-3.9884251968503937
11
5.4286698031496066
21
-3.9911627165354329
0
LINE
8
BLACK
6
CONTINUOUS
10
5.4286698031496066
20
-3.9911627165354329
11
5.4286834251968505
21
-3.9911955905511811
0
LINE
8
BLACK
6
CONTINUOUS
10
5.4286834251968505
20
-3.9911955905511811
11
5.4286834251968505
21
-3.9912922047244095
0
LINE
8
BLACK
6
CONTINUOUS
10
5.4286834251968505
20
-3.9912922047244095
11
5.4291515748031491
21
-3.995746653543307
0
LINE
8
BLACK
6
CONTINUOUS
10
5.4291515748031491
20
-3.995746653543307
11
5.4295495669291336
21
-3.996707401574803
0
LINE
8
BLACK
6
CONTINUOUS
10
5.4295495669291336
20
-3.996707401574803
11
5.4295495669291336
21
-3.9971688582677163
0
LINE
8
BLACK
6
CONTINUOUS
10
5.4295495669291336
20
-3.9971688582677163
11
5.4310014173228343
21
-4.0016373228346458
0
LINE
8
BLACK
6
CONTINUOUS
10
5.4310014173228343
20
-4.0016373228346458
11
5.4312424803149604
21
-4.0022192125984253
0
LINE
8
BLACK
6
CONTINUOUS
10
5.4312424803149604
20
-4.0022192125984253
11
5.4312424803149604
21
-4.0023791338582679
0
LINE
8
BLACK
6
CONTINUOUS
10
5.4312424803149604
20
-4.0023791338582679
11
5.4315478740157479
21
-4.0033190551181104
0
LINE
8
BLACK
6
CONTINUOUS
10
5.4315478740157479
20
-4.0033190551181104
11
5.4353754724409447
21
-4.0099486614173223
0
LINE
8
BLACK
6
CONTINUOUS
10
5.4353754724409447
20
-4.0099486614173223
11
5.4404978346456696
21
-4.0156375984251964
0
LINE
8
BLACK
6
CONTINUOUS
10
5.4404978346456696
20
-4.0156375984251964
11
5.4421107480314959
21
-4.0168094488188979
0
LINE
8
BLACK
6
CONTINUOUS
10
5.4421107480314959
20
-4.0168094488188979
11
5.4422703937007872
21
-4.016875590551181
0
LINE
8
BLACK
6
CONTINUOUS
10
5.4422703937007872
20
-4.016875590551181
11
5.4424526771653543
21
-4.0170578740157481
0
LINE
8
BLACK
6
CONTINUOUS
10
5.4424526771653543
20
-4.0170578740157481
11
5.4466910236220469
21
-4.0201372440944878
0
LINE
8
BLACK
6
CONTINUOUS
10
5.4466910236220469
20
-4.0201372440944878
11
5.4536844488188976
21
-4.0232509055118113
0
LINE
8
BLACK
6
CONTINUOUS
10
5.4536844488188976
20
-4.0232509055118113
11
5.4611724015748031
21
-4.0248425196850395
0
LINE
8
BLACK
6
CONTINUOUS
10
5.4611724015748031
20
-4.0248425196850395
11
5.4688275984251966
21
-4.0248425196850395
0
LINE
8
BLACK
6
CONTINUOUS
10
5.4688275984251966
20
-4.0248425196850395
11
5.4763155511811021
21
-4.0232509055118113
0
LINE
8
BLACK
6
CONTINUOUS
10
5.4763155511811021
20
-4.0232509055118113
11
5.4833089763779528
21
-4.0201372440944878
0
LINE
8
BLACK
6
CONTINUOUS
10
5.4833089763779528
20
-4.0201372440944878
11
5.4875472834645667
21
-4.0170578740157481
0
LINE
8
BLACK
6
CONTINUOUS
10
5.4875472834645667
20
-4.0170578740157481
11
5.4877296062992125
21
-4.016875590551181
0
LINE
8
BLACK
6
CONTINUOUS
10
5.4877296062992125
20
-4.016875590551181
11
5.4878892125984251
21
-4.0168094488188979
0
LINE
8
BLACK
6
CONTINUOUS
10
5.4878892125984251
20
-4.0168094488188979
11
5.489502165354331
21
-4.0156375984251964
0
LINE
8
BLACK
6
CONTINUOUS
10
5.489502165354331
20
-4.0156375984251964
11
5.4946245275590551
21
-4.0099486614173223
0
LINE
8
BLACK
6
CONTINUOUS
10
5.4946245275590551
20
-4.0099486614173223
11
5.4984521259842518
21
-4.0033190551181104
0
LINE
8
BLACK
6
CONTINUOUS
10
5.4984521259842518
20
-4.0033190551181104
11
5.4987575196850393
21
-4.0023791338582679
0
LINE
8
BLACK
6
CONTINUOUS
10
5.4987575196850393
20
-4.0023791338582679
11
5.4987575196850393
21
-4.0022192125984253
0
LINE
8
BLACK
6
CONTINUOUS
10
5.4987575196850393
20
-4.0022192125984253
11
5.4989985433070867
21
-4.0016373228346458
0
LINE
8
BLACK
6
CONTINUOUS
10
5.4989985433070867
20
-4.0016373228346458
11
5.5004504330708661
21
-3.9971688582677163
0
LINE
8
BLACK
6
CONTINUOUS
10
5.5004504330708661
20
-3.9971688582677163
11
5.5004504330708661
21
-3.996707401574803
0
LINE
8
BLACK
6
CONTINUOUS
10
5.5004504330708661
20
-3.996707401574803
11
5.5008483858267718
21
-3.995746653543307
0
LINE
8
BLACK
6
CONTINUOUS
10
5.5008483858267718
20
-3.995746653543307
11
5.5013165748031492
21
-3.9912922047244095
0
LINE
8
BLACK
6
CONTINUOUS
10
5.5013165748031492
20
-3.9912922047244095
11
5.5013165748031492
21
-3.9911955905511811
0
LINE
8
BLACK
6
CONTINUOUS
10
5.5013165748031492
20
-3.9911955905511811
11
5.5013301574803144
21
-3.9911627165354329
0
LINE
8
BLACK
6
CONTINUOUS
10
5.5013301574803144
20
-3.9911627165354329
11
5.501617913385827
21
-3.9884251968503937
0
LINE
8
BLACK
6
CONTINUOUS
10
5.501617913385827
20
-3.9884251968503937
11
5.501469724409449
21
-3.9870155905511808
0
LINE
8
BLACK
6
CONTINUOUS
10
5.501469724409449
20
-3.9870155905511808
11
5.5013953149606296
21
-3.986835905511811
0
LINE
8
BLACK
6
CONTINUOUS
10
5.5013953149606296
20
-3.986835905511811
11
5.5013953149606296
21
-3.9863073228346457
0
LINE
8
BLACK
6
CONTINUOUS
10
5.5013953149606296
20
-3.9863073228346457
11
5.5009210236220474
21
-3.981794842519685
0
LINE
8
BLACK
6
CONTINUOUS
10
5.5009210236220474
20
-3.981794842519685
11
5.5007260236220468
21
-3.9813240944881887
0
LINE
8
BLACK
6
CONTINUOUS
10
5.5007260236220468
20
-3.9813240944881887
11
5.5007260236220468
21
-3.9805296850393699
0
LINE
8
BLACK
6
CONTINUOUS
10
5.5007260236220468
20
-3.9805296850393699
11
5.4992029133858269
21
-3.9758420472440945
0
LINE
8
BLACK
6
CONTINUOUS
10
5.4992029133858269
20
-3.9758420472440945
11
5.4991905905511809
21
-3.9758122834645668
0
LINE
8
BLACK
6
CONTINUOUS
10
5.4991905905511809
20
-3.9758122834645668
11
5.4991905905511809
21
-3.9758040944881889
0
LINE
8
BLACK
6
CONTINUOUS
10
5.4991905905511809
20
-3.9758040944881889
11
5.4984521259842518
21
-3.9735313385826769
0
LINE
8
BLACK
6
CONTINUOUS
10
5.4984521259842518
20
-3.9735313385826769
11
5.4972160236220473
21
-3.9713903543307087
0
LINE
8
BLACK
6
CONTINUOUS
10
5.4972160236220473
20
-3.9713903543307087
11
5.4971905511811023
21
-3.9713648818897638
0
LINE
8
BLACK
6
CONTINUOUS
10
5.4971905511811023
20
-3.9713648818897638
11
5.4971631889763781
21
-3.9712988188976377
0
LINE
8
BLACK
6
CONTINUOUS
10
5.4971631889763781
20
-3.9712988188976377
11
5.4946245275590551
21
-3.9669017322834645
0
LINE
8
BLACK
6
CONTINUOUS
10
5.4946245275590551
20
-3.9669017322834645
11
5.4943351181102358
21
-3.96658031496063
0
LINE
8
BLACK
6
CONTINUOUS
10
5.4943351181102358
20
-3.96658031496063
11
5.4936078740157477
21
-3.9658530708661415
0
LINE
8
BLACK
6
CONTINUOUS
10
5.4936078740157477
20
-3.9658530708661415
11
5.4935461417322831
21
-3.9657040551181102
0
LINE
8
BLACK
6
CONTINUOUS
10
5.4935461417322831
20
-3.9657040551181102
11
5.4896083464566932
21
-3.9613307086614173
0
LINE
8
BLACK
6
CONTINUOUS
10
5.4896083464566932
20
-3.9613307086614173
11
5.4891862992125979
21
-3.9611559055118111
0
LINE
8
BLACK
6
CONTINUOUS
10
5.4891862992125979
20
-3.9611559055118111
11
5.4885550787401574
21
-3.9605246850393701
0
LINE
8
BLACK
6
CONTINUOUS
10
5.4885550787401574
20
-3.9605246850393701
11
5.4833089763779528
21
-3.9567131496062991
0
LINE
8
BLACK
6
CONTINUOUS
10
5.4833089763779528
20
-3.9567131496062991
11
5.4763155511811021
21
-3.9535994881889764
0
LINE
8
BLACK
6
CONTINUOUS
10
5.4763155511811021
20
-3.9535994881889764
11
5.4688275984251966
21
-3.9520078740157478
0
LINE
8
BLACK
6
CONTINUOUS
10
5.4688275984251966
20
-3.9520078740157478
11
5.4611724015748031
21
-3.9520078740157478
0
LINE
8
BLACK
6
CONTINUOUS
10
5.4611724015748031
20
-3.9520078740157478
11
5.4536844488188976
21
-3.9535994881889764
0
LINE
8
BLACK
6
CONTINUOUS
10
5.3422707086614176
20
-3.939268897637795
11
5.5877324015748027
21
-3.9392128740157482
0
LINE
8
BLACK
6
CONTINUOUS
10
5.5877324015748027
20
-3.9392128740157482
11
5.5877324409448814
21
-3.9392125984251969
0
LINE
8
BLACK
6
CONTINUOUS
10
5.5877324409448814
20
-3.9392125984251969
11
5.586960708661417
21
-3.9254709055118111
0
LINE
8
BLACK
6
CONTINUOUS
10
5.586960708661417
20
-3.9254709055118111
11
5.584655275590551
21
-3.9119020472440944
0
LINE
8
BLACK
6
CONTINUOUS
10
5.584655275590551
20
-3.9119020472440944
11
5.5808451181102363
21
-3.8986766535433071
0
LINE
8
BLACK
6
CONTINUOUS
10
5.5808451181102363
20
-3.8986766535433071
11
5.5755781102362203
21
-3.8859609842519682
0
LINE
8
BLACK
6
CONTINUOUS
10
5.5755781102362203
20
-3.8859609842519682
11
5.5689205118110232
21
-3.8739149999999998
0
LINE
8
BLACK
6
CONTINUOUS
10
5.5689205118110232
20
-3.8739149999999998
11
5.5609561023622049
21
-3.8626901574803147
0
LINE
8
BLACK
6
CONTINUOUS
10
5.5609561023622049
20
-3.8626901574803147
11
5.551784960629921
21
-3.8524276377952753
0
LINE
8
BLACK
6
CONTINUOUS
10
5.551784960629921
20
-3.8524276377952753
11
5.541522440944882
21
-3.8432564960629922
0
LINE
8
BLACK
6
CONTINUOUS
10
5.541522440944882
20
-3.8432564960629922
11
5.5302975984251965
21
-3.8352920866141731
0
LINE
8
BLACK
6
CONTINUOUS
10
5.5302975984251965
20
-3.8352920866141731
11
5.5182516141732281
21
-3.8286344881889764
0
LINE
8
BLACK
6
CONTINUOUS
10
5.5182516141732281
20
-3.8286344881889764
11
5.5055359448818892
21
-3.8233674803149604
0
LINE
8
BLACK
6
CONTINUOUS
10
5.5055359448818892
20
-3.8233674803149604
11
5.4923105511811023
21
-3.8195573228346458
0
LINE
8
BLACK
6
CONTINUOUS
10
5.4923105511811023
20
-3.8195573228346458
11
5.4787416929133856
21
-3.8172518897637793
0
LINE
8
BLACK
6
CONTINUOUS
10
5.4787416929133856
20
-3.8172518897637793
11
5.4649999999999999
21
-3.8164801574803149
0
LINE
8
BLACK
6
CONTINUOUS
10
5.4649999999999999
20
-3.8164801574803149
11
5.4512583070866141
21
-3.8172518897637793
0
LINE
8
BLACK
6
CONTINUOUS
10
5.4512583070866141
20
-3.8172518897637793
11
5.4376894488188974
21
-3.8195573228346458
0
LINE
8
BLACK
6
CONTINUOUS
10
5.4376894488188974
20
-3.8195573228346458
11
5.4244640551181105
21
-3.8233674803149604
0
LINE
8
BLACK
6
CONTINUOUS
10
5.4244640551181105
20
-3.8233674803149604
11
5.4117483858267716
21
-3.8286344881889764
0
LINE
8
BLACK
6
CONTINUOUS
10
5.4117483858267716
20
-3.8286344881889764
11
5.3997024015748032
21
-3.8352920866141731
0
LINE
8
BLACK
6
CONTINUOUS
10
5.3997024015748032
20
-3.8352920866141731
11
5.3884775590551177
21
-3.8432564960629922
0
LINE
8
BLACK
6
CONTINUOUS
10
5.3884775590551177
20
-3.8432564960629922
11
5.3782150393700787
21
-3.8524276377952753
0
LINE
8
BLACK
6
CONTINUOUS
10
5.3782150393700787
20
-3.8524276377952753
11
5.3690438976377948
21
-3.8626901574803147
0
LINE
8
BLACK
6
CONTINUOUS
10
5.3690438976377948
20
-3.8626901574803147
11
5.3610794881889765
21
-3.8739149999999998
0
LINE
8
BLACK
6
CONTINUOUS
10
5.3610794881889765
20
-3.8739149999999998
11
5.3544218897637794
21
-3.8859609842519682
0
LINE
8
BLACK
6
CONTINUOUS
10
5.3544218897637794
20
-3.8859609842519682
11
5.3491548818897634
21
-3.8986766535433071
0
LINE
8
BLACK
6
CONTINUOUS
10
5.3491548818897634
20
-3.8986766535433071
11
5.3453447244094487
21
-3.9119020472440944
0
LINE
8
BLACK
6
CONTINUOUS
10
5.3453447244094487
20
-3.9119020472440944
11
5.3430392913385827
21
-3.9254709055118111
0
LINE
8
BLACK
6
CONTINUOUS
10
5.3430392913385827
20
-3.9254709055118111
11
5.3422675590551183
21
-3.9392125984251969
0
LINE
8
BLACK
6
CONTINUOUS
10
5.3422675590551183
20
-3.9392125984251969
11
5.3422707086614176
21
-3.939268897637795
0
LINE
8
BLACK
6
CONTINUOUS
10
5.1855760629921255
20
-4.0421039763779527
11
5.1866404724409447
21
-4.0425448818897634
0
LINE
8
BLACK
6
CONTINUOUS
10
5.1866404724409447
20
-4.0425448818897634
11
5.1874551181102362
21
-4.0433595275590548
0
LINE
8
BLACK
6
CONTINUOUS
10
5.1874551181102362
20
-4.0433595275590548
11
5.1878960236220468
21
-4.0444239370078741
0
LINE
8
BLACK
6
CONTINUOUS
10
5.1878960236220468
20
-4.0444239370078741
11
5.1878960236220468
21
-4.0455760629921258
0
LINE
8
BLACK
6
CONTINUOUS
10
5.1878960236220468
20
-4.0455760629921258
11
5.1874551181102362
21
-4.046640472440945
0
LINE
8
BLACK
6
CONTINUOUS
10
5.1874551181102362
20
-4.046640472440945
11
5.1866404724409447
21
-4.0474551181102365
0
LINE
8
BLACK
6
CONTINUOUS
10
5.1866404724409447
20
-4.0474551181102365
11
5.1855760629921255
21
-4.0478960236220471
0
LINE
8
BLACK
6
CONTINUOUS
10
5.1855760629921255
20
-4.0478960236220471
11
5.085
21
-4.047952755905512
0
LINE
8
BLACK
6
CONTINUOUS
10
5.085
20
-4.047952755905512
11
5.0844239370078741
21
-4.0478960236220471
0
LINE
8
BLACK
6
CONTINUOUS
10
5.0844239370078741
20
-4.0478960236220471
11
5.0833595275590548
21
-4.0474551181102365
0
LINE
8
BLACK
6
CONTINUOUS
10
5.0833595275590548
20
-4.0474551181102365
11
5.0825448818897634
21
-4.046640472440945
0
LINE
8
BLACK
6
CONTINUOUS
10
5.0825448818897634
20
-4.046640472440945
11
5.0821039763779527
21
-4.0455760629921258
0
LINE
8
BLACK
6
CONTINUOUS
10
5.0821039763779527
20
-4.0455760629921258
11
5.0821039763779527
21
-4.0444239370078741
0
LINE
8
BLACK
6
CONTINUOUS
10
5.0821039763779527
20
-4.0444239370078741
11
5.0825448818897634
21
-4.0433595275590548
0
LINE
8
BLACK
6
CONTINUOUS
10
5.0825448818897634
20
-4.0433595275590548
11
5.0833595275590548
21
-4.0425448818897634
0
LINE
8
BLACK
6
CONTINUOUS
10
5.0833595275590548
20
-4.0425448818897634
11
5.0844239370078741
21
-4.0421039763779527
0
LINE
8
BLACK
6
CONTINUOUS
10
5.0844239370078741
20
-4.0421039763779527
11
5.1849999999999996
21
-4.0420472440944879
0
LINE
8
BLACK
6
CONTINUOUS
10
5.1849999999999996
20
-4.0420472440944879
11
5.1855760629921255
21
-4.0421039763779527
0
LINE
8
BLACK
6
CONTINUOUS
10
5.1790000000000003
20
-4.0389999999999997
11
5.0910000000000002
21
-4.0389999999999997
0
LINE
8
BLACK
6
CONTINUOUS
10
5.0910000000000002
20
-4.0389999999999997
11
5.0910000000000002
21
-3.9510000000000001
0
LINE
8
BLACK
6
CONTINUOUS
10
5.0910000000000002
20
-3.9510000000000001
11
5.1790000000000003
21
-3.9510000000000001
0
LINE
8
BLACK
6
CONTINUOUS
10
5.1790000000000003
20
-3.9510000000000001
11
5.1790000000000003
21
-4.0389999999999997
0
LINE
8
BLACK
6
CONTINUOUS
10
5.1965996850393701
20
-3.9310803543307085
11
5.1976640944881884
21
-3.9315212598425195
0
LINE
8
BLACK
6
CONTINUOUS
10
5.1976640944881884
20
-3.9315212598425195
11
5.1984787401574799
21
-3.932335905511811
0
LINE
8
BLACK
6
CONTINUOUS
10
5.1984787401574799
20
-3.932335905511811
11
5.1989196456692914
21
-3.9334003149606298
0
LINE
8
BLACK
6
CONTINUOUS
10
5.1989196456692914
20
-3.9334003149606298
11
5.1989763779527554
21
-3.9950000000000001
0
LINE
8
BLACK
6
CONTINUOUS
10
5.1989763779527554
20
-3.9950000000000001
11
5.1989196456692914
21
-3.995576062992126
0
LINE
8
BLACK
6
CONTINUOUS
10
5.1989196456692914
20
-3.995576062992126
11
5.1984787401574799
21
-3.9966404724409448
0
LINE
8
BLACK
6
CONTINUOUS
10
5.1984787401574799
20
-3.9966404724409448
11
5.1976640944881884
21
-3.9974551181102362
0
LINE
8
BLACK
6
CONTINUOUS
10
5.1976640944881884
20
-3.9974551181102362
11
5.1965996850393701
21
-3.9978960236220473
0
LINE
8
BLACK
6
CONTINUOUS
10
5.1965996850393701
20
-3.9978960236220473
11
5.1954475590551183
21
-3.9978960236220473
0
LINE
8
BLACK
6
CONTINUOUS
10
5.1954475590551183
20
-3.9978960236220473
11
5.1943831496062991
21
-3.9974551181102362
0
LINE
8
BLACK
6
CONTINUOUS
10
5.1943831496062991
20
-3.9974551181102362
11
5.1935685039370076
21
-3.9966404724409448
0
LINE
8
BLACK
6
CONTINUOUS
10
5.1935685039370076
20
-3.9966404724409448
11
5.193127598425197
21
-3.995576062992126
0
LINE
8
BLACK
6
CONTINUOUS
10
5.193127598425197
20
-3.995576062992126
11
5.1930735039370077
21
-3.9368740157480313
0
LINE
8
BLACK
6
CONTINUOUS
10
5.1930735039370077
20
-3.9368740157480313
11
5.0768756299212594
21
-3.9369277559055118
0
LINE
8
BLACK
6
CONTINUOUS
10
5.0768756299212594
20
-3.9369277559055118
11
5.0769291338582674
21
-3.9950000000000001
0
LINE
8
BLACK
6
CONTINUOUS
10
5.0769291338582674
20
-3.9950000000000001
11
5.0768724015748035
21
-3.995576062992126
0
LINE
8
BLACK
6
CONTINUOUS
10
5.0768724015748035
20
-3.995576062992126
11
5.0764314960629919
21
-3.9966404724409448
0
LINE
8
BLACK
6
CONTINUOUS
10
5.0764314960629919
20
-3.9966404724409448
11
5.0756168503937005
21
-3.9974551181102362
0
LINE
8
BLACK
6
CONTINUOUS
10
5.0756168503937005
20
-3.9974551181102362
11
5.0745524409448821
21
-3.9978960236220473
0
LINE
8
BLACK
6
CONTINUOUS
10
5.0745524409448821
20
-3.9978960236220473
11
5.0734003149606295
21
-3.9978960236220473
0
LINE
8
BLACK
6
CONTINUOUS
10
5.0734003149606295
20
-3.9978960236220473
11
5.0723359055118111
21
-3.9974551181102362
0
LINE
8
BLACK
6
CONTINUOUS
10
5.0723359055118111
20
-3.9974551181102362
11
5.0715212598425197
21
-3.9966404724409448
0
LINE
8
BLACK
6
CONTINUOUS
10
5.0715212598425197
20
-3.9966404724409448
11
5.0710803543307081
21
-3.995576062992126
0
LINE
8
BLACK
6
CONTINUOUS
10
5.0710803543307081
20
-3.995576062992126
11
5.0710236220472442
21
-3.9339763779527557
0
LINE
8
BLACK
6
CONTINUOUS
10
5.0710236220472442
20
-3.9339763779527557
11
5.0710803543307081
21
-3.9334003149606298
0
LINE
8
BLACK
6
CONTINUOUS
10
5.0710803543307081
20
-3.9334003149606298
11
5.0715212598425197
21
-3.932335905511811
0
LINE
8
BLACK
6
CONTINUOUS
10
5.0715212598425197
20
-3.932335905511811
11
5.0723359055118111
21
-3.9315212598425195
0
LINE
8
BLACK
6
CONTINUOUS
10
5.0723359055118111
20
-3.9315212598425195
11
5.0734003149606295
21
-3.9310803543307085
0
LINE
8
BLACK
6
CONTINUOUS
10
5.0734003149606295
20
-3.9310803543307085
11
5.1960236220472442
21
-3.9310236220472441
0
LINE
8
BLACK
6
CONTINUOUS
10
5.1960236220472442
20
-3.9310236220472441
11
5.1965996850393701
21
-3.9310803543307085
0
LINE
8
BLACK
6
CONTINUOUS
10
5.6221544881889765
20
-3.9620668110236221
11
5.6229691732283467
21
-3.9628814960629919
0
LINE
8
BLACK
6
CONTINUOUS
10
5.6229691732283467
20
-3.9628814960629919
11
5.6234100787401573
21
-3.9639459055118111
0
LINE
8
BLACK
6
CONTINUOUS
10
5.6234100787401573
20
-3.9639459055118111
11
5.6234100787401573
21
-3.9650979921259841
0
LINE
8
BLACK
6
CONTINUOUS
10
5.6234100787401573
20
-3.9650979921259841
11
5.6229691732283467
21
-3.9661624015748029
0
LINE
8
BLACK
6
CONTINUOUS
10
5.6229691732283467
20
-3.9661624015748029
11
5.6211565354330704
21
-3.9680398818897635
0
LINE
8
BLACK
6
CONTINUOUS
10
5.6211565354330704
20
-3.9680398818897635
11
5.6196758661417325
21
-3.9726144094488189
0
LINE
8
BLACK
6
CONTINUOUS
10
5.6196758661417325
20
-3.9726144094488189
11
5.6197127165354326
21
-3.9754245669291337
0
LINE
8
BLACK
6
CONTINUOUS
10
5.6197127165354326
20
-3.9754245669291337
11
5.621242598425197
21
-3.979884094488189
0
LINE
8
BLACK
6
CONTINUOUS
10
5.621242598425197
20
-3.979884094488189
11
5.6242238582677162
21
-3.9828083858267718
0
LINE
8
BLACK
6
CONTINUOUS
10
5.6242238582677162
20
-3.9828083858267718
11
5.6273659842519681
21
-3.9843329921259842
0
LINE
8
BLACK
6
CONTINUOUS
10
5.6273659842519681
20
-3.9843329921259842
11
5.6341818503937002
21
-3.9859875590551179
0
LINE
8
BLACK
6
CONTINUOUS
10
5.6341818503937002
20
-3.9859875590551179
11
5.6390941338582676
21
-3.9859425984251966
0
LINE
8
BLACK
6
CONTINUOUS
10
5.6390941338582676
20
-3.9859425984251966
11
5.6459220866141733
21
-3.9841859842519685
0
LINE
8
BLACK
6
CONTINUOUS
10
5.6459220866141733
20
-3.9841859842519685
11
5.6488802362204726
21
-3.9826626771653544
0
LINE
8
BLACK
6
CONTINUOUS
10
5.6488802362204726
20
-3.9826626771653544
11
5.6517459842519679
21
-3.9797411023622047
0
LINE
8
BLACK
6
CONTINUOUS
10
5.6517459842519679
20
-3.9797411023622047
11
5.653223228346457
21
-3.9751770472440944
0
LINE
8
BLACK
6
CONTINUOUS
10
5.653223228346457
20
-3.9751770472440944
11
5.653186377952756
21
-3.9723668503937009
0
LINE
8
BLACK
6
CONTINUOUS
10
5.653186377952756
20
-3.9723668503937009
11
5.6516641732283466
21
-3.9679296062992124
0
LINE
8
BLACK
6
CONTINUOUS
10
5.6516641732283466
20
-3.9679296062992124
11
5.6502971653543304
21
-3.9666098818897635
0
LINE
8
BLACK
6
CONTINUOUS
10
5.6502971653543304
20
-3.9666098818897635
11
5.6499299212598419
21
-3.9661624015748029
0
LINE
8
BLACK
6
CONTINUOUS
10
5.6499299212598419
20
-3.9661624015748029
11
5.6494890157480313
21
-3.9650979921259841
0
LINE
8
BLACK
6
CONTINUOUS
10
5.6494890157480313
20
-3.9650979921259841
11
5.6494890157480313
21
-3.9639459055118111
0
LINE
8
BLACK
6
CONTINUOUS
10
5.6494890157480313
20
-3.9639459055118111
11
5.6499298818897641
21
-3.9628814960629919
0
LINE
8
BLACK
6
CONTINUOUS
10
5.6499298818897641
20
-3.9628814960629919
11
5.6507445669291334
21
-3.9620668110236221
0
LINE
8
BLACK
6
CONTINUOUS
10
5.6507445669291334
20
-3.9620668110236221
11
5.6518089763779527
21
-3.961625905511811
0
LINE
8
BLACK
6
CONTINUOUS
10
5.6518089763779527
20
-3.961625905511811
11
5.6529610629921256
21
-3.961625905511811
0
LINE
8
BLACK
6
CONTINUOUS
10
5.6529610629921256
20
-3.961625905511811
11
5.6540254724409449
21
-3.9620667716535434
0
LINE
8
BLACK
6
CONTINUOUS
10
5.6540254724409449
20
-3.9620667716535434
11
5.656347716535433
21
-3.9643087401574801
0
LINE
8
BLACK
6
CONTINUOUS
10
5.656347716535433
20
-3.9643087401574801
11
5.6567149606299214
21
-3.9647562204724407
0
LINE
8
BLACK
6
CONTINUOUS
10
5.6567149606299214
20
-3.9647562204724407
11
5.6567555118110233
21
-3.9648541732283462
0
LINE
8
BLACK
6
CONTINUOUS
10
5.6567555118110233
20
-3.9648541732283462
11
5.6568250787401571
21
-3.9649343700787401
0
LINE
8
BLACK
6
CONTINUOUS
10
5.6568250787401571
20
-3.9649343700787401
11
5.657000157480315
21
-3.9654447244094486
0
LINE
8
BLACK
6
CONTINUOUS
10
5.657000157480315
20
-3.9654447244094486
11
5.657155866141732
21
-3.9658206299212599
0
LINE
8
BLACK
6
CONTINUOUS
10
5.657155866141732
20
-3.9658206299212599
11
5.657155866141732
21
-3.9658985826771653
0
LINE
8
BLACK
6
CONTINUOUS
10
5.657155866141732
20
-3.9658985826771653
11
5.6589358267716534
21
-3.9710872047244092
0
LINE
8
BLACK
6
CONTINUOUS
10
5.6589358267716534
20
-3.9710872047244092
11
5.6590007480314961
21
-3.9713728346456691
0
LINE
8
BLACK
6
CONTINUOUS
10
5.6590007480314961
20
-3.9713728346456691
11
5.6590306299212596
21
-3.9714449212598426
0
LINE
8
BLACK
6
CONTINUOUS
10
5.6590306299212596
20
-3.9714449212598426
11
5.6590314173228347
21
-3.9715077559055119
0
LINE
8
BLACK
6
CONTINUOUS
10
5.6590314173228347
20
-3.9715077559055119
11
5.6590641732283462
21
-3.9716516535433071
0
LINE
8
BLACK
6
CONTINUOUS
10
5.6590641732283462
20
-3.9716516535433071
11
5.6590381102362199
21
-3.9720177952755904
0
LINE
8
BLACK
6
CONTINUOUS
10
5.6590381102362199
20
-3.9720177952755904
11
5.6590873622047244
21
-3.9757705118110236
0
LINE
8
BLACK
6
CONTINUOUS
10
5.6590873622047244
20
-3.9757705118110236
11
5.6590586220472439
21
-3.9760620866141729
0
LINE
8
BLACK
6
CONTINUOUS
10
5.6590586220472439
20
-3.9760620866141729
11
5.6590641732283462
21
-3.976139842519685
0
LINE
8
BLACK
6
CONTINUOUS
10
5.6590641732283462
20
-3.976139842519685
11
5.6590451968503936
21
-3.9761983858267715
0
LINE
8
BLACK
6
CONTINUOUS
10
5.6590451968503936
20
-3.9761983858267715
11
5.6590306299212596
21
-3.9763465748031495
0
LINE
8
BLACK
6
CONTINUOUS
10
5.6590306299212596
20
-3.9763465748031495
11
5.6588779527559057
21
-3.9767150787401575
0
LINE
8
BLACK
6
CONTINUOUS
10
5.6588779527559057
20
-3.9767150787401575
11
5.6570610629921259
21
-3.9823285433070867
0
LINE
8
BLACK
6
CONTINUOUS
10
5.6570610629921259
20
-3.9823285433070867
11
5.6568250787401571
21
-3.982857125984252
0
LINE
8
BLACK
6
CONTINUOUS
10
5.6568250787401571
20
-3.982857125984252
11
5.6567555905511808
21
-3.9829372047244092
0
LINE
8
BLACK
6
CONTINUOUS
10
5.6567555905511808
20
-3.9829372047244092
11
5.6567150000000002
21
-3.9830352755905509
0
LINE
8
BLACK
6
CONTINUOUS
10
5.6567150000000002
20
-3.9830352755905509
11
5.656331220472441
21
-3.9834264960629922
0
LINE
8
BLACK
6
CONTINUOUS
10
5.656331220472441
20
-3.9834264960629922
11
5.6560701968503935
21
-3.9837274803149607
0
LINE
8
BLACK
6
CONTINUOUS
10
5.6560701968503935
20
-3.9837274803149607
11
5.6560031102362203
21
-3.9837609842519686
0
LINE
8
BLACK
6
CONTINUOUS
10
5.6560031102362203
20
-3.9837609842519686
11
5.6525981889763779
21
-3.9872322440944883
0
LINE
8
BLACK
6
CONTINUOUS
10
5.6525981889763779
20
-3.9872322440944883
11
5.6523718110236221
21
-3.9874179921259842
0
LINE
8
BLACK
6
CONTINUOUS
10
5.6523718110236221
20
-3.9874179921259842
11
5.6523206692913384
21
-3.9874770078740158
0
LINE
8
BLACK
6
CONTINUOUS
10
5.6523206692913384
20
-3.9874770078740158
11
5.6522650393700786
21
-3.9875056299212597
0
LINE
8
BLACK
6
CONTINUOUS
10
5.6522650393700786
20
-3.9875056299212597
11
5.6521507086614173
21
-3.9875994881889762
0
LINE
8
BLACK
6
CONTINUOUS
10
5.6521507086614173
20
-3.9875994881889762
11
5.6518037795275591
21
-3.9877431496062989
0
LINE
8
BLACK
6
CONTINUOUS
10
5.6518037795275591
20
-3.9877431496062989
11
5.6480812598425194
21
-3.989660118110236
0
LINE
8
BLACK
6
CONTINUOUS
10
5.6480812598425194
20
-3.989660118110236
11
5.6480391338582674
21
-3.989676220472441
0
LINE
8
BLACK
6
CONTINUOUS
10
5.6480391338582674
20
-3.989676220472441
11
5.6480220078740153
21
-3.9896889370078741
0
LINE
8
BLACK
6
CONTINUOUS
10
5.6480220078740153
20
-3.9896889370078741
11
5.6479729921259842
21
-3.9897015354330709
0
LINE
8
BLACK
6
CONTINUOUS
10
5.6479729921259842
20
-3.9897015354330709
11
5.6475406299212594
21
-3.9898670078740155
0
LINE
8
BLACK
6
CONTINUOUS
10
5.6475406299212594
20
-3.9898670078740155
11
5.6472494094488184
21
-3.9898876771653544
0
LINE
8
BLACK
6
CONTINUOUS
10
5.6472494094488184
20
-3.9898876771653544
11
5.639977834645669
21
-3.9917584645669288
0
LINE
8
BLACK
6
CONTINUOUS
10
5.639977834645669
20
-3.9917584645669288
11
5.6398779527559055
21
-3.9917732283464566
0
LINE
8
BLACK
6
CONTINUOUS
10
5.6398779527559055
20
-3.9917732283464566
11
5.6398377559055115
21
-3.9917898818897637
0
LINE
8
BLACK
6
CONTINUOUS
10
5.6398377559055115
20
-3.9917898818897637
11
5.6397605118110237
21
-3.9917905511811025
0
LINE
8
BLACK
6
CONTINUOUS
10
5.6397605118110237
20
-3.9917905511811025
11
5.6394052362204725
21
-3.9918431102362204
0
LINE
8
BLACK
6
CONTINUOUS
10
5.6394052362204725
20
-3.9918431102362204
11
5.6390932677165351
21
-3.9917966929133857
0
LINE
8
BLACK
6
CONTINUOUS
10
5.6390932677165351
20
-3.9917966929133857
11
5.633637401574803
21
-3.9918466141732281
0
LINE
8
BLACK
6
CONTINUOUS
10
5.633637401574803
20
-3.9918466141732281
11
5.6335368503937007
21
-3.9918366929133859
0
LINE
8
BLACK
6
CONTINUOUS
10
5.6335368503937007
20
-3.9918366929133859
11
5.6334938582677161
21
-3.9918431102362204
0
LINE
8
BLACK
6
CONTINUOUS
10
5.6334938582677161
20
-3.9918431102362204
11
5.6334201574803151
21
-3.9918251968503937
0
LINE
8
BLACK
6
CONTINUOUS
10
5.6334201574803151
20
-3.9918251968503937
11
5.6330613385826771
21
-3.9917898818897637
0
LINE
8
BLACK
6
CONTINUOUS
10
5.6330613385826771
20
-3.9917898818897637
11
5.6327594094488189
21
-3.991664803149606
0
LINE
8
BLACK
6
CONTINUOUS
10
5.6327594094488189
20
-3.991664803149606
11
5.6254222047244093
21
-3.9898837007874013
0
LINE
8
BLACK
6
CONTINUOUS
10
5.6254222047244093
20
-3.9898837007874013
11
5.6253796850393698
21
-3.9898685039370076
0
LINE
8
BLACK
6
CONTINUOUS
10
5.6253796850393698
20
-3.9898685039370076
11
5.6253584251968505
21
-3.9898670078740155
0
LINE
8
BLACK
6
CONTINUOUS
10
5.6253584251968505
20
-3.9898670078740155
11
5.6253107480314961
21
-3.9898438582677165
0
LINE
8
BLACK
6
CONTINUOUS
10
5.6253107480314961
20
-3.9898438582677165
11
5.6248770866141733
21
-3.9896889370078741
0
LINE
8
BLACK
6
CONTINUOUS
10
5.6248770866141733
20
-3.9896889370078741
11
5.6246601181102358
21
-3.9895281889763781
0
LINE
8
BLACK
6
CONTINUOUS
10
5.6246601181102358
20
-3.9895281889763781
11
5.6210683070866141
21
-3.9877853543307085
0
LINE
8
BLACK
6
CONTINUOUS
10
5.6210683070866141
20
-3.9877853543307085
11
5.6208204724409452
21
-3.9876293307086614
0
LINE
8
BLACK
6
CONTINUOUS
10
5.6208204724409452
20
-3.9876293307086614
11
5.6207483464566925
21
-3.9875994881889762
0
LINE
8
BLACK
6
CONTINUOUS
10
5.6207483464566925
20
-3.9875994881889762
11
5.6207041338582675
21
-3.9875561417322833
0
LINE
8
BLACK
6
CONTINUOUS
10
5.6207041338582675
20
-3.9875561417322833
11
5.6205784251968502
21
-3.9874770078740158
0
LINE
8
BLACK
6
CONTINUOUS
10
5.6205784251968502
20
-3.9874770078740158
11
5.6203217322834647
21
-3.9871810236220471
0
LINE
8
BLACK
6
CONTINUOUS
10
5.6203217322834647
20
-3.9871810236220471
11
5.6165513779527556
21
-3.9834827165354332
0
LINE
8
BLACK
6
CONTINUOUS
10
5.6165513779527556
20
-3.9834827165354332
11
5.616184173228346
21
-3.9830352755905509
0
LINE
8
BLACK
6
CONTINUOUS
10
5.616184173228346
20
-3.9830352755905509
11
5.6161435433070865
21
-3.9829372047244092
0
LINE
8
BLACK
6
CONTINUOUS
10
5.6161435433070865
20
-3.9829372047244092
11
5.6160740551181103
21
-3.9828570866141733
0
LINE
8
BLACK
6
CONTINUOUS
10
5.6160740551181103
20
-3.9828570866141733
11
5.6158989763779523
21
-3.982346771653543
0
LINE
8
BLACK
6
CONTINUOUS
10
5.6158989763779523
20
-3.982346771653543
11
5.6157432677165353
21
-3.9819708267716534
0
LINE
8
BLACK
6
CONTINUOUS
10
5.6157432677165353
20
-3.9819708267716534
11
5.6157432677165353
21
-3.9818928346456692
0
LINE
8
BLACK
6
CONTINUOUS
10
5.6157432677165353
20
-3.9818928346456692
11
5.613963307086614
21
-3.9767042519685036
0
LINE
8
BLACK
6
CONTINUOUS
10
5.613963307086614
20
-3.9767042519685036
11
5.6138983464566925
21
-3.9764186614173229
0
LINE
8
BLACK
6
CONTINUOUS
10
5.6138983464566925
20
-3.9764186614173229
11
5.6138685039370078
21
-3.9763465748031495
0
LINE
8
BLACK
6
CONTINUOUS
10
5.6138685039370078
20
-3.9763465748031495
11
5.613867677165354
21
-3.9762836614173227
0
LINE
8
BLACK
6
CONTINUOUS
10
5.613867677165354
20
-3.9762836614173227
11
5.6138349606299212
21
-3.9761398031496062
0
LINE
8
BLACK
6
CONTINUOUS
10
5.6138349606299212
20
-3.9761398031496062
11
5.6138609842519687
21
-3.9757736220472442
0
LINE
8
BLACK
6
CONTINUOUS
10
5.6138609842519687
20
-3.9757736220472442
11
5.6138117716535429
21
-3.9720209842519685
0
LINE
8
BLACK
6
CONTINUOUS
10
5.6138117716535429
20
-3.9720209842519685
11
5.6138404724409448
21
-3.9717294094488187
0
LINE
8
BLACK
6
CONTINUOUS
10
5.6138404724409448
20
-3.9717294094488187
11
5.6138349606299212
21
-3.9716516929133858
0
LINE
8
BLACK
6
CONTINUOUS
10
5.6138349606299212
20
-3.9716516929133858
11
5.613853897637795
21
-3.9715931496062993
0
LINE
8
BLACK
6
CONTINUOUS
10
5.613853897637795
20
-3.9715931496062993
11
5.6138685039370078
21
-3.9714449212598426
0
LINE
8
BLACK
6
CONTINUOUS
10
5.6138685039370078
20
-3.9714449212598426
11
5.6140211811023617
21
-3.9710762598425196
0
LINE
8
BLACK
6
CONTINUOUS
10
5.6140211811023617
20
-3.9710762598425196
11
5.6158380708661415
21
-3.9654629527559053
0
LINE
8
BLACK
6
CONTINUOUS
10
5.6158380708661415
20
-3.9654629527559053
11
5.6160740551181103
21
-3.9649344094488188
0
LINE
8
BLACK
6
CONTINUOUS
10
5.6160740551181103
20
-3.9649344094488188
11
5.6161435433070865
21
-3.9648542519685037
0
LINE
8
BLACK
6
CONTINUOUS
10
5.6161435433070865
20
-3.9648542519685037
11
5.616184173228346
21
-3.9647562204724407
0
LINE
8
BLACK
6
CONTINUOUS
10
5.616184173228346
20
-3.9647562204724407
11
5.6166212992125981
21
-3.9643033858267716
0
LINE
8
BLACK
6
CONTINUOUS
10
5.6166212992125981
20
-3.9643033858267716
11
5.6168289370078739
21
-3.9640640551181101
0
LINE
8
BLACK
6
CONTINUOUS
10
5.6168289370078739
20
-3.9640640551181101
11
5.6168743307086615
21
-3.9640413385826769
0
LINE
8
BLACK
6
CONTINUOUS
10
5.6168743307086615
20
-3.9640413385826769
11
5.6184261417322832
21
-3.9624340157480313
0
LINE
8
BLACK
6
CONTINUOUS
10
5.6184261417322832
20
-3.9624340157480313
11
5.618873582677165
21
-3.9620668110236221
0
LINE
8
BLACK
6
CONTINUOUS
10
5.618873582677165
20
-3.9620668110236221
11
5.6199379921259842
21
-3.961625905511811
0
LINE
8
BLACK
6
CONTINUOUS
10
5.6199379921259842
20
-3.961625905511811
11
5.6210900787401572
21
-3.961625905511811
0
LINE
8
BLACK
6
CONTINUOUS
10
5.6210900787401572
20
-3.961625905511811
11
5.6221544881889765
21
-3.9620668110236221
0
LINE
8
BLACK
6
CONTINUOUS
10
5.6577750787401575
20
-3.9245714960629918
11
5.658589724409449
21
-3.9253861417322833
0
LINE
8
BLACK
6
CONTINUOUS
10
5.658589724409449
20
-3.9253861417322833
11
5.6590306299212596
21
-3.9264505511811021
0
LINE
8
BLACK
6
CONTINUOUS
10
5.6590306299212596
20
-3.9264505511811021
11
5.6590873622047244
21
-3.9495237795275591
0
LINE
8
BLACK
6
CONTINUOUS
10
5.6590873622047244
20
-3.9495237795275591
11
5.6590306299212596
21
-3.9500998425196849
0
LINE
8
BLACK
6
CONTINUOUS
10
5.6590306299212596
20
-3.9500998425196849
11
5.658589724409449
21
-3.9511642519685037
0
LINE
8
BLACK
6
CONTINUOUS
10
5.658589724409449
20
-3.9511642519685037
11
5.6577750787401575
21
-3.9519788976377952
0
LINE
8
BLACK
6
CONTINUOUS
10
5.6577750787401575
20
-3.9519788976377952
11
5.6567106692913383
21
-3.9524198031496063
0
LINE
8
BLACK
6
CONTINUOUS
10
5.6567106692913383
20
-3.9524198031496063
11
5.6555585433070865
21
-3.9524198031496063
0
LINE
8
BLACK
6
CONTINUOUS
10
5.6555585433070865
20
-3.9524198031496063
11
5.6544941338582673
21
-3.9519788976377952
0
LINE
8
BLACK
6
CONTINUOUS
10
5.6544941338582673
20
-3.9519788976377952
11
5.6536794881889758
21
-3.9511642519685037
0
LINE
8
BLACK
6
CONTINUOUS
10
5.6536794881889758
20
-3.9511642519685037
11
5.6532385826771652
21
-3.9500998425196849
0
LINE
8
BLACK
6
CONTINUOUS
10
5.6532385826771652
20
-3.9500998425196849
11
5.6532166141732283
21
-3.941176181102362
0
LINE
8
BLACK
6
CONTINUOUS
10
5.6532166141732283
20
-3.941176181102362
11
5.6257070078740155
21
-3.9412152362204722
0
LINE
8
BLACK
6
CONTINUOUS
10
5.6257070078740155
20
-3.9412152362204722
11
5.6282262598425197
21
-3.943686338582677
0
LINE
8
BLACK
6
CONTINUOUS
10
5.6282262598425197
20
-3.943686338582677
11
5.6284120866141727
21
-3.9439127165354328
0
LINE
8
BLACK
6
CONTINUOUS
10
5.6284120866141727
20
-3.9439127165354328
11
5.6284710236220468
21
-3.9439638582677166
0
LINE
8
BLACK
6
CONTINUOUS
10
5.6284710236220468
20
-3.9439638582677166
11
5.6284996062992123
21
-3.94401937007874
0
LINE
8
BLACK
6
CONTINUOUS
10
5.6284996062992123
20
-3.94401937007874
11
5.6285935039370081
21
-3.9441337795275588
0
LINE
8
BLACK
6
CONTINUOUS
10
5.6285935039370081
20
-3.9441337795275588
11
5.6287372440944878
21
-3.9444808267716533
0
LINE
8
BLACK
6
CONTINUOUS
10
5.6287372440944878
20
-3.9444808267716533
11
5.6306541338582674
21
-3.9482032677165355
0
LINE
8
BLACK
6
CONTINUOUS
10
5.6306541338582674
20
-3.9482032677165355
11
5.6308610236220469
21
-3.9487438582677163
0
LINE
8
BLACK
6
CONTINUOUS
10
5.6308610236220469
20
-3.9487438582677163
11
5.6309426771653541
21
-3.9498930708661417
0
LINE
8
BLACK
6
CONTINUOUS
10
5.6309426771653541
20
-3.9498930708661417
11
5.6305783464566925
21
-3.9509860629921261
0
LINE
8
BLACK
6
CONTINUOUS
10
5.6305783464566925
20
-3.9509860629921261
11
5.6298235039370077
21
-3.9518564173228348
0
LINE
8
BLACK
6
CONTINUOUS
10
5.6298235039370077
20
-3.9518564173228348
11
5.6287929921259838
21
-3.9523716929133856
0
LINE
8
BLACK
6
CONTINUOUS
10
5.6287929921259838
20
-3.9523716929133856
11
5.6276437795275589
21
-3.9524533464566929
0
LINE
8
BLACK
6
CONTINUOUS
10
5.6276437795275589
20
-3.9524533464566929
11
5.6265508267716537
21
-3.9520890157480313
0
LINE
8
BLACK
6
CONTINUOUS
10
5.6265508267716537
20
-3.9520890157480313
11
5.6256804330708663
21
-3.9513341732283465
0
LINE
8
BLACK
6
CONTINUOUS
10
5.6256804330708663
20
-3.9513341732283465
11
5.6236567322834645
21
-3.9474043307086615
0
LINE
8
BLACK
6
CONTINUOUS
10
5.6236567322834645
20
-3.9474043307086615
11
5.6203359055118112
21
-3.944146968503937
0
LINE
8
BLACK
6
CONTINUOUS
10
5.6203359055118112
20
-3.944146968503937
11
5.6151266141732279
21
-3.9407320472440945
0
LINE
8
BLACK
6
CONTINUOUS
10
5.6151266141732279
20
-3.9407320472440945
11
5.6151249212598424
21
-3.9407306692913386
0
LINE
8
BLACK
6
CONTINUOUS
10
5.6151249212598424
20
-3.9407306692913386
11
5.6151240551181099
21
-3.9407303149606299
0
LINE
8
BLACK
6
CONTINUOUS
10
5.6151240551181099
20
-3.9407303149606299
11
5.6151220078740156
21
-3.9407282677165352
0
LINE
8
BLACK
6
CONTINUOUS
10
5.6151220078740156
20
-3.9407282677165352
11
5.6146787795275586
21
-3.9403652755905512
0
LINE
8
BLACK
6
CONTINUOUS
10
5.6146787795275586
20
-3.9403652755905512
11
5.614516102362205
21
-3.9401223622047241
0
LINE
8
BLACK
6
CONTINUOUS
10
5.614516102362205
20
-3.9401223622047241
11
5.6143094094488184
21
-3.9399156692913384
0
LINE
8
BLACK
6
CONTINUOUS
10
5.6143094094488184
20
-3.9399156692913384
11
5.6141986614173227
21
-3.9396483464566927
0
LINE
8
BLACK
6
CONTINUOUS
10
5.6141986614173227
20
-3.9396483464566927
11
5.6140377165354334
21
-3.9394079921259841
0
LINE
8
BLACK
6
CONTINUOUS
10
5.6140377165354334
20
-3.9394079921259841
11
5.6139803543307085
21
-3.9391213385826771
0
LINE
8
BLACK
6
CONTINUOUS
10
5.6139803543307085
20
-3.9391213385826771
11
5.6138685039370078
21
-3.9388512598425196
0
LINE
8
BLACK
6
CONTINUOUS
10
5.6138685039370078
20
-3.9388512598425196
11
5.6138685039370078
21
-3.9385619291338583
0
LINE
8
BLACK
6
CONTINUOUS
10
5.6138685039370078
20
-3.9385619291338583
11
5.6138117716535429
21
-3.9382783070866143
0
LINE
8
BLACK
6
CONTINUOUS
10
5.6138117716535429
20
-3.9382783070866143
11
5.6138685039370078
21
-3.9379914960629923
0
LINE
8
BLACK
6
CONTINUOUS
10
5.6138685039370078
20
-3.9379914960629923
11
5.6138685039370078
21
-3.9376991338582674
0
LINE
8
BLACK
6
CONTINUOUS
10
5.6138685039370078
20
-3.9376991338582674
11
5.6139792125984247
21
-3.9374318503937009
0
LINE
8
BLACK
6
CONTINUOUS
10
5.6139792125984247
20
-3.9374318503937009
11
5.6140353543307082
21
-3.9371480708661415
0
LINE
8
BLACK
6
CONTINUOUS
10
5.6140353543307082
20
-3.9371480708661415
11
5.6141975196850389
21
-3.9369048031496061
0
LINE
8
BLACK
6
CONTINUOUS
10
5.6141975196850389
20
-3.9369048031496061
11
5.6143094094488184
21
-3.9366347244094486
0
LINE
8
BLACK
6
CONTINUOUS
10
5.6143094094488184
20
-3.9366347244094486
11
5.6145139370078736
21
-3.9364301574803147
0
LINE
8
BLACK
6
CONTINUOUS
10
5.6145139370078736
20
-3.9364301574803147
11
5.6146744488188975
21
-3.9361894488188978
0
LINE
8
BLACK
6
CONTINUOUS
10
5.6146744488188975
20
-3.9361894488188978
11
5.6149173228346454
21
-3.9360267716535433
0
LINE
8
BLACK
6
CONTINUOUS
10
5.6149173228346454
20
-3.9360267716535433
11
5.6151240551181099
21
-3.9358200787401576
0
LINE
8
BLACK
6
CONTINUOUS
10
5.6151240551181099
20
-3.9358200787401576
11
5.6153913385826772
21
-3.9357093307086615
0
LINE
8
BLACK
6
CONTINUOUS
10
5.6153913385826772
20
-3.9357093307086615
11
5.6156317322834646
21
-3.9355483858267717
0
LINE
8
BLACK
6
CONTINUOUS
10
5.6156317322834646
20
-3.9355483858267717
11
5.6159183464566924
21
-3.9354910236220473
0
LINE
8
BLACK
6
CONTINUOUS
10
5.6159183464566924
20
-3.9354910236220473
11
5.6161884645669291
21
-3.9353791732283465
0
LINE
8
BLACK
6
CONTINUOUS
10
5.6161884645669291
20
-3.9353791732283465
11
5.6164798031496064
21
-3.9353787401574802
0
LINE
8
BLACK
6
CONTINUOUS
10
5.6164798031496064
20
-3.9353787401574802
11
5.6167614173228344
21
-3.9353224409448817
0
LINE
8
BLACK
6
CONTINUOUS
10
5.6167614173228344
20
-3.9353224409448817
11
5.6170420472440945
21
-3.9353779527559056
0
LINE
8
BLACK
6
CONTINUOUS
10
5.6170420472440945
20
-3.9353779527559056
11
5.653202244094488
21
-3.9353265748031494
0
LINE
8
BLACK
6
CONTINUOUS
10
5.653202244094488
20
-3.9353265748031494
11
5.6531818503937004
21
-3.9270266141732284
0
LINE
8
BLACK
6
CONTINUOUS
10
5.6531818503937004
20
-3.9270266141732284
11
5.6532385826771652
21
-3.9264505511811021
0
LINE
8
BLACK
6
CONTINUOUS
10
5.6532385826771652
20
-3.9264505511811021
11
5.6536794881889758
21
-3.9253861417322833
0
LINE
8
BLACK
6
CONTINUOUS
10
5.6536794881889758
20
-3.9253861417322833
11
5.6544941338582673
21
-3.9245714960629918
0
LINE
8
BLACK
6
CONTINUOUS
10
5.6544941338582673
20
-3.9245714960629918
11
5.6555585433070865
21
-3.9241305905511812
0
LINE
8
BLACK
6
CONTINUOUS
10
5.6555585433070865
20
-3.9241305905511812
11
5.6567106692913383
21
-3.9241305905511812
0
LINE
8
BLACK
6
CONTINUOUS
10
5.6567106692913383
20
-3.9241305905511812
11
5.6577750787401575
21
-3.9245714960629918
0
LINE
8
BLACK
6
CONTINUOUS
10
5.6283046456692913
20
-3.8866072440944879
11
5.628382401574803
21
-3.8866017322834643
0
LINE
8
BLACK
6
CONTINUOUS
10
5.628382401574803
20
-3.8866017322834643
11
5.6284409055118108
21
-3.8866206692913385
0
LINE
8
BLACK
6
CONTINUOUS
10
5.6284409055118108
20
-3.8866206692913385
11
5.6285891732283462
21
-3.8866352755905509
0
LINE
8
BLACK
6
CONTINUOUS
10
5.6285891732283462
20
-3.8866352755905509
11
5.62895779527559
21
-3.8867879527559053
0
LINE
8
BLACK
6
CONTINUOUS
10
5.62895779527559
20
-3.8867879527559053
11
5.634571141732283
21
-3.8886048425196851
0
LINE
8
BLACK
6
CONTINUOUS
10
5.634571141732283
20
-3.8886048425196851
11
5.6350996850393695
21
-3.8888408267716534
0
LINE
8
BLACK
6
CONTINUOUS
10
5.6350996850393695
20
-3.8888408267716534
11
5.6351798031496063
21
-3.8889103149606297
0
LINE
8
BLACK
6
CONTINUOUS
10
5.6351798031496063
20
-3.8889103149606297
11
5.6352778740157481
21
-3.8889509448818895
0
LINE
8
BLACK
6
CONTINUOUS
10
5.6352778740157481
20
-3.8889509448818895
11
5.635621811023622
21
-3.8892936614173226
0
LINE
8
BLACK
6
CONTINUOUS
10
5.635621811023622
20
-3.8892936614173226
11
5.6359700393700782
21
-3.889595708661417
0
LINE
8
BLACK
6
CONTINUOUS
10
5.6359700393700782
20
-3.889595708661417
11
5.6360148425196845
21
-3.8896853543307084
0
LINE
8
BLACK
6
CONTINUOUS
10
5.6360148425196845
20
-3.8896853543307084
11
5.6532211811023618
21
-3.9068314566929132
0
LINE
8
BLACK
6
CONTINUOUS
10
5.6532211811023618
20
-3.9068314566929132
11
5.6531818503937004
21
-3.8895312992125985
0
LINE
8
BLACK
6
CONTINUOUS
10
5.6531818503937004
20
-3.8895312992125985
11
5.6532385826771652
21
-3.8889552362204722
0
LINE
8
BLACK
6
CONTINUOUS
10
5.6532385826771652
20
-3.8889552362204722
11
5.6536794881889758
21
-3.8878908267716534
0
LINE
8
BLACK
6
CONTINUOUS
10
5.6536794881889758
20
-3.8878908267716534
11
5.6544941338582673
21
-3.887076181102362
0
LINE
8
BLACK
6
CONTINUOUS
10
5.6544941338582673
20
-3.887076181102362
11
5.6555585433070865
21
-3.8866352755905509
0
LINE
8
BLACK
6
CONTINUOUS
10
5.6555585433070865
20
-3.8866352755905509
11
5.6567106692913383
21
-3.8866352755905509
0
LINE
8
BLACK
6
CONTINUOUS
10
5.6567106692913383
20
-3.8866352755905509
11
5.6577750787401575
21
-3.887076181102362
0
LINE
8
BLACK
6
CONTINUOUS
10
5.6577750787401575
20
-3.887076181102362
11
5.658589724409449
21
-3.8878908267716534
0
LINE
8
BLACK
6
CONTINUOUS
10
5.658589724409449
20
-3.8878908267716534
11
5.6590306299212596
21
-3.8889552362204722
0
LINE
8
BLACK
6
CONTINUOUS
10
5.6590306299212596
20
-3.8889552362204722
11
5.6590873622047244
21
-3.9139032283464568
0
LINE
8
BLACK
6
CONTINUOUS
10
5.6590873622047244
20
-3.9139032283464568
11
5.6590306299212596
21
-3.9144792913385826
0
LINE
8
BLACK
6
CONTINUOUS
10
5.6590306299212596
20
-3.9144792913385826
11
5.6589014960629918
21
-3.9147910236220471
0
LINE
8
BLACK
6
CONTINUOUS
10
5.6589014960629918
20
-3.9147910236220471
11
5.6585897637795277
21
-3.9155437007874014
0
LINE
8
BLACK
6
CONTINUOUS
10
5.6585897637795277
20
-3.9155437007874014
11
5.6577750787401575
21
-3.9163583464566929
0
LINE
8
BLACK
6
CONTINUOUS
10
5.6577750787401575
20
-3.9163583464566929
11
5.6567106692913383
21
-3.916799251968504
0
LINE
8
BLACK
6
CONTINUOUS
10
5.6567106692913383
20
-3.916799251968504
11
5.6555585826771653
21
-3.916799251968504
0
LINE
8
BLACK
6
CONTINUOUS
10
5.6555585826771653
20
-3.916799251968504
11
5.6555585433070865
21
-3.916799251968504
0
LINE
8
BLACK
6
CONTINUOUS
10
5.6555585433070865
20
-3.916799251968504
11
5.6552467716535428
21
-3.9166701181102361
0
LINE
8
BLACK
6
CONTINUOUS
10
5.6552467716535428
20
-3.9166701181102361
11
5.6544941338582673
21
-3.9163583858267716
0
LINE
8
BLACK
6
CONTINUOUS
10
5.6544941338582673
20
-3.9163583858267716
11
5.6319736220472443
21
-3.893916653543307
0
LINE
8
BLACK
6
CONTINUOUS
10
5.6319736220472443
20
-3.893916653543307
11
5.6274196456692911
21
-3.8924426377952757
0
LINE
8
BLACK
6
CONTINUOUS
10
5.6274196456692911
20
-3.8924426377952757
11
5.6248856692913387
21
-3.8924758661417322
0
LINE
8
BLACK
6
CONTINUOUS
10
5.6248856692913387
20
-3.8924758661417322
11
5.6221698818897634
21
-3.8938743700787399
0
LINE
8
BLACK
6
CONTINUOUS
10
5.6221698818897634
20
-3.8938743700787399
11
5.6209791732283465
21
-3.8951077165354331
0
LINE
8
BLACK
6
CONTINUOUS
10
5.6209791732283465
20
-3.8951077165354331
11
5.619668267716535
21
-3.8978093700787402
0
LINE
8
BLACK
6
CONTINUOUS
10
5.619668267716535
20
-3.8978093700787402
11
5.6197137795275589
21
-3.9057911023622047
0
LINE
8
BLACK
6
CONTINUOUS
10
5.6197137795275589
20
-3.9057911023622047
11
5.6211075984251968
21
-3.9084978346456691
0
LINE
8
BLACK
6
CONTINUOUS
10
5.6211075984251968
20
-3.9084978346456691
11
5.622601968503937
21
-3.9099405511811023
0
LINE
8
BLACK
6
CONTINUOUS
10
5.622601968503937
20
-3.9099405511811023
11
5.6229691732283467
21
-3.9103879921259841
0
LINE
8
BLACK
6
CONTINUOUS
10
5.6229691732283467
20
-3.9103879921259841
11
5.6234100787401573
21
-3.9114524015748029
0
LINE
8
BLACK
6
CONTINUOUS
10
5.6234100787401573
20
-3.9114524015748029
11
5.6234100787401573
21
-3.9126044881889763
0
LINE
8
BLACK
6
CONTINUOUS
10
5.6234100787401573
20
-3.9126044881889763
11
5.6229691732283467
21
-3.9136688976377951
0
LINE
8
BLACK
6
CONTINUOUS
10
5.6229691732283467
20
-3.9136688976377951
11
5.6221544881889765
21
-3.9144835826771653
0
LINE
8
BLACK
6
CONTINUOUS
10
5.6221544881889765
20
-3.9144835826771653
11
5.6210900787401572
21
-3.9149244881889764
0
LINE
8
BLACK
6
CONTINUOUS
10
5.6210900787401572
20
-3.9149244881889764
11
5.6199379921259842
21
-3.9149244881889764
0
LINE
8
BLACK
6
CONTINUOUS
10
5.6199379921259842
20
-3.9149244881889764
11
5.618873582677165
21
-3.9144835826771653
0
LINE
8
BLACK
6
CONTINUOUS
10
5.618873582677165
20
-3.9144835826771653
11
5.6165513779527556
21
-3.9122416141732281
0
LINE
8
BLACK
6
CONTINUOUS
10
5.6165513779527556
20
-3.9122416141732281
11
5.6163655905511813
21
-3.9120152362204723
0
LINE
8
BLACK
6
CONTINUOUS
10
5.6163655905511813
20
-3.9120152362204723
11
5.6163066141732285
21
-3.911964094488189
0
LINE
8
BLACK
6
CONTINUOUS
10
5.6163066141732285
20
-3.911964094488189
11
5.6162779527559055
21
-3.9119084251968501
0
LINE
8
BLACK
6
CONTINUOUS
10
5.6162779527559055
20
-3.9119084251968501
11
5.616184173228346
21
-3.9117941732283463
0
LINE
8
BLACK
6
CONTINUOUS
10
5.616184173228346
20
-3.9117941732283463
11
5.6160405118110237
21
-3.9114473622047243
0
LINE
8
BLACK
6
CONTINUOUS
10
5.6160405118110237
20
-3.9114473622047243
11
5.6141235039370079
21
-3.9077246850393701
0
LINE
8
BLACK
6
CONTINUOUS
10
5.6141235039370079
20
-3.9077246850393701
11
5.6139166141732284
21
-3.9071840551181101
0
LINE
8
BLACK
6
CONTINUOUS
10
5.6139166141732284
20
-3.9071840551181101
11
5.6139090944881884
21
-3.9070782283464567
0
LINE
8
BLACK
6
CONTINUOUS
10
5.6139090944881884
20
-3.9070782283464567
11
5.6138685039370078
21
-3.9069802362204724
0
LINE
8
BLACK
6
CONTINUOUS
10
5.6138685039370078
20
-3.9069802362204724
11
5.6138655511811022
21
-3.9064656299212599
0
LINE
8
BLACK
6
CONTINUOUS
10
5.6138655511811022
20
-3.9064656299212599
11
5.6138349606299212
21
-3.9060348425196851
0
LINE
8
BLACK
6
CONTINUOUS
10
5.6138349606299212
20
-3.9060348425196851
11
5.6138626377952754
21
-3.9059517716535432
0
LINE
8
BLACK
6
CONTINUOUS
10
5.6138626377952754
20
-3.9059517716535432
11
5.6138117716535429
21
-3.8970303543307088
0
LINE
8
BLACK
6
CONTINUOUS
10
5.6138117716535429
20
-3.8970303543307088
11
5.6138685039370078
21
-3.8964542913385825
0
LINE
8
BLACK
6
CONTINUOUS
10
5.6138685039370078
20
-3.8964542913385825
11
5.6139090944881884
21
-3.8963562598425194
0
LINE
8
BLACK
6
CONTINUOUS
10
5.6139090944881884
20
-3.8963562598425194
11
5.6139166141732284
21
-3.8962504724409448
0
LINE
8
BLACK
6
CONTINUOUS
10
5.6139166141732284
20
-3.8962504724409448
11
5.6141648031496061
21
-3.8957388976377954
0
LINE
8
BLACK
6
CONTINUOUS
10
5.6141648031496061
20
-3.8957388976377954
11
5.6143094094488184
21
-3.8953898818897637
0
LINE
8
BLACK
6
CONTINUOUS
10
5.6143094094488184
20
-3.8953898818897637
11
5.614357519685039
21
-3.8953417322834647
0
LINE
8
BLACK
6
CONTINUOUS
10
5.614357519685039
20
-3.8953417322834647
11
5.6159982677165354
21
-3.8919603149606297
0
LINE
8
BLACK
6
CONTINUOUS
10
5.6159982677165354
20
-3.8919603149606297
11
5.6161543307086612
21
-3.891712283464567
0
LINE
8
BLACK
6
CONTINUOUS
10
5.6161543307086612
20
-3.891712283464567
11
5.616184173228346
21
-3.8916403543307085
0
LINE
8
BLACK
6
CONTINUOUS
10
5.616184173228346
20
-3.8916403543307085
11
5.6162286614173231
21
-3.8915942519685038
0
LINE
8
BLACK
6
CONTINUOUS
10
5.6162286614173231
20
-3.8915942519685038
11
5.6163066141732285
21
-3.8914704330708663
0
LINE
8
BLACK
6
CONTINUOUS
10
5.6163066141732285
20
-3.8914704330708663
11
5.6165622834645665
21
-3.8912486614173227
0
LINE
8
BLACK
6
CONTINUOUS
10
5.6165622834645665
20
-3.8912486614173227
11
5.6184261417322832
21
-3.8893181496062992
0
LINE
8
BLACK
6
CONTINUOUS
10
5.6184261417322832
20
-3.8893181496062992
11
5.6186524803149602
21
-3.8891323622047245
0
LINE
8
BLACK
6
CONTINUOUS
10
5.6186524803149602
20
-3.8891323622047245
11
5.6187036614173227
21
-3.8890733858267716
0
LINE
8
BLACK
6
CONTINUOUS
10
5.6187036614173227
20
-3.8890733858267716
11
5.6187592913385824
21
-3.8890447244094486
0
LINE
8
BLACK
6
CONTINUOUS
10
5.6187592913385824
20
-3.8890447244094486
11
5.618873582677165
21
-3.8889509448818895
0
LINE
8
BLACK
6
CONTINUOUS
10
5.618873582677165
20
-3.8889509448818895
11
5.6192204330708657
21
-3.8888072440944881
0
LINE
8
BLACK
6
CONTINUOUS
10
5.6192204330708657
20
-3.8888072440944881
11
5.6229430708661416
21
-3.886890275590551
0
LINE
8
BLACK
6
CONTINUOUS
10
5.6229430708661416
20
-3.886890275590551
11
5.6234836614173229
21
-3.8866833858267715
0
LINE
8
BLACK
6
CONTINUOUS
10
5.6234836614173229
20
-3.8866833858267715
11
5.6235895275590551
21
-3.8866758267716532
0
LINE
8
BLACK
6
CONTINUOUS
10
5.6235895275590551
20
-3.8866758267716532
11
5.6236875196850393
21
-3.8866352755905509
0
LINE
8
BLACK
6
CONTINUOUS
10
5.6236875196850393
20
-3.8866352755905509
11
5.6242678740157483
21
-3.8866276377952755
0
LINE
8
BLACK
6
CONTINUOUS
10
5.6242678740157483
20
-3.8866276377952755
11
5.6246328740157479
21
-3.8866017322834643
0
LINE
8
BLACK
6
CONTINUOUS
10
5.6246328740157479
20
-3.8866017322834643
11
5.6246938976377949
21
-3.8866220472440944
0
LINE
8
BLACK
6
CONTINUOUS
10
5.6246938976377949
20
-3.8866220472440944
11
5.6280131102362203
21
-3.8865785433070865
0
LINE
8
BLACK
6
CONTINUOUS
10
5.6280131102362203
20
-3.8865785433070865
11
5.6283046456692913
21
-3.8866072440944879
0
LINE
8
BLACK
6
CONTINUOUS
10
5.1646349212598421
20
-3.8706401574803149
11
5.1656993307086614
21
-3.871081062992126
0
LINE
8
BLACK
6
CONTINUOUS
10
5.1656993307086614
20
-3.871081062992126
11
5.1665139763779528
21
-3.8718957086614174
0
LINE
8
BLACK
6
CONTINUOUS
10
5.1665139763779528
20
-3.8718957086614174
11
5.1669548818897635
21
-3.8729601181102362
0
LINE
8
BLACK
6
CONTINUOUS
10
5.1669548818897635
20
-3.8729601181102362
11
5.1669548818897635
21
-3.874112244094488
0
LINE
8
BLACK
6
CONTINUOUS
10
5.1669548818897635
20
-3.874112244094488
11
5.1665139763779528
21
-3.8751766535433072
0
LINE
8
BLACK
6
CONTINUOUS
10
5.1665139763779528
20
-3.8751766535433072
11
5.1656993307086614
21
-3.8759912992125982
0
LINE
8
BLACK
6
CONTINUOUS
10
5.1656993307086614
20
-3.8759912992125982
11
5.1646349212598421
21
-3.8764322047244093
0
LINE
8
BLACK
6
CONTINUOUS
10
5.1646349212598421
20
-3.8764322047244093
11
5.1479366929133858
21
-3.8764812204724408
0
LINE
8
BLACK
6
CONTINUOUS
10
5.1479366929133858
20
-3.8764812204724408
11
5.1469855511811025
21
-3.8862818503937007
0
LINE
8
BLACK
6
CONTINUOUS
10
5.1469855511811025
20
-3.8862818503937007
11
5.1477402362204723
21
-3.8858932677165354
0
LINE
8
BLACK
6
CONTINUOUS
10
5.1477402362204723
20
-3.8858932677165354
11
5.1482808267716536
21
-3.885686377952756
0
LINE
8
BLACK
6
CONTINUOUS
10
5.1482808267716536
20
-3.885686377952756
11
5.1483866929133857
21
-3.8856788188976377
0
LINE
8
BLACK
6
CONTINUOUS
10
5.1483866929133857
20
-3.8856788188976377
11
5.14848468503937
21
-3.8856382677165353
0
LINE
8
BLACK
6
CONTINUOUS
10
5.14848468503937
20
-3.8856382677165353
11
5.148999212598425
21
-3.8856353149606297
0
LINE
8
BLACK
6
CONTINUOUS
10
5.148999212598425
20
-3.8856353149606297
11
5.1494300393700785
21
-3.8856047244094487
0
LINE
8
BLACK
6
CONTINUOUS
10
5.1494300393700785
20
-3.8856047244094487
11
5.1495130708661412
21
-3.8856324015748029
0
LINE
8
BLACK
6
CONTINUOUS
10
5.1495130708661412
20
-3.8856324015748029
11
5.1584345669291336
21
-3.8855815354330709
0
LINE
8
BLACK
6
CONTINUOUS
10
5.1584345669291336
20
-3.8855815354330709
11
5.1590106299212595
21
-3.8856382677165353
0
LINE
8
BLACK
6
CONTINUOUS
10
5.1590106299212595
20
-3.8856382677165353
11
5.1591086220472437
21
-3.8856788582677164
0
LINE
8
BLACK
6
CONTINUOUS
10
5.1591086220472437
20
-3.8856788582677164
11
5.1592144488188971
21
-3.885686377952756
0
LINE
8
BLACK
6
CONTINUOUS
10
5.1592144488188971
20
-3.885686377952756
11
5.1597259842519687
21
-3.8859345669291336
0
LINE
8
BLACK
6
CONTINUOUS
10
5.1597259842519687
20
-3.8859345669291336
11
5.1600750393700787
21
-3.8860791732283464
0
LINE
8
BLACK
6
CONTINUOUS
10
5.1600750393700787
20
-3.8860791732283464
11
5.1601231496062994
21
-3.886127283464567
0
LINE
8
BLACK
6
CONTINUOUS
10
5.1601231496062994
20
-3.886127283464567
11
5.1635046062992123
21
-3.887768031496063
0
LINE
8
BLACK
6
CONTINUOUS
10
5.1635046062992123
20
-3.887768031496063
11
5.1637525984251971
21
-3.8879240944881888
0
LINE
8
BLACK
6
CONTINUOUS
10
5.1637525984251971
20
-3.8879240944881888
11
5.1638245669291338
21
-3.887953937007874
0
LINE
8
BLACK
6
CONTINUOUS
10
5.1638245669291338
20
-3.887953937007874
11
5.1638706299212593
21
-3.8879984251968502
0
LINE
8
BLACK
6
CONTINUOUS
10
5.1638706299212593
20
-3.8879984251968502
11
5.1639944881889761
21
-3.8880763779527556
0
LINE
8
BLACK
6
CONTINUOUS
10
5.1639944881889761
20
-3.8880763779527556
11
5.1642162204724409
21
-3.8883320472440945
0
LINE
8
BLACK
6
CONTINUOUS
10
5.1642162204724409
20
-3.8883320472440945
11
5.1661467716535432
21
-3.8901959055118107
0
LINE
8
BLACK
6
CONTINUOUS
10
5.1661467716535432
20
-3.8901959055118107
11
5.1663325196850396
21
-3.8904222440944882
0
LINE
8
BLACK
6
CONTINUOUS
10
5.1663325196850396
20
-3.8904222440944882
11
5.1663915354330712
21
-3.8904734251968502
0
LINE
8
BLACK
6
CONTINUOUS
10
5.1663915354330712
20
-3.8904734251968502
11
5.1664201574803146
21
-3.89052905511811
0
LINE
8
BLACK
6
CONTINUOUS
10
5.1664201574803146
20
-3.89052905511811
11
5.1665139763779528
21
-3.890643346456693
0
LINE
8
BLACK
6
CONTINUOUS
10
5.1665139763779528
20
-3.890643346456693
11
5.1666576377952751
21
-3.8909901968503937
0
LINE
8
BLACK
6
CONTINUOUS
10
5.1666576377952751
20
-3.8909901968503937
11
5.1685746456692909
21
-3.8947128346456692
0
LINE
8
BLACK
6
CONTINUOUS
10
5.1685746456692909
20
-3.8947128346456692
11
5.1687815354330704
21
-3.8952534251968505
0
LINE
8
BLACK
6
CONTINUOUS
10
5.1687815354330704
20
-3.8952534251968505
11
5.1687890551181104
21
-3.8953592913385826
0
LINE
8
BLACK
6
CONTINUOUS
10
5.1687890551181104
20
-3.8953592913385826
11
5.168829645669291
21
-3.8954572834645669
0
LINE
8
BLACK
6
CONTINUOUS
10
5.168829645669291
20
-3.8954572834645669
11
5.1688325590551178
21
-3.8959718110236219
0
LINE
8
BLACK
6
CONTINUOUS
10
5.1688325590551178
20
-3.8959718110236219
11
5.1688631889763776
21
-3.8964026377952754
0
LINE
8
BLACK
6
CONTINUOUS
10
5.1688631889763776
20
-3.8964026377952754
11
5.1688354724409447
21
-3.8964856692913385
0
LINE
8
BLACK
6
CONTINUOUS
10
5.1688354724409447
20
-3.8964856692913385
11
5.1688863779527559
21
-3.9054071653543305
0
LINE
8
BLACK
6
CONTINUOUS
10
5.1688863779527559
20
-3.9054071653543305
11
5.168829645669291
21
-3.9059832283464564
0
LINE
8
BLACK
6
CONTINUOUS
10
5.168829645669291
20
-3.9059832283464564
11
5.1687890551181104
21
-3.9060811811023619
0
LINE
8
BLACK
6
CONTINUOUS
10
5.1687890551181104
20
-3.9060811811023619
11
5.1687815354330704
21
-3.9061870866141732
0
LINE
8
BLACK
6
CONTINUOUS
10
5.1687815354330704
20
-3.9061870866141732
11
5.1685331889763777
21
-3.9066988188976377
0
LINE
8
BLACK
6
CONTINUOUS
10
5.1685331889763777
20
-3.9066988188976377
11
5.1683887401574804
21
-3.9070476377952756
0
LINE
8
BLACK
6
CONTINUOUS
10
5.1683887401574804
20
-3.9070476377952756
11
5.1683406299212598
21
-3.9070957086614171
0
LINE
8
BLACK
6
CONTINUOUS
10
5.1683406299212598
20
-3.9070957086614171
11
5.1666998818897634
21
-3.9104772047244092
0
LINE
8
BLACK
6
CONTINUOUS
10
5.1666998818897634
20
-3.9104772047244092
11
5.1665438188976376
21
-3.9107250787401573
0
LINE
8
BLACK
6
CONTINUOUS
10
5.1665438188976376
20
-3.9107250787401573
11
5.1665140157480316
21
-3.910797125984252
0
LINE
8
BLACK
6
CONTINUOUS
10
5.1665140157480316
20
-3.910797125984252
11
5.1664694488188978
21
-3.9108432283464567
0
LINE
8
BLACK
6
CONTINUOUS
10
5.1664694488188978
20
-3.9108432283464567
11
5.1663915354330712
21
-3.910967086614173
0
LINE
8
BLACK
6
CONTINUOUS
10
5.1663915354330712
20
-3.910967086614173
11
5.1661358661417323
21
-3.9111887795275591
0
LINE
8
BLACK
6
CONTINUOUS
10
5.1661358661417323
20
-3.9111887795275591
11
5.1642720472440944
21
-3.9131193700787401
0
LINE
8
BLACK
6
CONTINUOUS
10
5.1642720472440944
20
-3.9131193700787401
11
5.1640456692913386
21
-3.9133051181102361
0
LINE
8
BLACK
6
CONTINUOUS
10
5.1640456692913386
20
-3.9133051181102361
11
5.1639944881889761
21
-3.9133641732283464
0
LINE
8
BLACK
6
CONTINUOUS
10
5.1639944881889761
20
-3.9133641732283464
11
5.1639388188976376
21
-3.9133927952755903
0
LINE
8
BLACK
6
CONTINUOUS
10
5.1639388188976376
20
-3.9133927952755903
11
5.1638245669291338
21
-3.9134866141732281
0
LINE
8
BLACK
6
CONTINUOUS
10
5.1638245669291338
20
-3.9134866141732281
11
5.1634776771653543
21
-3.9136302755905512
0
LINE
8
BLACK
6
CONTINUOUS
10
5.1634776771653543
20
-3.9136302755905512
11
5.1597550787401572
21
-3.915547283464567
0
LINE
8
BLACK
6
CONTINUOUS
10
5.1597550787401572
20
-3.915547283464567
11
5.1592144488188971
21
-3.9157541732283465
0
LINE
8
BLACK
6
CONTINUOUS
10
5.1592144488188971
20
-3.9157541732283465
11
5.1591086220472437
21
-3.9157616535433069
0
LINE
8
BLACK
6
CONTINUOUS
10
5.1591086220472437
20
-3.9157616535433069
11
5.1590106299212595
21
-3.9158022834645667
0
LINE
8
BLACK
6
CONTINUOUS
10
5.1590106299212595
20
-3.9158022834645667
11
5.158496023622047
21
-3.9158051968503935
0
LINE
8
BLACK
6
CONTINUOUS
10
5.158496023622047
20
-3.9158051968503935
11
5.1580652362204722
21
-3.9158358267716533
0
LINE
8
BLACK
6
CONTINUOUS
10
5.1580652362204722
20
-3.9158358267716533
11
5.1579821653543307
21
-3.9158081102362203
0
LINE
8
BLACK
6
CONTINUOUS
10
5.1579821653543307
20
-3.9158081102362203
11
5.1490607480314958
21
-3.9158590157480315
0
LINE
8
BLACK
6
CONTINUOUS
10
5.1490607480314958
20
-3.9158590157480315
11
5.14848468503937
21
-3.9158022834645667
0
LINE
8
BLACK
6
CONTINUOUS
10
5.14848468503937
20
-3.9158022834645667
11
5.1483866929133857
21
-3.9157616929133856
0
LINE
8
BLACK
6
CONTINUOUS
10
5.1483866929133857
20
-3.9157616929133856
11
5.1482808267716536
21
-3.9157541732283465
0
LINE
8
BLACK
6
CONTINUOUS
10
5.1482808267716536
20
-3.9157541732283465
11
5.1477690551181103
21
-3.9155058267716534
0
LINE
8
BLACK
6
CONTINUOUS
10
5.1477690551181103
20
-3.9155058267716534
11
5.1474202755905507
21
-3.9153613779527556
0
LINE
8
BLACK
6
CONTINUOUS
10
5.1474202755905507
20
-3.9153613779527556
11
5.147372165354331
21
-3.9153132677165354
0
LINE
8
BLACK
6
CONTINUOUS
10
5.147372165354331
20
-3.9153132677165354
11
5.1439907086614172
21
-3.9136725196850395
0
LINE
8
BLACK
6
CONTINUOUS
10
5.1439907086614172
20
-3.9136725196850395
11
5.1437426771653545
21
-3.9135164173228345
0
LINE
8
BLACK
6
CONTINUOUS
10
5.1437426771653545
20
-3.9135164173228345
11
5.1436707480314956
21
-3.9134866141732281
0
LINE
8
BLACK
6
CONTINUOUS
10
5.1436707480314956
20
-3.9134866141732281
11
5.1436246456692913
21
-3.913442086614173
0
LINE
8
BLACK
6
CONTINUOUS
10
5.1436246456692913
20
-3.913442086614173
11
5.1435008267716533
21
-3.9133641732283464
0
LINE
8
BLACK
6
CONTINUOUS
10
5.1435008267716533
20
-3.9133641732283464
11
5.143279015748031
21
-3.9131083858267717
0
LINE
8
BLACK
6
CONTINUOUS
10
5.143279015748031
20
-3.9131083858267717
11
5.1413485039370075
21
-3.9112445669291338
0
LINE
8
BLACK
6
CONTINUOUS
10
5.1413485039370075
20
-3.9112445669291338
11
5.1409812992125987
21
-3.910797125984252
0
LINE
8
BLACK
6
CONTINUOUS
10
5.1409812992125987
20
-3.910797125984252
11
5.1405404330708659
21
-3.9097327165354332
0
LINE
8
BLACK
6
CONTINUOUS
10
5.1405404330708659
20
-3.9097327165354332
11
5.1405404330708659
21
-3.9085806299212598
0
LINE
8
BLACK
6
CONTINUOUS
10
5.1405404330708659
20
-3.9085806299212598
11
5.1409813385826775
21
-3.907516220472441
0
LINE
8
BLACK
6
CONTINUOUS
10
5.1409813385826775
20
-3.907516220472441
11
5.1417960236220468
21
-3.9067015354330707
0
LINE
8
BLACK
6
CONTINUOUS
10
5.1417960236220468
20
-3.9067015354330707
11
5.142860433070866
21
-3.9062606692913384
0
LINE
8
BLACK
6
CONTINUOUS
10
5.142860433070866
20
-3.9062606692913384
11
5.144012519685039
21
-3.9062606692913384
0
LINE
8
BLACK
6
CONTINUOUS
10
5.144012519685039
20
-3.9062606692913384
11
5.1450769291338583
21
-3.9067015748031495
0
LINE
8
BLACK
6
CONTINUOUS
10
5.1450769291338583
20
-3.9067015748031495
11
5.1471381496062989
21
-3.9086916141732284
0
LINE
8
BLACK
6
CONTINUOUS
10
5.1471381496062989
20
-3.9086916141732284
11
5.1498397637795277
21
-3.9100024803149607
0
LINE
8
BLACK
6
CONTINUOUS
10
5.1498397637795277
20
-3.9100024803149607
11
5.1578214960629918
21
-3.9099569685039368
0
LINE
8
BLACK
6
CONTINUOUS
10
5.1578214960629918
20
-3.9099569685039368
11
5.1605281889763779
21
-3.9085631496062989
0
LINE
8
BLACK
6
CONTINUOUS
10
5.1605281889763779
20
-3.9085631496062989
11
5.1617189763779523
21
-3.9073297244094487
0
LINE
8
BLACK
6
CONTINUOUS
10
5.1617189763779523
20
-3.9073297244094487
11
5.163029842519685
21
-3.9046281102362204
0
LINE
8
BLACK
6
CONTINUOUS
10
5.163029842519685
20
-3.9046281102362204
11
5.1629843307086611
21
-3.8966463779527558
0
LINE
8
BLACK
6
CONTINUOUS
10
5.1629843307086611
20
-3.8966463779527558
11
5.1615905118110232
21
-3.8939396456692914
0
LINE
8
BLACK
6
CONTINUOUS
10
5.1615905118110232
20
-3.8939396456692914
11
5.1603571653543305
21
-3.8927489370078741
0
LINE
8
BLACK
6
CONTINUOUS
10
5.1603571653543305
20
-3.8927489370078741
11
5.1576555118110239
21
-3.891438031496063
0
LINE
8
BLACK
6
CONTINUOUS
10
5.1576555118110239
20
-3.891438031496063
11
5.1496737795275589
21
-3.8914835433070865
0
LINE
8
BLACK
6
CONTINUOUS
10
5.1496737795275589
20
-3.8914835433070865
11
5.146967047244094
21
-3.8928773622047244
0
LINE
8
BLACK
6
CONTINUOUS
10
5.146967047244094
20
-3.8928773622047244
11
5.1455243700787401
21
-3.8943717322834646
0
LINE
8
BLACK
6
CONTINUOUS
10
5.1455243700787401
20
-3.8943717322834646
11
5.1450769291338583
21
-3.8947389370078738
0
LINE
8
BLACK
6
CONTINUOUS
10
5.1450769291338583
20
-3.8947389370078738
11
5.1449395669291338
21
-3.8947958267716536
0
LINE
8
BLACK
6
CONTINUOUS
10
5.1449395669291338
20
-3.8947958267716536
11
5.1448244881889762
21
-3.8948899999999997
0
LINE
8
BLACK
6
CONTINUOUS
10
5.1448244881889762
20
-3.8948899999999997
11
5.1444111023622048
21
-3.8950146850393699
0
LINE
8
BLACK
6
CONTINUOUS
10
5.1444111023622048
20
-3.8950146850393699
11
5.1440124803149603
21
-3.8951798425196849
0
LINE
8
BLACK
6
CONTINUOUS
10
5.1440124803149603
20
-3.8951798425196849
11
5.1438638582677161
21
-3.8951798425196849
0
LINE
8
BLACK
6
CONTINUOUS
10
5.1438638582677161
20
-3.8951798425196849
11
5.1437214960629918
21
-3.8952227952755907
0
LINE
8
BLACK
6
CONTINUOUS
10
5.1437214960629918
20
-3.8952227952755907
11
5.1432919685039371
21
-3.8951798425196849
0
LINE
8
BLACK
6
CONTINUOUS
10
5.1432919685039371
20
-3.8951798425196849
11
5.142860433070866
21
-3.8951798425196849
0
LINE
8
BLACK
6
CONTINUOUS
10
5.142860433070866
20
-3.8951798425196849
11
5.1427230708661416
21
-3.8951229133858267
0
LINE
8
BLACK
6
CONTINUOUS
10
5.1427230708661416
20
-3.8951229133858267
11
5.1425750787401574
21
-3.8951081496062989
0
LINE
8
BLACK
6
CONTINUOUS
10
5.1425750787401574
20
-3.8951081496062989
11
5.1421946850393701
21
-3.8949040944881888
0
LINE
8
BLACK
6
CONTINUOUS
10
5.1421946850393701
20
-3.8949040944881888
11
5.141795984251968
21
-3.8947389370078738
0
LINE
8
BLACK
6
CONTINUOUS
10
5.141795984251968
20
-3.8947389370078738
11
5.1416907874015747
21
-3.8946337401574804
0
LINE
8
BLACK
6
CONTINUOUS
10
5.1416907874015747
20
-3.8946337401574804
11
5.1415598425196851
21
-3.8945635039370079
0
LINE
8
BLACK
6
CONTINUOUS
10
5.1415598425196851
20
-3.8945635039370079
11
5.1412865748031491
21
-3.8942295275590548
0
LINE
8
BLACK
6
CONTINUOUS
10
5.1412865748031491
20
-3.8942295275590548
11
5.1409813385826775
21
-3.8939242913385828
0
LINE
8
BLACK
6
CONTINUOUS
10
5.1409813385826775
20
-3.8939242913385828
11
5.1409244094488189
21
-3.8937869291338583
0
LINE
8
BLACK
6
CONTINUOUS
10
5.1409244094488189
20
-3.8937869291338583
11
5.1408302755905515
21
-3.8936718503937007
0
LINE
8
BLACK
6
CONTINUOUS
10
5.1408302755905515
20
-3.8936718503937007
11
5.1407055511811022
21
-3.8932584645669293
0
LINE
8
BLACK
6
CONTINUOUS
10
5.1407055511811022
20
-3.8932584645669293
11
5.1405404330708659
21
-3.8928598425196848
0
LINE
8
BLACK
6
CONTINUOUS
10
5.1405404330708659
20
-3.8928598425196848
11
5.1405404330708659
21
-3.8927111811023623
0
LINE
8
BLACK
6
CONTINUOUS
10
5.1405404330708659
20
-3.8927111811023623
11
5.1404974803149601
21
-3.8925688582677163
0
LINE
8
BLACK
6
CONTINUOUS
10
5.1404974803149601
20
-3.8925688582677163
11
5.1405404330708659
21
-3.8921262598425197
0
LINE
8
BLACK
6
CONTINUOUS
10
5.1405404330708659
20
-3.8921262598425197
11
5.1405404330708659
21
-3.8917077952755905
0
LINE
8
BLACK
6
CONTINUOUS
10
5.1405404330708659
20
-3.8917077952755905
11
5.1405934645669289
21
-3.8915797244094485
0
LINE
8
BLACK
6
CONTINUOUS
10
5.1405934645669289
20
-3.8915797244094485
11
5.1423731102362202
21
-3.8732423622047243
0
LINE
8
BLACK
6
CONTINUOUS
10
5.1423731102362202
20
-3.8732423622047243
11
5.1424151968503935
21
-3.873032401574803
0
LINE
8
BLACK
6
CONTINUOUS
10
5.1424151968503935
20
-3.873032401574803
11
5.1424151968503935
21
-3.8729601181102362
0
LINE
8
BLACK
6
CONTINUOUS
10
5.1424151968503935
20
-3.8729601181102362
11
5.1424432677165353
21
-3.8728922834645667
0
LINE
8
BLACK
6
CONTINUOUS
10
5.1424432677165353
20
-3.8728922834645667
11
5.142486889763779
21
-3.8726748031496063
0
LINE
8
BLACK
6
CONTINUOUS
10
5.142486889763779
20
-3.8726748031496063
11
5.1426909055118113
21
-3.8722944881889765
0
LINE
8
BLACK
6
CONTINUOUS
10
5.1426909055118113
20
-3.8722944881889765
11
5.142856102362205
21
-3.8718957086614174
0
LINE
8
BLACK
6
CONTINUOUS
10
5.142856102362205
20
-3.8718957086614174
11
5.1429612598425196
21
-3.8717905118110236
0
LINE
8
BLACK
6
CONTINUOUS
10
5.1429612598425196
20
-3.8717905118110236
11
5.1430315354330709
21
-3.8716595669291336
0
LINE
8
BLACK
6
CONTINUOUS
10
5.1430315354330709
20
-3.8716595669291336
11
5.1433654724409443
21
-3.8713862992125985
0
LINE
8
BLACK
6
CONTINUOUS
10
5.1433654724409443
20
-3.8713862992125985
11
5.1436707480314956
21
-3.871081062992126
0
LINE
8
BLACK
6
CONTINUOUS
10
5.1436707480314956
20
-3.871081062992126
11
5.1438080708661413
21
-3.8710241338582678
0
LINE
8
BLACK
6
CONTINUOUS
10
5.1438080708661413
20
-3.8710241338582678
11
5.1439231889763777
21
-3.87093
0
LINE
8
BLACK
6
CONTINUOUS
10
5.1439231889763777
20
-3.87093
11
5.1443364566929128
21
-3.8708052755905511
0
LINE
8
BLACK
6
CONTINUOUS
10
5.1443364566929128
20
-3.8708052755905511
11
5.1447351574803148
21
-3.8706401574803149
0
LINE
8
BLACK
6
CONTINUOUS
10
5.1447351574803148
20
-3.8706401574803149
11
5.1448852755905508
21
-3.8706396850393698
0
LINE
8
BLACK
6
CONTINUOUS
10
5.1448852755905508
20
-3.8706396850393698
11
5.1450261811023621
21
-3.8705972047244095
0
LINE
8
BLACK
6
CONTINUOUS
10
5.1450261811023621
20
-3.8705972047244095
11
5.1454351181102362
21
-3.8706380708661414
0
LINE
8
BLACK
6
CONTINUOUS
10
5.1454351181102362
20
-3.8706380708661414
11
5.1640588582677163
21
-3.8705834251968505
0
LINE
8
BLACK
6
CONTINUOUS
10
5.1640588582677163
20
-3.8705834251968505
11
5.1646349212598421
21
-3.8706401574803149
0
LINE
8
BLACK
6
CONTINUOUS
10
5.1215153149606296
20
-3.8706401574803149
11
5.1216133070866139
21
-3.870680748031496
0
LINE
8
BLACK
6
CONTINUOUS
10
5.1216133070866139
20
-3.870680748031496
11
5.1217191338582673
21
-3.8706882677165355
0
LINE
8
BLACK
6
CONTINUOUS
10
5.1217191338582673
20
-3.8706882677165355
11
5.1222306692913389
21
-3.8709364566929132
0
LINE
8
BLACK
6
CONTINUOUS
10
5.1222306692913389
20
-3.8709364566929132
11
5.1225797244094489
21
-3.871081062992126
0
LINE
8
BLACK
6
CONTINUOUS
10
5.1225797244094489
20
-3.871081062992126
11
5.1226278346456695
21
-3.8711291732283462
0
LINE
8
BLACK
6
CONTINUOUS
10
5.1226278346456695
20
-3.8711291732283462
11
5.1260092913385824
21
-3.8727699212598425
0
LINE
8
BLACK
6
CONTINUOUS
10
5.1260092913385824
20
-3.8727699212598425
11
5.1262572834645672
21
-3.8729259842519683
0
LINE
8
BLACK
6
CONTINUOUS
10
5.1262572834645672
20
-3.8729259842519683
11
5.126329251968504
21
-3.8729558267716535
0
LINE
8
BLACK
6
CONTINUOUS
10
5.126329251968504
20
-3.8729558267716535
11
5.1263753149606295
21
-3.8730003149606298
0
LINE
8
BLACK
6
CONTINUOUS
10
5.1263753149606295
20
-3.8730003149606298
11
5.1264991732283463
21
-3.8730782677165352
0
LINE
8
BLACK
6
CONTINUOUS
10
5.1264991732283463
20
-3.8730782677165352
11
5.126720905511811
21
-3.8733339370078741
0
LINE
8
BLACK
6
CONTINUOUS
10
5.126720905511811
20
-3.8733339370078741
11
5.1286514566929133
21
-3.8751977952755903
0
LINE
8
BLACK
6
CONTINUOUS
10
5.1286514566929133
20
-3.8751977952755903
11
5.1288372047244097
21
-3.8754241338582678
0
LINE
8
BLACK
6
CONTINUOUS
10
5.1288372047244097
20
-3.8754241338582678
11
5.1288962204724404
21
-3.8754753149606298
0
LINE
8
BLACK
6
CONTINUOUS
10
5.1288962204724404
20
-3.8754753149606298
11
5.1289248425196847
21
-3.8755309448818895
0
LINE
8
BLACK
6
CONTINUOUS
10
5.1289248425196847
20
-3.8755309448818895
11
5.129018661417323
21
-3.8756452362204725
0
LINE
8
BLACK
6
CONTINUOUS
10
5.129018661417323
20
-3.8756452362204725
11
5.1291623228346452
21
-3.8759920866141733
0
LINE
8
BLACK
6
CONTINUOUS
10
5.1291623228346452
20
-3.8759920866141733
11
5.1310793307086611
21
-3.8797147244094488
0
LINE
8
BLACK
6
CONTINUOUS
10
5.1310793307086611
20
-3.8797147244094488
11
5.1312862204724405
21
-3.88025531496063
0
LINE
8
BLACK
6
CONTINUOUS
10
5.1312862204724405
20
-3.88025531496063
11
5.1312937401574805
21
-3.8803611811023622
0
LINE
8
BLACK
6
CONTINUOUS
10
5.1312937401574805
20
-3.8803611811023622
11
5.1313343307086612
21
-3.8804591732283464
0
LINE
8
BLACK
6
CONTINUOUS
10
5.1313343307086612
20
-3.8804591732283464
11
5.1313392913385822
21
-3.8810023622047245
0
LINE
8
BLACK
6
CONTINUOUS
10
5.1313392913385822
20
-3.8810023622047245
11
5.1313678740157478
21
-3.881404527559055
0
LINE
8
BLACK
6
CONTINUOUS
10
5.1313678740157478
20
-3.881404527559055
11
5.1313436220472441
21
-3.8814772047244093
0
LINE
8
BLACK
6
CONTINUOUS
10
5.1313436220472441
20
-3.8814772047244093
11
5.131391062992126
21
-3.886659527559055
0
LINE
8
BLACK
6
CONTINUOUS
10
5.131391062992126
20
-3.886659527559055
11
5.1313343307086612
21
-3.8872355905511808
0
LINE
8
BLACK
6
CONTINUOUS
10
5.1313343307086612
20
-3.8872355905511808
11
5.1312937401574805
21
-3.8873335433070864
0
LINE
8
BLACK
6
CONTINUOUS
10
5.1312937401574805
20
-3.8873335433070864
11
5.1312862204724405
21
-3.8874394488188977
0
LINE
8
BLACK
6
CONTINUOUS
10
5.1312862204724405
20
-3.8874394488188977
11
5.1310378740157478
21
-3.8879511811023622
0
LINE
8
BLACK
6
CONTINUOUS
10
5.1310378740157478
20
-3.8879511811023622
11
5.1308934251968505
21
-3.8883000000000001
0
LINE
8
BLACK
6
CONTINUOUS
10
5.1308934251968505
20
-3.8883000000000001
11
5.1308453149606299
21
-3.8883480708661415
0
LINE
8
BLACK
6
CONTINUOUS
10
5.1308453149606299
20
-3.8883480708661415
11
5.1292045669291335
21
-3.8917295669291336
0
LINE
8
BLACK
6
CONTINUOUS
10
5.1292045669291335
20
-3.8917295669291336
11
5.129048464566929
21
-3.891977559055118
0
LINE
8
BLACK
6
CONTINUOUS
10
5.129048464566929
20
-3.891977559055118
11
5.129018661417323
21
-3.8920495275590552
0
LINE
8
BLACK
6
CONTINUOUS
10
5.129018661417323
20
-3.8920495275590552
11
5.1289741338582679
21
-3.8920955905511812
0
LINE
8
BLACK
6
CONTINUOUS
10
5.1289741338582679
20
-3.8920955905511812
11
5.1288962204724404
21
-3.8922194488188975
0
LINE
8
BLACK
6
CONTINUOUS
10
5.1288962204724404
20
-3.8922194488188975
11
5.1286405118110237
21
-3.8924411811023623
0
LINE
8
BLACK
6
CONTINUOUS
10
5.1286405118110237
20
-3.8924411811023623
11
5.1267766929133858
21
-3.8943717322834646
0
LINE
8
BLACK
6
CONTINUOUS
10
5.1267766929133858
20
-3.8943717322834646
11
5.12655031496063
21
-3.8945574803149605
0
LINE
8
BLACK
6
CONTINUOUS
10
5.12655031496063
20
-3.8945574803149605
11
5.1264991732283463
21
-3.8946164960629921
0
LINE
8
BLACK
6
CONTINUOUS
10
5.1264991732283463
20
-3.8946164960629921
11
5.1264435039370078
21
-3.8946451181102359
0
LINE
8
BLACK
6
CONTINUOUS
10
5.1264435039370078
20
-3.8946451181102359
11
5.126329251968504
21
-3.8947389370078738
0
LINE
8
BLACK
6
CONTINUOUS
10
5.126329251968504
20
-3.8947389370078738
11
5.125982440944882
21
-3.8948825590551182
0
LINE
8
BLACK
6
CONTINUOUS
10
5.125982440944882
20
-3.8948825590551182
11
5.1222597637795273
21
-3.8967996062992123
0
LINE
8
BLACK
6
CONTINUOUS
10
5.1222597637795273
20
-3.8967996062992123
11
5.1217191338582673
21
-3.8970064960629922
0
LINE
8
BLACK
6
CONTINUOUS
10
5.1217191338582673
20
-3.8970064960629922
11
5.1216133070866139
21
-3.8970139763779525
0
LINE
8
BLACK
6
CONTINUOUS
10
5.1216133070866139
20
-3.8970139763779525
11
5.1215153149606296
21
-3.8970546062992124
0
LINE
8
BLACK
6
CONTINUOUS
10
5.1215153149606296
20
-3.8970546062992124
11
5.121016417322835
21
-3.8970564173228346
0
LINE
8
BLACK
6
CONTINUOUS
10
5.121016417322835
20
-3.8970564173228346
11
5.1205699212598423
21
-3.897088149606299
0
LINE
8
BLACK
6
CONTINUOUS
10
5.1205699212598423
20
-3.897088149606299
11
5.120480590551181
21
-3.897058346456693
0
LINE
8
BLACK
6
CONTINUOUS
10
5.120480590551181
20
-3.897058346456693
11
5.1088714173228347
21
-3.8971006299212596
0
LINE
8
BLACK
6
CONTINUOUS
10
5.1088714173228347
20
-3.8971006299212596
11
5.1088938976377953
21
-3.9129062598425195
0
LINE
8
BLACK
6
CONTINUOUS
10
5.1088938976377953
20
-3.9129062598425195
11
5.1088371653543305
21
-3.9134823228346454
0
LINE
8
BLACK
6
CONTINUOUS
10
5.1088371653543305
20
-3.9134823228346454
11
5.1083962598425199
21
-3.9145467322834646
0
LINE
8
BLACK
6
CONTINUOUS
10
5.1083962598425199
20
-3.9145467322834646
11
5.1075816141732284
21
-3.9153613779527556
0
LINE
8
BLACK
6
CONTINUOUS
10
5.1075816141732284
20
-3.9153613779527556
11
5.1065172047244092
21
-3.9158022834645667
0
LINE
8
BLACK
6
CONTINUOUS
10
5.1065172047244092
20
-3.9158022834645667
11
5.1053650787401574
21
-3.9158022834645667
0
LINE
8
BLACK
6
CONTINUOUS
10
5.1053650787401574
20
-3.9158022834645667
11
5.1043006692913382
21
-3.9153613779527556
0
LINE
8
BLACK
6
CONTINUOUS
10
5.1043006692913382
20
-3.9153613779527556
11
5.1034860236220467
21
-3.9145467322834646
0
LINE
8
BLACK
6
CONTINUOUS
10
5.1034860236220467
20
-3.9145467322834646
11
5.1030451181102361
21
-3.9134823228346454
0
LINE
8
BLACK
6
CONTINUOUS
10
5.1030451181102361
20
-3.9134823228346454
11
5.1029883858267713
21
-3.8735361811023621
0
LINE
8
BLACK
6
CONTINUOUS
10
5.1029883858267713
20
-3.8735361811023621
11
5.1030451181102361
21
-3.8729601181102362
0
LINE
8
BLACK
6
CONTINUOUS
10
5.1030451181102361
20
-3.8729601181102362
11
5.1034860236220467
21
-3.8718957086614174
0
LINE
8
BLACK
6
CONTINUOUS
10
5.1034860236220467
20
-3.8718957086614174
11
5.1043006692913382
21
-3.871081062992126
0
LINE
8
BLACK
6
CONTINUOUS
10
5.1043006692913382
20
-3.871081062992126
11
5.1053650787401574
21
-3.8706401574803149
0
LINE
8
BLACK
6
CONTINUOUS
10
5.1053650787401574
20
-3.8706401574803149
11
5.1209392519685037
21
-3.8705834251968505
0
LINE
8
BLACK
6
CONTINUOUS
10
5.1209392519685037
20
-3.8705834251968505
11
5.1215153149606296
21
-3.8706401574803149
0
LINE
8
BLACK
6
CONTINUOUS
10
5.1088421259842516
20
-3.8764783464566928
11
5.1088631102362205
21
-3.8912498031496061
0
LINE
8
BLACK
6
CONTINUOUS
10
5.1088631102362205
20
-3.8912498031496061
11
5.1203286614173225
21
-3.8912080314960629
0
LINE
8
BLACK
6
CONTINUOUS
10
5.1203286614173225
20
-3.8912080314960629
11
5.1230329133858268
21
-3.8898154724409446
0
LINE
8
BLACK
6
CONTINUOUS
10
5.1230329133858268
20
-3.8898154724409446
11
5.1242236614173224
21
-3.8885820866141731
0
LINE
8
BLACK
6
CONTINUOUS
10
5.1242236614173224
20
-3.8885820866141731
11
5.1255299606299207
21
-3.8858899212598423
0
LINE
8
BLACK
6
CONTINUOUS
10
5.1255299606299207
20
-3.8858899212598423
11
5.1254911811023618
21
-3.8816524409448818
0
LINE
8
BLACK
6
CONTINUOUS
10
5.1254911811023618
20
-3.8816524409448818
11
5.1240951968503934
21
-3.878941535433071
0
LINE
8
BLACK
6
CONTINUOUS
10
5.1240951968503934
20
-3.878941535433071
11
5.1228618503937007
21
-3.8777508267716536
0
LINE
8
BLACK
6
CONTINUOUS
10
5.1228618503937007
20
-3.8777508267716536
11
5.1201544881889767
21
-3.8764371259842521
0
LINE
8
BLACK
6
CONTINUOUS
10
5.1201544881889767
20
-3.8764371259842521
11
5.1088421259842516
21
-3.8764783464566928
0
LINE
8
BLACK
6
CONTINUOUS
10
5.7656445275590551
20
-3.8235047637795274
11
5.765958188976378
21
-3.8235047637795274
0
LINE
8
BLACK
6
CONTINUOUS
10
5.765958188976378
20
-3.8235047637795274
11
5.7665627952755907
21
-3.8237551968503936
0
LINE
8
BLACK
6
CONTINUOUS
10
5.7665627952755907
20
-3.8237551968503936
11
5.76719437007874
21
-3.8239274409448818
0
LINE
8
BLACK
6
CONTINUOUS
10
5.76719437007874
20
-3.8239274409448818
11
5.7674424015748027
21
-3.8241195275590552
0
LINE
8
BLACK
6
CONTINUOUS
10
5.7674424015748027
20
-3.8241195275590552
11
5.7677322047244095
21
-3.8242395669291338
0
LINE
8
BLACK
6
CONTINUOUS
10
5.7677322047244095
20
-3.8242395669291338
11
5.7681949999999995
21
-3.8247023622047243
0
LINE
8
BLACK
6
CONTINUOUS
10
5.7681949999999995
20
-3.8247023622047243
11
5.7687125196850388
21
-3.8251031496062993
0
LINE
8
BLACK
6
CONTINUOUS
10
5.7687125196850388
20
-3.8251031496062993
11
5.7688698818897635
21
-3.8253772440944882
0
LINE
8
BLACK
6
CONTINUOUS
10
5.7688698818897635
20
-3.8253772440944882
11
5.7690900000000003
21
-3.8255973622047241
0
LINE
8
BLACK
6
CONTINUOUS
10
5.7690900000000003
20
-3.8255973622047241
11
5.7693327165354331
21
-3.8261833858267718
0
LINE
8
BLACK
6
CONTINUOUS
10
5.7693327165354331
20
-3.8261833858267718
11
5.7826232283464565
21
-3.8493319291338581
0
LINE
8
BLACK
6
CONTINUOUS
10
5.7826232283464565
20
-3.8493319291338581
11
5.7825740157480316
21
-3.8283314566929132
0
LINE
8
BLACK
6
CONTINUOUS
10
5.7825740157480316
20
-3.8283314566929132
11
5.7826685826771653
21
-3.8273713779527556
0
LINE
8
BLACK
6
CONTINUOUS
10
5.7826685826771653
20
-3.8273713779527556
11
5.7834033858267713
21
-3.8255973622047241
0
LINE
8
BLACK
6
CONTINUOUS
10
5.7834033858267713
20
-3.8255973622047241
11
5.784761181102362
21
-3.8242395669291338
0
LINE
8
BLACK
6
CONTINUOUS
10
5.784761181102362
20
-3.8242395669291338
11
5.7865351968503935
21
-3.8235047637795274
0
LINE
8
BLACK
6
CONTINUOUS
10
5.7865351968503935
20
-3.8235047637795274
11
5.7884553543307087
21
-3.8235047637795274
0
LINE
8
BLACK
6
CONTINUOUS
10
5.7884553543307087
20
-3.8235047637795274
11
5.7902293700787402
21
-3.8242395669291338
0
LINE
8
BLACK
6
CONTINUOUS
10
5.7902293700787402
20
-3.8242395669291338
11
5.7915871653543309
21
-3.8255973622047241
0
LINE
8
BLACK
6
CONTINUOUS
10
5.7915871653543309
20
-3.8255973622047241
11
5.7923219685039369
21
-3.8273713779527556
0
LINE
8
BLACK
6
CONTINUOUS
10
5.7923219685039369
20
-3.8273713779527556
11
5.7924165354330706
21
-3.8677015354330706
0
LINE
8
BLACK
6
CONTINUOUS
10
5.7924165354330706
20
-3.8677015354330706
11
5.7923922047244094
21
-3.8679484251968503
0
LINE
8
BLACK
6
CONTINUOUS
10
5.7923922047244094
20
-3.8679484251968503
11
5.7924045275590546
21
-3.8680452755905512
0
LINE
8
BLACK
6
CONTINUOUS
10
5.7924045275590546
20
-3.8680452755905512
11
5.79237031496063
21
-3.8681706692913385
0
LINE
8
BLACK
6
CONTINUOUS
10
5.79237031496063
20
-3.8681706692913385
11
5.7923219685039369
21
-3.8686616141732282
0
LINE
8
BLACK
6
CONTINUOUS
10
5.7923219685039369
20
-3.8686616141732282
11
5.7920715354330703
21
-3.8692661811023621
0
LINE
8
BLACK
6
CONTINUOUS
10
5.7920715354330703
20
-3.8692661811023621
11
5.7918992913385825
21
-3.8698977952755906
0
LINE
8
BLACK
6
CONTINUOUS
10
5.7918992913385825
20
-3.8698977952755906
11
5.7917071653543308
21
-3.8701458267716533
0
LINE
8
BLACK
6
CONTINUOUS
10
5.7917071653543308
20
-3.8701458267716533
11
5.7915871653543309
21
-3.8704356299212597
0
LINE
8
BLACK
6
CONTINUOUS
10
5.7915871653543309
20
-3.8704356299212597
11
5.7911243307086613
21
-3.8708984251968501
0
LINE
8
BLACK
6
CONTINUOUS
10
5.7911243307086613
20
-3.8708984251968501
11
5.790723582677165
21
-3.8714159448818899
0
LINE
8
BLACK
6
CONTINUOUS
10
5.790723582677165
20
-3.8714159448818899
11
5.7904511811023625
21
-3.8715715748031494
0
LINE
8
BLACK
6
CONTINUOUS
10
5.7904511811023625
20
-3.8715715748031494
11
5.7902293700787402
21
-3.8717934251968504
0
LINE
8
BLACK
6
CONTINUOUS
10
5.7902293700787402
20
-3.8717934251968504
11
5.78962468503937
21
-3.8720438582677166
0
LINE
8
BLACK
6
CONTINUOUS
10
5.78962468503937
20
-3.8720438582677166
11
5.7890564173228345
21
-3.8723686220472442
0
LINE
8
BLACK
6
CONTINUOUS
10
5.7890564173228345
20
-3.8723686220472442
11
5.7887451181102358
21
-3.8724081889763777
0
LINE
8
BLACK
6
CONTINUOUS
10
5.7887451181102358
20
-3.8724081889763777
11
5.7884553543307087
21
-3.8725282283464568
0
LINE
8
BLACK
6
CONTINUOUS
10
5.7884553543307087
20
-3.8725282283464568
11
5.7878009842519687
21
-3.8725282283464568
0
LINE
8
BLACK
6
CONTINUOUS
10
5.7878009842519687
20
-3.8725282283464568
11
5.7871515748031497
21
-3.8726107874015745
0
LINE
8
BLACK
6
CONTINUOUS
10
5.7871515748031497
20
-3.8726107874015745
11
5.7868488582677164
21
-3.8725282283464568
0
LINE
8
BLACK
6
CONTINUOUS
10
5.7868488582677164
20
-3.8725282283464568
11
5.7865351968503935
21
-3.8725282283464568
0
LINE
8
BLACK
6
CONTINUOUS
10
5.7865351968503935
20
-3.8725282283464568
11
5.7859305511811021
21
-3.8722777559055119
0
LINE
8
BLACK
6
CONTINUOUS
10
5.7859305511811021
20
-3.8722777559055119
11
5.7852990157480315
21
-3.8721055511811024
0
LINE
8
BLACK
6
CONTINUOUS
10
5.7852990157480315
20
-3.8721055511811024
11
5.7850509448818892
21
-3.8719134251968503
0
LINE
8
BLACK
6
CONTINUOUS
10
5.7850509448818892
20
-3.8719134251968503
11
5.784761181102362
21
-3.8717934251968504
0
LINE
8
BLACK
6
CONTINUOUS
10
5.784761181102362
20
-3.8717934251968504
11
5.7842983464566924
21
-3.8713305905511812
0
LINE
8
BLACK
6
CONTINUOUS
10
5.7842983464566924
20
-3.8713305905511812
11
5.7837808661417318
21
-3.870929842519685
0
LINE
8
BLACK
6
CONTINUOUS
10
5.7837808661417318
20
-3.870929842519685
11
5.7836234645669293
21
-3.8706557086614173
0
LINE
8
BLACK
6
CONTINUOUS
10
5.7836234645669293
20
-3.8706557086614173
11
5.7834033858267713
21
-3.8704356299212597
0
LINE
8
BLACK
6
CONTINUOUS
10
5.7834033858267713
20
-3.8704356299212597
11
5.7831606299212597
21
-3.869849527559055
0
LINE
8
BLACK
6
CONTINUOUS
10
5.7831606299212597
20
-3.869849527559055
11
5.7698701181102363
21
-3.8467009842519686
0
LINE
8
BLACK
6
CONTINUOUS
10
5.7698701181102363
20
-3.8467009842519686
11
5.7699193700787399
21
-3.8677015354330706
0
LINE
8
BLACK
6
CONTINUOUS
10
5.7699193700787399
20
-3.8677015354330706
11
5.7698248031496062
21
-3.8686616141732282
0
LINE
8
BLACK
6
CONTINUOUS
10
5.7698248031496062
20
-3.8686616141732282
11
5.7690900000000003
21
-3.8704356299212597
0
LINE
8
BLACK
6
CONTINUOUS
10
5.7690900000000003
20
-3.8704356299212597
11
5.7677322047244095
21
-3.8717934251968504
0
LINE
8
BLACK
6
CONTINUOUS
10
5.7677322047244095
20
-3.8717934251968504
11
5.765958188976378
21
-3.8725282283464568
0
LINE
8
BLACK
6
CONTINUOUS
10
5.765958188976378
20
-3.8725282283464568
11
5.7640380314960629
21
-3.8725282283464568
0
LINE
8
BLACK
6
CONTINUOUS
10
5.7640380314960629
20
-3.8725282283464568
11
5.7622640157480314
21
-3.8717934251968504
0
LINE
8
BLACK
6
CONTINUOUS
10
5.7622640157480314
20
-3.8717934251968504
11
5.7609062204724406
21
-3.8704356299212597
0
LINE
8
BLACK
6
CONTINUOUS
10
5.7609062204724406
20
-3.8704356299212597
11
5.7601714173228347
21
-3.8686616141732282
0
LINE
8
BLACK
6
CONTINUOUS
10
5.7601714173228347
20
-3.8686616141732282
11
5.760076850393701
21
-3.8283314566929132
0
LINE
8
BLACK
6
CONTINUOUS
10
5.760076850393701
20
-3.8283314566929132
11
5.7601011417322834
21
-3.8280845669291339
0
LINE
8
BLACK
6
CONTINUOUS
10
5.7601011417322834
20
-3.8280845669291339
11
5.7600888582677161
21
-3.8279877559055118
0
LINE
8
BLACK
6
CONTINUOUS
10
5.7600888582677161
20
-3.8279877559055118
11
5.7601230314960628
21
-3.8278623622047245
0
LINE
8
BLACK
6
CONTINUOUS
10
5.7601230314960628
20
-3.8278623622047245
11
5.7601714173228347
21
-3.8273713779527556
0
LINE
8
BLACK
6
CONTINUOUS
10
5.7601714173228347
20
-3.8273713779527556
11
5.7604218503937004
21
-3.8267667322834646
0
LINE
8
BLACK
6
CONTINUOUS
10
5.7604218503937004
20
-3.8267667322834646
11
5.760594094488189
21
-3.8261351968503936
0
LINE
8
BLACK
6
CONTINUOUS
10
5.760594094488189
20
-3.8261351968503936
11
5.760786181102362
21
-3.8258871259842517
0
LINE
8
BLACK
6
CONTINUOUS
10
5.760786181102362
20
-3.8258871259842517
11
5.7609062204724406
21
-3.8255973622047241
0
LINE
8
BLACK
6
CONTINUOUS
10
5.7609062204724406
20
-3.8255973622047241
11
5.7613690157480315
21
-3.8251345275590549
0
LINE
8
BLACK
6
CONTINUOUS
10
5.7613690157480315
20
-3.8251345275590549
11
5.7617698031496065
21
-3.8246170472440943
0
LINE
8
BLACK
6
CONTINUOUS
10
5.7617698031496065
20
-3.8246170472440943
11
5.7620421653543303
21
-3.8244613779527556
0
LINE
8
BLACK
6
CONTINUOUS
10
5.7620421653543303
20
-3.8244613779527556
11
5.7622640157480314
21
-3.8242395669291338
0
LINE
8
BLACK
6
CONTINUOUS
10
5.7622640157480314
20
-3.8242395669291338
11
5.7628686614173228
21
-3.8239890944881889
0
LINE
8
BLACK
6
CONTINUOUS
10
5.7628686614173228
20
-3.8239890944881889
11
5.7634369685039371
21
-3.82366437007874
0
LINE
8
BLACK
6
CONTINUOUS
10
5.7634369685039371
20
-3.82366437007874
11
5.7637482283464569
21
-3.8236247637795273
0
LINE
8
BLACK
6
CONTINUOUS
10
5.7637482283464569
20
-3.8236247637795273
11
5.7640380314960629
21
-3.8235047637795274
0
LINE
8
BLACK
6
CONTINUOUS
10
5.7640380314960629
20
-3.8235047637795274
11
5.7646924015748029
21
-3.8235047637795274
0
LINE
8
BLACK
6
CONTINUOUS
10
5.7646924015748029
20
-3.8235047637795274
11
5.7653418110236219
21
-3.8234222047244093
0
LINE
8
BLACK
6
CONTINUOUS
10
5.7653418110236219
20
-3.8234222047244093
11
5.7656445275590551
21
-3.8235047637795274
0
LINE
8
BLACK
6
CONTINUOUS
10
5.7355642125984252
20
-3.8240560629921259
11
5.7370148425196845
21
-3.8253141732283464
0
LINE
8
BLACK
6
CONTINUOUS
10
5.7370148425196845
20
-3.8253141732283464
11
5.7378735826771656
21
-3.8270316535433069
0
LINE
8
BLACK
6
CONTINUOUS
10
5.7378735826771656
20
-3.8270316535433069
11
5.73800968503937
21
-3.8289470078740155
0
LINE
8
BLACK
6
CONTINUOUS
10
5.73800968503937
20
-3.8289470078740155
11
5.7246724409448815
21
-3.8692577559055117
0
LINE
8
BLACK
6
CONTINUOUS
10
5.7246724409448815
20
-3.8692577559055117
11
5.7242791338582677
21
-3.8701386614173225
0
LINE
8
BLACK
6
CONTINUOUS
10
5.7242791338582677
20
-3.8701386614173225
11
5.72404874015748
21
-3.8704042913385828
0
LINE
8
BLACK
6
CONTINUOUS
10
5.72404874015748
20
-3.8704042913385828
11
5.7238914960629916
21
-3.8707188188976378
0
LINE
8
BLACK
6
CONTINUOUS
10
5.7238914960629916
20
-3.8707188188976378
11
5.723425433070866
21
-3.8711229921259842
0
LINE
8
BLACK
6
CONTINUOUS
10
5.723425433070866
20
-3.8711229921259842
11
5.7230210629921254
21
-3.8715892913385828
0
LINE
8
BLACK
6
CONTINUOUS
10
5.7230210629921254
20
-3.8715892913385828
11
5.7227064173228346
21
-3.8717465748031494
0
LINE
8
BLACK
6
CONTINUOUS
10
5.7227064173228346
20
-3.8717465748031494
11
5.7224408661417323
21
-3.8719769291338584
0
LINE
8
BLACK
6
CONTINUOUS
10
5.7224408661417323
20
-3.8719769291338584
11
5.7218555118110235
21
-3.8721720078740156
0
LINE
8
BLACK
6
CONTINUOUS
10
5.7218555118110235
20
-3.8721720078740156
11
5.7213035433070862
21
-3.872448031496063
0
LINE
8
BLACK
6
CONTINUOUS
10
5.7213035433070862
20
-3.872448031496063
11
5.720952755905512
21
-3.8724729527559054
0
LINE
8
BLACK
6
CONTINUOUS
10
5.720952755905512
20
-3.8724729527559054
11
5.720619251968504
21
-3.8725841338582678
0
LINE
8
BLACK
6
CONTINUOUS
10
5.720619251968504
20
-3.8725841338582678
11
5.7200037007874016
21
-3.8725403937007874
0
LINE
8
BLACK
6
CONTINUOUS
10
5.7200037007874016
20
-3.8725403937007874
11
5.7193882283464568
21
-3.8725841338582678
0
LINE
8
BLACK
6
CONTINUOUS
10
5.7193882283464568
20
-3.8725841338582678
11
5.71905468503937
21
-3.8724729527559054
0
LINE
8
BLACK
6
CONTINUOUS
10
5.71905468503937
20
-3.8724729527559054
11
5.7187038976377949
21
-3.872448031496063
0
LINE
8
BLACK
6
CONTINUOUS
10
5.7187038976377949
20
-3.872448031496063
11
5.718151850393701
21
-3.8721720078740156
0
LINE
8
BLACK
6
CONTINUOUS
10
5.718151850393701
20
-3.8721720078740156
11
5.7175666141732284
21
-3.8719769291338584
0
LINE
8
BLACK
6
CONTINUOUS
10
5.7175666141732284
20
-3.8719769291338584
11
5.7173010236220474
21
-3.8717465748031494
0
LINE
8
BLACK
6
CONTINUOUS
10
5.7173010236220474
20
-3.8717465748031494
11
5.7169864173228344
21
-3.8715892913385828
0
LINE
8
BLACK
6
CONTINUOUS
10
5.7169864173228344
20
-3.8715892913385828
11
5.7165821259842522
21
-3.8711231102362205
0
LINE
8
BLACK
6
CONTINUOUS
10
5.7165821259842522
20
-3.8711231102362205
11
5.7161159842519682
21
-3.8707188582677166
0
LINE
8
BLACK
6
CONTINUOUS
10
5.7161159842519682
20
-3.8707188582677166
11
5.7159586614173223
21
-3.870404251968504
0
LINE
8
BLACK
6
CONTINUOUS
10
5.7159586614173223
20
-3.870404251968504
11
5.715728346456693
21
-3.8701386614173225
0
LINE
8
BLACK
6
CONTINUOUS
10
5.715728346456693
20
-3.8701386614173225
11
5.7155288188976376
21
-3.8695444881889762
0
LINE
8
BLACK
6
CONTINUOUS
10
5.7155288188976376
20
-3.8695444881889762
11
5.715257244094488
21
-3.8690013385826769
0
LINE
8
BLACK
6
CONTINUOUS
10
5.715257244094488
20
-3.8690013385826769
11
5.7152333070866144
21
-3.8686644881889762
0
LINE
8
BLACK
6
CONTINUOUS
10
5.7152333070866144
20
-3.8686644881889762
11
5.7022116929133855
21
-3.8298876771653543
0
LINE
8
BLACK
6
CONTINUOUS
10
5.7022116929133855
20
-3.8298876771653543
11
5.7019977952755907
21
-3.8289469685039368
0
LINE
8
BLACK
6
CONTINUOUS
10
5.7019977952755907
20
-3.8289469685039368
11
5.7021338976377951
21
-3.8270316535433069
0
LINE
8
BLACK
6
CONTINUOUS
10
5.7021338976377951
20
-3.8270316535433069
11
5.7029926377952753
21
-3.8253141338582677
0
LINE
8
BLACK
6
CONTINUOUS
10
5.7029926377952753
20
-3.8253141338582677
11
5.7044432677165355
21
-3.8240560629921259
0
LINE
8
BLACK
6
CONTINUOUS
10
5.7044432677165355
20
-3.8240560629921259
11
5.7062648818897639
21
-3.8234488582677164
0
LINE
8
BLACK
6
CONTINUOUS
10
5.7062648818897639
20
-3.8234488582677164
11
5.7081801968503934
21
-3.8235849606299213
0
LINE
8
BLACK
6
CONTINUOUS
10
5.7081801968503934
20
-3.8235849606299213
11
5.7098977165354325
21
-3.8244437007874015
0
LINE
8
BLACK
6
CONTINUOUS
10
5.7098977165354325
20
-3.8244437007874015
11
5.7111557874015748
21
-3.8258943307086613
0
LINE
8
BLACK
6
CONTINUOUS
10
5.7111557874015748
20
-3.8258943307086613
11
5.7200181102362206
21
-3.8522852362204723
0
LINE
8
BLACK
6
CONTINUOUS
10
5.7200181102362206
20
-3.8522852362204723
11
5.7284583464566925
21
-3.8267752362204726
0
LINE
8
BLACK
6
CONTINUOUS
10
5.7284583464566925
20
-3.8267752362204726
11
5.7288516929133859
21
-3.8258943307086613
0
LINE
8
BLACK
6
CONTINUOUS
10
5.7288516929133859
20
-3.8258943307086613
11
5.7301097637795273
21
-3.8244437007874015
0
LINE
8
BLACK
6
CONTINUOUS
10
5.7301097637795273
20
-3.8244437007874015
11
5.7318272440944877
21
-3.8235849606299213
0
LINE
8
BLACK
6
CONTINUOUS
10
5.7318272440944877
20
-3.8235849606299213
11
5.7337425984251968
21
-3.8234488582677164
0
LINE
8
BLACK
6
CONTINUOUS
10
5.7337425984251968
20
-3.8234488582677164
11
5.7355642125984252
21
-3.8240560629921259
0
LINE
8
BLACK
6
CONTINUOUS
10
5.748984566929134
20
-3.8242395669291338
11
5.7503423622047247
21
-3.8255973622047241
0
LINE
8
BLACK
6
CONTINUOUS
10
5.7503423622047247
20
-3.8255973622047241
11
5.7510771653543307
21
-3.8273713779527556
0
LINE
8
BLACK
6
CONTINUOUS
10
5.7510771653543307
20
-3.8273713779527556
11
5.7511717322834643
21
-3.8677015354330706
0
LINE
8
BLACK
6
CONTINUOUS
10
5.7511717322834643
20
-3.8677015354330706
11
5.7510771653543307
21
-3.8686616141732282
0
LINE
8
BLACK
6
CONTINUOUS
10
5.7510771653543307
20
-3.8686616141732282
11
5.7503423622047247
21
-3.8704356299212597
0
LINE
8
BLACK
6
CONTINUOUS
10
5.7503423622047247
20
-3.8704356299212597
11
5.748984566929134
21
-3.8717934251968504
0
LINE
8
BLACK
6
CONTINUOUS
10
5.748984566929134
20
-3.8717934251968504
11
5.7472105511811025
21
-3.8725282283464568
0
LINE
8
BLACK
6
CONTINUOUS
10
5.7472105511811025
20
-3.8725282283464568
11
5.7452903937007873
21
-3.8725282283464568
0
LINE
8
BLACK
6
CONTINUOUS
10
5.7452903937007873
20
-3.8725282283464568
11
5.7435163779527558
21
-3.8717934251968504
0
LINE
8
BLACK
6
CONTINUOUS
10
5.7435163779527558
20
-3.8717934251968504
11
5.7421585826771651
21
-3.8704356299212597
0
LINE
8
BLACK
6
CONTINUOUS
10
5.7421585826771651
20
-3.8704356299212597
11
5.7414237795275591
21
-3.8686616141732282
0
LINE
8
BLACK
6
CONTINUOUS
10
5.7414237795275591
20
-3.8686616141732282
11
5.7413292125984254
21
-3.8283314566929132
0
LINE
8
BLACK
6
CONTINUOUS
10
5.7413292125984254
20
-3.8283314566929132
11
5.7414237795275591
21
-3.8273713779527556
0
LINE
8
BLACK
6
CONTINUOUS
10
5.7414237795275591
20
-3.8273713779527556
11
5.7421585826771651
21
-3.8255973622047241
0
LINE
8
BLACK
6
CONTINUOUS
10
5.7421585826771651
20
-3.8255973622047241
11
5.7435163779527558
21
-3.8242395669291338
0
LINE
8
BLACK
6
CONTINUOUS
10
5.7435163779527558
20
-3.8242395669291338
11
5.7452903937007873
21
-3.8235047637795274
0
LINE
8
BLACK
6
CONTINUOUS
10
5.7452903937007873
20
-3.8235047637795274
11
5.7472105511811025
21
-3.8235047637795274
0
LINE
8
BLACK
6
CONTINUOUS
10
5.7472105511811025
20
-3.8235047637795274
11
5.748984566929134
21
-3.8242395669291338
0
LINE
8
BLACK
6
CONTINUOUS
10
6.0418503937007877
20
-3.7749999999999999
11
5.8918503937007873
21
-3.7749999999999999
0
LINE
8
BLACK
6
CONTINUOUS
10
5.8918503937007873
20
-3.7749999999999999
11
5.8918503937007873
21
-3.625
0
LINE
8
BLACK
6
CONTINUOUS
10
5.8918503937007873
20
-3.625
11
6.0418503937007877
21
-3.625
0
LINE
8
BLACK
6
CONTINUOUS
10
6.0418503937007877
20
-3.625
11
6.0418503937007877
21
-3.7749999999999999
0
LINE
8
BLACK
6
CONTINUOUS
10
5.5427340551181103
20
-3.6786133858267718
11
5.5440918503937002
21
-3.6799711811023621
0
LINE
8
BLACK
6
CONTINUOUS
10
5.5440918503937002
20
-3.6799711811023621
11
5.5448266535433071
21
-3.6817451968503936
0
LINE
8
BLACK
6
CONTINUOUS
10
5.5448266535433071
20
-3.6817451968503936
11
5.5448604330708662
21
-3.6928130708661415
0
LINE
8
BLACK
6
CONTINUOUS
10
5.5448604330708662
20
-3.6928130708661415
11
5.5549980708661417
21
-3.6927821259842517
0
LINE
8
BLACK
6
CONTINUOUS
10
5.5549980708661417
20
-3.6927821259842517
11
5.5559581496062993
21
-3.6928766929133858
0
LINE
8
BLACK
6
CONTINUOUS
10
5.5559581496062993
20
-3.6928766929133858
11
5.5577321653543308
21
-3.6936114960629922
0
LINE
8
BLACK
6
CONTINUOUS
10
5.5577321653543308
20
-3.6936114960629922
11
5.5590899606299216
21
-3.6949692913385825
0
LINE
8
BLACK
6
CONTINUOUS
10
5.5590899606299216
20
-3.6949692913385825
11
5.5598247637795275
21
-3.696743307086614
0
LINE
8
BLACK
6
CONTINUOUS
10
5.5598247637795275
20
-3.696743307086614
11
5.5598247637795275
21
-3.6986634645669292
0
LINE
8
BLACK
6
CONTINUOUS
10
5.5598247637795275
20
-3.6986634645669292
11
5.5590899606299216
21
-3.7004374803149607
0
LINE
8
BLACK
6
CONTINUOUS
10
5.5590899606299216
20
-3.7004374803149607
11
5.5577321653543308
21
-3.701795275590551
0
LINE
8
BLACK
6
CONTINUOUS
10
5.5577321653543308
20
-3.701795275590551
11
5.5559581496062993
21
-3.7025300787401574
0
LINE
8
BLACK
6
CONTINUOUS
10
5.5559581496062993
20
-3.7025300787401574
11
5.5448902362204722
21
-3.7025638582677165
0
LINE
8
BLACK
6
CONTINUOUS
10
5.5448902362204722
20
-3.7025638582677165
11
5.5449212204724407
21
-3.7127015354330708
0
LINE
8
BLACK
6
CONTINUOUS
10
5.5449212204724407
20
-3.7127015354330708
11
5.5448266535433071
21
-3.7136616141732284
0
LINE
8
BLACK
6
CONTINUOUS
10
5.5448266535433071
20
-3.7136616141732284
11
5.5440918503937002
21
-3.7154356299212599
0
LINE
8
BLACK
6
CONTINUOUS
10
5.5440918503937002
20
-3.7154356299212599
11
5.5427340551181103
21
-3.7167934251968502
0
LINE
8
BLACK
6
CONTINUOUS
10
5.5427340551181103
20
-3.7167934251968502
11
5.5409600393700789
21
-3.7175282283464566
0
LINE
8
BLACK
6
CONTINUOUS
10
5.5409600393700789
20
-3.7175282283464566
11
5.5390398818897637
21
-3.7175282283464566
0
LINE
8
BLACK
6
CONTINUOUS
10
5.5390398818897637
20
-3.7175282283464566
11
5.5372658661417322
21
-3.7167934251968502
0
LINE
8
BLACK
6
CONTINUOUS
10
5.5372658661417322
20
-3.7167934251968502
11
5.5359080708661415
21
-3.7154356299212599
0
LINE
8
BLACK
6
CONTINUOUS
10
5.5359080708661415
20
-3.7154356299212599
11
5.5351732677165355
21
-3.7136616141732284
0
LINE
8
BLACK
6
CONTINUOUS
10
5.5351732677165355
20
-3.7136616141732284
11
5.5351394488188976
21
-3.7025936614173229
0
LINE
8
BLACK
6
CONTINUOUS
10
5.5351394488188976
20
-3.7025936614173229
11
5.5250018503937008
21
-3.7026246456692911
0
LINE
8
BLACK
6
CONTINUOUS
10
5.5250018503937008
20
-3.7026246456692911
11
5.5240417716535433
21
-3.7025300787401574
0
LINE
8
BLACK
6
CONTINUOUS
10
5.5240417716535433
20
-3.7025300787401574
11
5.5222677559055118
21
-3.701795275590551
0
LINE
8
BLACK
6
CONTINUOUS
10
5.5222677559055118
20
-3.701795275590551
11
5.520909960629921
21
-3.7004374803149607
0
LINE
8
BLACK
6
CONTINUOUS
10
5.520909960629921
20
-3.7004374803149607
11
5.5201751574803151
21
-3.6986634645669292
0
LINE
8
BLACK
6
CONTINUOUS
10
5.5201751574803151
20
-3.6986634645669292
11
5.5201751574803151
21
-3.696743307086614
0
LINE
8
BLACK
6
CONTINUOUS
10
5.5201751574803151
20
-3.696743307086614
11
5.520909960629921
21
-3.6949692913385825
0
LINE
8
BLACK
6
CONTINUOUS
10
5.520909960629921
20
-3.6949692913385825
11
5.5222677559055118
21
-3.6936114960629922
0
LINE
8
BLACK
6
CONTINUOUS
10
5.5222677559055118
20
-3.6936114960629922
11
5.5240417716535433
21
-3.6928766929133858
0
LINE
8
BLACK
6
CONTINUOUS
10
5.5240417716535433
20
-3.6928766929133858
11
5.5351096456692916
21
-3.692842874015748
0
LINE
8
BLACK
6
CONTINUOUS
10
5.5351096456692916
20
-3.692842874015748
11
5.5350787007874018
21
-3.6827052755905512
0
LINE
8
BLACK
6
CONTINUOUS
10
5.5350787007874018
20
-3.6827052755905512
11
5.5351732677165355
21
-3.6817451968503936
0
LINE
8
BLACK
6
CONTINUOUS
10
5.5351732677165355
20
-3.6817451968503936
11
5.5359080708661415
21
-3.6799711811023621
0
LINE
8
BLACK
6
CONTINUOUS
10
5.5359080708661415
20
-3.6799711811023621
11
5.5372658661417322
21
-3.6786133858267718
0
LINE
8
BLACK
6
CONTINUOUS
10
5.5372658661417322
20
-3.6786133858267718
11
5.5390398818897637
21
-3.6778785826771654
0
LINE
8
BLACK
6
CONTINUOUS
10
5.5390398818897637
20
-3.6778785826771654
11
5.5409600393700789
21
-3.6778785826771654
0
LINE
8
BLACK
6
CONTINUOUS
10
5.5409600393700789
20
-3.6778785826771654
11
5.5427340551181103
21
-3.6786133858267718
0
LINE
8
BLACK
6
CONTINUOUS
10
5.5930070078740153
20
-3.6380094881889762
11
5.5934067716535436
21
-3.6380094881889762
0
LINE
8
BLACK
6
CONTINUOUS
10
5.5934067716535436
20
-3.6380094881889762
11
5.594471181102362
21
-3.6384503937007873
0
LINE
8
BLACK
6
CONTINUOUS
10
5.594471181102362
20
-3.6384503937007873
11
5.5952858267716534
21
-3.6392650393700787
0
LINE
8
BLACK
6
CONTINUOUS
10
5.5952858267716534
20
-3.6392650393700787
11
5.5957267322834641
21
-3.6403294488188975
0
LINE
8
BLACK
6
CONTINUOUS
10
5.5957267322834641
20
-3.6403294488188975
11
5.5957834645669289
21
-3.7590944881889765
0
LINE
8
BLACK
6
CONTINUOUS
10
5.5957834645669289
20
-3.7590944881889765
11
5.5957267322834641
21
-3.7596705511811024
0
LINE
8
BLACK
6
CONTINUOUS
10
5.5957267322834641
20
-3.7596705511811024
11
5.5952858267716534
21
-3.7607349606299212
0
LINE
8
BLACK
6
CONTINUOUS
10
5.5952858267716534
20
-3.7607349606299212
11
5.594471181102362
21
-3.7615496062992126
0
LINE
8
BLACK
6
CONTINUOUS
10
5.594471181102362
20
-3.7615496062992126
11
5.5934067716535436
21
-3.7619905118110237
0
LINE
8
BLACK
6
CONTINUOUS
10
5.5934067716535436
20
-3.7619905118110237
11
5.592254645669291
21
-3.7619905118110237
0
LINE
8
BLACK
6
CONTINUOUS
10
5.592254645669291
20
-3.7619905118110237
11
5.5921612992125986
21
-3.7619518503937006
0
LINE
8
BLACK
6
CONTINUOUS
10
5.5921612992125986
20
-3.7619518503937006
11
5.4944094488188977
21
-3.7620078740157479
0
LINE
8
BLACK
6
CONTINUOUS
10
5.4944094488188977
20
-3.7620078740157479
11
5.4942331496062993
21
-3.7619905118110237
0
LINE
8
BLACK
6
CONTINUOUS
10
5.4942331496062993
20
-3.7619905118110237
11
5.4938333858267718
21
-3.7619905118110237
0
LINE
8
BLACK
6
CONTINUOUS
10
5.4938333858267718
20
-3.7619905118110237
11
5.4927689763779526
21
-3.7615496062992126
0
LINE
8
BLACK
6
CONTINUOUS
10
5.4927689763779526
20
-3.7615496062992126
11
5.4919543307086611
21
-3.7607349606299212
0
LINE
8
BLACK
6
CONTINUOUS
10
5.4919543307086611
20
-3.7607349606299212
11
5.4915134251968505
21
-3.7596705511811024
0
LINE
8
BLACK
6
CONTINUOUS
10
5.4915134251968505
20
-3.7596705511811024
11
5.4914566929133857
21
-3.6409055118110234
0
LINE
8
BLACK
6
CONTINUOUS
10
5.4914566929133857
20
-3.6409055118110234
11
5.4915134251968505
21
-3.6403294488188975
0
LINE
8
BLACK
6
CONTINUOUS
10
5.4915134251968505
20
-3.6403294488188975
11
5.4919543307086611
21
-3.6392650393700787
0
LINE
8
BLACK
6
CONTINUOUS
10
5.4919543307086611
20
-3.6392650393700787
11
5.4927689763779526
21
-3.6384503937007873
0
LINE
8
BLACK
6
CONTINUOUS
10
5.4927689763779526
20
-3.6384503937007873
11
5.4938333858267718
21
-3.6380094881889762
0
LINE
8
BLACK
6
CONTINUOUS
10
5.4938333858267718
20
-3.6380094881889762
11
5.4949855118110236
21
-3.6380094881889762
0
LINE
8
BLACK
6
CONTINUOUS
10
5.4949855118110236
20
-3.6380094881889762
11
5.4950788188976381
21
-3.6380481102362205
0
LINE
8
BLACK
6
CONTINUOUS
10
5.4950788188976381
20
-3.6380481102362205
11
5.5928307086614168
21
-3.637992125984252
0
LINE
8
BLACK
6
CONTINUOUS
10
5.5928307086614168
20
-3.637992125984252
11
5.5930070078740153
21
-3.6380094881889762
0
LINE
8
BLACK
6
CONTINUOUS
10
5.4973071653543304
20
-3.6438959448818897
11
5.4973607874015746
21
-3.7561570472440944
0
LINE
8
BLACK
6
CONTINUOUS
10
5.4973607874015746
20
-3.7561570472440944
11
5.5899329527559054
21
-3.7561040157480314
0
LINE
8
BLACK
6
CONTINUOUS
10
5.5899329527559054
20
-3.7561040157480314
11
5.5898793307086612
21
-3.6438429133858268
0
LINE
8
BLACK
6
CONTINUOUS
10
5.5898793307086612
20
-3.6438429133858268
11
5.4973071653543304
21
-3.6438959448818897
0
LINE
8
BLACK
6
CONTINUOUS
10
6.0418503937007877
20
-3.5749999999999997
11
5.8918503937007873
21
-3.5749999999999997
0
LINE
8
BLACK
6
CONTINUOUS
10
5.8918503937007873
20
-3.5749999999999997
11
5.8918503937007873
21
-3.4249999999999998
0
LINE
8
BLACK
6
CONTINUOUS
10
5.8918503937007873
20
-3.4249999999999998
11
6.0418503937007877
21
-3.4249999999999998
0
LINE
8
BLACK
6
CONTINUOUS
10
6.0418503937007877
20
-3.4249999999999998
11
6.0418503937007877
21
-3.5749999999999997
0
LINE
8
BLACK
6
CONTINUOUS
10
5.5609581496062992
20
-3.5028766929133859
11
5.5627321653543307
21
-3.5036114960629918
0
LINE
8
BLACK
6
CONTINUOUS
10
5.5627321653543307
20
-3.5036114960629918
11
5.5640899606299214
21
-3.5049692913385826
0
LINE
8
BLACK
6
CONTINUOUS
10
5.5640899606299214
20
-3.5049692913385826
11
5.5648247637795274
21
-3.5067433070866141
0
LINE
8
BLACK
6
CONTINUOUS
10
5.5648247637795274
20
-3.5067433070866141
11
5.5648247637795274
21
-3.5086634645669292
0
LINE
8
BLACK
6
CONTINUOUS
10
5.5648247637795274
20
-3.5086634645669292
11
5.5640899606299214
21
-3.5104374803149607
0
LINE
8
BLACK
6
CONTINUOUS
10
5.5640899606299214
20
-3.5104374803149607
11
5.5627321653543307
21
-3.511795275590551
0
LINE
8
BLACK
6
CONTINUOUS
10
5.5627321653543307
20
-3.511795275590551
11
5.5609581496062992
21
-3.5125300787401574
0
LINE
8
BLACK
6
CONTINUOUS
10
5.5609581496062992
20
-3.5125300787401574
11
5.5300018503937007
21
-3.5126246456692911
0
LINE
8
BLACK
6
CONTINUOUS
10
5.5300018503937007
20
-3.5126246456692911
11
5.5290417716535432
21
-3.5125300787401574
0
LINE
8
BLACK
6
CONTINUOUS
10
5.5290417716535432
20
-3.5125300787401574
11
5.5272677559055117
21
-3.511795275590551
0
LINE
8
BLACK
6
CONTINUOUS
10
5.5272677559055117
20
-3.511795275590551
11
5.5259099606299209
21
-3.5104374803149607
0
LINE
8
BLACK
6
CONTINUOUS
10
5.5259099606299209
20
-3.5104374803149607
11
5.525175157480315
21
-3.5086634645669292
0
LINE
8
BLACK
6
CONTINUOUS
10
5.525175157480315
20
-3.5086634645669292
11
5.525175157480315
21
-3.5067433070866141
0
LINE
8
BLACK
6
CONTINUOUS
10
5.525175157480315
20
-3.5067433070866141
11
5.5259099606299209
21
-3.5049692913385826
0
LINE
8
BLACK
6
CONTINUOUS
10
5.5259099606299209
20
-3.5049692913385826
11
5.5272677559055117
21
-3.5036114960629918
0
LINE
8
BLACK
6
CONTINUOUS
10
5.5272677559055117
20
-3.5036114960629918
11
5.5290417716535432
21
-3.5028766929133859
0
LINE
8
BLACK
6
CONTINUOUS
10
5.5290417716535432
20
-3.5028766929133859
11
5.5599980708661416
21
-3.5027821259842518
0
LINE
8
BLACK
6
CONTINUOUS
10
5.5599980708661416
20
-3.5027821259842518
11
5.5609581496062992
21
-3.5028766929133859
0
LINE
8
BLACK
6
CONTINUOUS
10
5.5930070078740153
20
-3.4380094881889764
11
5.5934067716535436
21
-3.4380094881889764
0
LINE
8
BLACK
6
CONTINUOUS
10
5.5934067716535436
20
-3.4380094881889764
11
5.594471181102362
21
-3.4384503937007875
0
LINE
8
BLACK
6
CONTINUOUS
10
5.594471181102362
20
-3.4384503937007875
11
5.5952858267716534
21
-3.4392650393700785
0
LINE
8
BLACK
6
CONTINUOUS
10
5.5952858267716534
20
-3.4392650393700785
11
5.5957267322834641
21
-3.4403294488188974
0
LINE
8
BLACK
6
CONTINUOUS
10
5.5957267322834641
20
-3.4403294488188974
11
5.5957834645669289
21
-3.5590944881889763
0
LINE
8
BLACK
6
CONTINUOUS
10
5.5957834645669289
20
-3.5590944881889763
11
5.5957267322834641
21
-3.5596705511811022
0
LINE
8
BLACK
6
CONTINUOUS
10
5.5957267322834641
20
-3.5596705511811022
11
5.5952858267716534
21
-3.560734960629921
0
LINE
8
BLACK
6
CONTINUOUS
10
5.5952858267716534
20
-3.560734960629921
11
5.594471181102362
21
-3.5615496062992125
0
LINE
8
BLACK
6
CONTINUOUS
10
5.594471181102362
20
-3.5615496062992125
11
5.5934067716535436
21
-3.5619905118110236
0
LINE
8
BLACK
6
CONTINUOUS
10
5.5934067716535436
20
-3.5619905118110236
11
5.592254645669291
21
-3.5619905118110236
0
LINE
8
BLACK
6
CONTINUOUS
10
5.592254645669291
20
-3.5619905118110236
11
5.5921612992125986
21
-3.5619518503937009
0
LINE
8
BLACK
6
CONTINUOUS
10
5.5921612992125986
20
-3.5619518503937009
11
5.4944094488188977
21
-3.5620078740157481
0
LINE
8
BLACK
6
CONTINUOUS
10
5.4944094488188977
20
-3.5620078740157481
11
5.4942331496062993
21
-3.5619905118110236
0
LINE
8
BLACK
6
CONTINUOUS
10
5.4942331496062993
20
-3.5619905118110236
11
5.4938333858267718
21
-3.5619905118110236
0
LINE
8
BLACK
6
CONTINUOUS
10
5.4938333858267718
20
-3.5619905118110236
11
5.4927689763779526
21
-3.5615496062992125
0
LINE
8
BLACK
6
CONTINUOUS
10
5.4927689763779526
20
-3.5615496062992125
11
5.4919543307086611
21
-3.560734960629921
0
LINE
8
BLACK
6
CONTINUOUS
10
5.4919543307086611
20
-3.560734960629921
11
5.4915134251968505
21
-3.5596705511811022
0
LINE
8
BLACK
6
CONTINUOUS
10
5.4915134251968505
20
-3.5596705511811022
11
5.4914566929133857
21
-3.4409055118110237
0
LINE
8
BLACK
6
CONTINUOUS
10
5.4914566929133857
20
-3.4409055118110237
11
5.4915134251968505
21
-3.4403294488188974
0
LINE
8
BLACK
6
CONTINUOUS
10
5.4915134251968505
20
-3.4403294488188974
11
5.4919543307086611
21
-3.4392650393700785
0
LINE
8
BLACK
6
CONTINUOUS
10
5.4919543307086611
20
-3.4392650393700785
11
5.4927689763779526
21
-3.4384503937007875
0
LINE
8
BLACK
6
CONTINUOUS
10
5.4927689763779526
20
-3.4384503937007875
11
5.4938333858267718
21
-3.4380094881889764
0
LINE
8
BLACK
6
CONTINUOUS
10
5.4938333858267718
20
-3.4380094881889764
11
5.4949855118110236
21
-3.4380094881889764
0
LINE
8
BLACK
6
CONTINUOUS
10
5.4949855118110236
20
-3.4380094881889764
11
5.4950788188976381
21
-3.4380481102362204
0
LINE
8
BLACK
6
CONTINUOUS
10
5.4950788188976381
20
-3.4380481102362204
11
5.5928307086614168
21
-3.4379921259842519
0
LINE
8
BLACK
6
CONTINUOUS
10
5.5928307086614168
20
-3.4379921259842519
11
5.5930070078740153
21
-3.4380094881889764
0
LINE
8
BLACK
6
CONTINUOUS
10
5.4973071653543304
20
-3.4438959448818895
11
5.4973607874015746
21
-3.5561570472440942
0
LINE
8
BLACK
6
CONTINUOUS
10
5.4973607874015746
20
-3.5561570472440942
11
5.5899329527559054
21
-3.5561040157480313
0
LINE
8
BLACK
6
CONTINUOUS
10
5.5899329527559054
20
-3.5561040157480313
11
5.5898793307086612
21
-3.4438429133858266
0
LINE
8
BLACK
6
CONTINUOUS
10
5.5898793307086612
20
-3.4438429133858266
11
5.4973071653543304
21
-3.4438959448818895
0
LINE
8
BLACK
6
CONTINUOUS
10
6.0418503937007877
20
-3.375
11
5.8918503937007873
21
-3.375
0
LINE
8
BLACK
6
CONTINUOUS
10
5.8918503937007873
20
-3.375
11
5.8918503937007873
21
-3.2250000000000001
0
LINE
8
BLACK
6
CONTINUOUS
10
5.8918503937007873
20
-3.2250000000000001
11
6.0418503937007877
21
-3.2250000000000001
0
LINE
8
BLACK
6
CONTINUOUS
10
6.0418503937007877
20
-3.2250000000000001
11
6.0418503937007877
21
-3.375
0
LINE
8
BLACK
6
CONTINUOUS
10
5.5659581496062991
20
-3.2978766929133858
11
5.5677321653543306
21
-3.2986114960629922
0
LINE
8
BLACK
6
CONTINUOUS
10
5.5677321653543306
20
-3.2986114960629922
11
5.5690899606299213
21
-3.2999692913385825
0
LINE
8
BLACK
6
CONTINUOUS
10
5.5690899606299213
20
-3.2999692913385825
11
5.5698247637795273
21
-3.301743307086614
0
LINE
8
BLACK
6
CONTINUOUS
10
5.5698247637795273
20
-3.301743307086614
11
5.5698247637795273
21
-3.3036634645669292
0
LINE
8
BLACK
6
CONTINUOUS
10
5.5698247637795273
20
-3.3036634645669292
11
5.5690899606299213
21
-3.3054374803149607
0
LINE
8
BLACK
6
CONTINUOUS
10
5.5690899606299213
20
-3.3054374803149607
11
5.5677321653543306
21
-3.306795275590551
0
LINE
8
BLACK
6
CONTINUOUS
10
5.5677321653543306
20
-3.306795275590551
11
5.5659581496062991
21
-3.3075300787401574
0
LINE
8
BLACK
6
CONTINUOUS
10
5.5659581496062991
20
-3.3075300787401574
11
5.5350018503937006
21
-3.307624645669291
0
LINE
8
BLACK
6
CONTINUOUS
10
5.5350018503937006
20
-3.307624645669291
11
5.5340417716535431
21
-3.3075300787401574
0
LINE
8
BLACK
6
CONTINUOUS
10
5.5340417716535431
20
-3.3075300787401574
11
5.5322677559055116
21
-3.306795275590551
0
LINE
8
BLACK
6
CONTINUOUS
10
5.5322677559055116
20
-3.306795275590551
11
5.5309099606299208
21
-3.3054374803149607
0
LINE
8
BLACK
6
CONTINUOUS
10
5.5309099606299208
20
-3.3054374803149607
11
5.5301751574803149
21
-3.3036634645669292
0
LINE
8
BLACK
6
CONTINUOUS
10
5.5301751574803149
20
-3.3036634645669292
11
5.5301751574803149
21
-3.301743307086614
0
LINE
8
BLACK
6
CONTINUOUS
10
5.5301751574803149
20
-3.301743307086614
11
5.5309099606299208
21
-3.2999692913385825
0
LINE
8
BLACK
6
CONTINUOUS
10
5.5309099606299208
20
-3.2999692913385825
11
5.5322677559055116
21
-3.2986114960629922
0
LINE
8
BLACK
6
CONTINUOUS
10
5.5322677559055116
20
-3.2986114960629922
11
5.5340417716535431
21
-3.2978766929133858
0
LINE
8
BLACK
6
CONTINUOUS
10
5.5340417716535431
20
-3.2978766929133858
11
5.5649980708661415
21
-3.2977821259842517
0
LINE
8
BLACK
6
CONTINUOUS
10
5.5649980708661415
20
-3.2977821259842517
11
5.5659581496062991
21
-3.2978766929133858
0
LINE
8
BLACK
6
CONTINUOUS
10
5.5930070078740153
20
-3.2380094881889763
11
5.5934067716535436
21
-3.2380094881889763
0
LINE
8
BLACK
6
CONTINUOUS
10
5.5934067716535436
20
-3.2380094881889763
11
5.594471181102362
21
-3.2384503937007874
0
LINE
8
BLACK
6
CONTINUOUS
10
5.594471181102362
20
-3.2384503937007874
11
5.5952858267716534
21
-3.2392650393700788
0
LINE
8
BLACK
6
CONTINUOUS
10
5.5952858267716534
20
-3.2392650393700788
11
5.5957267322834641
21
-3.2403294488188976
0
LINE
8
BLACK
6
CONTINUOUS
10
5.5957267322834641
20
-3.2403294488188976
11
5.5957834645669289
21
-3.3590944881889762
0
LINE
8
BLACK
6
CONTINUOUS
10
5.5957834645669289
20
-3.3590944881889762
11
5.5957267322834641
21
-3.3596705511811025
0
LINE
8
BLACK
6
CONTINUOUS
10
5.5957267322834641
20
-3.3596705511811025
11
5.5952858267716534
21
-3.3607349606299213
0
LINE
8
BLACK
6
CONTINUOUS
10
5.5952858267716534
20
-3.3607349606299213
11
5.594471181102362
21
-3.3615496062992127
0
LINE
8
BLACK
6
CONTINUOUS
10
5.594471181102362
20
-3.3615496062992127
11
5.5934067716535436
21
-3.3619905118110234
0
LINE
8
BLACK
6
CONTINUOUS
10
5.5934067716535436
20
-3.3619905118110234
11
5.592254645669291
21
-3.3619905118110234
0
LINE
8
BLACK
6
CONTINUOUS
10
5.592254645669291
20
-3.3619905118110234
11
5.5921612992125986
21
-3.3619518503937007
0
LINE
8
BLACK
6
CONTINUOUS
10
5.5921612992125986
20
-3.3619518503937007
11
5.4944094488188977
21
-3.362007874015748
0
LINE
8
BLACK
6
CONTINUOUS
10
5.4944094488188977
20
-3.362007874015748
11
5.4942331496062993
21
-3.3619905118110234
0
LINE
8
BLACK
6
CONTINUOUS
10
5.4942331496062993
20
-3.3619905118110234
11
5.4938333858267718
21
-3.3619905118110234
0
LINE
8
BLACK
6
CONTINUOUS
10
5.4938333858267718
20
-3.3619905118110234
11
5.4927689763779526
21
-3.3615496062992127
0
LINE
8
BLACK
6
CONTINUOUS
10
5.4927689763779526
20
-3.3615496062992127
11
5.4919543307086611
21
-3.3607349606299213
0
LINE
8
BLACK
6
CONTINUOUS
10
5.4919543307086611
20
-3.3607349606299213
11
5.4915134251968505
21
-3.3596705511811025
0
LINE
8
BLACK
6
CONTINUOUS
10
5.4915134251968505
20
-3.3596705511811025
11
5.4914566929133857
21
-3.2409055118110235
0
LINE
8
BLACK
6
CONTINUOUS
10
5.4914566929133857
20
-3.2409055118110235
11
5.4915134251968505
21
-3.2403294488188976
0
LINE
8
BLACK
6
CONTINUOUS
10
5.4915134251968505
20
-3.2403294488188976
11
5.4919543307086611
21
-3.2392650393700788
0
LINE
8
BLACK
6
CONTINUOUS
10
5.4919543307086611
20
-3.2392650393700788
11
5.4927689763779526
21
-3.2384503937007874
0
LINE
8
BLACK
6
CONTINUOUS
10
5.4927689763779526
20
-3.2384503937007874
11
5.4938333858267718
21
-3.2380094881889763
0
LINE
8
BLACK
6
CONTINUOUS
10
5.4938333858267718
20
-3.2380094881889763
11
5.4949855118110236
21
-3.2380094881889763
0
LINE
8
BLACK
6
CONTINUOUS
10
5.4949855118110236
20
-3.2380094881889763
11
5.4950788188976381
21
-3.2380481102362202
0
LINE
8
BLACK
6
CONTINUOUS
10
5.4950788188976381
20
-3.2380481102362202
11
5.5928307086614168
21
-3.2379921259842517
0
LINE
8
BLACK
6
CONTINUOUS
10
5.5928307086614168
20
-3.2379921259842517
11
5.5930070078740153
21
-3.2380094881889763
0
LINE
8
BLACK
6
CONTINUOUS
10
5.4973071653543304
20
-3.2438959448818898
11
5.4973607874015746
21
-3.3561570472440945
0
LINE
8
BLACK
6
CONTINUOUS
10
5.4973607874015746
20
-3.3561570472440945
11
5.5899329527559054
21
-3.3561040157480315
0
LINE
8
BLACK
6
CONTINUOUS
10
5.5899329527559054
20
-3.3561040157480315
11
5.5898793307086612
21
-3.2438429133858269
0
LINE
8
BLACK
6
CONTINUOUS
10
5.5898793307086612
20
-3.2438429133858269
11
5.4973071653543304
21
-3.2438959448818898
0
LINE
8
BLACK
6
CONTINUOUS
10
6.0418503937007877
20
-3.1749999999999998
11
5.8918503937007873
21
-3.1749999999999998
0
LINE
8
BLACK
6
CONTINUOUS
10
5.8918503937007873
20
-3.1749999999999998
11
5.8918503937007873
21
-3.0249999999999999
0
LINE
8
BLACK
6
CONTINUOUS
10
5.8918503937007873
20
-3.0249999999999999
11
6.0418503937007877
21
-3.0249999999999999
0
LINE
8
BLACK
6
CONTINUOUS
10
6.0418503937007877
20
-3.0249999999999999
11
6.0418503937007877
21
-3.1749999999999998
0
LINE
8
BLACK
6
CONTINUOUS
10
5.5527340551181101
20
-3.0786133858267717
11
5.5540918503937009
21
-3.079971181102362
0
LINE
8
BLACK
6
CONTINUOUS
10
5.5540918503937009
20
-3.079971181102362
11
5.5548266535433068
21
-3.0817451968503935
0
LINE
8
BLACK
6
CONTINUOUS
10
5.5548266535433068
20
-3.0817451968503935
11
5.554860433070866
21
-3.0928130708661419
0
LINE
8
BLACK
6
CONTINUOUS
10
5.554860433070866
20
-3.0928130708661419
11
5.5649980708661415
21
-3.0927821259842521
0
LINE
8
BLACK
6
CONTINUOUS
10
5.5649980708661415
20
-3.0927821259842521
11
5.5659581496062991
21
-3.0928766929133857
0
LINE
8
BLACK
6
CONTINUOUS
10
5.5659581496062991
20
-3.0928766929133857
11
5.5677321653543306
21
-3.0936114960629921
0
LINE
8
BLACK
6
CONTINUOUS
10
5.5677321653543306
20
-3.0936114960629921
11
5.5690899606299213
21
-3.0949692913385825
0
LINE
8
BLACK
6
CONTINUOUS
10
5.5690899606299213
20
-3.0949692913385825
11
5.5698247637795273
21
-3.0967433070866139
0
LINE
8
BLACK
6
CONTINUOUS
10
5.5698247637795273
20
-3.0967433070866139
11
5.5698247637795273
21
-3.0986634645669291
0
LINE
8
BLACK
6
CONTINUOUS
10
5.5698247637795273
20
-3.0986634645669291
11
5.5690899606299213
21
-3.1004374803149606
0
LINE
8
BLACK
6
CONTINUOUS
10
5.5690899606299213
20
-3.1004374803149606
11
5.5677321653543306
21
-3.1017952755905509
0
LINE
8
BLACK
6
CONTINUOUS
10
5.5677321653543306
20
-3.1017952755905509
11
5.5659581496062991
21
-3.1025300787401573
0
LINE
8
BLACK
6
CONTINUOUS
10
5.5659581496062991
20
-3.1025300787401573
11
5.554890236220472
21
-3.1025638582677164
0
LINE
8
BLACK
6
CONTINUOUS
10
5.554890236220472
20
-3.1025638582677164
11
5.5549212204724405
21
-3.1127015354330707
0
LINE
8
BLACK
6
CONTINUOUS
10
5.5549212204724405
20
-3.1127015354330707
11
5.5548266535433068
21
-3.1136616141732283
0
LINE
8
BLACK
6
CONTINUOUS
10
5.5548266535433068
20
-3.1136616141732283
11
5.5540918503937009
21
-3.1154356299212598
0
LINE
8
BLACK
6
CONTINUOUS
10
5.5540918503937009
20
-3.1154356299212598
11
5.5527340551181101
21
-3.1167934251968505
0
LINE
8
BLACK
6
CONTINUOUS
10
5.5527340551181101
20
-3.1167934251968505
11
5.5509600393700786
21
-3.1175282283464565
0
LINE
8
BLACK
6
CONTINUOUS
10
5.5509600393700786
20
-3.1175282283464565
11
5.5490398818897635
21
-3.1175282283464565
0
LINE
8
BLACK
6
CONTINUOUS
10
5.5490398818897635
20
-3.1175282283464565
11
5.547265866141732
21
-3.1167934251968505
0
LINE
8
BLACK
6
CONTINUOUS
10
5.547265866141732
20
-3.1167934251968505
11
5.5459080708661412
21
-3.1154356299212598
0
LINE
8
BLACK
6
CONTINUOUS
10
5.5459080708661412
20
-3.1154356299212598
11
5.5451732677165353
21
-3.1136616141732283
0
LINE
8
BLACK
6
CONTINUOUS
10
5.5451732677165353
20
-3.1136616141732283
11
5.5451394488188974
21
-3.1025936614173228
0
LINE
8
BLACK
6
CONTINUOUS
10
5.5451394488188974
20
-3.1025936614173228
11
5.5350018503937006
21
-3.1026246456692914
0
LINE
8
BLACK
6
CONTINUOUS
10
5.5350018503937006
20
-3.1026246456692914
11
5.5340417716535431
21
-3.1025300787401573
0
LINE
8
BLACK
6
CONTINUOUS
10
5.5340417716535431
20
-3.1025300787401573
11
5.5322677559055116
21
-3.1017952755905509
0
LINE
8
BLACK
6
CONTINUOUS
10
5.5322677559055116
20
-3.1017952755905509
11
5.5309099606299208
21
-3.1004374803149606
0
LINE
8
BLACK
6
CONTINUOUS
10
5.5309099606299208
20
-3.1004374803149606
11
5.5301751574803149
21
-3.0986634645669291
0
LINE
8
BLACK
6
CONTINUOUS
10
5.5301751574803149
20
-3.0986634645669291
11
5.5301751574803149
21
-3.0967433070866139
0
LINE
8
BLACK
6
CONTINUOUS
10
5.5301751574803149
20
-3.0967433070866139
11
5.5309099606299208
21
-3.0949692913385825
0
LINE
8
BLACK
6
CONTINUOUS
10
5.5309099606299208
20
-3.0949692913385825
11
5.5322677559055116
21
-3.0936114960629921
0
LINE
8
BLACK
6
CONTINUOUS
10
5.5322677559055116
20
-3.0936114960629921
11
5.5340417716535431
21
-3.0928766929133857
0
LINE
8
BLACK
6
CONTINUOUS
10
5.5340417716535431
20
-3.0928766929133857
11
5.5451096456692914
21
-3.0928428740157479
0
LINE
8
BLACK
6
CONTINUOUS
10
5.5451096456692914
20
-3.0928428740157479
11
5.5450787007874016
21
-3.0827052755905511
0
LINE
8
BLACK
6
CONTINUOUS
10
5.5450787007874016
20
-3.0827052755905511
11
5.5451732677165353
21
-3.0817451968503935
0
LINE
8
BLACK
6
CONTINUOUS
10
5.5451732677165353
20
-3.0817451968503935
11
5.5459080708661412
21
-3.079971181102362
0
LINE
8
BLACK
6
CONTINUOUS
10
5.5459080708661412
20
-3.079971181102362
11
5.547265866141732
21
-3.0786133858267717
0
LINE
8
BLACK
6
CONTINUOUS
10
5.547265866141732
20
-3.0786133858267717
11
5.5490398818897635
21
-3.0778785826771653
0
LINE
8
BLACK
6
CONTINUOUS
10
5.5490398818897635
20
-3.0778785826771653
11
5.5509600393700786
21
-3.0778785826771653
0
LINE
8
BLACK
6
CONTINUOUS
10
5.5509600393700786
20
-3.0778785826771653
11
5.5527340551181101
21
-3.0786133858267717
0
LINE
8
BLACK
6
CONTINUOUS
10
5.5930070078740153
20
-3.0380094881889761
11
5.5934067716535436
21
-3.0380094881889761
0
LINE
8
BLACK
6
CONTINUOUS
10
5.5934067716535436
20
-3.0380094881889761
11
5.594471181102362
21
-3.0384503937007872
0
LINE
8
BLACK
6
CONTINUOUS
10
5.594471181102362
20
-3.0384503937007872
11
5.5952858267716534
21
-3.0392650393700786
0
LINE
8
BLACK
6
CONTINUOUS
10
5.5952858267716534
20
-3.0392650393700786
11
5.5957267322834641
21
-3.0403294488188974
0
LINE
8
BLACK
6
CONTINUOUS
10
5.5957267322834641
20
-3.0403294488188974
11
5.5957834645669289
21
-3.1590944881889764
0
LINE
8
BLACK
6
CONTINUOUS
10
5.5957834645669289
20
-3.1590944881889764
11
5.5957267322834641
21
-3.1596705511811023
0
LINE
8
BLACK
6
CONTINUOUS
10
5.5957267322834641
20
-3.1596705511811023
11
5.5952858267716534
21
-3.1607349606299211
0
LINE
8
BLACK
6
CONTINUOUS
10
5.5952858267716534
20
-3.1607349606299211
11
5.594471181102362
21
-3.1615496062992126
0
LINE
8
BLACK
6
CONTINUOUS
10
5.594471181102362
20
-3.1615496062992126
11
5.5934067716535436
21
-3.1619905118110236
0
LINE
8
BLACK
6
CONTINUOUS
10
5.5934067716535436
20
-3.1619905118110236
11
5.592254645669291
21
-3.1619905118110236
0
LINE
8
BLACK
6
CONTINUOUS
10
5.592254645669291
20
-3.1619905118110236
11
5.5921612992125986
21
-3.1619518503937005
0
LINE
8
BLACK
6
CONTINUOUS
10
5.5921612992125986
20
-3.1619518503937005
11
5.4944094488188977
21
-3.1620078740157478
0
LINE
8
BLACK
6
CONTINUOUS
10
5.4944094488188977
20
-3.1620078740157478
11
5.4942331496062993
21
-3.1619905118110236
0
LINE
8
BLACK
6
CONTINUOUS
10
5.4942331496062993
20
-3.1619905118110236
11
5.4938333858267718
21
-3.1619905118110236
0
LINE
8
BLACK
6
CONTINUOUS
10
5.4938333858267718
20
-3.1619905118110236
11
5.4927689763779526
21
-3.1615496062992126
0
LINE
8
BLACK
6
CONTINUOUS
10
5.4927689763779526
20
-3.1615496062992126
11
5.4919543307086611
21
-3.1607349606299211
0
LINE
8
BLACK
6
CONTINUOUS
10
5.4919543307086611
20
-3.1607349606299211
11
5.4915134251968505
21
-3.1596705511811023
0
LINE
8
BLACK
6
CONTINUOUS
10
5.4915134251968505
20
-3.1596705511811023
11
5.4914566929133857
21
-3.0409055118110238
0
LINE
8
BLACK
6
CONTINUOUS
10
5.4914566929133857
20
-3.0409055118110238
11
5.4915134251968505
21
-3.0403294488188974
0
LINE
8
BLACK
6
CONTINUOUS
10
5.4915134251968505
20
-3.0403294488188974
11
5.4919543307086611
21
-3.0392650393700786
0
LINE
8
BLACK
6
CONTINUOUS
10
5.4919543307086611
20
-3.0392650393700786
11
5.4927689763779526
21
-3.0384503937007872
0
LINE
8
BLACK
6
CONTINUOUS
10
5.4927689763779526
20
-3.0384503937007872
11
5.4938333858267718
21
-3.0380094881889761
0
LINE
8
BLACK
6
CONTINUOUS
10
5.4938333858267718
20
-3.0380094881889761
11
5.4949855118110236
21
-3.0380094881889761
0
LINE
8
BLACK
6
CONTINUOUS
10
5.4949855118110236
20
-3.0380094881889761
11
5.4950788188976381
21
-3.0380481102362205
0
LINE
8
BLACK
6
CONTINUOUS
10
5.4950788188976381
20
-3.0380481102362205
11
5.5928307086614168
21
-3.0379921259842519
0
LINE
8
BLACK
6
CONTINUOUS
10
5.5928307086614168
20
-3.0379921259842519
11
5.5930070078740153
21
-3.0380094881889761
0
LINE
8
BLACK
6
CONTINUOUS
10
5.4973071653543304
20
-3.0438959448818896
11
5.4973607874015746
21
-3.1561570472440943
0
LINE
8
BLACK
6
CONTINUOUS
10
5.4973607874015746
20
-3.1561570472440943
11
5.5899329527559054
21
-3.1561040157480313
0
LINE
8
BLACK
6
CONTINUOUS
10
5.5899329527559054
20
-3.1561040157480313
11
5.5898793307086612
21
-3.0438429133858267
0
LINE
8
BLACK
6
CONTINUOUS
10
5.5898793307086612
20
-3.0438429133858267
11
5.4973071653543304
21
-3.0438959448818896
0
LINE
8
BLACK
6
CONTINUOUS
10
6.1642368897637798
20
-2.998674842519685
11
6.1642768503937004
21
-2.998674842519685
0
LINE
8
BLACK
6
CONTINUOUS
10
6.1642768503937004
20
-2.998674842519685
11
6.1653412598425197
21
-2.9991157480314961
0
LINE
8
BLACK
6
CONTINUOUS
10
6.1653412598425197
20
-2.9991157480314961
11
6.1661559055118111
21
-2.9999303937007875
0
LINE
8
BLACK
6
CONTINUOUS
10
6.1661559055118111
20
-2.9999303937007875
11
6.1665968110236218
21
-3.0009948031496063
0
LINE
8
BLACK
6
CONTINUOUS
10
6.1665968110236218
20
-3.0009948031496063
11
6.1666535433070866
21
-3.1984291338582675
0
LINE
8
BLACK
6
CONTINUOUS
10
6.1666535433070866
20
-3.1984291338582675
11
6.1665968110236218
21
-3.1990051968503934
0
LINE
8
BLACK
6
CONTINUOUS
10
6.1665968110236218
20
-3.1990051968503934
11
6.1661847244094483
21
-3.1999999999999997
0
LINE
8
BLACK
6
CONTINUOUS
10
6.1661847244094483
20
-3.1999999999999997
11
6.1665968110236218
21
-3.200994803149606
0
LINE
8
BLACK
6
CONTINUOUS
10
6.1665968110236218
20
-3.200994803149606
11
6.1666535433070866
21
-3.3984291338582677
0
LINE
8
BLACK
6
CONTINUOUS
10
6.1666535433070866
20
-3.3984291338582677
11
6.1665968110236218
21
-3.3990051968503936
0
LINE
8
BLACK
6
CONTINUOUS
10
6.1665968110236218
20
-3.3990051968503936
11
6.1661847244094483
21
-3.3999999999999999
0
LINE
8
BLACK
6
CONTINUOUS
10
6.1661847244094483
20
-3.3999999999999999
11
6.1665968110236218
21
-3.4009948031496062
0
LINE
8
BLACK
6
CONTINUOUS
10
6.1665968110236218
20
-3.4009948031496062
11
6.1666535433070866
21
-3.5984291338582675
0
LINE
8
BLACK
6
CONTINUOUS
10
6.1666535433070866
20
-3.5984291338582675
11
6.1665968110236218
21
-3.5990051968503938
0
LINE
8
BLACK
6
CONTINUOUS
10
6.1665968110236218
20
-3.5990051968503938
11
6.1661847244094483
21
-3.6000000000000001
0
LINE
8
BLACK
6
CONTINUOUS
10
6.1661847244094483
20
-3.6000000000000001
11
6.1665968110236218
21
-3.6009948031496064
0
LINE
8
BLACK
6
CONTINUOUS
10
6.1665968110236218
20
-3.6009948031496064
11
6.1666535433070866
21
-3.7984291338582676
0
LINE
8
BLACK
6
CONTINUOUS
10
6.1666535433070866
20
-3.7984291338582676
11
6.1665968110236218
21
-3.7990051968503935
0
LINE
8
BLACK
6
CONTINUOUS
10
6.1665968110236218
20
-3.7990051968503935
11
6.1661559055118111
21
-3.8000696062992123
0
LINE
8
BLACK
6
CONTINUOUS
10
6.1661559055118111
20
-3.8000696062992123
11
6.1653412598425197
21
-3.8008842519685038
0
LINE
8
BLACK
6
CONTINUOUS
10
6.1653412598425197
20
-3.8008842519685038
11
6.1642768503937004
21
-3.8013251574803149
0
LINE
8
BLACK
6
CONTINUOUS
10
6.1642768503937004
20
-3.8013251574803149
11
6.1631247244094487
21
-3.8013251574803149
0
LINE
8
BLACK
6
CONTINUOUS
10
6.1631247244094487
20
-3.8013251574803149
11
6.1631156299212595
21
-3.8013213779527559
0
LINE
8
BLACK
6
CONTINUOUS
10
6.1631156299212595
20
-3.8013213779527559
11
5.809370078740157
21
-3.8013779527559053
0
LINE
8
BLACK
6
CONTINUOUS
10
5.809370078740157
20
-3.8013779527559053
11
5.8088339763779526
21
-3.8013251574803149
0
LINE
8
BLACK
6
CONTINUOUS
10
5.8088339763779526
20
-3.8013251574803149
11
5.8087940157480311
21
-3.8013251574803149
0
LINE
8
BLACK
6
CONTINUOUS
10
5.8087940157480311
20
-3.8013251574803149
11
5.8087851574803144
21
-3.8013214960629922
0
LINE
8
BLACK
6
CONTINUOUS
10
5.8087851574803144
20
-3.8013214960629922
11
5.5731496062992125
21
-3.8013779527559053
0
LINE
8
BLACK
6
CONTINUOUS
10
5.5731496062992125
20
-3.8013779527559053
11
5.5725735433070867
21
-3.8013212204724409
0
LINE
8
BLACK
6
CONTINUOUS
10
5.5725735433070867
20
-3.8013212204724409
11
5.5715091338582674
21
-3.8008803149606298
0
LINE
8
BLACK
6
CONTINUOUS
10
5.5715091338582674
20
-3.8008803149606298
11
5.5706944881889759
21
-3.8000656692913384
0
LINE
8
BLACK
6
CONTINUOUS
10
5.5706944881889759
20
-3.8000656692913384
11
5.5702535826771653
21
-3.7990012598425196
0
LINE
8
BLACK
6
CONTINUOUS
10
5.5702535826771653
20
-3.7990012598425196
11
5.5702049999999996
21
-3.7816537401574801
0
LINE
8
BLACK
6
CONTINUOUS
10
5.5702049999999996
20
-3.7816537401574801
11
5.4746850393700788
21
-3.7816929133858266
0
LINE
8
BLACK
6
CONTINUOUS
10
5.4746850393700788
20
-3.7816929133858266
11
5.4741089763779529
21
-3.7816361811023622
0
LINE
8
BLACK
6
CONTINUOUS
10
5.4741089763779529
20
-3.7816361811023622
11
5.4730445669291337
21
-3.7811952755905511
0
LINE
8
BLACK
6
CONTINUOUS
10
5.4730445669291337
20
-3.7811952755905511
11
5.4722299212598422
21
-3.7803806299212597
0
LINE
8
BLACK
6
CONTINUOUS
10
5.4722299212598422
20
-3.7803806299212597
11
5.4717890157480316
21
-3.7793162204724409
0
LINE
8
BLACK
6
CONTINUOUS
10
5.4717890157480316
20
-3.7793162204724409
11
5.4717890157480316
21
-3.7781640944881887
0
LINE
8
BLACK
6
CONTINUOUS
10
5.4717890157480316
20
-3.7781640944881887
11
5.4718239763779524
21
-3.7780796062992126
0
LINE
8
BLACK
6
CONTINUOUS
10
5.4718239763779524
20
-3.7780796062992126
11
5.4717677165354326
21
-3.6212598425196849
0
LINE
8
BLACK
6
CONTINUOUS
10
5.4717677165354326
20
-3.6212598425196849
11
5.4718244488188974
21
-3.620683779527559
0
LINE
8
BLACK
6
CONTINUOUS
10
5.4718244488188974
20
-3.620683779527559
11
5.4722653543307089
21
-3.6196193700787402
0
LINE
8
BLACK
6
CONTINUOUS
10
5.4722653543307089
20
-3.6196193700787402
11
5.4730799999999995
21
-3.6188047244094488
0
LINE
8
BLACK
6
CONTINUOUS
10
5.4730799999999995
20
-3.6188047244094488
11
5.4741444094488187
21
-3.6183638188976377
0
LINE
8
BLACK
6
CONTINUOUS
10
5.4741444094488187
20
-3.6183638188976377
11
5.5702437401574798
21
-3.6183244094488187
0
LINE
8
BLACK
6
CONTINUOUS
10
5.5702437401574798
20
-3.6183244094488187
11
5.5701968503937005
21
-3.6015748031496062
0
LINE
8
BLACK
6
CONTINUOUS
10
5.5701968503937005
20
-3.6015748031496062
11
5.5702535826771653
21
-3.6009987401574803
0
LINE
8
BLACK
6
CONTINUOUS
10
5.5702535826771653
20
-3.6009987401574803
11
5.5706672834645667
21
-3.6000000000000001
0
LINE
8
BLACK
6
CONTINUOUS
10
5.5706672834645667
20
-3.6000000000000001
11
5.5702535826771653
21
-3.5990012598425194
0
LINE
8
BLACK
6
CONTINUOUS
10
5.5702535826771653
20
-3.5990012598425194
11
5.5702049999999996
21
-3.5816537401574804
0
LINE
8
BLACK
6
CONTINUOUS
10
5.5702049999999996
20
-3.5816537401574804
11
5.4746850393700788
21
-3.5816929133858268
0
LINE
8
BLACK
6
CONTINUOUS
10
5.4746850393700788
20
-3.5816929133858268
11
5.4741089763779529
21
-3.581636181102362
0
LINE
8
BLACK
6
CONTINUOUS
10
5.4741089763779529
20
-3.581636181102362
11
5.4730445669291337
21
-3.581195275590551
0
LINE
8
BLACK
6
CONTINUOUS
10
5.4730445669291337
20
-3.581195275590551
11
5.4722299212598422
21
-3.5803806299212599
0
LINE
8
BLACK
6
CONTINUOUS
10
5.4722299212598422
20
-3.5803806299212599
11
5.4717890157480316
21
-3.5793162204724407
0
LINE
8
BLACK
6
CONTINUOUS
10
5.4717890157480316
20
-3.5793162204724407
11
5.4717890157480316
21
-3.578164094488189
0
LINE
8
BLACK
6
CONTINUOUS
10
5.4717890157480316
20
-3.578164094488189
11
5.4718239763779524
21
-3.5780796062992124
0
LINE
8
BLACK
6
CONTINUOUS
10
5.4718239763779524
20
-3.5780796062992124
11
5.4717677165354326
21
-3.4212598425196852
0
LINE
8
BLACK
6
CONTINUOUS
10
5.4717677165354326
20
-3.4212598425196852
11
5.4718244488188974
21
-3.4206837795275589
0
LINE
8
BLACK
6
CONTINUOUS
10
5.4718244488188974
20
-3.4206837795275589
11
5.4722653543307089
21
-3.4196193700787401
0
LINE
8
BLACK
6
CONTINUOUS
10
5.4722653543307089
20
-3.4196193700787401
11
5.4730799999999995
21
-3.4188047244094486
0
LINE
8
BLACK
6
CONTINUOUS
10
5.4730799999999995
20
-3.4188047244094486
11
5.4741444094488187
21
-3.4183638188976375
0
LINE
8
BLACK
6
CONTINUOUS
10
5.4741444094488187
20
-3.4183638188976375
11
5.5702437401574798
21
-3.418324409448819
0
LINE
8
BLACK
6
CONTINUOUS
10
5.5702437401574798
20
-3.418324409448819
11
5.5701968503937005
21
-3.401574803149606
0
LINE
8
BLACK
6
CONTINUOUS
10
5.5701968503937005
20
-3.401574803149606
11
5.5702535826771653
21
-3.4009987401574802
0
LINE
8
BLACK
6
CONTINUOUS
10
5.5702535826771653
20
-3.4009987401574802
11
5.5706672834645667
21
-3.3999999999999999
0
LINE
8
BLACK
6
CONTINUOUS
10
5.5706672834645667
20
-3.3999999999999999
11
5.5702535826771653
21
-3.3990012598425197
0
LINE
8
BLACK
6
CONTINUOUS
10
5.5702535826771653
20
-3.3990012598425197
11
5.5702049999999996
21
-3.3816537401574802
0
LINE
8
BLACK
6
CONTINUOUS
10
5.5702049999999996
20
-3.3816537401574802
11
5.4746850393700788
21
-3.3816929133858267
0
LINE
8
BLACK
6
CONTINUOUS
10
5.4746850393700788
20
-3.3816929133858267
11
5.4741089763779529
21
-3.3816361811023623
0
LINE
8
BLACK
6
CONTINUOUS
10
5.4741089763779529
20
-3.3816361811023623
11
5.4730445669291337
21
-3.3811952755905512
0
LINE
8
BLACK
6
CONTINUOUS
10
5.4730445669291337
20
-3.3811952755905512
11
5.4722299212598422
21
-3.3803806299212598
0
LINE
8
BLACK
6
CONTINUOUS
10
5.4722299212598422
20
-3.3803806299212598
11
5.4717890157480316
21
-3.379316220472441
0
LINE
8
BLACK
6
CONTINUOUS
10
5.4717890157480316
20
-3.379316220472441
11
5.4717890157480316
21
-3.3781640944881888
0
LINE
8
BLACK
6
CONTINUOUS
10
5.4717890157480316
20
-3.3781640944881888
11
5.4718239763779524
21
-3.3780796062992127
0
LINE
8
BLACK
6
CONTINUOUS
10
5.4718239763779524
20
-3.3780796062992127
11
5.4717677165354326
21
-3.221259842519685
0
LINE
8
BLACK
6
CONTINUOUS
10
5.4717677165354326
20
-3.221259842519685
11
5.4718244488188974
21
-3.2206837795275591
0
LINE
8
BLACK
6
CONTINUOUS
10
5.4718244488188974
20
-3.2206837795275591
11
5.4722653543307089
21
-3.2196193700787399
0
LINE
8
BLACK
6
CONTINUOUS
10
5.4722653543307089
20
-3.2196193700787399
11
5.4730799999999995
21
-3.2188047244094489
0
LINE
8
BLACK
6
CONTINUOUS
10
5.4730799999999995
20
-3.2188047244094489
11
5.4741444094488187
21
-3.2183638188976378
0
LINE
8
BLACK
6
CONTINUOUS
10
5.4741444094488187
20
-3.2183638188976378
11
5.5702437401574798
21
-3.2183244094488188
0
LINE
8
BLACK
6
CONTINUOUS
10
5.5702437401574798
20
-3.2183244094488188
11
5.5701968503937005
21
-3.2015748031496063
0
LINE
8
BLACK
6
CONTINUOUS
10
5.5701968503937005
20
-3.2015748031496063
11
5.5702535826771653
21
-3.2009987401574804
0
LINE
8
BLACK
6
CONTINUOUS
10
5.5702535826771653
20
-3.2009987401574804
11
5.5706672834645667
21
-3.1999999999999997
0
LINE
8
BLACK
6
CONTINUOUS
10
5.5706672834645667
20
-3.1999999999999997
11
5.5702535826771653
21
-3.1990012598425195
0
LINE
8
BLACK
6
CONTINUOUS
10
5.5702535826771653
20
-3.1990012598425195
11
5.5702049999999996
21
-3.18165374015748
0
LINE
8
BLACK
6
CONTINUOUS
10
5.5702049999999996
20
-3.18165374015748
11
5.4746850393700788
21
-3.1816929133858265
0
LINE
8
BLACK
6
CONTINUOUS
10
5.4746850393700788
20
-3.1816929133858265
11
5.4741089763779529
21
-3.1816361811023621
0
LINE
8
BLACK
6
CONTINUOUS
10
5.4741089763779529
20
-3.1816361811023621
11
5.4730445669291337
21
-3.181195275590551
0
LINE
8
BLACK
6
CONTINUOUS
10
5.4730445669291337
20
-3.181195275590551
11
5.4722299212598422
21
-3.1803806299212596
0
LINE
8
BLACK
6
CONTINUOUS
10
5.4722299212598422
20
-3.1803806299212596
11
5.4717890157480316
21
-3.1793162204724408
0
LINE
8
BLACK
6
CONTINUOUS
10
5.4717890157480316
20
-3.1793162204724408
11
5.4717890157480316
21
-3.178164094488189
0
LINE
8
BLACK
6
CONTINUOUS
10
5.4717890157480316
20
-3.178164094488189
11
5.4718239763779524
21
-3.1780796062992125
0
LINE
8
BLACK
6
CONTINUOUS
10
5.4718239763779524
20
-3.1780796062992125
11
5.4717677165354326
21
-3.0212598425196848
0
LINE
8
BLACK
6
CONTINUOUS
10
5.4717677165354326
20
-3.0212598425196848
11
5.4718244488188974
21
-3.020683779527559
0
LINE
8
BLACK
6
CONTINUOUS
10
5.4718244488188974
20
-3.020683779527559
11
5.4722653543307089
21
-3.0196193700787402
0
LINE
8
BLACK
6
CONTINUOUS
10
5.4722653543307089
20
-3.0196193700787402
11
5.4730799999999995
21
-3.0188047244094487
0
LINE
8
BLACK
6
CONTINUOUS
10
5.4730799999999995
20
-3.0188047244094487
11
5.4741444094488187
21
-3.0183638188976376
0
LINE
8
BLACK
6
CONTINUOUS
10
5.4741444094488187
20
-3.0183638188976376
11
5.5702437401574798
21
-3.0183244094488186
0
LINE
8
BLACK
6
CONTINUOUS
10
5.5702437401574798
20
-3.0183244094488186
11
5.5701968503937005
21
-3.0015748031496061
0
LINE
8
BLACK
6
CONTINUOUS
10
5.5701968503937005
20
-3.0015748031496061
11
5.5702535826771653
21
-3.0009987401574802
0
LINE
8
BLACK
6
CONTINUOUS
10
5.5702535826771653
20
-3.0009987401574802
11
5.5706944881889759
21
-2.9999343307086614
0
LINE
8
BLACK
6
CONTINUOUS
10
5.5706944881889759
20
-2.9999343307086614
11
5.5715091338582674
21
-2.99911968503937
0
LINE
8
BLACK
6
CONTINUOUS
10
5.5715091338582674
20
-2.99911968503937
11
5.5725735433070867
21
-2.9986787795275589
0
LINE
8
BLACK
6
CONTINUOUS
10
5.5725735433070867
20
-2.9986787795275589
11
5.809370078740157
21
-2.9986220472440945
0
LINE
8
BLACK
6
CONTINUOUS
10
5.809370078740157
20
-2.9986220472440945
11
5.8099061811023622
21
-2.998674842519685
0
LINE
8
BLACK
6
CONTINUOUS
10
5.8099061811023622
20
-2.998674842519685
11
5.8099461417322837
21
-2.998674842519685
0
LINE
8
BLACK
6
CONTINUOUS
10
5.8099461417322837
20
-2.998674842519685
11
5.8099551968503933
21
-2.9986785826771651
0
LINE
8
BLACK
6
CONTINUOUS
10
5.8099551968503933
20
-2.9986785826771651
11
6.1637007874015746
21
-2.9986220472440945
0
LINE
8
BLACK
6
CONTINUOUS
10
6.1637007874015746
20
-2.9986220472440945
11
6.1642368897637798
21
-2.998674842519685
0
LINE
8
BLACK
6
CONTINUOUS
10
5.812267086614173
20
-3.6045270866141732
11
5.8122729921259841
21
-3.625
0
LINE
8
BLACK
6
CONTINUOUS
10
5.8122729921259841
20
-3.625
11
5.8261076377952756
21
-3.625
0
LINE
8
BLACK
6
CONTINUOUS
10
5.8261076377952756
20
-3.625
11
5.826106299212598
21
-3.6212598425196849
0
LINE
8
BLACK
6
CONTINUOUS
10
5.826106299212598
20
-3.6212598425196849
11
5.8261630314960628
21
-3.620683779527559
0
LINE
8
BLACK
6
CONTINUOUS
10
5.8261630314960628
20
-3.620683779527559
11
5.8266039370078735
21
-3.6196193700787402
0
LINE
8
BLACK
6
CONTINUOUS
10
5.8266039370078735
20
-3.6196193700787402
11
5.8274185826771649
21
-3.6188047244094488
0
LINE
8
BLACK
6
CONTINUOUS
10
5.8274185826771649
20
-3.6188047244094488
11
5.8284829921259842
21
-3.6183638188976377
0
LINE
8
BLACK
6
CONTINUOUS
10
5.8284829921259842
20
-3.6183638188976377
11
6.1440196850393702
21
-3.6183070866141733
0
LINE
8
BLACK
6
CONTINUOUS
10
6.1440196850393702
20
-3.6183070866141733
11
6.1445957480314961
21
-3.6183638188976377
0
LINE
8
BLACK
6
CONTINUOUS
10
6.1445957480314961
20
-3.6183638188976377
11
6.1456601574803145
21
-3.6188047244094488
0
LINE
8
BLACK
6
CONTINUOUS
10
6.1456601574803145
20
-3.6188047244094488
11
6.1464748031496059
21
-3.6196193700787402
0
LINE
8
BLACK
6
CONTINUOUS
10
6.1464748031496059
20
-3.6196193700787402
11
6.1469157086614175
21
-3.620683779527559
0
LINE
8
BLACK
6
CONTINUOUS
10
6.1469157086614175
20
-3.620683779527559
11
6.1469724409448814
21
-3.778740157480315
0
LINE
8
BLACK
6
CONTINUOUS
10
6.1469724409448814
20
-3.778740157480315
11
6.1469157086614175
21
-3.7793162204724409
0
LINE
8
BLACK
6
CONTINUOUS
10
6.1469157086614175
20
-3.7793162204724409
11
6.1464748031496059
21
-3.7803806299212597
0
LINE
8
BLACK
6
CONTINUOUS
10
6.1464748031496059
20
-3.7803806299212597
11
6.1456601574803145
21
-3.7811952755905511
0
LINE
8
BLACK
6
CONTINUOUS
10
6.1456601574803145
20
-3.7811952755905511
11
6.1445957480314961
21
-3.7816361811023622
0
LINE
8
BLACK
6
CONTINUOUS
10
6.1445957480314961
20
-3.7816361811023622
11
5.8290590551181101
21
-3.7816929133858266
0
LINE
8
BLACK
6
CONTINUOUS
10
5.8290590551181101
20
-3.7816929133858266
11
5.8284829921259842
21
-3.7816361811023622
0
LINE
8
BLACK
6
CONTINUOUS
10
5.8284829921259842
20
-3.7816361811023622
11
5.8274185826771649
21
-3.7811952755905511
0
LINE
8
BLACK
6
CONTINUOUS
10
5.8274185826771649
20
-3.7811952755905511
11
5.8266039370078735
21
-3.7803806299212597
0
LINE
8
BLACK
6
CONTINUOUS
10
5.8266039370078735
20
-3.7803806299212597
11
5.8261630314960628
21
-3.7793162204724409
0
LINE
8
BLACK
6
CONTINUOUS
10
5.8261630314960628
20
-3.7793162204724409
11
5.8261614960629924
21
-3.7749999999999999
0
LINE
8
BLACK
6
CONTINUOUS
10
5.8261614960629924
20
-3.7749999999999999
11
5.812316102362205
21
-3.7749999999999999
0
LINE
8
BLACK
6
CONTINUOUS
10
5.812316102362205
20
-3.7749999999999999
11
5.8123219685039365
21
-3.7955285826771652
0
LINE
8
BLACK
6
CONTINUOUS
10
5.8123219685039365
20
-3.7955285826771652
11
6.1608037401574798
21
-3.795472874015748
0
LINE
8
BLACK
6
CONTINUOUS
10
6.1608037401574798
20
-3.795472874015748
11
6.1607488582677163
21
-3.604471377952756
0
LINE
8
BLACK
6
CONTINUOUS
10
6.1607488582677163
20
-3.604471377952756
11
5.812267086614173
21
-3.6045270866141732
0
LINE
8
BLACK
6
CONTINUOUS
10
5.6154664173228346
20
-3.7620064566929132
11
5.615472440944882
21
-3.778740157480315
0
LINE
8
BLACK
6
CONTINUOUS
10
5.615472440944882
20
-3.778740157480315
11
5.6154157086614171
21
-3.7793162204724409
0
LINE
8
BLACK
6
CONTINUOUS
10
5.6154157086614171
20
-3.7793162204724409
11
5.6149748031496065
21
-3.7803806299212597
0
LINE
8
BLACK
6
CONTINUOUS
10
5.6149748031496065
20
-3.7803806299212597
11
5.614160157480315
21
-3.7811952755905511
0
LINE
8
BLACK
6
CONTINUOUS
10
5.614160157480315
20
-3.7811952755905511
11
5.6130957480314958
21
-3.7816361811023622
0
LINE
8
BLACK
6
CONTINUOUS
10
5.6130957480314958
20
-3.7816361811023622
11
5.5760553937007868
21
-3.7816513385826771
0
LINE
8
BLACK
6
CONTINUOUS
10
5.5760553937007868
20
-3.7816513385826771
11
5.5760942125984254
21
-3.7955283070866139
0
LINE
8
BLACK
6
CONTINUOUS
10
5.5760942125984254
20
-3.7955283070866139
11
5.8064730314960631
21
-3.7954731102362205
0
LINE
8
BLACK
6
CONTINUOUS
10
5.8064730314960631
20
-3.7954731102362205
11
5.8064671653543307
21
-3.7749999999999999
0
LINE
8
BLACK
6
CONTINUOUS
10
5.8064671653543307
20
-3.7749999999999999
11
5.6950000000000003
21
-3.7749999999999999
0
LINE
8
BLACK
6
CONTINUOUS
10
5.6950000000000003
20
-3.7749999999999999
11
5.6950000000000003
21
-3.7619684251968502
0
LINE
8
BLACK
6
CONTINUOUS
10
5.6950000000000003
20
-3.7619684251968502
11
5.6154664173228346
21
-3.7620064566929132
0
LINE
8
BLACK
6
CONTINUOUS
10
5.8319563385826774
20
-3.6242120472440944
11
5.8319566141732286
21
-3.625
0
LINE
8
BLACK
6
CONTINUOUS
10
5.8319566141732286
20
-3.625
11
5.8449999999999998
21
-3.625
0
LINE
8
BLACK
6
CONTINUOUS
10
5.8449999999999998
20
-3.625
11
5.8449999999999998
21
-3.7749999999999999
0
LINE
8
BLACK
6
CONTINUOUS
10
5.8449999999999998
20
-3.7749999999999999
11
5.8320104724409445
21
-3.7749999999999999
0
LINE
8
BLACK
6
CONTINUOUS
10
5.8320104724409445
20
-3.7749999999999999
11
5.8320107480314958
21
-3.775843464566929
0
LINE
8
BLACK
6
CONTINUOUS
10
5.8320107480314958
20
-3.775843464566929
11
6.1411223622047242
21
-3.7757879133858268
0
LINE
8
BLACK
6
CONTINUOUS
10
6.1411223622047242
20
-3.7757879133858268
11
6.1410679527559058
21
-3.6241564960629922
0
LINE
8
BLACK
6
CONTINUOUS
10
6.1410679527559058
20
-3.6241564960629922
11
5.8319563385826774
21
-3.6242120472440944
0
LINE
8
BLACK
6
CONTINUOUS
10
5.4776177559055119
20
-3.6242113779527556
11
5.4776721653543303
21
-3.7758426377952756
0
LINE
8
BLACK
6
CONTINUOUS
10
5.4776721653543303
20
-3.7758426377952756
11
5.6096223622047239
21
-3.7757885826771651
0
LINE
8
BLACK
6
CONTINUOUS
10
5.6096223622047239
20
-3.7757885826771651
11
5.6095679527559055
21
-3.6241572834645668
0
LINE
8
BLACK
6
CONTINUOUS
10
5.6095679527559055
20
-3.6241572834645668
11
5.4776177559055119
21
-3.6242113779527556
0
LINE
8
BLACK
6
CONTINUOUS
10
5.6154240157480313
20
-3.643896220472441
11
5.6154643307086616
21
-3.7561574015748032
0
LINE
8
BLACK
6
CONTINUOUS
10
5.6154643307086616
20
-3.7561574015748032
11
5.6950000000000003
21
-3.7561193700787401
0
LINE
8
BLACK
6
CONTINUOUS
10
5.6950000000000003
20
-3.7561193700787401
11
5.6950000000000003
21
-3.6438581889763779
0
LINE
8
BLACK
6
CONTINUOUS
10
5.6950000000000003
20
-3.6438581889763779
11
5.6154240157480313
21
-3.643896220472441
0
LINE
8
BLACK
6
CONTINUOUS
10
5.5760554724409443
20
-3.6045268503937007
11
5.5760941338582679
21
-3.6183220078740157
0
LINE
8
BLACK
6
CONTINUOUS
10
5.5760941338582679
20
-3.6183220078740157
11
5.6125196850393699
21
-3.6183070866141733
0
LINE
8
BLACK
6
CONTINUOUS
10
5.6125196850393699
20
-3.6183070866141733
11
5.6130957480314958
21
-3.6183638188976377
0
LINE
8
BLACK
6
CONTINUOUS
10
5.6130957480314958
20
-3.6183638188976377
11
5.614160157480315
21
-3.6188047244094488
0
LINE
8
BLACK
6
CONTINUOUS
10
5.614160157480315
20
-3.6188047244094488
11
5.6149748031496065
21
-3.6196193700787402
0
LINE
8
BLACK
6
CONTINUOUS
10
5.6149748031496065
20
-3.6196193700787402
11
5.6154157086614171
21
-3.620683779527559
0
LINE
8
BLACK
6
CONTINUOUS
10
5.6154157086614171
20
-3.620683779527559
11
5.6154219291338583
21
-3.6380471653543305
0
LINE
8
BLACK
6
CONTINUOUS
10
5.6154219291338583
20
-3.6380471653543305
11
5.6950000000000003
21
-3.6380091338582679
0
LINE
8
BLACK
6
CONTINUOUS
10
5.6950000000000003
20
-3.6380091338582679
11
5.6950000000000003
21
-3.625
0
LINE
8
BLACK
6
CONTINUOUS
10
5.6950000000000003
20
-3.625
11
5.8064240551181099
21
-3.625
0
LINE
8
BLACK
6
CONTINUOUS
10
5.8064240551181099
20
-3.625
11
5.8064181496062988
21
-3.6044716535433068
0
LINE
8
BLACK
6
CONTINUOUS
10
5.8064181496062988
20
-3.6044716535433068
11
5.5760554724409443
21
-3.6045268503937007
0
LINE
8
BLACK
6
CONTINUOUS
10
5.812267086614173
20
-3.404527086614173
11
5.8122729921259841
21
-3.4249999999999998
0
LINE
8
BLACK
6
CONTINUOUS
10
5.8122729921259841
20
-3.4249999999999998
11
5.8261076377952756
21
-3.4249999999999998
0
LINE
8
BLACK
6
CONTINUOUS
10
5.8261076377952756
20
-3.4249999999999998
11
5.826106299212598
21
-3.4212598425196852
0
LINE
8
BLACK
6
CONTINUOUS
10
5.826106299212598
20
-3.4212598425196852
11
5.8261630314960628
21
-3.4206837795275589
0
LINE
8
BLACK
6
CONTINUOUS
10
5.8261630314960628
20
-3.4206837795275589
11
5.8266039370078735
21
-3.4196193700787401
0
LINE
8
BLACK
6
CONTINUOUS
10
5.8266039370078735
20
-3.4196193700787401
11
5.8274185826771649
21
-3.4188047244094486
0
LINE
8
BLACK
6
CONTINUOUS
10
5.8274185826771649
20
-3.4188047244094486
11
5.8284829921259842
21
-3.4183638188976375
0
LINE
8
BLACK
6
CONTINUOUS
10
5.8284829921259842
20
-3.4183638188976375
11
6.1440196850393702
21
-3.4183070866141732
0
LINE
8
BLACK
6
CONTINUOUS
10
6.1440196850393702
20
-3.4183070866141732
11
6.1445957480314961
21
-3.4183638188976375
0
LINE
8
BLACK
6
CONTINUOUS
10
6.1445957480314961
20
-3.4183638188976375
11
6.1456601574803145
21
-3.4188047244094486
0
LINE
8
BLACK
6
CONTINUOUS
10
6.1456601574803145
20
-3.4188047244094486
11
6.1464748031496059
21
-3.4196193700787401
0
LINE
8
BLACK
6
CONTINUOUS
10
6.1464748031496059
20
-3.4196193700787401
11
6.1469157086614175
21
-3.4206837795275589
0
LINE
8
BLACK
6
CONTINUOUS
10
6.1469157086614175
20
-3.4206837795275589
11
6.1469724409448814
21
-3.5787401574803148
0
LINE
8
BLACK
6
CONTINUOUS
10
6.1469724409448814
20
-3.5787401574803148
11
6.1469157086614175
21
-3.5793162204724407
0
LINE
8
BLACK
6
CONTINUOUS
10
6.1469157086614175
20
-3.5793162204724407
11
6.1464748031496059
21
-3.5803806299212599
0
LINE
8
BLACK
6
CONTINUOUS
10
6.1464748031496059
20
-3.5803806299212599
11
6.1456601574803145
21
-3.581195275590551
0
LINE
8
BLACK
6
CONTINUOUS
10
6.1456601574803145
20
-3.581195275590551
11
6.1445957480314961
21
-3.581636181102362
0
LINE
8
BLACK
6
CONTINUOUS
10
6.1445957480314961
20
-3.581636181102362
11
5.8290590551181101
21
-3.5816929133858268
0
LINE
8
BLACK
6
CONTINUOUS
10
5.8290590551181101
20
-3.5816929133858268
11
5.8284829921259842
21
-3.581636181102362
0
LINE
8
BLACK
6
CONTINUOUS
10
5.8284829921259842
20
-3.581636181102362
11
5.8274185826771649
21
-3.581195275590551
0
LINE
8
BLACK
6
CONTINUOUS
10
5.8274185826771649
20
-3.581195275590551
11
5.8266039370078735
21
-3.5803806299212599
0
LINE
8
BLACK
6
CONTINUOUS
10
5.8266039370078735
20
-3.5803806299212599
11
5.8261630314960628
21
-3.5793162204724407
0
LINE
8
BLACK
6
CONTINUOUS
10
5.8261630314960628
20
-3.5793162204724407
11
5.8261614960629924
21
-3.5749999999999997
0
LINE
8
BLACK
6
CONTINUOUS
10
5.8261614960629924
20
-3.5749999999999997
11
5.812316102362205
21
-3.5749999999999997
0
LINE
8
BLACK
6
CONTINUOUS
10
5.812316102362205
20
-3.5749999999999997
11
5.8123219685039365
21
-3.5955285826771655
0
LINE
8
BLACK
6
CONTINUOUS
10
5.8123219685039365
20
-3.5955285826771655
11
6.1608037401574798
21
-3.5954728740157478
0
LINE
8
BLACK
6
CONTINUOUS
10
6.1608037401574798
20
-3.5954728740157478
11
6.1607488582677163
21
-3.4044713779527558
0
LINE
8
BLACK
6
CONTINUOUS
10
6.1607488582677163
20
-3.4044713779527558
11
5.812267086614173
21
-3.404527086614173
0
LINE
8
BLACK
6
CONTINUOUS
10
5.6154664173228346
20
-3.5620064566929135
11
5.615472440944882
21
-3.5787401574803148
0
LINE
8
BLACK
6
CONTINUOUS
10
5.615472440944882
20
-3.5787401574803148
11
5.6154157086614171
21
-3.5793162204724407
0
LINE
8
BLACK
6
CONTINUOUS
10
5.6154157086614171
20
-3.5793162204724407
11
5.6149748031496065
21
-3.5803806299212599
0
LINE
8
BLACK
6
CONTINUOUS
10
5.6149748031496065
20
-3.5803806299212599
11
5.614160157480315
21
-3.581195275590551
0
LINE
8
BLACK
6
CONTINUOUS
10
5.614160157480315
20
-3.581195275590551
11
5.6130957480314958
21
-3.581636181102362
0
LINE
8
BLACK
6
CONTINUOUS
10
5.6130957480314958
20
-3.581636181102362
11
5.5760553937007868
21
-3.5816513385826769
0
LINE
8
BLACK
6
CONTINUOUS
10
5.5760553937007868
20
-3.5816513385826769
11
5.5760942125984254
21
-3.5955283070866142
0
LINE
8
BLACK
6
CONTINUOUS
10
5.5760942125984254
20
-3.5955283070866142
11
5.8064730314960631
21
-3.5954731102362203
0
LINE
8
BLACK
6
CONTINUOUS
10
5.8064730314960631
20
-3.5954731102362203
11
5.8064671653543307
21
-3.5749999999999997
0
LINE
8
BLACK
6
CONTINUOUS
10
5.8064671653543307
20
-3.5749999999999997
11
5.6950000000000003
21
-3.5749999999999997
0
LINE
8
BLACK
6
CONTINUOUS
10
5.6950000000000003
20
-3.5749999999999997
11
5.6950000000000003
21
-3.5619684251968504
0
LINE
8
BLACK
6
CONTINUOUS
10
5.6950000000000003
20
-3.5619684251968504
11
5.6154664173228346
21
-3.5620064566929135
0
LINE
8
BLACK
6
CONTINUOUS
10
5.8319563385826774
20
-3.4242120472440942
11
5.8319566141732286
21
-3.4249999999999998
0
LINE
8
BLACK
6
CONTINUOUS
10
5.8319566141732286
20
-3.4249999999999998
11
5.8449999999999998
21
-3.4249999999999998
0
LINE
8
BLACK
6
CONTINUOUS
10
5.8449999999999998
20
-3.4249999999999998
11
5.8449999999999998
21
-3.5749999999999997
0
LINE
8
BLACK
6
CONTINUOUS
10
5.8449999999999998
20
-3.5749999999999997
11
5.8320104724409445
21
-3.5749999999999997
0
LINE
8
BLACK
6
CONTINUOUS
10
5.8320104724409445
20
-3.5749999999999997
11
5.8320107480314958
21
-3.5758434645669293
0
LINE
8
BLACK
6
CONTINUOUS
10
5.8320107480314958
20
-3.5758434645669293
11
6.1411223622047242
21
-3.5757879133858266
0
LINE
8
BLACK
6
CONTINUOUS
10
6.1411223622047242
20
-3.5757879133858266
11
6.1410679527559058
21
-3.424156496062992
0
LINE
8
BLACK
6
CONTINUOUS
10
6.1410679527559058
20
-3.424156496062992
11
5.8319563385826774
21
-3.4242120472440942
0
LINE
8
BLACK
6
CONTINUOUS
10
5.4776177559055119
20
-3.4242113779527559
11
5.4776721653543303
21
-3.5758426377952754
0
LINE
8
BLACK
6
CONTINUOUS
10
5.4776721653543303
20
-3.5758426377952754
11
5.6096223622047239
21
-3.5757885826771654
0
LINE
8
BLACK
6
CONTINUOUS
10
5.6096223622047239
20
-3.5757885826771654
11
5.6095679527559055
21
-3.424157283464567
0
LINE
8
BLACK
6
CONTINUOUS
10
5.6095679527559055
20
-3.424157283464567
11
5.4776177559055119
21
-3.4242113779527559
0
LINE
8
BLACK
6
CONTINUOUS
10
5.6154240157480313
20
-3.4438962204724408
11
5.6154643307086616
21
-3.556157401574803
0
LINE
8
BLACK
6
CONTINUOUS
10
5.6154643307086616
20
-3.556157401574803
11
5.6950000000000003
21
-3.5561193700787399
0
LINE
8
BLACK
6
CONTINUOUS
10
5.6950000000000003
20
-3.5561193700787399
11
5.6950000000000003
21
-3.4438581889763777
0
LINE
8
BLACK
6
CONTINUOUS
10
5.6950000000000003
20
-3.4438581889763777
11
5.6154240157480313
21
-3.4438962204724408
0
LINE
8
BLACK
6
CONTINUOUS
10
5.5760554724409443
20
-3.4045268503937005
11
5.5760941338582679
21
-3.4183220078740155
0
LINE
8
BLACK
6
CONTINUOUS
10
5.5760941338582679
20
-3.4183220078740155
11
5.6125196850393699
21
-3.4183070866141732
0
LINE
8
BLACK
6
CONTINUOUS
10
5.6125196850393699
20
-3.4183070866141732
11
5.6130957480314958
21
-3.4183638188976375
0
LINE
8
BLACK
6
CONTINUOUS
10
5.6130957480314958
20
-3.4183638188976375
11
5.614160157480315
21
-3.4188047244094486
0
LINE
8
BLACK
6
CONTINUOUS
10
5.614160157480315
20
-3.4188047244094486
11
5.6149748031496065
21
-3.4196193700787401
0
LINE
8
BLACK
6
CONTINUOUS
10
5.6149748031496065
20
-3.4196193700787401
11
5.6154157086614171
21
-3.4206837795275589
0
LINE
8
BLACK
6
CONTINUOUS
10
5.6154157086614171
20
-3.4206837795275589
11
5.6154219291338583
21
-3.4380471653543307
0
LINE
8
BLACK
6
CONTINUOUS
10
5.6154219291338583
20
-3.4380471653543307
11
5.6950000000000003
21
-3.4380091338582677
0
LINE
8
BLACK
6
CONTINUOUS
10
5.6950000000000003
20
-3.4380091338582677
11
5.6950000000000003
21
-3.4249999999999998
0
LINE
8
BLACK
6
CONTINUOUS
10
5.6950000000000003
20
-3.4249999999999998
11
5.8064240551181099
21
-3.4249999999999998
0
LINE
8
BLACK
6
CONTINUOUS
10
5.8064240551181099
20
-3.4249999999999998
11
5.8064181496062988
21
-3.4044716535433071
0
LINE
8
BLACK
6
CONTINUOUS
10
5.8064181496062988
20
-3.4044716535433071
11
5.5760554724409443
21
-3.4045268503937005
0
LINE
8
BLACK
6
CONTINUOUS
10
5.812267086614173
20
-3.2045270866141733
11
5.8122729921259841
21
-3.2250000000000001
0
LINE
8
BLACK
6
CONTINUOUS
10
5.8122729921259841
20
-3.2250000000000001
11
5.8261076377952756
21
-3.2250000000000001
0
LINE
8
BLACK
6
CONTINUOUS
10
5.8261076377952756
20
-3.2250000000000001
11
5.826106299212598
21
-3.221259842519685
0
LINE
8
BLACK
6
CONTINUOUS
10
5.826106299212598
20
-3.221259842519685
11
5.8261630314960628
21
-3.2206837795275591
0
LINE
8
BLACK
6
CONTINUOUS
10
5.8261630314960628
20
-3.2206837795275591
11
5.8266039370078735
21
-3.2196193700787399
0
LINE
8
BLACK
6
CONTINUOUS
10
5.8266039370078735
20
-3.2196193700787399
11
5.8274185826771649
21
-3.2188047244094489
0
LINE
8
BLACK
6
CONTINUOUS
10
5.8274185826771649
20
-3.2188047244094489
11
5.8284829921259842
21
-3.2183638188976378
0
LINE
8
BLACK
6
CONTINUOUS
10
5.8284829921259842
20
-3.2183638188976378
11
6.1440196850393702
21
-3.218307086614173
0
LINE
8
BLACK
6
CONTINUOUS
10
6.1440196850393702
20
-3.218307086614173
11
6.1445957480314961
21
-3.2183638188976378
0
LINE
8
BLACK
6
CONTINUOUS
10
6.1445957480314961
20
-3.2183638188976378
11
6.1456601574803145
21
-3.2188047244094489
0
LINE
8
BLACK
6
CONTINUOUS
10
6.1456601574803145
20
-3.2188047244094489
11
6.1464748031496059
21
-3.2196193700787399
0
LINE
8
BLACK
6
CONTINUOUS
10
6.1464748031496059
20
-3.2196193700787399
11
6.1469157086614175
21
-3.2206837795275591
0
LINE
8
BLACK
6
CONTINUOUS
10
6.1469157086614175
20
-3.2206837795275591
11
6.1469724409448814
21
-3.3787401574803151
0
LINE
8
BLACK
6
CONTINUOUS
10
6.1469724409448814
20
-3.3787401574803151
11
6.1469157086614175
21
-3.379316220472441
0
LINE
8
BLACK
6
CONTINUOUS
10
6.1469157086614175
20
-3.379316220472441
11
6.1464748031496059
21
-3.3803806299212598
0
LINE
8
BLACK
6
CONTINUOUS
10
6.1464748031496059
20
-3.3803806299212598
11
6.1456601574803145
21
-3.3811952755905512
0
LINE
8
BLACK
6
CONTINUOUS
10
6.1456601574803145
20
-3.3811952755905512
11
6.1445957480314961
21
-3.3816361811023623
0
LINE
8
BLACK
6
CONTINUOUS
10
6.1445957480314961
20
-3.3816361811023623
11
5.8290590551181101
21
-3.3816929133858267
0
LINE
8
BLACK
6
CONTINUOUS
10
5.8290590551181101
20
-3.3816929133858267
11
5.8284829921259842
21
-3.3816361811023623
0
LINE
8
BLACK
6
CONTINUOUS
10
5.8284829921259842
20
-3.3816361811023623
11
5.8274185826771649
21
-3.3811952755905512
0
LINE
8
BLACK
6
CONTINUOUS
10
5.8274185826771649
20
-3.3811952755905512
11
5.8266039370078735
21
-3.3803806299212598
0
LINE
8
BLACK
6
CONTINUOUS
10
5.8266039370078735
20
-3.3803806299212598
11
5.8261630314960628
21
-3.379316220472441
0
LINE
8
BLACK
6
CONTINUOUS
10
5.8261630314960628
20
-3.379316220472441
11
5.8261614960629924
21
-3.375
0
LINE
8
BLACK
6
CONTINUOUS
10
5.8261614960629924
20
-3.375
11
5.812316102362205
21
-3.375
0
LINE
8
BLACK
6
CONTINUOUS
10
5.812316102362205
20
-3.375
11
5.8123219685039365
21
-3.3955285826771653
0
LINE
8
BLACK
6
CONTINUOUS
10
5.8123219685039365
20
-3.3955285826771653
11
6.1608037401574798
21
-3.395472874015748
0
LINE
8
BLACK
6
CONTINUOUS
10
6.1608037401574798
20
-3.395472874015748
11
6.1607488582677163
21
-3.2044713779527561
0
LINE
8
BLACK
6
CONTINUOUS
10
6.1607488582677163
20
-3.2044713779527561
11
5.812267086614173
21
-3.2045270866141733
0
LINE
8
BLACK
6
CONTINUOUS
10
5.6154664173228346
20
-3.3620064566929133
11
5.615472440944882
21
-3.3787401574803151
0
LINE
8
BLACK
6
CONTINUOUS
10
5.615472440944882
20
-3.3787401574803151
11
5.6154157086614171
21
-3.379316220472441
0
LINE
8
BLACK
6
CONTINUOUS
10
5.6154157086614171
20
-3.379316220472441
11
5.6149748031496065
21
-3.3803806299212598
0
LINE
8
BLACK
6
CONTINUOUS
10
5.6149748031496065
20
-3.3803806299212598
11
5.614160157480315
21
-3.3811952755905512
0
LINE
8
BLACK
6
CONTINUOUS
10
5.614160157480315
20
-3.3811952755905512
11
5.6130957480314958
21
-3.3816361811023623
0
LINE
8
BLACK
6
CONTINUOUS
10
5.6130957480314958
20
-3.3816361811023623
11
5.5760553937007868
21
-3.3816513385826772
0
LINE
8
BLACK
6
CONTINUOUS
10
5.5760553937007868
20
-3.3816513385826772
11
5.5760942125984254
21
-3.395528307086614
0
LINE
8
BLACK
6
CONTINUOUS
10
5.5760942125984254
20
-3.395528307086614
11
5.8064730314960631
21
-3.3954731102362206
0
LINE
8
BLACK
6
CONTINUOUS
10
5.8064730314960631
20
-3.3954731102362206
11
5.8064671653543307
21
-3.375
0
LINE
8
BLACK
6
CONTINUOUS
10
5.8064671653543307
20
-3.375
11
5.6950000000000003
21
-3.375
0
LINE
8
BLACK
6
CONTINUOUS
10
5.6950000000000003
20
-3.375
11
5.6950000000000003
21
-3.3619684251968502
0
LINE
8
BLACK
6
CONTINUOUS
10
5.6950000000000003
20
-3.3619684251968502
11
5.6154664173228346
21
-3.3620064566929133
0
LINE
8
BLACK
6
CONTINUOUS
10
5.8319563385826774
20
-3.2242120472440945
11
5.8319566141732286
21
-3.2250000000000001
0
LINE
8
BLACK
6
CONTINUOUS
10
5.8319566141732286
20
-3.2250000000000001
11
5.8449999999999998
21
-3.2250000000000001
0
LINE
8
BLACK
6
CONTINUOUS
10
5.8449999999999998
20
-3.2250000000000001
11
5.8449999999999998
21
-3.375
0
LINE
8
BLACK
6
CONTINUOUS
10
5.8449999999999998
20
-3.375
11
5.8320104724409445
21
-3.375
0
LINE
8
BLACK
6
CONTINUOUS
10
5.8320104724409445
20
-3.375
11
5.8320107480314958
21
-3.3758434645669291
0
LINE
8
BLACK
6
CONTINUOUS
10
5.8320107480314958
20
-3.3758434645669291
11
6.1411223622047242
21
-3.3757879133858268
0
LINE
8
BLACK
6
CONTINUOUS
10
6.1411223622047242
20
-3.3757879133858268
11
6.1410679527559058
21
-3.2241564960629923
0
LINE
8
BLACK
6
CONTINUOUS
10
6.1410679527559058
20
-3.2241564960629923
11
5.8319563385826774
21
-3.2242120472440945
0
LINE
8
BLACK
6
CONTINUOUS
10
5.4776177559055119
20
-3.2242113779527557
11
5.4776721653543303
21
-3.3758426377952757
0
LINE
8
BLACK
6
CONTINUOUS
10
5.4776721653543303
20
-3.3758426377952757
11
5.6096223622047239
21
-3.3757885826771652
0
LINE
8
BLACK
6
CONTINUOUS
10
5.6096223622047239
20
-3.3757885826771652
11
5.6095679527559055
21
-3.2241572834645669
0
LINE
8
BLACK
6
CONTINUOUS
10
5.6095679527559055
20
-3.2241572834645669
11
5.4776177559055119
21
-3.2242113779527557
0
LINE
8
BLACK
6
CONTINUOUS
10
5.6154240157480313
20
-3.2438962204724411
11
5.6154643307086616
21
-3.3561574015748032
0
LINE
8
BLACK
6
CONTINUOUS
10
5.6154643307086616
20
-3.3561574015748032
11
5.6950000000000003
21
-3.3561193700787402
0
LINE
8
BLACK
6
CONTINUOUS
10
5.6950000000000003
20
-3.3561193700787402
11
5.6950000000000003
21
-3.243858188976378
0
LINE
8
BLACK
6
CONTINUOUS
10
5.6950000000000003
20
-3.243858188976378
11
5.6154240157480313
21
-3.2438962204724411
0
LINE
8
BLACK
6
CONTINUOUS
10
5.5760554724409443
20
-3.2045268503937008
11
5.5760941338582679
21
-3.2183220078740158
0
LINE
8
BLACK
6
CONTINUOUS
10
5.5760941338582679
20
-3.2183220078740158
11
5.6125196850393699
21
-3.218307086614173
0
LINE
8
BLACK
6
CONTINUOUS
10
5.6125196850393699
20
-3.218307086614173
11
5.6130957480314958
21
-3.2183638188976378
0
LINE
8
BLACK
6
CONTINUOUS
10
5.6130957480314958
20
-3.2183638188976378
11
5.614160157480315
21
-3.2188047244094489
0
LINE
8
BLACK
6
CONTINUOUS
10
5.614160157480315
20
-3.2188047244094489
11
5.6149748031496065
21
-3.2196193700787399
0
LINE
8
BLACK
6
CONTINUOUS
10
5.6149748031496065
20
-3.2196193700787399
11
5.6154157086614171
21
-3.2206837795275591
0
LINE
8
BLACK
6
CONTINUOUS
10
5.6154157086614171
20
-3.2206837795275591
11
5.6154219291338583
21
-3.2380471653543306
0
LINE
8
BLACK
6
CONTINUOUS
10
5.6154219291338583
20
-3.2380471653543306
11
5.6950000000000003
21
-3.2380091338582675
0
LINE
8
BLACK
6
CONTINUOUS
10
5.6950000000000003
20
-3.2380091338582675
11
5.6950000000000003
21
-3.2250000000000001
0
LINE
8
BLACK
6
CONTINUOUS
10
5.6950000000000003
20
-3.2250000000000001
11
5.8064240551181099
21
-3.2250000000000001
0
LINE
8
BLACK
6
CONTINUOUS
10
5.8064240551181099
20
-3.2250000000000001
11
5.8064181496062988
21
-3.2044716535433069
0
LINE
8
BLACK
6
CONTINUOUS
10
5.8064181496062988
20
-3.2044716535433069
11
5.5760554724409443
21
-3.2045268503937008
0
LINE
8
BLACK
6
CONTINUOUS
10
5.812267086614173
20
-3.0045270866141731
11
5.8122729921259841
21
-3.0249999999999999
0
LINE
8
BLACK
6
CONTINUOUS
10
5.8122729921259841
20
-3.0249999999999999
11
5.8261076377952756
21
-3.0249999999999999
0
LINE
8
BLACK
6
CONTINUOUS
10
5.8261076377952756
20
-3.0249999999999999
11
5.826106299212598
21
-3.0212598425196848
0
LINE
8
BLACK
6
CONTINUOUS
10
5.826106299212598
20
-3.0212598425196848
11
5.8261630314960628
21
-3.020683779527559
0
LINE
8
BLACK
6
CONTINUOUS
10
5.8261630314960628
20
-3.020683779527559
11
5.8266039370078735
21
-3.0196193700787402
0
LINE
8
BLACK
6
CONTINUOUS
10
5.8266039370078735
20
-3.0196193700787402
11
5.8274185826771649
21
-3.0188047244094487
0
LINE
8
BLACK
6
CONTINUOUS
10
5.8274185826771649
20
-3.0188047244094487
11
5.8284829921259842
21
-3.0183638188976376
0
LINE
8
BLACK
6
CONTINUOUS
10
5.8284829921259842
20
-3.0183638188976376
11
6.1440196850393702
21
-3.0183070866141732
0
LINE
8
BLACK
6
CONTINUOUS
10
6.1440196850393702
20
-3.0183070866141732
11
6.1445957480314961
21
-3.0183638188976376
0
LINE
8
BLACK
6
CONTINUOUS
10
6.1445957480314961
20
-3.0183638188976376
11
6.1456601574803145
21
-3.0188047244094487
0
LINE
8
BLACK
6
CONTINUOUS
10
6.1456601574803145
20
-3.0188047244094487
11
6.1464748031496059
21
-3.0196193700787402
0
LINE
8
BLACK
6
CONTINUOUS
10
6.1464748031496059
20
-3.0196193700787402
11
6.1469157086614175
21
-3.020683779527559
0
LINE
8
BLACK
6
CONTINUOUS
10
6.1469157086614175
20
-3.020683779527559
11
6.1469724409448814
21
-3.1787401574803149
0
LINE
8
BLACK
6
CONTINUOUS
10
6.1469724409448814
20
-3.1787401574803149
11
6.1469157086614175
21
-3.1793162204724408
0
LINE
8
BLACK
6
CONTINUOUS
10
6.1469157086614175
20
-3.1793162204724408
11
6.1464748031496059
21
-3.1803806299212596
0
LINE
8
BLACK
6
CONTINUOUS
10
6.1464748031496059
20
-3.1803806299212596
11
6.1456601574803145
21
-3.181195275590551
0
LINE
8
BLACK
6
CONTINUOUS
10
6.1456601574803145
20
-3.181195275590551
11
6.1445957480314961
21
-3.1816361811023621
0
LINE
8
BLACK
6
CONTINUOUS
10
6.1445957480314961
20
-3.1816361811023621
11
5.8290590551181101
21
-3.1816929133858265
0
LINE
8
BLACK
6
CONTINUOUS
10
5.8290590551181101
20
-3.1816929133858265
11
5.8284829921259842
21
-3.1816361811023621
0
LINE
8
BLACK
6
CONTINUOUS
10
5.8284829921259842
20
-3.1816361811023621
11
5.8274185826771649
21
-3.181195275590551
0
LINE
8
BLACK
6
CONTINUOUS
10
5.8274185826771649
20
-3.181195275590551
11
5.8266039370078735
21
-3.1803806299212596
0
LINE
8
BLACK
6
CONTINUOUS
10
5.8266039370078735
20
-3.1803806299212596
11
5.8261630314960628
21
-3.1793162204724408
0
LINE
8
BLACK
6
CONTINUOUS
10
5.8261630314960628
20
-3.1793162204724408
11
5.8261614960629924
21
-3.1749999999999998
0
LINE
8
BLACK
6
CONTINUOUS
10
5.8261614960629924
20
-3.1749999999999998
11
5.812316102362205
21
-3.1749999999999998
0
LINE
8
BLACK
6
CONTINUOUS
10
5.812316102362205
20
-3.1749999999999998
11
5.8123219685039365
21
-3.1955285826771651
0
LINE
8
BLACK
6
CONTINUOUS
10
5.8123219685039365
20
-3.1955285826771651
11
6.1608037401574798
21
-3.1954728740157479
0
LINE
8
BLACK
6
CONTINUOUS
10
6.1608037401574798
20
-3.1954728740157479
11
6.1607488582677163
21
-3.0044713779527559
0
LINE
8
BLACK
6
CONTINUOUS
10
6.1607488582677163
20
-3.0044713779527559
11
5.812267086614173
21
-3.0045270866141731
0
LINE
8
BLACK
6
CONTINUOUS
10
5.6154664173228346
20
-3.1620064566929131
11
5.615472440944882
21
-3.1787401574803149
0
LINE
8
BLACK
6
CONTINUOUS
10
5.615472440944882
20
-3.1787401574803149
11
5.6154157086614171
21
-3.1793162204724408
0
LINE
8
BLACK
6
CONTINUOUS
10
5.6154157086614171
20
-3.1793162204724408
11
5.6149748031496065
21
-3.1803806299212596
0
LINE
8
BLACK
6
CONTINUOUS
10
5.6149748031496065
20
-3.1803806299212596
11
5.614160157480315
21
-3.181195275590551
0
LINE
8
BLACK
6
CONTINUOUS
10
5.614160157480315
20
-3.181195275590551
11
5.6130957480314958
21
-3.1816361811023621
0
LINE
8
BLACK
6
CONTINUOUS
10
5.6130957480314958
20
-3.1816361811023621
11
5.5760553937007868
21
-3.181651338582677
0
LINE
8
BLACK
6
CONTINUOUS
10
5.5760553937007868
20
-3.181651338582677
11
5.5760942125984254
21
-3.1955283070866143
0
LINE
8
BLACK
6
CONTINUOUS
10
5.5760942125984254
20
-3.1955283070866143
11
5.8064730314960631
21
-3.1954731102362204
0
LINE
8
BLACK
6
CONTINUOUS
10
5.8064730314960631
20
-3.1954731102362204
11
5.8064671653543307
21
-3.1749999999999998
0
LINE
8
BLACK
6
CONTINUOUS
10
5.8064671653543307
20
-3.1749999999999998
11
5.6950000000000003
21
-3.1749999999999998
0
LINE
8
BLACK
6
CONTINUOUS
10
5.6950000000000003
20
-3.1749999999999998
11
5.6950000000000003
21
-3.1619684251968505
0
LINE
8
BLACK
6
CONTINUOUS
10
5.6950000000000003
20
-3.1619684251968505
11
5.6154664173228346
21
-3.1620064566929131
0
LINE
8
BLACK
6
CONTINUOUS
10
5.8319563385826774
20
-3.0242120472440943
11
5.8319566141732286
21
-3.0249999999999999
0
LINE
8
BLACK
6
CONTINUOUS
10
5.8319566141732286
20
-3.0249999999999999
11
5.8449999999999998
21
-3.0249999999999999
0
LINE
8
BLACK
6
CONTINUOUS
10
5.8449999999999998
20
-3.0249999999999999
11
5.8449999999999998
21
-3.1749999999999998
0
LINE
8
BLACK
6
CONTINUOUS
10
5.8449999999999998
20
-3.1749999999999998
11
5.8320104724409445
21
-3.1749999999999998
0
LINE
8
BLACK
6
CONTINUOUS
10
5.8320104724409445
20
-3.1749999999999998
11
5.8320107480314958
21
-3.1758434645669289
0
LINE
8
BLACK
6
CONTINUOUS
10
5.8320107480314958
20
-3.1758434645669289
11
6.1411223622047242
21
-3.1757879133858267
0
LINE
8
BLACK
6
CONTINUOUS
10
6.1411223622047242
20
-3.1757879133858267
11
6.1410679527559058
21
-3.0241564960629921
0
LINE
8
BLACK
6
CONTINUOUS
10
6.1410679527559058
20
-3.0241564960629921
11
5.8319563385826774
21
-3.0242120472440943
0
LINE
8
BLACK
6
CONTINUOUS
10
5.4776177559055119
20
-3.024211377952756
11
5.4776721653543303
21
-3.1758426377952755
0
LINE
8
BLACK
6
CONTINUOUS
10
5.4776721653543303
20
-3.1758426377952755
11
5.6096223622047239
21
-3.1757885826771655
0
LINE
8
BLACK
6
CONTINUOUS
10
5.6096223622047239
20
-3.1757885826771655
11
5.6095679527559055
21
-3.0241572834645667
0
LINE
8
BLACK
6
CONTINUOUS
10
5.6095679527559055
20
-3.0241572834645667
11
5.4776177559055119
21
-3.024211377952756
0
LINE
8
BLACK
6
CONTINUOUS
10
5.6154240157480313
20
-3.0438962204724409
11
5.6154643307086616
21
-3.1561574015748031
0
LINE
8
BLACK
6
CONTINUOUS
10
5.6154643307086616
20
-3.1561574015748031
11
5.6950000000000003
21
-3.15611937007874
0
LINE
8
BLACK
6
CONTINUOUS
10
5.6950000000000003
20
-3.15611937007874
11
5.6950000000000003
21
-3.0438581889763778
0
LINE
8
BLACK
6
CONTINUOUS
10
5.6950000000000003
20
-3.0438581889763778
11
5.6154240157480313
21
-3.0438962204724409
0
LINE
8
BLACK
6
CONTINUOUS
10
5.5760554724409443
20
-3.0045268503937006
11
5.5760941338582679
21
-3.0183220078740156
0
LINE
8
BLACK
6
CONTINUOUS
10
5.5760941338582679
20
-3.0183220078740156
11
5.6125196850393699
21
-3.0183070866141732
0
LINE
8
BLACK
6
CONTINUOUS
10
5.6125196850393699
20
-3.0183070866141732
11
5.6130957480314958
21
-3.0183638188976376
0
LINE
8
BLACK
6
CONTINUOUS
10
5.6130957480314958
20
-3.0183638188976376
11
5.614160157480315
21
-3.0188047244094487
0
LINE
8
BLACK
6
CONTINUOUS
10
5.614160157480315
20
-3.0188047244094487
11
5.6149748031496065
21
-3.0196193700787402
0
LINE
8
BLACK
6
CONTINUOUS
10
5.6149748031496065
20
-3.0196193700787402
11
5.6154157086614171
21
-3.020683779527559
0
LINE
8
BLACK
6
CONTINUOUS
10
5.6154157086614171
20
-3.020683779527559
11
5.6154219291338583
21
-3.0380471653543308
0
LINE
8
BLACK
6
CONTINUOUS
10
5.6154219291338583
20
-3.0380471653543308
11
5.6950000000000003
21
-3.0380091338582678
0
LINE
8
BLACK
6
CONTINUOUS
10
5.6950000000000003
20
-3.0380091338582678
11
5.6950000000000003
21
-3.0249999999999999
0
LINE
8
BLACK
6
CONTINUOUS
10
5.6950000000000003
20
-3.0249999999999999
11
5.8064240551181099
21
-3.0249999999999999
0
LINE
8
BLACK
6
CONTINUOUS
10
5.8064240551181099
20
-3.0249999999999999
11
5.8064181496062988
21
-3.0044716535433071
0
LINE
8
BLACK
6
CONTINUOUS
10
5.8064181496062988
20
-3.0044716535433071
11
5.5760554724409443
21
-3.0045268503937006
0
LINE
8
BLACK
6
CONTINUOUS
10
5.7459619291338582
20
-2.9335047637795273
11
5.7461252362204727
21
-2.933572401574803
0
LINE
8
BLACK
6
CONTINUOUS
10
5.7461252362204727
20
-2.933572401574803
11
5.7463016929133861
21
-2.9335849606299211
0
LINE
8
BLACK
6
CONTINUOUS
10
5.7463016929133861
20
-2.9335849606299211
11
5.7472615748031499
21
-2.9340430708661418
0
LINE
8
BLACK
6
CONTINUOUS
10
5.7472615748031499
20
-2.9340430708661418
11
5.7477359448818897
21
-2.9342395669291337
0
LINE
8
BLACK
6
CONTINUOUS
10
5.7477359448818897
20
-2.9342395669291337
11
5.7477931496062995
21
-2.9342967716535431
0
LINE
8
BLACK
6
CONTINUOUS
10
5.7477931496062995
20
-2.9342967716535431
11
5.7509522047244097
21
-2.9358044881889764
0
LINE
8
BLACK
6
CONTINUOUS
10
5.7509522047244097
20
-2.9358044881889764
11
5.7513655118110236
21
-2.9360646850393701
0
LINE
8
BLACK
6
CONTINUOUS
10
5.7513655118110236
20
-2.9360646850393701
11
5.7514854724409448
21
-2.93611437007874
0
LINE
8
BLACK
6
CONTINUOUS
10
5.7514854724409448
20
-2.93611437007874
11
5.7515612204724409
21
-2.9361878740157481
0
LINE
8
BLACK
6
CONTINUOUS
10
5.7515612204724409
20
-2.9361878740157481
11
5.7517686614173229
21
-2.9363184645669289
0
LINE
8
BLACK
6
CONTINUOUS
10
5.7517686614173229
20
-2.9363184645669289
11
5.7521553543307089
21
-2.9367643307086615
0
LINE
8
BLACK
6
CONTINUOUS
10
5.7521553543307089
20
-2.9367643307086615
11
5.7559807480314955
21
-2.940475905511811
0
LINE
8
BLACK
6
CONTINUOUS
10
5.7559807480314955
20
-2.940475905511811
11
5.7565927559055119
21
-2.9412216535433071
0
LINE
8
BLACK
6
CONTINUOUS
10
5.7565927559055119
20
-2.9412216535433071
11
5.7567327559055119
21
-2.9415596456692912
0
LINE
8
BLACK
6
CONTINUOUS
10
5.7567327559055119
20
-2.9415596456692912
11
5.7569506299212598
21
-2.9418537007874015
0
LINE
8
BLACK
6
CONTINUOUS
10
5.7569506299212598
20
-2.9418537007874015
11
5.7571152362204723
21
-2.9424829921259841
0
LINE
8
BLACK
6
CONTINUOUS
10
5.7571152362204723
20
-2.9424829921259841
11
5.7573275984251966
21
-2.9429956299212598
0
LINE
8
BLACK
6
CONTINUOUS
10
5.7573275984251966
20
-2.9429956299212598
11
5.7573275984251966
21
-2.9432947244094487
0
LINE
8
BLACK
6
CONTINUOUS
10
5.7573275984251966
20
-2.9432947244094487
11
5.75915
21
-2.950261220472441
0
LINE
8
BLACK
6
CONTINUOUS
10
5.75915
20
-2.950261220472441
11
5.7591746062992124
21
-2.9504277165354331
0
LINE
8
BLACK
6
CONTINUOUS
10
5.7591746062992124
20
-2.9504277165354331
11
5.7592023622047241
21
-2.9504947244094488
0
LINE
8
BLACK
6
CONTINUOUS
10
5.7592023622047241
20
-2.9504947244094488
11
5.759203188976378
21
-2.9506211023622049
0
LINE
8
BLACK
6
CONTINUOUS
10
5.759203188976378
20
-2.9506211023622049
11
5.7592911023622042
21
-2.9512155511811025
0
LINE
8
BLACK
6
CONTINUOUS
10
5.7592911023622042
20
-2.9512155511811025
11
5.7592107874015745
21
-2.9517550787401574
0
LINE
8
BLACK
6
CONTINUOUS
10
5.7592107874015745
20
-2.9517550787401574
11
5.7592969291338578
21
-2.9645781496062993
0
LINE
8
BLACK
6
CONTINUOUS
10
5.7592969291338578
20
-2.9645781496062993
11
5.759280393700787
21
-2.9647456299212598
0
LINE
8
BLACK
6
CONTINUOUS
10
5.759280393700787
20
-2.9647456299212598
11
5.7592911023622042
21
-2.9648174015748032
0
LINE
8
BLACK
6
CONTINUOUS
10
5.7592911023622042
20
-2.9648174015748032
11
5.7592608661417319
21
-2.9649441338582676
0
LINE
8
BLACK
6
CONTINUOUS
10
5.7592608661417319
20
-2.9649441338582676
11
5.7592023622047241
21
-2.9655382283464564
0
LINE
8
BLACK
6
CONTINUOUS
10
5.7592023622047241
20
-2.9655382283464564
11
5.7590063385826769
21
-2.9660113779527557
0
LINE
8
BLACK
6
CONTINUOUS
10
5.7590063385826769
20
-2.9660113779527557
11
5.7572752362204724
21
-2.9732707874015749
0
LINE
8
BLACK
6
CONTINUOUS
10
5.7572752362204724
20
-2.9732707874015749
11
5.7569506299212598
21
-2.9741792519685037
0
LINE
8
BLACK
6
CONTINUOUS
10
5.7569506299212598
20
-2.9741792519685037
11
5.7567328346456694
21
-2.974473149606299
0
LINE
8
BLACK
6
CONTINUOUS
10
5.7567328346456694
20
-2.974473149606299
11
5.7565927952755906
21
-2.9748112992125986
0
LINE
8
BLACK
6
CONTINUOUS
10
5.7565927952755906
20
-2.9748112992125986
11
5.7561254330708662
21
-2.9752929527559053
0
LINE
8
BLACK
6
CONTINUOUS
10
5.7561254330708662
20
-2.9752929527559053
11
5.7558075196850389
21
-2.9757220866141734
0
LINE
8
BLACK
6
CONTINUOUS
10
5.7558075196850389
20
-2.9757220866141734
11
5.755572007874016
21
-2.9758633858267718
0
LINE
8
BLACK
6
CONTINUOUS
10
5.755572007874016
20
-2.9758633858267718
11
5.7522312598425192
21
-2.9793066141732281
0
LINE
8
BLACK
6
CONTINUOUS
10
5.7522312598425192
20
-2.9793066141732281
11
5.7518537401574799
21
-2.9796164173228346
0
LINE
8
BLACK
6
CONTINUOUS
10
5.7518537401574799
20
-2.9796164173228346
11
5.7517686614173229
21
-2.9797145275590551
0
LINE
8
BLACK
6
CONTINUOUS
10
5.7517686614173229
20
-2.9797145275590551
11
5.7516735826771654
21
-2.9797642125984249
0
LINE
8
BLACK
6
CONTINUOUS
10
5.7516735826771654
20
-2.9797642125984249
11
5.7514855118110235
21
-2.979918622047244
0
LINE
8
BLACK
6
CONTINUOUS
10
5.7514855118110235
20
-2.979918622047244
11
5.7509717322834648
21
-2.9801314173228346
0
LINE
8
BLACK
6
CONTINUOUS
10
5.7509717322834648
20
-2.9801314173228346
11
5.7472027165354334
21
-2.9821032283464568
0
LINE
8
BLACK
6
CONTINUOUS
10
5.7472027165354334
20
-2.9821032283464568
11
5.7463016929133861
21
-2.9824480314960629
0
LINE
8
BLACK
6
CONTINUOUS
10
5.7463016929133861
20
-2.9824480314960629
11
5.7461252362204727
21
-2.9824605511811022
0
LINE
8
BLACK
6
CONTINUOUS
10
5.7461252362204727
20
-2.9824605511811022
11
5.7459619291338582
21
-2.9825282283464567
0
LINE
8
BLACK
6
CONTINUOUS
10
5.7459619291338582
20
-2.9825282283464567
11
5.7450262204724405
21
-2.9825386614173226
0
LINE
8
BLACK
6
CONTINUOUS
10
5.7450262204724405
20
-2.9825386614173226
11
5.744386338582677
21
-2.9825841732283465
0
LINE
8
BLACK
6
CONTINUOUS
10
5.744386338582677
20
-2.9825841732283465
11
5.7442750787401575
21
-2.9825470472440943
0
LINE
8
BLACK
6
CONTINUOUS
10
5.7442750787401575
20
-2.9825470472440943
11
5.7375027952755904
21
-2.9826227952755904
0
LINE
8
BLACK
6
CONTINUOUS
10
5.7375027952755904
20
-2.9826227952755904
11
5.7365427165354328
21
-2.9825282283464567
0
LINE
8
BLACK
6
CONTINUOUS
10
5.7365427165354328
20
-2.9825282283464567
11
5.7363793307086617
21
-2.9824605511811022
0
LINE
8
BLACK
6
CONTINUOUS
10
5.7363793307086617
20
-2.9824605511811022
11
5.7362029527559057
21
-2.9824480314960629
0
LINE
8
BLACK
6
CONTINUOUS
10
5.7362029527559057
20
-2.9824480314960629
11
5.7352430708661419
21
-2.9819899212598426
0
LINE
8
BLACK
6
CONTINUOUS
10
5.7352430708661419
20
-2.9819899212598426
11
5.7347687007874013
21
-2.9817934251968503
0
LINE
8
BLACK
6
CONTINUOUS
10
5.7347687007874013
20
-2.9817934251968503
11
5.7347114566929136
21
-2.9817361811023622
0
LINE
8
BLACK
6
CONTINUOUS
10
5.7347114566929136
20
-2.9817361811023622
11
5.7315524015748034
21
-2.9802284645669292
0
LINE
8
BLACK
6
CONTINUOUS
10
5.7315524015748034
20
-2.9802284645669292
11
5.7311392125984248
21
-2.9799683464566931
0
LINE
8
BLACK
6
CONTINUOUS
10
5.7311392125984248
20
-2.9799683464566931
11
5.7310191338582674
21
-2.979918622047244
0
LINE
8
BLACK
6
CONTINUOUS
10
5.7310191338582674
20
-2.979918622047244
11
5.7309432677165351
21
-2.9798450000000001
0
LINE
8
BLACK
6
CONTINUOUS
10
5.7309432677165351
20
-2.9798450000000001
11
5.7307359842519681
21
-2.9797145275590551
0
LINE
8
BLACK
6
CONTINUOUS
10
5.7307359842519681
20
-2.9797145275590551
11
5.7303494094488192
21
-2.9792688188976379
0
LINE
8
BLACK
6
CONTINUOUS
10
5.7303494094488192
20
-2.9792688188976379
11
5.7265238582677167
21
-2.9755570472440942
0
LINE
8
BLACK
6
CONTINUOUS
10
5.7265238582677167
20
-2.9755570472440942
11
5.7259118503937003
21
-2.9748112992125986
0
LINE
8
BLACK
6
CONTINUOUS
10
5.7259118503937003
20
-2.9748112992125986
11
5.7257718110236215
21
-2.9744731889763778
0
LINE
8
BLACK
6
CONTINUOUS
10
5.7257718110236215
20
-2.9744731889763778
11
5.7255540157480311
21
-2.9741792519685037
0
LINE
8
BLACK
6
CONTINUOUS
10
5.7255540157480311
20
-2.9741792519685037
11
5.7253893700787399
21
-2.9735499212598424
0
LINE
8
BLACK
6
CONTINUOUS
10
5.7253893700787399
20
-2.9735499212598424
11
5.7251770472440944
21
-2.9730372834645671
0
LINE
8
BLACK
6
CONTINUOUS
10
5.7251770472440944
20
-2.9730372834645671
11
5.7251770472440944
21
-2.9727381889763778
0
LINE
8
BLACK
6
CONTINUOUS
10
5.7251770472440944
20
-2.9727381889763778
11
5.723354645669291
21
-2.9657717322834647
0
LINE
8
BLACK
6
CONTINUOUS
10
5.723354645669291
20
-2.9657717322834647
11
5.7233299999999998
21
-2.9656051968503938
0
LINE
8
BLACK
6
CONTINUOUS
10
5.7233299999999998
20
-2.9656051968503938
11
5.7233022834645668
21
-2.9655382283464564
0
LINE
8
BLACK
6
CONTINUOUS
10
5.7233022834645668
20
-2.9655382283464564
11
5.7233014173228343
21
-2.9654118110236221
0
LINE
8
BLACK
6
CONTINUOUS
10
5.7233014173228343
20
-2.9654118110236221
11
5.7232135433070868
21
-2.9648173622047245
0
LINE
8
BLACK
6
CONTINUOUS
10
5.7232135433070868
20
-2.9648173622047245
11
5.7232938188976377
21
-2.9642778346456691
0
LINE
8
BLACK
6
CONTINUOUS
10
5.7232938188976377
20
-2.9642778346456691
11
5.7232077165354331
21
-2.9514548031496064
0
LINE
8
BLACK
6
CONTINUOUS
10
5.7232077165354331
20
-2.9514548031496064
11
5.7232242125984252
21
-2.9512872834645667
0
LINE
8
BLACK
6
CONTINUOUS
10
5.7232242125984252
20
-2.9512872834645667
11
5.7232135433070868
21
-2.9512155905511812
0
LINE
8
BLACK
6
CONTINUOUS
10
5.7232135433070868
20
-2.9512155905511812
11
5.7232437401574803
21
-2.9510888582677164
0
LINE
8
BLACK
6
CONTINUOUS
10
5.7232437401574803
20
-2.9510888582677164
11
5.7233022834645668
21
-2.9504947244094488
0
LINE
8
BLACK
6
CONTINUOUS
10
5.7233022834645668
20
-2.9504947244094488
11
5.7234982677165354
21
-2.950021496062992
0
LINE
8
BLACK
6
CONTINUOUS
10
5.7234982677165354
20
-2.950021496062992
11
5.7252294094488185
21
-2.9427621653543308
0
LINE
8
BLACK
6
CONTINUOUS
10
5.7252294094488185
20
-2.9427621653543308
11
5.7255540157480311
21
-2.9418537007874015
0
LINE
8
BLACK
6
CONTINUOUS
10
5.7255540157480311
20
-2.9418537007874015
11
5.7257718503937003
21
-2.9415596456692912
0
LINE
8
BLACK
6
CONTINUOUS
10
5.7257718503937003
20
-2.9415596456692912
11
5.7259118897637791
21
-2.9412216535433071
0
LINE
8
BLACK
6
CONTINUOUS
10
5.7259118897637791
20
-2.9412216535433071
11
5.726379015748031
21
-2.9407401574803149
0
LINE
8
BLACK
6
CONTINUOUS
10
5.726379015748031
20
-2.9407401574803149
11
5.7266971259842521
21
-2.9403108661417323
0
LINE
8
BLACK
6
CONTINUOUS
10
5.7266971259842521
20
-2.9403108661417323
11
5.7269327165354333
21
-2.9401694881889764
0
LINE
8
BLACK
6
CONTINUOUS
10
5.7269327165354333
20
-2.9401694881889764
11
5.7302734251968506
21
-2.9367263779527559
0
LINE
8
BLACK
6
CONTINUOUS
10
5.7302734251968506
20
-2.9367263779527559
11
5.7306507874015749
21
-2.9364166535433069
0
LINE
8
BLACK
6
CONTINUOUS
10
5.7306507874015749
20
-2.9364166535433069
11
5.7307359842519681
21
-2.9363184645669289
0
LINE
8
BLACK
6
CONTINUOUS
10
5.7307359842519681
20
-2.9363184645669289
11
5.7308311023622043
21
-2.9362686614173228
0
LINE
8
BLACK
6
CONTINUOUS
10
5.7308311023622043
20
-2.9362686614173228
11
5.7310191732283462
21
-2.93611437007874
0
LINE
8
BLACK
6
CONTINUOUS
10
5.7310191732283462
20
-2.93611437007874
11
5.731532755905512
21
-2.9359016141732281
0
LINE
8
BLACK
6
CONTINUOUS
10
5.731532755905512
20
-2.9359016141732281
11
5.7353019291338585
21
-2.9339297637795276
0
LINE
8
BLACK
6
CONTINUOUS
10
5.7353019291338585
20
-2.9339297637795276
11
5.7362029527559057
21
-2.9335849606299211
0
LINE
8
BLACK
6
CONTINUOUS
10
5.7362029527559057
20
-2.9335849606299211
11
5.7363793307086617
21
-2.933572401574803
0
LINE
8
BLACK
6
CONTINUOUS
10
5.7363793307086617
20
-2.933572401574803
11
5.7365427165354328
21
-2.9335047637795273
0
LINE
8
BLACK
6
CONTINUOUS
10
5.7365427165354328
20
-2.9335047637795273
11
5.7374787795275592
21
-2.9334942913385826
0
LINE
8
BLACK
6
CONTINUOUS
10
5.7374787795275592
20
-2.9334942913385826
11
5.7381182677165352
21
-2.9334488582677163
0
LINE
8
BLACK
6
CONTINUOUS
10
5.7381182677165352
20
-2.9334488582677163
11
5.7382294094488184
21
-2.933485905511811
0
LINE
8
BLACK
6
CONTINUOUS
10
5.7382294094488184
20
-2.933485905511811
11
5.7450018503937006
21
-2.9334101968503936
0
LINE
8
BLACK
6
CONTINUOUS
10
5.7450018503937006
20
-2.9334101968503936
11
5.7459619291338582
21
-2.9335047637795273
0
LINE
8
BLACK
6
CONTINUOUS
10
5.7385672834645671
20
-2.9432407874015749
11
5.7365085433070861
21
-2.9443178346456693
0
LINE
8
BLACK
6
CONTINUOUS
10
5.7365085433070861
20
-2.9443178346456693
11
5.734362362204724
21
-2.9465298031496063
0
LINE
8
BLACK
6
CONTINUOUS
10
5.734362362204724
20
-2.9465298031496063
11
5.7329682677165357
21
-2.9523758267716533
0
LINE
8
BLACK
6
CONTINUOUS
10
5.7329682677165357
20
-2.9523758267716533
11
5.733048149606299
21
-2.9642707086614171
0
LINE
8
BLACK
6
CONTINUOUS
10
5.733048149606299
20
-2.9642707086614171
11
5.7344559448818897
21
-2.9696523228346456
0
LINE
8
BLACK
6
CONTINUOUS
10
5.7344559448818897
20
-2.9696523228346456
11
5.7367742913385822
21
-2.9719017322834644
0
LINE
8
BLACK
6
CONTINUOUS
10
5.7367742913385822
20
-2.9719017322834644
11
5.7387612204724405
21
-2.9728500393700785
0
LINE
8
BLACK
6
CONTINUOUS
10
5.7387612204724405
20
-2.9728500393700785
11
5.743937322834646
21
-2.9727921653543308
0
LINE
8
BLACK
6
CONTINUOUS
10
5.743937322834646
20
-2.9727921653543308
11
5.7459959842519686
21
-2.9717151574803147
0
LINE
8
BLACK
6
CONTINUOUS
10
5.7459959842519686
20
-2.9717151574803147
11
5.7481422440944883
21
-2.9695030314960631
0
LINE
8
BLACK
6
CONTINUOUS
10
5.7481422440944883
20
-2.9695030314960631
11
5.7495363385826774
21
-2.9636570866141732
0
LINE
8
BLACK
6
CONTINUOUS
10
5.7495363385826774
20
-2.9636570866141732
11
5.7494564566929132
21
-2.9517622047244094
0
LINE
8
BLACK
6
CONTINUOUS
10
5.7494564566929132
20
-2.9517622047244094
11
5.7480486220472438
21
-2.9463805511811021
0
LINE
8
BLACK
6
CONTINUOUS
10
5.7480486220472438
20
-2.9463805511811021
11
5.7457303543307088
21
-2.9441312598425196
0
LINE
8
BLACK
6
CONTINUOUS
10
5.7457303543307088
20
-2.9441312598425196
11
5.7437434251968504
21
-2.9431829133858267
0
LINE
8
BLACK
6
CONTINUOUS
10
5.7437434251968504
20
-2.9431829133858267
11
5.7385672834645671
21
-2.9432407874015749
0
LINE
8
BLACK
6
CONTINUOUS
10
5.7739826771653542
20
-2.9342395669291337
11
5.7753404724409449
21
-2.9355973622047244
0
LINE
8
BLACK
6
CONTINUOUS
10
5.7753404724409449
20
-2.9355973622047244
11
5.7760752755905509
21
-2.9373713779527559
0
LINE
8
BLACK
6
CONTINUOUS
10
5.7760752755905509
20
-2.9373713779527559
11
5.7761668110236215
21
-2.9691548818897635
0
LINE
8
BLACK
6
CONTINUOUS
10
5.7761668110236215
20
-2.9691548818897635
11
5.7772044881889766
21
-2.9711383858267717
0
LINE
8
BLACK
6
CONTINUOUS
10
5.7772044881889766
20
-2.9711383858267717
11
5.7779984645669291
21
-2.9718918503937006
0
LINE
8
BLACK
6
CONTINUOUS
10
5.7779984645669291
20
-2.9718918503937006
11
5.7800060629921255
21
-2.9728500393700785
0
LINE
8
BLACK
6
CONTINUOUS
10
5.7800060629921255
20
-2.9728500393700785
11
5.7851821653543309
21
-2.9727921653543308
0
LINE
8
BLACK
6
CONTINUOUS
10
5.7851821653543309
20
-2.9727921653543308
11
5.7871826377952758
21
-2.9717455905511811
0
LINE
8
BLACK
6
CONTINUOUS
10
5.7871826377952758
20
-2.9717455905511811
11
5.7879360236220467
21
-2.9709516929133857
0
LINE
8
BLACK
6
CONTINUOUS
10
5.7879360236220467
20
-2.9709516929133857
11
5.7889125196850388
21
-2.9689056299212599
0
LINE
8
BLACK
6
CONTINUOUS
10
5.7889125196850388
20
-2.9689056299212599
11
5.7888244881889763
21
-2.9383314566929135
0
LINE
8
BLACK
6
CONTINUOUS
10
5.7888244881889763
20
-2.9383314566929135
11
5.78891905511811
21
-2.9373713779527559
0
LINE
8
BLACK
6
CONTINUOUS
10
5.78891905511811
20
-2.9373713779527559
11
5.7896538582677168
21
-2.9355973622047244
0
LINE
8
BLACK
6
CONTINUOUS
10
5.7896538582677168
20
-2.9355973622047244
11
5.7910116535433067
21
-2.9342395669291337
0
LINE
8
BLACK
6
CONTINUOUS
10
5.7910116535433067
20
-2.9342395669291337
11
5.7927856692913382
21
-2.9335047637795273
0
LINE
8
BLACK
6
CONTINUOUS
10
5.7927856692913382
20
-2.9335047637795273
11
5.7947058267716534
21
-2.9335047637795273
0
LINE
8
BLACK
6
CONTINUOUS
10
5.7947058267716534
20
-2.9335047637795273
11
5.7964798425196848
21
-2.9342395669291337
0
LINE
8
BLACK
6
CONTINUOUS
10
5.7964798425196848
20
-2.9342395669291337
11
5.7978376377952756
21
-2.9355973622047244
0
LINE
8
BLACK
6
CONTINUOUS
10
5.7978376377952756
20
-2.9355973622047244
11
5.7985724409448816
21
-2.9373713779527559
0
LINE
8
BLACK
6
CONTINUOUS
10
5.7985724409448816
20
-2.9373713779527559
11
5.7986670078740152
21
-2.9702024409448819
0
LINE
8
BLACK
6
CONTINUOUS
10
5.7986670078740152
20
-2.9702024409448819
11
5.7985724409448816
21
-2.9711625196850391
0
LINE
8
BLACK
6
CONTINUOUS
10
5.7985724409448816
20
-2.9711625196850391
11
5.7985047637795271
21
-2.9713258661417323
0
LINE
8
BLACK
6
CONTINUOUS
10
5.7985047637795271
20
-2.9713258661417323
11
5.7984922440944882
21
-2.971502283464567
0
LINE
8
BLACK
6
CONTINUOUS
10
5.7984922440944882
20
-2.971502283464567
11
5.7980341338582679
21
-2.9724621259842521
0
LINE
8
BLACK
6
CONTINUOUS
10
5.7980341338582679
20
-2.9724621259842521
11
5.7978376377952756
21
-2.972936535433071
0
LINE
8
BLACK
6
CONTINUOUS
10
5.7978376377952756
20
-2.972936535433071
11
5.797780393700787
21
-2.9729937401574804
0
LINE
8
BLACK
6
CONTINUOUS
10
5.797780393700787
20
-2.9729937401574804
11
5.7962726771653541
21
-2.9761528346456694
0
LINE
8
BLACK
6
CONTINUOUS
10
5.7962726771653541
20
-2.9761528346456694
11
5.7960125590551179
21
-2.9765659842519683
0
LINE
8
BLACK
6
CONTINUOUS
10
5.7960125590551179
20
-2.9765659842519683
11
5.7959628740157481
21
-2.9766860236220474
0
LINE
8
BLACK
6
CONTINUOUS
10
5.7959628740157481
20
-2.9766860236220474
11
5.7958861023622044
21
-2.9767668897637796
0
LINE
8
BLACK
6
CONTINUOUS
10
5.7958861023622044
20
-2.9767668897637796
11
5.7957587401574804
21
-2.9769692519685038
0
LINE
8
BLACK
6
CONTINUOUS
10
5.7957587401574804
20
-2.9769692519685038
11
5.7953934645669287
21
-2.9772860236220473
0
LINE
8
BLACK
6
CONTINUOUS
10
5.7953934645669287
20
-2.9772860236220473
11
5.793476102362205
21
-2.9793065748031498
0
LINE
8
BLACK
6
CONTINUOUS
10
5.793476102362205
20
-2.9793065748031498
11
5.7930986220472436
21
-2.979616338582677
0
LINE
8
BLACK
6
CONTINUOUS
10
5.7930986220472436
20
-2.979616338582677
11
5.7930135039370079
21
-2.9797145275590551
0
LINE
8
BLACK
6
CONTINUOUS
10
5.7930135039370079
20
-2.9797145275590551
11
5.7929184251968504
21
-2.9797642519685037
0
LINE
8
BLACK
6
CONTINUOUS
10
5.7929184251968504
20
-2.9797642519685037
11
5.7927303543307085
21
-2.979918622047244
0
LINE
8
BLACK
6
CONTINUOUS
10
5.7927303543307085
20
-2.979918622047244
11
5.792216535433071
21
-2.9801314173228346
0
LINE
8
BLACK
6
CONTINUOUS
10
5.792216535433071
20
-2.9801314173228346
11
5.7884475590551183
21
-2.9821032283464568
0
LINE
8
BLACK
6
CONTINUOUS
10
5.7884475590551183
20
-2.9821032283464568
11
5.7875465354330711
21
-2.9824480314960629
0
LINE
8
BLACK
6
CONTINUOUS
10
5.7875465354330711
20
-2.9824480314960629
11
5.7873700787401576
21
-2.9824605511811022
0
LINE
8
BLACK
6
CONTINUOUS
10
5.7873700787401576
20
-2.9824605511811022
11
5.7872067716535431
21
-2.9825282283464567
0
LINE
8
BLACK
6
CONTINUOUS
10
5.7872067716535431
20
-2.9825282283464567
11
5.7862710629921255
21
-2.9825386614173226
0
LINE
8
BLACK
6
CONTINUOUS
10
5.7862710629921255
20
-2.9825386614173226
11
5.785631181102362
21
-2.9825841732283465
0
LINE
8
BLACK
6
CONTINUOUS
10
5.785631181102362
20
-2.9825841732283465
11
5.7855199212598425
21
-2.9825470472440943
0
LINE
8
BLACK
6
CONTINUOUS
10
5.7855199212598425
20
-2.9825470472440943
11
5.7787476377952753
21
-2.9826227952755904
0
LINE
8
BLACK
6
CONTINUOUS
10
5.7787476377952753
20
-2.9826227952755904
11
5.7777875590551178
21
-2.9825282283464567
0
LINE
8
BLACK
6
CONTINUOUS
10
5.7777875590551178
20
-2.9825282283464567
11
5.7776241732283466
21
-2.9824605511811022
0
LINE
8
BLACK
6
CONTINUOUS
10
5.7776241732283466
20
-2.9824605511811022
11
5.7774477952755907
21
-2.9824480314960629
0
LINE
8
BLACK
6
CONTINUOUS
10
5.7774477952755907
20
-2.9824480314960629
11
5.7764879133858269
21
-2.9819899212598426
0
LINE
8
BLACK
6
CONTINUOUS
10
5.7764879133858269
20
-2.9819899212598426
11
5.7760135433070863
21
-2.9817934251968503
0
LINE
8
BLACK
6
CONTINUOUS
10
5.7760135433070863
20
-2.9817934251968503
11
5.7759562992125986
21
-2.9817361811023622
0
LINE
8
BLACK
6
CONTINUOUS
10
5.7759562992125986
20
-2.9817361811023622
11
5.7727972440944884
21
-2.9802284645669292
0
LINE
8
BLACK
6
CONTINUOUS
10
5.7727972440944884
20
-2.9802284645669292
11
5.7723841338582673
21
-2.9799683858267714
0
LINE
8
BLACK
6
CONTINUOUS
10
5.7723841338582673
20
-2.9799683858267714
11
5.7722639370078737
21
-2.979918622047244
0
LINE
8
BLACK
6
CONTINUOUS
10
5.7722639370078737
20
-2.979918622047244
11
5.7721829133858265
21
-2.9798417322834645
0
LINE
8
BLACK
6
CONTINUOUS
10
5.7721829133858265
20
-2.9798417322834645
11
5.771980826771653
21
-2.9797145275590551
0
LINE
8
BLACK
6
CONTINUOUS
10
5.771980826771653
20
-2.9797145275590551
11
5.7716642125984254
21
-2.9793494881889764
0
LINE
8
BLACK
6
CONTINUOUS
10
5.7716642125984254
20
-2.9793494881889764
11
5.7696434645669292
21
-2.9774317716535434
0
LINE
8
BLACK
6
CONTINUOUS
10
5.7696434645669292
20
-2.9774317716535434
11
5.7693337795275585
21
-2.9770544094488187
0
LINE
8
BLACK
6
CONTINUOUS
10
5.7693337795275585
20
-2.9770544094488187
11
5.7692355905511814
21
-2.9769692519685038
0
LINE
8
BLACK
6
CONTINUOUS
10
5.7692355905511814
20
-2.9769692519685038
11
5.7691857874015744
21
-2.9768740944881888
0
LINE
8
BLACK
6
CONTINUOUS
10
5.7691857874015744
20
-2.9768740944881888
11
5.7690314566929128
21
-2.9766860236220474
0
LINE
8
BLACK
6
CONTINUOUS
10
5.7690314566929128
20
-2.9766860236220474
11
5.7688187007874019
21
-2.9761723622047245
0
LINE
8
BLACK
6
CONTINUOUS
10
5.7688187007874019
20
-2.9761723622047245
11
5.7668468897637792
21
-2.9724033070866143
0
LINE
8
BLACK
6
CONTINUOUS
10
5.7668468897637792
20
-2.9724033070866143
11
5.7665020866141727
21
-2.971502283464567
0
LINE
8
BLACK
6
CONTINUOUS
10
5.7665020866141727
20
-2.971502283464567
11
5.7664895275590551
21
-2.9713258267716536
0
LINE
8
BLACK
6
CONTINUOUS
10
5.7664895275590551
20
-2.9713258267716536
11
5.7664218897637793
21
-2.9711625196850391
0
LINE
8
BLACK
6
CONTINUOUS
10
5.7664218897637793
20
-2.9711625196850391
11
5.7664194881889763
21
-2.9703406692913386
0
LINE
8
BLACK
6
CONTINUOUS
10
5.7664194881889763
20
-2.9703406692913386
11
5.7663659448818896
21
-2.9695869291338584
0
LINE
8
BLACK
6
CONTINUOUS
10
5.7663659448818896
20
-2.9695869291338584
11
5.7664168897637795
21
-2.9694340157480315
0
LINE
8
BLACK
6
CONTINUOUS
10
5.7664168897637795
20
-2.9694340157480315
11
5.7663273228346457
21
-2.9383314566929135
0
LINE
8
BLACK
6
CONTINUOUS
10
5.7663273228346457
20
-2.9383314566929135
11
5.7664218897637793
21
-2.9373713779527559
0
LINE
8
BLACK
6
CONTINUOUS
10
5.7664218897637793
20
-2.9373713779527559
11
5.7671566929133853
21
-2.9355973622047244
0
LINE
8
BLACK
6
CONTINUOUS
10
5.7671566929133853
20
-2.9355973622047244
11
5.7685144881889761
21
-2.9342395669291337
0
LINE
8
BLACK
6
CONTINUOUS
10
5.7685144881889761
20
-2.9342395669291337
11
5.7702885039370075
21
-2.9335047637795273
0
LINE
8
BLACK
6
CONTINUOUS
10
5.7702885039370075
20
-2.9335047637795273
11
5.7722086614173227
21
-2.9335047637795273
0
LINE
8
BLACK
6
CONTINUOUS
10
5.7722086614173227
20
-2.9335047637795273
11
5.7739826771653542
21
-2.9342395669291337
0
LINE
8
BLACK
6
CONTINUOUS
10
5.7193174803149605
20
-2.9340560629921257
11
5.7207681102362207
21
-2.9353141732283463
0
LINE
8
BLACK
6
CONTINUOUS
10
5.7207681102362207
20
-2.9353141732283463
11
5.7216268503937009
21
-2.9370316535433072
0
LINE
8
BLACK
6
CONTINUOUS
10
5.7216268503937009
20
-2.9370316535433072
11
5.7217629527559053
21
-2.9389470078740159
0
LINE
8
BLACK
6
CONTINUOUS
10
5.7217629527559053
20
-2.9389470078740159
11
5.7084257086614176
21
-2.9792577559055116
0
LINE
8
BLACK
6
CONTINUOUS
10
5.7084257086614176
20
-2.9792577559055116
11
5.708032401574803
21
-2.9801386614173229
0
LINE
8
BLACK
6
CONTINUOUS
10
5.708032401574803
20
-2.9801386614173229
11
5.7078020078740153
21
-2.9804042913385826
0
LINE
8
BLACK
6
CONTINUOUS
10
5.7078020078740153
20
-2.9804042913385826
11
5.7076447637795278
21
-2.9807188188976377
0
LINE
8
BLACK
6
CONTINUOUS
10
5.7076447637795278
20
-2.9807188188976377
11
5.7071787007874013
21
-2.9811229921259841
0
LINE
8
BLACK
6
CONTINUOUS
10
5.7071787007874013
20
-2.9811229921259841
11
5.7067743307086616
21
-2.9815892913385826
0
LINE
8
BLACK
6
CONTINUOUS
10
5.7067743307086616
20
-2.9815892913385826
11
5.7064596850393698
21
-2.9817465748031498
0
LINE
8
BLACK
6
CONTINUOUS
10
5.7064596850393698
20
-2.9817465748031498
11
5.7061941338582676
21
-2.9819769291338583
0
LINE
8
BLACK
6
CONTINUOUS
10
5.7061941338582676
20
-2.9819769291338583
11
5.7056087795275587
21
-2.9821720078740155
0
LINE
8
BLACK
6
CONTINUOUS
10
5.7056087795275587
20
-2.9821720078740155
11
5.7050568110236215
21
-2.9824480314960629
0
LINE
8
BLACK
6
CONTINUOUS
10
5.7050568110236215
20
-2.9824480314960629
11
5.7047060236220473
21
-2.9824729527559053
0
LINE
8
BLACK
6
CONTINUOUS
10
5.7047060236220473
20
-2.9824729527559053
11
5.7043725196850392
21
-2.9825841338582677
0
LINE
8
BLACK
6
CONTINUOUS
10
5.7043725196850392
20
-2.9825841338582677
11
5.7037569685039369
21
-2.9825403937007873
0
LINE
8
BLACK
6
CONTINUOUS
10
5.7037569685039369
20
-2.9825403937007873
11
5.703141496062992
21
-2.9825841338582677
0
LINE
8
BLACK
6
CONTINUOUS
10
5.703141496062992
20
-2.9825841338582677
11
5.7028079527559052
21
-2.9824729527559053
0
LINE
8
BLACK
6
CONTINUOUS
10
5.7028079527559052
20
-2.9824729527559053
11
5.702457165354331
21
-2.9824480314960629
0
LINE
8
BLACK
6
CONTINUOUS
10
5.702457165354331
20
-2.9824480314960629
11
5.7019051181102363
21
-2.9821720078740155
0
LINE
8
BLACK
6
CONTINUOUS
10
5.7019051181102363
20
-2.9821720078740155
11
5.7013198818897637
21
-2.9819769291338583
0
LINE
8
BLACK
6
CONTINUOUS
10
5.7013198818897637
20
-2.9819769291338583
11
5.7010542913385827
21
-2.9817465748031498
0
LINE
8
BLACK
6
CONTINUOUS
10
5.7010542913385827
20
-2.9817465748031498
11
5.7007396850393697
21
-2.9815892913385826
0
LINE
8
BLACK
6
CONTINUOUS
10
5.7007396850393697
20
-2.9815892913385826
11
5.7003353937007875
21
-2.9811231102362203
0
LINE
8
BLACK
6
CONTINUOUS
10
5.7003353937007875
20
-2.9811231102362203
11
5.6998692519685035
21
-2.9807188582677164
0
LINE
8
BLACK
6
CONTINUOUS
10
5.6998692519685035
20
-2.9807188582677164
11
5.6997119291338585
21
-2.9804042519685039
0
LINE
8
BLACK
6
CONTINUOUS
10
5.6997119291338585
20
-2.9804042519685039
11
5.6994816141732283
21
-2.9801386614173229
0
LINE
8
BLACK
6
CONTINUOUS
10
5.6994816141732283
20
-2.9801386614173229
11
5.6992820866141729
21
-2.9795444881889761
0
LINE
8
BLACK
6
CONTINUOUS
10
5.6992820866141729
20
-2.9795444881889761
11
5.6990105118110232
21
-2.9790013385826772
0
LINE
8
BLACK
6
CONTINUOUS
10
5.6990105118110232
20
-2.9790013385826772
11
5.6989865748031496
21
-2.9786644881889761
0
LINE
8
BLACK
6
CONTINUOUS
10
5.6989865748031496
20
-2.9786644881889761
11
5.6859649606299207
21
-2.9398876771653542
0
LINE
8
BLACK
6
CONTINUOUS
10
5.6859649606299207
20
-2.9398876771653542
11
5.685751062992126
21
-2.9389469685039371
0
LINE
8
BLACK
6
CONTINUOUS
10
5.685751062992126
20
-2.9389469685039371
11
5.6858871653543304
21
-2.9370316535433072
0
LINE
8
BLACK
6
CONTINUOUS
10
5.6858871653543304
20
-2.9370316535433072
11
5.6867459055118106
21
-2.9353141338582676
0
LINE
8
BLACK
6
CONTINUOUS
10
5.6867459055118106
20
-2.9353141338582676
11
5.6881965354330708
21
-2.9340560629921257
0
LINE
8
BLACK
6
CONTINUOUS
10
5.6881965354330708
20
-2.9340560629921257
11
5.6900181496062991
21
-2.9334488582677163
0
LINE
8
BLACK
6
CONTINUOUS
10
5.6900181496062991
20
-2.9334488582677163
11
5.6919334645669286
21
-2.9335849606299211
0
LINE
8
BLACK
6
CONTINUOUS
10
5.6919334645669286
20
-2.9335849606299211
11
5.6936509842519687
21
-2.9344437007874014
0
LINE
8
BLACK
6
CONTINUOUS
10
5.6936509842519687
20
-2.9344437007874014
11
5.6949090551181101
21
-2.9358943307086616
0
LINE
8
BLACK
6
CONTINUOUS
10
5.6949090551181101
20
-2.9358943307086616
11
5.7037713779527559
21
-2.9622852362204726
0
LINE
8
BLACK
6
CONTINUOUS
10
5.7037713779527559
20
-2.9622852362204726
11
5.7122116141732286
21
-2.9367752362204724
0
LINE
8
BLACK
6
CONTINUOUS
10
5.7122116141732286
20
-2.9367752362204724
11
5.7126049606299212
21
-2.9358943307086616
0
LINE
8
BLACK
6
CONTINUOUS
10
5.7126049606299212
20
-2.9358943307086616
11
5.7138630314960626
21
-2.9344437007874014
0
LINE
8
BLACK
6
CONTINUOUS
10
5.7138630314960626
20
-2.9344437007874014
11
5.7155805118110239
21
-2.9335849606299211
0
LINE
8
BLACK
6
CONTINUOUS
10
5.7155805118110239
20
-2.9335849606299211
11
5.7174958661417321
21
-2.9334488582677163
0
LINE
8
BLACK
6
CONTINUOUS
10
5.7174958661417321
20
-2.9334488582677163
11
5.7193174803149605
21
-2.9340560629921257
0
LINE
8
BLACK
6
CONTINUOUS
10
5.8303263779527557
20
-2.9335047637795273
11
5.8321003937007871
21
-2.9342395669291337
0
LINE
8
BLACK
6
CONTINUOUS
10
5.8321003937007871
20
-2.9342395669291337
11
5.8334581889763779
21
-2.9355973622047244
0
LINE
8
BLACK
6
CONTINUOUS
10
5.8334581889763779
20
-2.9355973622047244
11
5.8341929921259839
21
-2.9373713779527559
0
LINE
8
BLACK
6
CONTINUOUS
10
5.8341929921259839
20
-2.9373713779527559
11
5.8341929921259839
21
-2.9392915354330706
0
LINE
8
BLACK
6
CONTINUOUS
10
5.8341929921259839
20
-2.9392915354330706
11
5.8334581889763779
21
-2.9410655511811021
0
LINE
8
BLACK
6
CONTINUOUS
10
5.8334581889763779
20
-2.9410655511811021
11
5.8321003937007871
21
-2.9424233464566929
0
LINE
8
BLACK
6
CONTINUOUS
10
5.8321003937007871
20
-2.9424233464566929
11
5.8303263779527557
21
-2.9431581496062993
0
LINE
8
BLACK
6
CONTINUOUS
10
5.8303263779527557
20
-2.9431581496062993
11
5.8229580314960625
21
-2.943187834645669
0
LINE
8
BLACK
6
CONTINUOUS
10
5.8229580314960625
20
-2.943187834645669
11
5.8230389763779522
21
-2.9777015354330709
0
LINE
8
BLACK
6
CONTINUOUS
10
5.8230389763779522
20
-2.9777015354330709
11
5.8229444094488185
21
-2.9786616141732285
0
LINE
8
BLACK
6
CONTINUOUS
10
5.8229444094488185
20
-2.9786616141732285
11
5.8222096062992126
21
-2.98043562992126
0
LINE
8
BLACK
6
CONTINUOUS
10
5.8222096062992126
20
-2.98043562992126
11
5.8208518110236218
21
-2.9817934251968503
0
LINE
8
BLACK
6
CONTINUOUS
10
5.8208518110236218
20
-2.9817934251968503
11
5.8190777952755903
21
-2.9825282283464567
0
LINE
8
BLACK
6
CONTINUOUS
10
5.8190777952755903
20
-2.9825282283464567
11
5.8171576377952752
21
-2.9825282283464567
0
LINE
8
BLACK
6
CONTINUOUS
10
5.8171576377952752
20
-2.9825282283464567
11
5.8153836220472437
21
-2.9817934251968503
0
LINE
8
BLACK
6
CONTINUOUS
10
5.8153836220472437
20
-2.9817934251968503
11
5.8140258267716538
21
-2.98043562992126
0
LINE
8
BLACK
6
CONTINUOUS
10
5.8140258267716538
20
-2.98043562992126
11
5.813291023622047
21
-2.9786616141732285
0
LINE
8
BLACK
6
CONTINUOUS
10
5.813291023622047
20
-2.9786616141732285
11
5.8132079133858268
21
-2.9432271259842517
0
LINE
8
BLACK
6
CONTINUOUS
10
5.8132079133858268
20
-2.9432271259842517
11
5.8068691338582674
21
-2.943252716535433
0
LINE
8
BLACK
6
CONTINUOUS
10
5.8068691338582674
20
-2.943252716535433
11
5.8059090551181098
21
-2.9431581496062993
0
LINE
8
BLACK
6
CONTINUOUS
10
5.8059090551181098
20
-2.9431581496062993
11
5.8041350393700784
21
-2.9424233464566929
0
LINE
8
BLACK
6
CONTINUOUS
10
5.8041350393700784
20
-2.9424233464566929
11
5.8027772440944885
21
-2.9410655511811021
0
LINE
8
BLACK
6
CONTINUOUS
10
5.8027772440944885
20
-2.9410655511811021
11
5.8020424409448816
21
-2.9392915354330706
0
LINE
8
BLACK
6
CONTINUOUS
10
5.8020424409448816
20
-2.9392915354330706
11
5.8020424409448816
21
-2.9373713779527559
0
LINE
8
BLACK
6
CONTINUOUS
10
5.8020424409448816
20
-2.9373713779527559
11
5.8027772440944885
21
-2.9355973622047244
0
LINE
8
BLACK
6
CONTINUOUS
10
5.8027772440944885
20
-2.9355973622047244
11
5.8041350393700784
21
-2.9342395669291337
0
LINE
8
BLACK
6
CONTINUOUS
10
5.8041350393700784
20
-2.9342395669291337
11
5.8059090551181098
21
-2.9335047637795273
0
LINE
8
BLACK
6
CONTINUOUS
10
5.8059090551181098
20
-2.9335047637795273
11
5.8293662992125981
21
-2.9334101968503936
0
LINE
8
BLACK
6
CONTINUOUS
10
5.8293662992125981
20
-2.9334101968503936
11
5.8303263779527557
21
-2.9335047637795273
0
LINE
8
BLACK
6
CONTINUOUS
10
4.8191423228346455
20
-2.6914385039370079
11
4.8316161023622044
21
-2.6943948425196851
0
LINE
8
BLACK
6
CONTINUOUS
10
4.8316161023622044
20
-2.6943948425196851
11
4.8436623228346454
21
-2.6987793307086614
0
LINE
8
BLACK
6
CONTINUOUS
10
4.8436623228346454
20
-2.6987793307086614
11
4.8551181102362202
21
-2.7045326377952756
0
LINE
8
BLACK
6
CONTINUOUS
10
4.8551181102362202
20
-2.7045326377952756
11
4.8658285039370082
21
-2.711576968503937
0
LINE
8
BLACK
6
CONTINUOUS
10
4.8658285039370082
20
-2.711576968503937
11
4.8756487007874014
21
-2.7198170866141731
0
LINE
8
BLACK
6
CONTINUOUS
10
4.8756487007874014
20
-2.7198170866141731
11
4.8844458267716533
21
-2.7291415354330706
0
LINE
8
BLACK
6
CONTINUOUS
10
4.8844458267716533
20
-2.7291415354330706
11
4.8921010236220468
21
-2.7394242125984252
0
LINE
8
BLACK
6
CONTINUOUS
10
4.8921010236220468
20
-2.7394242125984252
11
4.8985106692913387
21
-2.750526062992126
0
LINE
8
BLACK
6
CONTINUOUS
10
4.8985106692913387
20
-2.750526062992126
11
4.903588149606299
21
-2.7622970078740159
0
LINE
8
BLACK
6
CONTINUOUS
10
4.903588149606299
20
-2.7622970078740159
11
4.907264803149606
21
-2.7745777952755906
0
LINE
8
BLACK
6
CONTINUOUS
10
4.907264803149606
20
-2.7745777952755906
11
4.9094908267716537
21
-2.7872023622047242
0
LINE
8
BLACK
6
CONTINUOUS
10
4.9094908267716537
20
-2.7872023622047242
11
4.9102362204724406
21
-2.7999999999999998
0
LINE
8
BLACK
6
CONTINUOUS
10
4.9102362204724406
20
-2.7999999999999998
11
4.9094908267716537
21
-2.8127976377952755
0
LINE
8
BLACK
6
CONTINUOUS
10
4.9094908267716537
20
-2.8127976377952755
11
4.907264803149606
21
-2.8254222047244095
0
LINE
8
BLACK
6
CONTINUOUS
10
4.907264803149606
20
-2.8254222047244095
11
4.903588149606299
21
-2.8377029921259842
0
LINE
8
BLACK
6
CONTINUOUS
10
4.903588149606299
20
-2.8377029921259842
11
4.8985106692913387
21
-2.8494739370078741
0
LINE
8
BLACK
6
CONTINUOUS
10
4.8985106692913387
20
-2.8494739370078741
11
4.8921010236220468
21
-2.8605757874015749
0
LINE
8
BLACK
6
CONTINUOUS
10
4.8921010236220468
20
-2.8605757874015749
11
4.8844458267716533
21
-2.8708584645669291
0
LINE
8
BLACK
6
CONTINUOUS
10
4.8844458267716533
20
-2.8708584645669291
11
4.8756487007874014
21
-2.8801829133858265
0
LINE
8
BLACK
6
CONTINUOUS
10
4.8756487007874014
20
-2.8801829133858265
11
4.8658285039370082
21
-2.8884230314960631
0
LINE
8
BLACK
6
CONTINUOUS
10
4.8658285039370082
20
-2.8884230314960631
11
4.8551181102362202
21
-2.8954673622047244
0
LINE
8
BLACK
6
CONTINUOUS
10
4.8551181102362202
20
-2.8954673622047244
11
4.8436623228346454
21
-2.9012206692913387
0
LINE
8
BLACK
6
CONTINUOUS
10
4.8436623228346454
20
-2.9012206692913387
11
4.8316161023622044
21
-2.905605157480315
0
LINE
8
BLACK
6
CONTINUOUS
10
4.8316161023622044
20
-2.905605157480315
11
4.8191423228346455
21
-2.9085614960629922
0
LINE
8
BLACK
6
CONTINUOUS
10
4.8191423228346455
20
-2.9085614960629922
11
4.8064096850393696
21
-2.9100497244094488
0
LINE
8
BLACK
6
CONTINUOUS
10
4.8064096850393696
20
-2.9100497244094488
11
4.79359031496063
21
-2.9100497244094488
0
LINE
8
BLACK
6
CONTINUOUS
10
4.79359031496063
20
-2.9100497244094488
11
4.7808576771653541
21
-2.9085614960629922
0
LINE
8
BLACK
6
CONTINUOUS
10
4.7808576771653541
20
-2.9085614960629922
11
4.7683838976377952
21
-2.905605157480315
0
LINE
8
BLACK
6
CONTINUOUS
10
4.7683838976377952
20
-2.905605157480315
11
4.7563376771653543
21
-2.9012206692913387
0
LINE
8
BLACK
6
CONTINUOUS
10
4.7563376771653543
20
-2.9012206692913387
11
4.7448818897637794
21
-2.8954673622047244
0
LINE
8
BLACK
6
CONTINUOUS
10
4.7448818897637794
20
-2.8954673622047244
11
4.7341714960629924
21
-2.8884230314960631
0
LINE
8
BLACK
6
CONTINUOUS
10
4.7341714960629924
20
-2.8884230314960631
11
4.7243512992125982
21
-2.8801829133858265
0
LINE
8
BLACK
6
CONTINUOUS
10
4.7243512992125982
20
-2.8801829133858265
11
4.7155541732283464
21
-2.8708584645669291
0
LINE
8
BLACK
6
CONTINUOUS
10
4.7155541732283464
20
-2.8708584645669291
11
4.7078989763779528
21
-2.8605757874015749
0
LINE
8
BLACK
6
CONTINUOUS
10
4.7078989763779528
20
-2.8605757874015749
11
4.7014893307086609
21
-2.8494739370078741
0
LINE
8
BLACK
6
CONTINUOUS
10
4.7014893307086609
20
-2.8494739370078741
11
4.6964118503937007
21
-2.8377029921259842
0
LINE
8
BLACK
6
CONTINUOUS
10
4.6964118503937007
20
-2.8377029921259842
11
4.6927351968503936
21
-2.8254222047244095
0
LINE
8
BLACK
6
CONTINUOUS
10
4.6927351968503936
20
-2.8254222047244095
11
4.6905091732283459
21
-2.8127976377952755
0
LINE
8
BLACK
6
CONTINUOUS
10
4.6905091732283459
20
-2.8127976377952755
11
4.6897637795275591
21
-2.7999999999999998
0
LINE
8
BLACK
6
CONTINUOUS
10
4.6897637795275591
20
-2.7999999999999998
11
4.6905091732283459
21
-2.7872023622047242
0
LINE
8
BLACK
6
CONTINUOUS
10
4.6905091732283459
20
-2.7872023622047242
11
4.6927351968503936
21
-2.7745777952755906
0
LINE
8
BLACK
6
CONTINUOUS
10
4.6927351968503936
20
-2.7745777952755906
11
4.6964118503937007
21
-2.7622970078740159
0
LINE
8
BLACK
6
CONTINUOUS
10
4.6964118503937007
20
-2.7622970078740159
11
4.7014893307086609
21
-2.750526062992126
0
LINE
8
BLACK
6
CONTINUOUS
10
4.7014893307086609
20
-2.750526062992126
11
4.7078989763779528
21
-2.7394242125984252
0
LINE
8
BLACK
6
CONTINUOUS
10
4.7078989763779528
20
-2.7394242125984252
11
4.7155541732283464
21
-2.7291415354330706
0
LINE
8
BLACK
6
CONTINUOUS
10
4.7155541732283464
20
-2.7291415354330706
11
4.7243512992125982
21
-2.7198170866141731
0
LINE
8
BLACK
6
CONTINUOUS
10
4.7243512992125982
20
-2.7198170866141731
11
4.7341714960629924
21
-2.711576968503937
0
LINE
8
BLACK
6
CONTINUOUS
10
4.7341714960629924
20
-2.711576968503937
11
4.7448818897637794
21
-2.7045326377952756
0
LINE
8
BLACK
6
CONTINUOUS
10
4.7448818897637794
20
-2.7045326377952756
11
4.7563376771653543
21
-2.6987793307086614
0
LINE
8
BLACK
6
CONTINUOUS
10
4.7563376771653543
20
-2.6987793307086614
11
4.7683838976377952
21
-2.6943948425196851
0
LINE
8
BLACK
6
CONTINUOUS
10
4.7683838976377952
20
-2.6943948425196851
11
4.7808576771653541
21
-2.6914385039370079
0
LINE
8
BLACK
6
CONTINUOUS
10
4.7808576771653541
20
-2.6914385039370079
11
4.79359031496063
21
-2.6899502755905513
0
LINE
8
BLACK
6
CONTINUOUS
10
4.79359031496063
20
-2.6899502755905513
11
4.8064096850393696
21
-2.6899502755905513
0
LINE
8
BLACK
6
CONTINUOUS
10
4.8064096850393696
20
-2.6899502755905513
11
4.8191423228346455
21
-2.6914385039370079
0
LINE
8
BLACK
6
CONTINUOUS
10
6.0191423228346457
20
-2.6914385039370079
11
6.0316161023622046
21
-2.6943948425196851
0
LINE
8
BLACK
6
CONTINUOUS
10
6.0316161023622046
20
-2.6943948425196851
11
6.0436623228346456
21
-2.6987793307086614
0
LINE
8
BLACK
6
CONTINUOUS
10
6.0436623228346456
20
-2.6987793307086614
11
6.0551181102362204
21
-2.7045326377952756
0
LINE
8
BLACK
6
CONTINUOUS
10
6.0551181102362204
20
-2.7045326377952756
11
6.0658285039370075
21
-2.711576968503937
0
LINE
8
BLACK
6
CONTINUOUS
10
6.0658285039370075
20
-2.711576968503937
11
6.0756487007874016
21
-2.7198170866141731
0
LINE
8
BLACK
6
CONTINUOUS
10
6.0756487007874016
20
-2.7198170866141731
11
6.0844458267716535
21
-2.7291415354330706
0
LINE
8
BLACK
6
CONTINUOUS
10
6.0844458267716535
20
-2.7291415354330706
11
6.092101023622047
21
-2.7394242125984252
0
LINE
8
BLACK
6
CONTINUOUS
10
6.092101023622047
20
-2.7394242125984252
11
6.098510669291338
21
-2.750526062992126
0
LINE
8
BLACK
6
CONTINUOUS
10
6.098510669291338
20
-2.750526062992126
11
6.1035881496062991
21
-2.7622970078740159
0
LINE
8
BLACK
6
CONTINUOUS
10
6.1035881496062991
20
-2.7622970078740159
11
6.1072648031496062
21
-2.7745777952755906
0
LINE
8
BLACK
6
CONTINUOUS
10
6.1072648031496062
20
-2.7745777952755906
11
6.109490826771653
21
-2.7872023622047242
0
LINE
8
BLACK
6
CONTINUOUS
10
6.109490826771653
20
-2.7872023622047242
11
6.1102362204724407
21
-2.7999999999999998
0
LINE
8
BLACK
6
CONTINUOUS
10
6.1102362204724407
20
-2.7999999999999998
11
6.109490826771653
21
-2.8127976377952755
0
LINE
8
BLACK
6
CONTINUOUS
10
6.109490826771653
20
-2.8127976377952755
11
6.1072648031496062
21
-2.8254222047244095
0
LINE
8
BLACK
6
CONTINUOUS
10
6.1072648031496062
20
-2.8254222047244095
11
6.1035881496062991
21
-2.8377029921259842
0
LINE
8
BLACK
6
CONTINUOUS
10
6.1035881496062991
20
-2.8377029921259842
11
6.098510669291338
21
-2.8494739370078741
0
LINE
8
BLACK
6
CONTINUOUS
10
6.098510669291338
20
-2.8494739370078741
11
6.092101023622047
21
-2.8605757874015749
0
LINE
8
BLACK
6
CONTINUOUS
10
6.092101023622047
20
-2.8605757874015749
11
6.0844458267716535
21
-2.8708584645669291
0
LINE
8
BLACK
6
CONTINUOUS
10
6.0844458267716535
20
-2.8708584645669291
11
6.0756487007874016
21
-2.8801829133858265
0
LINE
8
BLACK
6
CONTINUOUS
10
6.0756487007874016
20
-2.8801829133858265
11
6.0658285039370075
21
-2.8884230314960631
0
LINE
8
BLACK
6
CONTINUOUS
10
6.0658285039370075
20
-2.8884230314960631
11
6.0551181102362204
21
-2.8954673622047244
0
LINE
8
BLACK
6
CONTINUOUS
10
6.0551181102362204
20
-2.8954673622047244
11
6.0436623228346456
21
-2.9012206692913387
0
LINE
8
BLACK
6
CONTINUOUS
10
6.0436623228346456
20
-2.9012206692913387
11
6.0316161023622046
21
-2.905605157480315
0
LINE
8
BLACK
6
CONTINUOUS
10
6.0316161023622046
20
-2.905605157480315
11
6.0191423228346457
21
-2.9085614960629922
0
LINE
8
BLACK
6
CONTINUOUS
10
6.0191423228346457
20
-2.9085614960629922
11
6.0064096850393698
21
-2.9100497244094488
0
LINE
8
BLACK
6
CONTINUOUS
10
6.0064096850393698
20
-2.9100497244094488
11
5.9935903149606302
21
-2.9100497244094488
0
LINE
8
BLACK
6
CONTINUOUS
10
5.9935903149606302
20
-2.9100497244094488
11
5.9808576771653543
21
-2.9085614960629922
0
LINE
8
BLACK
6
CONTINUOUS
10
5.9808576771653543
20
-2.9085614960629922
11
5.9683838976377954
21
-2.905605157480315
0
LINE
8
BLACK
6
CONTINUOUS
10
5.9683838976377954
20
-2.905605157480315
11
5.9563376771653544
21
-2.9012206692913387
0
LINE
8
BLACK
6
CONTINUOUS
10
5.9563376771653544
20
-2.9012206692913387
11
5.9448818897637796
21
-2.8954673622047244
0
LINE
8
BLACK
6
CONTINUOUS
10
5.9448818897637796
20
-2.8954673622047244
11
5.9341714960629917
21
-2.8884230314960631
0
LINE
8
BLACK
6
CONTINUOUS
10
5.9341714960629917
20
-2.8884230314960631
11
5.9243512992125984
21
-2.8801829133858265
0
LINE
8
BLACK
6
CONTINUOUS
10
5.9243512992125984
20
-2.8801829133858265
11
5.9155541732283465
21
-2.8708584645669291
0
LINE
8
BLACK
6
CONTINUOUS
10
5.9155541732283465
20
-2.8708584645669291
11
5.907898976377953
21
-2.8605757874015749
0
LINE
8
BLACK
6
CONTINUOUS
10
5.907898976377953
20
-2.8605757874015749
11
5.9014893307086611
21
-2.8494739370078741
0
LINE
8
BLACK
6
CONTINUOUS
10
5.9014893307086611
20
-2.8494739370078741
11
5.8964118503937009
21
-2.8377029921259842
0
LINE
8
BLACK
6
CONTINUOUS
10
5.8964118503937009
20
-2.8377029921259842
11
5.8927351968503938
21
-2.8254222047244095
0
LINE
8
BLACK
6
CONTINUOUS
10
5.8927351968503938
20
-2.8254222047244095
11
5.8905091732283461
21
-2.8127976377952755
0
LINE
8
BLACK
6
CONTINUOUS
10
5.8905091732283461
20
-2.8127976377952755
11
5.8897637795275593
21
-2.7999999999999998
0
LINE
8
BLACK
6
CONTINUOUS
10
5.8897637795275593
20
-2.7999999999999998
11
5.8905091732283461
21
-2.7872023622047242
0
LINE
8
BLACK
6
CONTINUOUS
10
5.8905091732283461
20
-2.7872023622047242
11
5.8927351968503938
21
-2.7745777952755906
0
LINE
8
BLACK
6
CONTINUOUS
10
5.8927351968503938
20
-2.7745777952755906
11
5.8964118503937009
21
-2.7622970078740159
0
LINE
8
BLACK
6
CONTINUOUS
10
5.8964118503937009
20
-2.7622970078740159
11
5.9014893307086611
21
-2.750526062992126
0
LINE
8
BLACK
6
CONTINUOUS
10
5.9014893307086611
20
-2.750526062992126
11
5.907898976377953
21
-2.7394242125984252
0
LINE
8
BLACK
6
CONTINUOUS
10
5.907898976377953
20
-2.7394242125984252
11
5.9155541732283465
21
-2.7291415354330706
0
LINE
8
BLACK
6
CONTINUOUS
10
5.9155541732283465
20
-2.7291415354330706
11
5.9243512992125984
21
-2.7198170866141731
0
LINE
8
BLACK
6
CONTINUOUS
10
5.9243512992125984
20
-2.7198170866141731
11
5.9341714960629917
21
-2.711576968503937
0
LINE
8
BLACK
6
CONTINUOUS
10
5.9341714960629917
20
-2.711576968503937
11
5.9448818897637796
21
-2.7045326377952756
0
LINE
8
BLACK
6
CONTINUOUS
10
5.9448818897637796
20
-2.7045326377952756
11
5.9563376771653544
21
-2.6987793307086614
0
LINE
8
BLACK
6
CONTINUOUS
10
5.9563376771653544
20
-2.6987793307086614
11
5.9683838976377954
21
-2.6943948425196851
0
LINE
8
BLACK
6
CONTINUOUS
10
5.9683838976377954
20
-2.6943948425196851
11
5.9808576771653543
21
-2.6914385039370079
0
LINE
8
BLACK
6
CONTINUOUS
10
5.9808576771653543
20
-2.6914385039370079
11
5.9935903149606302
21
-2.6899502755905513
0
LINE
8
BLACK
6
CONTINUOUS
10
5.9935903149606302
20
-2.6899502755905513
11
6.0064096850393698
21
-2.6899502755905513
0
LINE
8
BLACK
6
CONTINUOUS
10
6.0064096850393698
20
-2.6899502755905513
11
6.0191423228346457
21
-2.6914385039370079
0
LINE
8
BLACK
6
CONTINUOUS
10
5.3606064960629922
20
-2.8556121259842517
11
5.3606842519685038
21
-2.8556066141732281
0
LINE
8
BLACK
6
CONTINUOUS
10
5.3606842519685038
20
-2.8556066141732281
11
5.3607427559055116
21
-2.8556255511811024
0
LINE
8
BLACK
6
CONTINUOUS
10
5.3607427559055116
20
-2.8556255511811024
11
5.3608910236220471
21
-2.8556401574803147
0
LINE
8
BLACK
6
CONTINUOUS
10
5.3608910236220471
20
-2.8556401574803147
11
5.3612596456692909
21
-2.8557928346456691
0
LINE
8
BLACK
6
CONTINUOUS
10
5.3612596456692909
20
-2.8557928346456691
11
5.3668729921259839
21
-2.8576097244094489
0
LINE
8
BLACK
6
CONTINUOUS
10
5.3668729921259839
20
-2.8576097244094489
11
5.3674015354330704
21
-2.8578457086614173
0
LINE
8
BLACK
6
CONTINUOUS
10
5.3674015354330704
20
-2.8578457086614173
11
5.3674816535433072
21
-2.8579151968503935
0
LINE
8
BLACK
6
CONTINUOUS
10
5.3674816535433072
20
-2.8579151968503935
11
5.367579724409449
21
-2.8579558267716534
0
LINE
8
BLACK
6
CONTINUOUS
10
5.367579724409449
20
-2.8579558267716534
11
5.3679709842519685
21
-2.8583396062992126
0
LINE
8
BLACK
6
CONTINUOUS
10
5.3679709842519685
20
-2.8583396062992126
11
5.3682718897637791
21
-2.8586005905511809
0
LINE
8
BLACK
6
CONTINUOUS
10
5.3682718897637791
20
-2.8586005905511809
11
5.368305393700787
21
-2.8586676377952753
0
LINE
8
BLACK
6
CONTINUOUS
10
5.368305393700787
20
-2.8586676377952753
11
5.3717766929133859
21
-2.8620725590551181
0
LINE
8
BLACK
6
CONTINUOUS
10
5.3717766929133859
20
-2.8620725590551181
11
5.3719625196850389
21
-2.862298937007874
0
LINE
8
BLACK
6
CONTINUOUS
10
5.3719625196850389
20
-2.862298937007874
11
5.372021456692913
21
-2.8623500787401572
0
LINE
8
BLACK
6
CONTINUOUS
10
5.372021456692913
20
-2.8623500787401572
11
5.3720500393700785
21
-2.8624055905511812
0
LINE
8
BLACK
6
CONTINUOUS
10
5.3720500393700785
20
-2.8624055905511812
11
5.3721439370078743
21
-2.86252
0
LINE
8
BLACK
6
CONTINUOUS
10
5.3721439370078743
20
-2.86252
11
5.372287677165354
21
-2.8628670472440945
0
LINE
8
BLACK
6
CONTINUOUS
10
5.372287677165354
20
-2.8628670472440945
11
5.3742045669291336
21
-2.8665894881889762
0
LINE
8
BLACK
6
CONTINUOUS
10
5.3742045669291336
20
-2.8665894881889762
11
5.3742206692913381
21
-2.8666315748031495
0
LINE
8
BLACK
6
CONTINUOUS
10
5.3742206692913381
20
-2.8666315748031495
11
5.3742333858267717
21
-2.8666487401574803
0
LINE
8
BLACK
6
CONTINUOUS
10
5.3742333858267717
20
-2.8666487401574803
11
5.3742459448818893
21
-2.8666976771653543
0
LINE
8
BLACK
6
CONTINUOUS
10
5.3742459448818893
20
-2.8666976771653543
11
5.3744114566929131
21
-2.8671300787401575
0
LINE
8
BLACK
6
CONTINUOUS
10
5.3744114566929131
20
-2.8671300787401575
11
5.374432125984252
21
-2.8674212992125985
0
LINE
8
BLACK
6
CONTINUOUS
10
5.374432125984252
20
-2.8674212992125985
11
5.3763029133858264
21
-2.8746929133858266
0
LINE
8
BLACK
6
CONTINUOUS
10
5.3763029133858264
20
-2.8746929133858266
11
5.3763176771653542
21
-2.8747927559055118
0
LINE
8
BLACK
6
CONTINUOUS
10
5.3763176771653542
20
-2.8747927559055118
11
5.3763343307086613
21
-2.8748329921259841
0
LINE
8
BLACK
6
CONTINUOUS
10
5.3763343307086613
20
-2.8748329921259841
11
5.3763350000000001
21
-2.8749101968503936
0
LINE
8
BLACK
6
CONTINUOUS
10
5.3763350000000001
20
-2.8749101968503936
11
5.376387559055118
21
-2.8752655118110235
0
LINE
8
BLACK
6
CONTINUOUS
10
5.376387559055118
20
-2.8752655118110235
11
5.3763411417322837
21
-2.8755774409448818
0
LINE
8
BLACK
6
CONTINUOUS
10
5.3763411417322837
20
-2.8755774409448818
11
5.3763910629921261
21
-2.8810333464566931
0
LINE
8
BLACK
6
CONTINUOUS
10
5.3763910629921261
20
-2.8810333464566931
11
5.3763811417322831
21
-2.8811338582677166
0
LINE
8
BLACK
6
CONTINUOUS
10
5.3763811417322831
20
-2.8811338582677166
11
5.376387559055118
21
-2.8811768897637795
0
LINE
8
BLACK
6
CONTINUOUS
10
5.376387559055118
20
-2.8811768897637795
11
5.3763696456692909
21
-2.8812505511811022
0
LINE
8
BLACK
6
CONTINUOUS
10
5.3763696456692909
20
-2.8812505511811022
11
5.3763343307086613
21
-2.8816094094488189
0
LINE
8
BLACK
6
CONTINUOUS
10
5.3763343307086613
20
-2.8816094094488189
11
5.3762092519685041
21
-2.8819112992125984
0
LINE
8
BLACK
6
CONTINUOUS
10
5.3762092519685041
20
-2.8819112992125984
11
5.3744281496062989
21
-2.8892485433070867
0
LINE
8
BLACK
6
CONTINUOUS
10
5.3744281496062989
20
-2.8892485433070867
11
5.3744129527559057
21
-2.889291023622047
0
LINE
8
BLACK
6
CONTINUOUS
10
5.3744129527559057
20
-2.889291023622047
11
5.3744114566929131
21
-2.8893123228346456
0
LINE
8
BLACK
6
CONTINUOUS
10
5.3744114566929131
20
-2.8893123228346456
11
5.3743883070866136
21
-2.8893599606299212
0
LINE
8
BLACK
6
CONTINUOUS
10
5.3743883070866136
20
-2.8893599606299212
11
5.3742333858267717
21
-2.8897936614173227
0
LINE
8
BLACK
6
CONTINUOUS
10
5.3742333858267717
20
-2.8897936614173227
11
5.3740726377952752
21
-2.890010590551181
0
LINE
8
BLACK
6
CONTINUOUS
10
5.3740726377952752
20
-2.890010590551181
11
5.3723298031496061
21
-2.8936024409448819
0
LINE
8
BLACK
6
CONTINUOUS
10
5.3723298031496061
20
-2.8936024409448819
11
5.3721737401574803
21
-2.8938503149606301
0
LINE
8
BLACK
6
CONTINUOUS
10
5.3721737401574803
20
-2.8938503149606301
11
5.3721439370078743
21
-2.8939223622047243
0
LINE
8
BLACK
6
CONTINUOUS
10
5.3721439370078743
20
-2.8939223622047243
11
5.3721006692913384
21
-2.8939664566929135
0
LINE
8
BLACK
6
CONTINUOUS
10
5.3721006692913384
20
-2.8939664566929135
11
5.372021456692913
21
-2.8940923228346458
0
LINE
8
BLACK
6
CONTINUOUS
10
5.372021456692913
20
-2.8940923228346458
11
5.3717252755905509
21
-2.8943491338582676
0
LINE
8
BLACK
6
CONTINUOUS
10
5.3717252755905509
20
-2.8943491338582676
11
5.3680271653543308
21
-2.8981194094488187
0
LINE
8
BLACK
6
CONTINUOUS
10
5.3680271653543308
20
-2.8981194094488187
11
5.367579724409449
21
-2.8984866141732284
0
LINE
8
BLACK
6
CONTINUOUS
10
5.367579724409449
20
-2.8984866141732284
11
5.3674816535433072
21
-2.8985272047244095
0
LINE
8
BLACK
6
CONTINUOUS
10
5.3674816535433072
20
-2.8985272047244095
11
5.3674015354330704
21
-2.8985967322834645
0
LINE
8
BLACK
6
CONTINUOUS
10
5.3674015354330704
20
-2.8985967322834645
11
5.3668913779527561
21
-2.8987717322834645
0
LINE
8
BLACK
6
CONTINUOUS
10
5.3668913779527561
20
-2.8987717322834645
11
5.3665153149606297
21
-2.8989275196850395
0
LINE
8
BLACK
6
CONTINUOUS
10
5.3665153149606297
20
-2.8989275196850395
11
5.3664372834645668
21
-2.8989275196850395
0
LINE
8
BLACK
6
CONTINUOUS
10
5.3664372834645668
20
-2.8989275196850395
11
5.3612487007874012
21
-2.9007074803149604
0
LINE
8
BLACK
6
CONTINUOUS
10
5.3612487007874012
20
-2.9007074803149604
11
5.3609631102362201
21
-2.9007724015748031
0
LINE
8
BLACK
6
CONTINUOUS
10
5.3609631102362201
20
-2.9007724015748031
11
5.3608910236220471
21
-2.900802283464567
0
LINE
8
BLACK
6
CONTINUOUS
10
5.3608910236220471
20
-2.900802283464567
11
5.3608302362204725
21
-2.9008025984251966
0
LINE
8
BLACK
6
CONTINUOUS
10
5.3608302362204725
20
-2.9008025984251966
11
5.3606842519685038
21
-2.9008358267716536
0
LINE
8
BLACK
6
CONTINUOUS
10
5.3606842519685038
20
-2.9008358267716536
11
5.360262755905512
21
-2.9008058267716534
0
LINE
8
BLACK
6
CONTINUOUS
10
5.360262755905512
20
-2.9008058267716534
11
5.3509411417322834
21
-2.9008590157480314
0
LINE
8
BLACK
6
CONTINUOUS
10
5.3509411417322834
20
-2.9008590157480314
11
5.3503650787401575
21
-2.900802283464567
0
LINE
8
BLACK
6
CONTINUOUS
10
5.3503650787401575
20
-2.900802283464567
11
5.3493006692913383
21
-2.9003613779527559
0
LINE
8
BLACK
6
CONTINUOUS
10
5.3493006692913383
20
-2.9003613779527559
11
5.3484860236220468
21
-2.8995467322834645
0
LINE
8
BLACK
6
CONTINUOUS
10
5.3484860236220468
20
-2.8995467322834645
11
5.3480451181102362
21
-2.8984823228346457
0
LINE
8
BLACK
6
CONTINUOUS
10
5.3480451181102362
20
-2.8984823228346457
11
5.3479883858267714
21
-2.858536181102362
0
LINE
8
BLACK
6
CONTINUOUS
10
5.3479883858267714
20
-2.858536181102362
11
5.3480451181102362
21
-2.8579601181102361
0
LINE
8
BLACK
6
CONTINUOUS
10
5.3480451181102362
20
-2.8579601181102361
11
5.3484860236220468
21
-2.8568957086614173
0
LINE
8
BLACK
6
CONTINUOUS
10
5.3484860236220468
20
-2.8568957086614173
11
5.3493006692913383
21
-2.8560810629921258
0
LINE
8
BLACK
6
CONTINUOUS
10
5.3493006692913383
20
-2.8560810629921258
11
5.3503650787401575
21
-2.8556401574803147
0
LINE
8
BLACK
6
CONTINUOUS
10
5.3503650787401575
20
-2.8556401574803147
11
5.3603149606299212
21
-2.8555834251968504
0
LINE
8
BLACK
6
CONTINUOUS
10
5.3603149606299212
20
-2.8555834251968504
11
5.3606064960629922
21
-2.8556121259842517
0
LINE
8
BLACK
6
CONTINUOUS
10
5.3538421259842517
20
-2.8614723622047245
11
5.3538897244094485
21
-2.8949901181102362
0
LINE
8
BLACK
6
CONTINUOUS
10
5.3538897244094485
20
-2.8949901181102362
11
5.3599766141732283
21
-2.8949553937007875
0
LINE
8
BLACK
6
CONTINUOUS
10
5.3599766141732283
20
-2.8949553937007875
11
5.3644285433070866
21
-2.8934281889763778
0
LINE
8
BLACK
6
CONTINUOUS
10
5.3644285433070866
20
-2.8934281889763778
11
5.3673528346456694
21
-2.8904468503937006
0
LINE
8
BLACK
6
CONTINUOUS
10
5.3673528346456694
20
-2.8904468503937006
11
5.3688774409448818
21
-2.8873047244094487
0
LINE
8
BLACK
6
CONTINUOUS
10
5.3688774409448818
20
-2.8873047244094487
11
5.370532007874016
21
-2.8804888582677166
0
LINE
8
BLACK
6
CONTINUOUS
10
5.370532007874016
20
-2.8804888582677166
11
5.3704870472440946
21
-2.8755765748031497
0
LINE
8
BLACK
6
CONTINUOUS
10
5.3704870472440946
20
-2.8755765748031497
11
5.3687304330708656
21
-2.868748622047244
0
LINE
8
BLACK
6
CONTINUOUS
10
5.3687304330708656
20
-2.868748622047244
11
5.3672071653543307
21
-2.8657905511811022
0
LINE
8
BLACK
6
CONTINUOUS
10
5.3672071653543307
20
-2.8657905511811022
11
5.3642855511811023
21
-2.8629248031496064
0
LINE
8
BLACK
6
CONTINUOUS
10
5.3642855511811023
20
-2.8629248031496064
11
5.3596951574803144
21
-2.8614390157480316
0
LINE
8
BLACK
6
CONTINUOUS
10
5.3596951574803144
20
-2.8614390157480316
11
5.3538421259842517
21
-2.8614723622047245
0
LINE
8
BLACK
6
CONTINUOUS
10
5.4040106299212596
20
-2.8556401574803147
11
5.4041086220472438
21
-2.8556807480314959
0
LINE
8
BLACK
6
CONTINUOUS
10
5.4041086220472438
20
-2.8556807480314959
11
5.4042144488188972
21
-2.8556882677165354
0
LINE
8
BLACK
6
CONTINUOUS
10
5.4042144488188972
20
-2.8556882677165354
11
5.4047259842519688
21
-2.8559364566929135
0
LINE
8
BLACK
6
CONTINUOUS
10
5.4047259842519688
20
-2.8559364566929135
11
5.4050750393700788
21
-2.8560810629921258
0
LINE
8
BLACK
6
CONTINUOUS
10
5.4050750393700788
20
-2.8560810629921258
11
5.4051231496062995
21
-2.8561291732283465
0
LINE
8
BLACK
6
CONTINUOUS
10
5.4051231496062995
20
-2.8561291732283465
11
5.4085046062992124
21
-2.8577699212598424
0
LINE
8
BLACK
6
CONTINUOUS
10
5.4085046062992124
20
-2.8577699212598424
11
5.4087525984251963
21
-2.8579259842519686
0
LINE
8
BLACK
6
CONTINUOUS
10
5.4087525984251963
20
-2.8579259842519686
11
5.4088245669291339
21
-2.8579558267716534
0
LINE
8
BLACK
6
CONTINUOUS
10
5.4088245669291339
20
-2.8579558267716534
11
5.4088706299212594
21
-2.8580003149606297
0
LINE
8
BLACK
6
CONTINUOUS
10
5.4088706299212594
20
-2.8580003149606297
11
5.4089944881889762
21
-2.8580782677165355
0
LINE
8
BLACK
6
CONTINUOUS
10
5.4089944881889762
20
-2.8580782677165355
11
5.409216220472441
21
-2.858333937007874
0
LINE
8
BLACK
6
CONTINUOUS
10
5.409216220472441
20
-2.858333937007874
11
5.4111467716535433
21
-2.8601977952755906
0
LINE
8
BLACK
6
CONTINUOUS
10
5.4111467716535433
20
-2.8601977952755906
11
5.4113325196850388
21
-2.8604241338582677
0
LINE
8
BLACK
6
CONTINUOUS
10
5.4113325196850388
20
-2.8604241338582677
11
5.4113915354330704
21
-2.8604753149606297
0
LINE
8
BLACK
6
CONTINUOUS
10
5.4113915354330704
20
-2.8604753149606297
11
5.4114201574803147
21
-2.8605309448818899
0
LINE
8
BLACK
6
CONTINUOUS
10
5.4114201574803147
20
-2.8605309448818899
11
5.411513976377953
21
-2.8606452362204724
0
LINE
8
BLACK
6
CONTINUOUS
10
5.411513976377953
20
-2.8606452362204724
11
5.4116576377952752
21
-2.8609920866141731
0
LINE
8
BLACK
6
CONTINUOUS
10
5.4116576377952752
20
-2.8609920866141731
11
5.413574645669291
21
-2.8647147244094486
0
LINE
8
BLACK
6
CONTINUOUS
10
5.413574645669291
20
-2.8647147244094486
11
5.4137815354330705
21
-2.8652553149606299
0
LINE
8
BLACK
6
CONTINUOUS
10
5.4137815354330705
20
-2.8652553149606299
11
5.4137890551181105
21
-2.865361181102362
0
LINE
8
BLACK
6
CONTINUOUS
10
5.4137890551181105
20
-2.865361181102362
11
5.4138296456692911
21
-2.8654591732283463
0
LINE
8
BLACK
6
CONTINUOUS
10
5.4138296456692911
20
-2.8654591732283463
11
5.4138372440944877
21
-2.8660395275590549
0
LINE
8
BLACK
6
CONTINUOUS
10
5.4138372440944877
20
-2.8660395275590549
11
5.4138631889763777
21
-2.8664045275590548
0
LINE
8
BLACK
6
CONTINUOUS
10
5.4138631889763777
20
-2.8664045275590548
11
5.4138428346456688
21
-2.8664655511811024
0
LINE
8
BLACK
6
CONTINUOUS
10
5.4138428346456688
20
-2.8664655511811024
11
5.413886377952756
21
-2.8697847637795273
0
LINE
8
BLACK
6
CONTINUOUS
10
5.413886377952756
20
-2.8697847637795273
11
5.4138576377952754
21
-2.8700763385826771
0
LINE
8
BLACK
6
CONTINUOUS
10
5.4138576377952754
20
-2.8700763385826771
11
5.4138631889763777
21
-2.8701540944881887
0
LINE
8
BLACK
6
CONTINUOUS
10
5.4138631889763777
20
-2.8701540944881887
11
5.4138442125984252
21
-2.8702126377952757
0
LINE
8
BLACK
6
CONTINUOUS
10
5.4138442125984252
20
-2.8702126377952757
11
5.4138296456692911
21
-2.8703608267716536
0
LINE
8
BLACK
6
CONTINUOUS
10
5.4138296456692911
20
-2.8703608267716536
11
5.4136769685039372
21
-2.8707293307086612
0
LINE
8
BLACK
6
CONTINUOUS
10
5.4136769685039372
20
-2.8707293307086612
11
5.4118600787401574
21
-2.8763427952755904
0
LINE
8
BLACK
6
CONTINUOUS
10
5.4118600787401574
20
-2.8763427952755904
11
5.4116240944881886
21
-2.8768713779527557
0
LINE
8
BLACK
6
CONTINUOUS
10
5.4116240944881886
20
-2.8768713779527557
11
5.4115546062992124
21
-2.8769514566929133
0
LINE
8
BLACK
6
CONTINUOUS
10
5.4115546062992124
20
-2.8769514566929133
11
5.4115140157480317
21
-2.8770495275590551
0
LINE
8
BLACK
6
CONTINUOUS
10
5.4115140157480317
20
-2.8770495275590551
11
5.4111712204724407
21
-2.8773935039370078
0
LINE
8
BLACK
6
CONTINUOUS
10
5.4111712204724407
20
-2.8773935039370078
11
5.410869212598425
21
-2.8777417322834644
0
LINE
8
BLACK
6
CONTINUOUS
10
5.410869212598425
20
-2.8777417322834644
11
5.4107795669291336
21
-2.8777865354330707
0
LINE
8
BLACK
6
CONTINUOUS
10
5.4107795669291336
20
-2.8777865354330707
11
5.3936334251968505
21
-2.8949928346456693
0
LINE
8
BLACK
6
CONTINUOUS
10
5.3936334251968505
20
-2.8949928346456693
11
5.4109336220472439
21
-2.8949535039370078
0
LINE
8
BLACK
6
CONTINUOUS
10
5.4109336220472439
20
-2.8949535039370078
11
5.4115096850393698
21
-2.8950102362204722
0
LINE
8
BLACK
6
CONTINUOUS
10
5.4115096850393698
20
-2.8950102362204722
11
5.412574094488189
21
-2.8954511417322832
0
LINE
8
BLACK
6
CONTINUOUS
10
5.412574094488189
20
-2.8954511417322832
11
5.4133887401574805
21
-2.8962657874015747
0
LINE
8
BLACK
6
CONTINUOUS
10
5.4133887401574805
20
-2.8962657874015747
11
5.4138296456692911
21
-2.8973301968503935
0
LINE
8
BLACK
6
CONTINUOUS
10
5.4138296456692911
20
-2.8973301968503935
11
5.4138296456692911
21
-2.8984823228346457
0
LINE
8
BLACK
6
CONTINUOUS
10
5.4138296456692911
20
-2.8984823228346457
11
5.4133887401574805
21
-2.8995467322834645
0
LINE
8
BLACK
6
CONTINUOUS
10
5.4133887401574805
20
-2.8995467322834645
11
5.412574094488189
21
-2.9003613779527559
0
LINE
8
BLACK
6
CONTINUOUS
10
5.412574094488189
20
-2.9003613779527559
11
5.4115096850393698
21
-2.900802283464567
0
LINE
8
BLACK
6
CONTINUOUS
10
5.4115096850393698
20
-2.900802283464567
11
5.3865616929133857
21
-2.9008590157480314
0
LINE
8
BLACK
6
CONTINUOUS
10
5.3865616929133857
20
-2.9008590157480314
11
5.3859856299212598
21
-2.900802283464567
0
LINE
8
BLACK
6
CONTINUOUS
10
5.3859856299212598
20
-2.900802283464567
11
5.3849212204724406
21
-2.9003613779527559
0
LINE
8
BLACK
6
CONTINUOUS
10
5.3849212204724406
20
-2.9003613779527559
11
5.3841065748031491
21
-2.8995467322834645
0
LINE
8
BLACK
6
CONTINUOUS
10
5.3841065748031491
20
-2.8995467322834645
11
5.3836656692913385
21
-2.8984823228346457
0
LINE
8
BLACK
6
CONTINUOUS
10
5.3836656692913385
20
-2.8984823228346457
11
5.3836656692913385
21
-2.8973301968503935
0
LINE
8
BLACK
6
CONTINUOUS
10
5.3836656692913385
20
-2.8973301968503935
11
5.3841065748031491
21
-2.8962657874015747
0
LINE
8
BLACK
6
CONTINUOUS
10
5.3841065748031491
20
-2.8962657874015747
11
5.4065482677165351
21
-2.8737452755905513
0
LINE
8
BLACK
6
CONTINUOUS
10
5.4065482677165351
20
-2.8737452755905513
11
5.4080222440944885
21
-2.8691912992125985
0
LINE
8
BLACK
6
CONTINUOUS
10
5.4080222440944885
20
-2.8691912992125985
11
5.407989015748031
21
-2.8666573228346457
0
LINE
8
BLACK
6
CONTINUOUS
10
5.407989015748031
20
-2.8666573228346457
11
5.4065905118110233
21
-2.8639415354330708
0
LINE
8
BLACK
6
CONTINUOUS
10
5.4065905118110233
20
-2.8639415354330708
11
5.4053571653543306
21
-2.8627508267716535
0
LINE
8
BLACK
6
CONTINUOUS
10
5.4053571653543306
20
-2.8627508267716535
11
5.4026555118110231
21
-2.8614399212598425
0
LINE
8
BLACK
6
CONTINUOUS
10
5.4026555118110231
20
-2.8614399212598425
11
5.394673779527559
21
-2.8614854330708659
0
LINE
8
BLACK
6
CONTINUOUS
10
5.394673779527559
20
-2.8614854330708659
11
5.3919670472440941
21
-2.8628792519685038
0
LINE
8
BLACK
6
CONTINUOUS
10
5.3919670472440941
20
-2.8628792519685038
11
5.3905243700787402
21
-2.864373622047244
0
LINE
8
BLACK
6
CONTINUOUS
10
5.3905243700787402
20
-2.864373622047244
11
5.3900769291338584
21
-2.8647408267716536
0
LINE
8
BLACK
6
CONTINUOUS
10
5.3900769291338584
20
-2.8647408267716536
11
5.3890124803149604
21
-2.8651817322834643
0
LINE
8
BLACK
6
CONTINUOUS
10
5.3890124803149604
20
-2.8651817322834643
11
5.3878604330708662
21
-2.8651817322834643
0
LINE
8
BLACK
6
CONTINUOUS
10
5.3878604330708662
20
-2.8651817322834643
11
5.3867959842519682
21
-2.8647408267716536
0
LINE
8
BLACK
6
CONTINUOUS
10
5.3867959842519682
20
-2.8647408267716536
11
5.3859813385826767
21
-2.8639261811023622
0
LINE
8
BLACK
6
CONTINUOUS
10
5.3859813385826767
20
-2.8639261811023622
11
5.3855404330708661
21
-2.8628617322834646
0
LINE
8
BLACK
6
CONTINUOUS
10
5.3855404330708661
20
-2.8628617322834646
11
5.3855404330708661
21
-2.86170968503937
0
LINE
8
BLACK
6
CONTINUOUS
10
5.3855404330708661
20
-2.86170968503937
11
5.3859813385826767
21
-2.8606452362204724
0
LINE
8
BLACK
6
CONTINUOUS
10
5.3859813385826767
20
-2.8606452362204724
11
5.3882233070866139
21
-2.858323031496063
0
LINE
8
BLACK
6
CONTINUOUS
10
5.3882233070866139
20
-2.858323031496063
11
5.388449645669291
21
-2.8581372440944883
0
LINE
8
BLACK
6
CONTINUOUS
10
5.388449645669291
20
-2.8581372440944883
11
5.3885008267716534
21
-2.8580782677165355
0
LINE
8
BLACK
6
CONTINUOUS
10
5.3885008267716534
20
-2.8580782677165355
11
5.3885564566929132
21
-2.8580496062992125
0
LINE
8
BLACK
6
CONTINUOUS
10
5.3885564566929132
20
-2.8580496062992125
11
5.3886707480314957
21
-2.8579558267716534
0
LINE
8
BLACK
6
CONTINUOUS
10
5.3886707480314957
20
-2.8579558267716534
11
5.3890175984251965
21
-2.8578121259842519
0
LINE
8
BLACK
6
CONTINUOUS
10
5.3890175984251965
20
-2.8578121259842519
11
5.3927402362204724
21
-2.8558951574803149
0
LINE
8
BLACK
6
CONTINUOUS
10
5.3927402362204724
20
-2.8558951574803149
11
5.3932808267716537
21
-2.8556882677165354
0
LINE
8
BLACK
6
CONTINUOUS
10
5.3932808267716537
20
-2.8556882677165354
11
5.3933866929133858
21
-2.8556807086614171
0
LINE
8
BLACK
6
CONTINUOUS
10
5.3933866929133858
20
-2.8556807086614171
11
5.3934846850393701
21
-2.8556401574803147
0
LINE
8
BLACK
6
CONTINUOUS
10
5.3934846850393701
20
-2.8556401574803147
11
5.3939992125984251
21
-2.8556372047244092
0
LINE
8
BLACK
6
CONTINUOUS
10
5.3939992125984251
20
-2.8556372047244092
11
5.3944300393700786
21
-2.8556066141732281
0
LINE
8
BLACK
6
CONTINUOUS
10
5.3944300393700786
20
-2.8556066141732281
11
5.3945130708661413
21
-2.8556342913385828
0
LINE
8
BLACK
6
CONTINUOUS
10
5.3945130708661413
20
-2.8556342913385828
11
5.4034345669291337
21
-2.8555834251968504
0
LINE
8
BLACK
6
CONTINUOUS
10
5.4034345669291337
20
-2.8555834251968504
11
5.4040106299212596
21
-2.8556401574803147
0
LINE
8
BLACK
6
CONTINUOUS
10
5.4238831496062989
20
-2.8266315354330707
11
5.4249475590551182
21
-2.8270724409448817
0
LINE
8
BLACK
6
CONTINUOUS
10
5.4249475590551182
20
-2.8270724409448817
11
5.4257622047244096
21
-2.8278870866141732
0
LINE
8
BLACK
6
CONTINUOUS
10
5.4257622047244096
20
-2.8278870866141732
11
5.4262031102362203
21
-2.828951496062992
0
LINE
8
BLACK
6
CONTINUOUS
10
5.4262031102362203
20
-2.828951496062992
11
5.4262031102362203
21
-2.8301036220472442
0
LINE
8
BLACK
6
CONTINUOUS
10
5.4262031102362203
20
-2.8301036220472442
11
5.4257622047244096
21
-2.831168031496063
0
LINE
8
BLACK
6
CONTINUOUS
10
5.4257622047244096
20
-2.831168031496063
11
5.4249475590551182
21
-2.8319826771653545
0
LINE
8
BLACK
6
CONTINUOUS
10
5.4249475590551182
20
-2.8319826771653545
11
5.4238831496062989
21
-2.8324235826771651
0
LINE
8
BLACK
6
CONTINUOUS
10
5.4238831496062989
20
-2.8324235826771651
11
5.317007874015748
21
-2.8324803149606299
0
LINE
8
BLACK
6
CONTINUOUS
10
5.317007874015748
20
-2.8324803149606299
11
5.3164318110236222
21
-2.8324235826771651
0
LINE
8
BLACK
6
CONTINUOUS
10
5.3164318110236222
20
-2.8324235826771651
11
5.3153674015748029
21
-2.8319826771653545
0
LINE
8
BLACK
6
CONTINUOUS
10
5.3153674015748029
20
-2.8319826771653545
11
5.3145527559055115
21
-2.831168031496063
0
LINE
8
BLACK
6
CONTINUOUS
10
5.3145527559055115
20
-2.831168031496063
11
5.3141118503937008
21
-2.8301036220472442
0
LINE
8
BLACK
6
CONTINUOUS
10
5.3141118503937008
20
-2.8301036220472442
11
5.3141118503937008
21
-2.828951496062992
0
LINE
8
BLACK
6
CONTINUOUS
10
5.3141118503937008
20
-2.828951496062992
11
5.3145527559055115
21
-2.8278870866141732
0
LINE
8
BLACK
6
CONTINUOUS
10
5.3145527559055115
20
-2.8278870866141732
11
5.3153674015748029
21
-2.8270724409448817
0
LINE
8
BLACK
6
CONTINUOUS
10
5.3153674015748029
20
-2.8270724409448817
11
5.3164318110236222
21
-2.8266315354330707
0
LINE
8
BLACK
6
CONTINUOUS
10
5.3164318110236222
20
-2.8266315354330707
11
5.423307086614173
21
-2.8265748031496063
0
LINE
8
BLACK
6
CONTINUOUS
10
5.423307086614173
20
-2.8265748031496063
11
5.4238831496062989
21
-2.8266315354330707
0
LINE
8
BLACK
6
CONTINUOUS
10
5.3678609448818895
20
-2.7837653543307086
11
5.3686755905511809
21
-2.7845800000000001
0
LINE
8
BLACK
6
CONTINUOUS
10
5.3686755905511809
20
-2.7845800000000001
11
5.3691164960629916
21
-2.7856444094488189
0
LINE
8
BLACK
6
CONTINUOUS
10
5.3691164960629916
20
-2.7856444094488189
11
5.3691312204724406
21
-2.792963188976378
0
LINE
8
BLACK
6
CONTINUOUS
10
5.3691312204724406
20
-2.792963188976378
11
5.377912086614173
21
-2.7841325590551183
0
LINE
8
BLACK
6
CONTINUOUS
10
5.377912086614173
20
-2.7841325590551183
11
5.3783595275590548
21
-2.7837653149606298
0
LINE
8
BLACK
6
CONTINUOUS
10
5.3783595275590548
20
-2.7837653149606298
11
5.3791121653543303
21
-2.7834535433070866
0
LINE
8
BLACK
6
CONTINUOUS
10
5.3791121653543303
20
-2.7834535433070866
11
5.379423937007874
21
-2.7833244488188975
0
LINE
8
BLACK
6
CONTINUOUS
10
5.379423937007874
20
-2.7833244488188975
11
5.3805760629921258
21
-2.7833244488188975
0
LINE
8
BLACK
6
CONTINUOUS
10
5.3805760629921258
20
-2.7833244488188975
11
5.381640472440945
21
-2.7837653149606298
0
LINE
8
BLACK
6
CONTINUOUS
10
5.381640472440945
20
-2.7837653149606298
11
5.3824551574803152
21
-2.7845800000000001
0
LINE
8
BLACK
6
CONTINUOUS
10
5.3824551574803152
20
-2.7845800000000001
11
5.3828960236220471
21
-2.7856444094488189
0
LINE
8
BLACK
6
CONTINUOUS
10
5.3828960236220471
20
-2.7856444094488189
11
5.3829190944881891
21
-2.7970901574803149
0
LINE
8
BLACK
6
CONTINUOUS
10
5.3829190944881891
20
-2.7970901574803149
11
5.3937795275590554
21
-2.7970472440944882
0
LINE
8
BLACK
6
CONTINUOUS
10
5.3937795275590554
20
-2.7970472440944882
11
5.3943555905511813
21
-2.7971039763779526
0
LINE
8
BLACK
6
CONTINUOUS
10
5.3943555905511813
20
-2.7971039763779526
11
5.3954199999999997
21
-2.7975448818897637
0
LINE
8
BLACK
6
CONTINUOUS
10
5.3954199999999997
20
-2.7975448818897637
11
5.3962346456692911
21
-2.7983595275590551
0
LINE
8
BLACK
6
CONTINUOUS
10
5.3962346456692911
20
-2.7983595275590551
11
5.3966755511811026
21
-2.799423937007874
0
LINE
8
BLACK
6
CONTINUOUS
10
5.3966755511811026
20
-2.799423937007874
11
5.3966755511811026
21
-2.8005760629921261
0
LINE
8
BLACK
6
CONTINUOUS
10
5.3966755511811026
20
-2.8005760629921261
11
5.3962346456692911
21
-2.8016404724409449
0
LINE
8
BLACK
6
CONTINUOUS
10
5.3962346456692911
20
-2.8016404724409449
11
5.3954199999999997
21
-2.802455118110236
0
LINE
8
BLACK
6
CONTINUOUS
10
5.3954199999999997
20
-2.802455118110236
11
5.3943555905511813
21
-2.802896023622047
0
LINE
8
BLACK
6
CONTINUOUS
10
5.3943555905511813
20
-2.802896023622047
11
5.3829308661417326
21
-2.8029411417322834
0
LINE
8
BLACK
6
CONTINUOUS
10
5.3829308661417326
20
-2.8029411417322834
11
5.3829527559055119
21
-2.8137795275590549
0
LINE
8
BLACK
6
CONTINUOUS
10
5.3829527559055119
20
-2.8137795275590549
11
5.3828960236220471
21
-2.8143555905511812
0
LINE
8
BLACK
6
CONTINUOUS
10
5.3828960236220471
20
-2.8143555905511812
11
5.3824551574803152
21
-2.81542
0
LINE
8
BLACK
6
CONTINUOUS
10
5.3824551574803152
20
-2.81542
11
5.381640472440945
21
-2.8162346850393698
0
LINE
8
BLACK
6
CONTINUOUS
10
5.381640472440945
20
-2.8162346850393698
11
5.3805760629921258
21
-2.8166755511811021
0
LINE
8
BLACK
6
CONTINUOUS
10
5.3805760629921258
20
-2.8166755511811021
11
5.3794239763779528
21
-2.8166755511811021
0
LINE
8
BLACK
6
CONTINUOUS
10
5.3794239763779528
20
-2.8166755511811021
11
5.379423937007874
21
-2.8166755511811021
0
LINE
8
BLACK
6
CONTINUOUS
10
5.379423937007874
20
-2.8166755511811021
11
5.3791121653543303
21
-2.8165464173228347
0
LINE
8
BLACK
6
CONTINUOUS
10
5.3791121653543303
20
-2.8165464173228347
11
5.3783595275590548
21
-2.8162346850393698
0
LINE
8
BLACK
6
CONTINUOUS
10
5.3783595275590548
20
-2.8162346850393698
11
5.3691597244094487
21
-2.8070867322834645
0
LINE
8
BLACK
6
CONTINUOUS
10
5.3691597244094487
20
-2.8070867322834645
11
5.3691732283464564
21
-2.8137795275590549
0
LINE
8
BLACK
6
CONTINUOUS
10
5.3691732283464564
20
-2.8137795275590549
11
5.3691164960629916
21
-2.8143555905511812
0
LINE
8
BLACK
6
CONTINUOUS
10
5.3691164960629916
20
-2.8143555905511812
11
5.3686755905511809
21
-2.81542
0
LINE
8
BLACK
6
CONTINUOUS
10
5.3686755905511809
20
-2.81542
11
5.3678609448818895
21
-2.8162346456692915
0
LINE
8
BLACK
6
CONTINUOUS
10
5.3678609448818895
20
-2.8162346456692915
11
5.3667965354330711
21
-2.8166755511811021
0
LINE
8
BLACK
6
CONTINUOUS
10
5.3667965354330711
20
-2.8166755511811021
11
5.3656444094488185
21
-2.8166755511811021
0
LINE
8
BLACK
6
CONTINUOUS
10
5.3656444094488185
20
-2.8166755511811021
11
5.3645800000000001
21
-2.8162346456692915
0
LINE
8
BLACK
6
CONTINUOUS
10
5.3645800000000001
20
-2.8162346456692915
11
5.3637653543307087
21
-2.81542
0
LINE
8
BLACK
6
CONTINUOUS
10
5.3637653543307087
20
-2.81542
11
5.3633244488188971
21
-2.8143555905511812
0
LINE
8
BLACK
6
CONTINUOUS
10
5.3633244488188971
20
-2.8143555905511812
11
5.3632677165354332
21
-2.7862204724409447
0
LINE
8
BLACK
6
CONTINUOUS
10
5.3632677165354332
20
-2.7862204724409447
11
5.3633244488188971
21
-2.7856444094488189
0
LINE
8
BLACK
6
CONTINUOUS
10
5.3633244488188971
20
-2.7856444094488189
11
5.3637653543307087
21
-2.7845800000000001
0
LINE
8
BLACK
6
CONTINUOUS
10
5.3637653543307087
20
-2.7845800000000001
11
5.3645800000000001
21
-2.7837653543307086
0
LINE
8
BLACK
6
CONTINUOUS
10
5.3645800000000001
20
-2.7837653543307086
11
5.3656444094488185
21
-2.7833244488188975
0
LINE
8
BLACK
6
CONTINUOUS
10
5.3656444094488185
20
-2.7833244488188975
11
5.3667965354330711
21
-2.7833244488188975
0
LINE
8
BLACK
6
CONTINUOUS
10
5.3667965354330711
20
-2.7833244488188975
11
5.3678609448818895
21
-2.7837653543307086
0
LINE
8
BLACK
6
CONTINUOUS
10
5.3770214960629916
20
-2.7933253543307086
11
5.3770615748031494
21
-2.7933419685039369
0
LINE
8
BLACK
6
CONTINUOUS
10
5.3770615748031494
20
-2.7933419685039369
11
5.3770614566929131
21
-2.793285157480315
0
LINE
8
BLACK
6
CONTINUOUS
10
5.3770614566929131
20
-2.793285157480315
11
5.3770214960629916
21
-2.7933253543307086
0
LINE
8
BLACK
6
CONTINUOUS
10
5.4238831496062989
20
-2.7675764173228345
11
5.4249475590551182
21
-2.7680173228346456
0
LINE
8
BLACK
6
CONTINUOUS
10
5.4249475590551182
20
-2.7680173228346456
11
5.4257622047244096
21
-2.7688319685039371
0
LINE
8
BLACK
6
CONTINUOUS
10
5.4257622047244096
20
-2.7688319685039371
11
5.4262031102362203
21
-2.7698963779527559
0
LINE
8
BLACK
6
CONTINUOUS
10
5.4262031102362203
20
-2.7698963779527559
11
5.4262031102362203
21
-2.7710485039370076
0
LINE
8
BLACK
6
CONTINUOUS
10
5.4262031102362203
20
-2.7710485039370076
11
5.4257622047244096
21
-2.7721129133858269
0
LINE
8
BLACK
6
CONTINUOUS
10
5.4257622047244096
20
-2.7721129133858269
11
5.4249475590551182
21
-2.7729275590551179
0
LINE
8
BLACK
6
CONTINUOUS
10
5.4249475590551182
20
-2.7729275590551179
11
5.4238831496062989
21
-2.773368464566929
0
LINE
8
BLACK
6
CONTINUOUS
10
5.4238831496062989
20
-2.773368464566929
11
5.317007874015748
21
-2.7734251968503938
0
LINE
8
BLACK
6
CONTINUOUS
10
5.317007874015748
20
-2.7734251968503938
11
5.3164318110236222
21
-2.773368464566929
0
LINE
8
BLACK
6
CONTINUOUS
10
5.3164318110236222
20
-2.773368464566929
11
5.3153674015748029
21
-2.7729275590551179
0
LINE
8
BLACK
6
CONTINUOUS
10
5.3153674015748029
20
-2.7729275590551179
11
5.3145527559055115
21
-2.7721129133858269
0
LINE
8
BLACK
6
CONTINUOUS
10
5.3145527559055115
20
-2.7721129133858269
11
5.3141118503937008
21
-2.7710485039370076
0
LINE
8
BLACK
6
CONTINUOUS
10
5.3141118503937008
20
-2.7710485039370076
11
5.3141118503937008
21
-2.7698963779527559
0
LINE
8
BLACK
6
CONTINUOUS
10
5.3141118503937008
20
-2.7698963779527559
11
5.3145527559055115
21
-2.7688319685039371
0
LINE
8
BLACK
6
CONTINUOUS
10
5.3145527559055115
20
-2.7688319685039371
11
5.3153674015748029
21
-2.7680173228346456
0
LINE
8
BLACK
6
CONTINUOUS
10
5.3153674015748029
20
-2.7680173228346456
11
5.3164318110236222
21
-2.7675764173228345
0
LINE
8
BLACK
6
CONTINUOUS
10
5.3164318110236222
20
-2.7675764173228345
11
5.423307086614173
21
-2.7675196850393702
0
LINE
8
BLACK
6
CONTINUOUS
10
5.423307086614173
20
-2.7675196850393702
11
5.4238831496062989
21
-2.7675764173228345
0
LINE
8
BLACK
6
CONTINUOUS
10
5.2829690157480318
20
-2.6845724409448817
11
5.2830997244094489
21
-2.6846265748031497
0
LINE
8
BLACK
6
CONTINUOUS
10
5.2830997244094489
20
-2.6846265748031497
11
5.2832408267716531
21
-2.6846366141732281
0
LINE
8
BLACK
6
CONTINUOUS
10
5.2832408267716531
20
-2.6846366141732281
11
5.2839650000000002
21
-2.6849849999999997
0
LINE
8
BLACK
6
CONTINUOUS
10
5.2839650000000002
20
-2.6849849999999997
11
5.2843882283464563
21
-2.6851603149606298
0
LINE
8
BLACK
6
CONTINUOUS
10
5.2843882283464563
20
-2.6851603149606298
11
5.2844427165354331
21
-2.6852148031496061
0
LINE
8
BLACK
6
CONTINUOUS
10
5.2844427165354331
20
-2.6852148031496061
11
5.2877111417322835
21
-2.6867872047244092
0
LINE
8
BLACK
6
CONTINUOUS
10
5.2877111417322835
20
-2.6867872047244092
11
5.288041692913386
21
-2.6869952755905513
0
LINE
8
BLACK
6
CONTINUOUS
10
5.288041692913386
20
-2.6869952755905513
11
5.2881377559055114
21
-2.6870350787401573
0
LINE
8
BLACK
6
CONTINUOUS
10
5.2881377559055114
20
-2.6870350787401573
11
5.2881974803149605
21
-2.6870933464566931
0
LINE
8
BLACK
6
CONTINUOUS
10
5.2881974803149605
20
-2.6870933464566931
11
5.2883642913385822
21
-2.6871983464566926
0
LINE
8
BLACK
6
CONTINUOUS
10
5.2883642913385822
20
-2.6871983464566926
11
5.2886890157480311
21
-2.6875727559055118
0
LINE
8
BLACK
6
CONTINUOUS
10
5.2886890157480311
20
-2.6875727559055118
11
5.292483897637795
21
-2.691274212598425
0
LINE
8
BLACK
6
CONTINUOUS
10
5.292483897637795
20
-2.691274212598425
11
5.2929735039370076
21
-2.6918708267716536
0
LINE
8
BLACK
6
CONTINUOUS
10
5.2929735039370076
20
-2.6918708267716536
11
5.2930855118110234
21
-2.6921412204724411
0
LINE
8
BLACK
6
CONTINUOUS
10
5.2930855118110234
20
-2.6921412204724411
11
5.2932598031496063
21
-2.6923764566929131
0
LINE
8
BLACK
6
CONTINUOUS
10
5.2932598031496063
20
-2.6923764566929131
11
5.2933886614173229
21
-2.6928730708661415
0
LINE
8
BLACK
6
CONTINUOUS
10
5.2933886614173229
20
-2.6928730708661415
11
5.2935613779527557
21
-2.6932900393700785
0
LINE
8
BLACK
6
CONTINUOUS
10
5.2935613779527557
20
-2.6932900393700785
11
5.2935613779527557
21
-2.6935386614173229
0
LINE
8
BLACK
6
CONTINUOUS
10
5.2935613779527557
20
-2.6935386614173229
11
5.295394212598425
21
-2.7006022834645669
0
LINE
8
BLACK
6
CONTINUOUS
10
5.295394212598425
20
-2.7006022834645669
11
5.2954138976377951
21
-2.7007353937007874
0
LINE
8
BLACK
6
CONTINUOUS
10
5.2954138976377951
20
-2.7007353937007874
11
5.2954361417322833
21
-2.7007890944881887
0
LINE
8
BLACK
6
CONTINUOUS
10
5.2954361417322833
20
-2.7007890944881887
11
5.2954366535433071
21
-2.7008894881889765
0
LINE
8
BLACK
6
CONTINUOUS
10
5.2954366535433071
20
-2.7008894881889765
11
5.2955071259842521
21
-2.7013657874015746
0
LINE
8
BLACK
6
CONTINUOUS
10
5.2955071259842521
20
-2.7013657874015746
11
5.2954416535433069
21
-2.7018055905511811
0
LINE
8
BLACK
6
CONTINUOUS
10
5.2954416535433069
20
-2.7018055905511811
11
5.2955117716535431
21
-2.7146805118110238
0
LINE
8
BLACK
6
CONTINUOUS
10
5.2955117716535431
20
-2.7146805118110238
11
5.2954985433070867
21
-2.7148144488188977
0
LINE
8
BLACK
6
CONTINUOUS
10
5.2954985433070867
20
-2.7148144488188977
11
5.2955071259842521
21
-2.7148718897637796
0
LINE
8
BLACK
6
CONTINUOUS
10
5.2955071259842521
20
-2.7148718897637796
11
5.2954830708661413
21
-2.7149718110236218
0
LINE
8
BLACK
6
CONTINUOUS
10
5.2954830708661413
20
-2.7149718110236218
11
5.2954361417322833
21
-2.7154485826771655
0
LINE
8
BLACK
6
CONTINUOUS
10
5.2954361417322833
20
-2.7154485826771655
11
5.2952745275590551
21
-2.7158386614173229
0
LINE
8
BLACK
6
CONTINUOUS
10
5.2952745275590551
20
-2.7158386614173229
11
5.2935194488188975
21
-2.7231344488188975
0
LINE
8
BLACK
6
CONTINUOUS
10
5.2935194488188975
20
-2.7231344488188975
11
5.2932598031496063
21
-2.7238612204724411
0
LINE
8
BLACK
6
CONTINUOUS
10
5.2932598031496063
20
-2.7238612204724411
11
5.2930855511811021
21
-2.7240963385826773
0
LINE
8
BLACK
6
CONTINUOUS
10
5.2930855511811021
20
-2.7240963385826773
11
5.2929735433070864
21
-2.7243668503937006
0
LINE
8
BLACK
6
CONTINUOUS
10
5.2929735433070864
20
-2.7243668503937006
11
5.2926057480314963
21
-2.7247438582677166
0
LINE
8
BLACK
6
CONTINUOUS
10
5.2926057480314963
20
-2.7247438582677166
11
5.2923452755905513
21
-2.7250954724409446
0
LINE
8
BLACK
6
CONTINUOUS
10
5.2923452755905513
20
-2.7250954724409446
11
5.292146535433071
21
-2.7252146850393699
0
LINE
8
BLACK
6
CONTINUOUS
10
5.292146535433071
20
-2.7252146850393699
11
5.2887343700787399
21
-2.7287129921259843
0
LINE
8
BLACK
6
CONTINUOUS
10
5.2887343700787399
20
-2.7287129921259843
11
5.288432401574803
21
-2.7289608267716536
0
LINE
8
BLACK
6
CONTINUOUS
10
5.288432401574803
20
-2.7289608267716536
11
5.2883642913385822
21
-2.7290393700787403
0
LINE
8
BLACK
6
CONTINUOUS
10
5.2883642913385822
20
-2.7290393700787403
11
5.2882892125984249
21
-2.7290783070866143
0
LINE
8
BLACK
6
CONTINUOUS
10
5.2882892125984249
20
-2.7290783070866143
11
5.2881377952755901
21
-2.7292026377952756
0
LINE
8
BLACK
6
CONTINUOUS
10
5.2881377952755901
20
-2.7292026377952756
11
5.2877028740157481
21
-2.7293827559055117
0
LINE
8
BLACK
6
CONTINUOUS
10
5.2877028740157481
20
-2.7293827559055117
11
5.2839616141732284
21
-2.7313252755905513
0
LINE
8
BLACK
6
CONTINUOUS
10
5.2839616141732284
20
-2.7313252755905513
11
5.2832408267716531
21
-2.7316011023622049
0
LINE
8
BLACK
6
CONTINUOUS
10
5.2832408267716531
20
-2.7316011023622049
11
5.2830997244094489
21
-2.7316111023622045
0
LINE
8
BLACK
6
CONTINUOUS
10
5.2830997244094489
20
-2.7316111023622045
11
5.2829690157480318
21
-2.7316652755905513
0
LINE
8
BLACK
6
CONTINUOUS
10
5.2829690157480318
20
-2.7316652755905513
11
5.2822445669291334
21
-2.7316718897637795
0
LINE
8
BLACK
6
CONTINUOUS
10
5.2822445669291334
20
-2.7316718897637795
11
5.2817085433070865
21
-2.7317100000000001
0
LINE
8
BLACK
6
CONTINUOUS
10
5.2817085433070865
20
-2.7317100000000001
11
5.2816116141732286
21
-2.7316776771653544
0
LINE
8
BLACK
6
CONTINUOUS
10
5.2816116141732286
20
-2.7316776771653544
11
5.2747018897637794
21
-2.7317409055118111
0
LINE
8
BLACK
6
CONTINUOUS
10
5.2747018897637794
20
-2.7317409055118111
11
5.2739338188976372
21
-2.7316652755905513
0
LINE
8
BLACK
6
CONTINUOUS
10
5.2739338188976372
20
-2.7316652755905513
11
5.2738030708661414
21
-2.7316111023622045
0
LINE
8
BLACK
6
CONTINUOUS
10
5.2738030708661414
20
-2.7316111023622045
11
5.273662007874016
21
-2.7316011023622049
0
LINE
8
BLACK
6
CONTINUOUS
10
5.273662007874016
20
-2.7316011023622049
11
5.27293779527559
21
-2.7312526771653545
0
LINE
8
BLACK
6
CONTINUOUS
10
5.27293779527559
20
-2.7312526771653545
11
5.2725146062992128
21
-2.7310774015748032
0
LINE
8
BLACK
6
CONTINUOUS
10
5.2725146062992128
20
-2.7310774015748032
11
5.2724600787401572
21
-2.7310228740157481
0
LINE
8
BLACK
6
CONTINUOUS
10
5.2724600787401572
20
-2.7310228740157481
11
5.2691916929133855
21
-2.7294505118110237
0
LINE
8
BLACK
6
CONTINUOUS
10
5.2691916929133855
20
-2.7294505118110237
11
5.2688611023622043
21
-2.7292424015748029
0
LINE
8
BLACK
6
CONTINUOUS
10
5.2688611023622043
20
-2.7292424015748029
11
5.2687650393700789
21
-2.7292026377952756
0
LINE
8
BLACK
6
CONTINUOUS
10
5.2687650393700789
20
-2.7292026377952756
11
5.2687052362204723
21
-2.7291443307086611
0
LINE
8
BLACK
6
CONTINUOUS
10
5.2687052362204723
20
-2.7291443307086611
11
5.2685385039370081
21
-2.7290393700787403
0
LINE
8
BLACK
6
CONTINUOUS
10
5.2685385039370081
20
-2.7290393700787403
11
5.2682137401574805
21
-2.7286648818897636
0
LINE
8
BLACK
6
CONTINUOUS
10
5.2682137401574805
20
-2.7286648818897636
11
5.264418937007874
21
-2.7249634251968504
0
LINE
8
BLACK
6
CONTINUOUS
10
5.264418937007874
20
-2.7249634251968504
11
5.2639292913385827
21
-2.7243668503937006
0
LINE
8
BLACK
6
CONTINUOUS
10
5.2639292913385827
20
-2.7243668503937006
11
5.2638172440944881
21
-2.7240963385826773
0
LINE
8
BLACK
6
CONTINUOUS
10
5.2638172440944881
20
-2.7240963385826773
11
5.2636430314960627
21
-2.7238612204724411
0
LINE
8
BLACK
6
CONTINUOUS
10
5.2636430314960627
20
-2.7238612204724411
11
5.2635141732283461
21
-2.7233646456692915
0
LINE
8
BLACK
6
CONTINUOUS
10
5.2635141732283461
20
-2.7233646456692915
11
5.2633414566929133
21
-2.7229476377952757
0
LINE
8
BLACK
6
CONTINUOUS
10
5.2633414566929133
20
-2.7229476377952757
11
5.2633414566929133
21
-2.7226989763779526
0
LINE
8
BLACK
6
CONTINUOUS
10
5.2633414566929133
20
-2.7226989763779526
11
5.261508622047244
21
-2.7156353937007873
0
LINE
8
BLACK
6
CONTINUOUS
10
5.261508622047244
20
-2.7156353937007873
11
5.2614888976377951
21
-2.715502244094488
0
LINE
8
BLACK
6
CONTINUOUS
10
5.2614888976377951
20
-2.715502244094488
11
5.2614666929133858
21
-2.7154485826771655
0
LINE
8
BLACK
6
CONTINUOUS
10
5.2614666929133858
20
-2.7154485826771655
11
5.2614661417322832
21
-2.715348149606299
0
LINE
8
BLACK
6
CONTINUOUS
10
5.2614661417322832
20
-2.715348149606299
11
5.2613957086614169
21
-2.7148718897637796
0
LINE
8
BLACK
6
CONTINUOUS
10
5.2613957086614169
20
-2.7148718897637796
11
5.2614611417322834
21
-2.7144320472440944
0
LINE
8
BLACK
6
CONTINUOUS
10
5.2614611417322834
20
-2.7144320472440944
11
5.2613910629921259
21
-2.7015571653543304
0
LINE
8
BLACK
6
CONTINUOUS
10
5.2613910629921259
20
-2.7015571653543304
11
5.2614042519685036
21
-2.7014231889763778
0
LINE
8
BLACK
6
CONTINUOUS
10
5.2614042519685036
20
-2.7014231889763778
11
5.2613957086614169
21
-2.7013657874015746
0
LINE
8
BLACK
6
CONTINUOUS
10
5.2613957086614169
20
-2.7013657874015746
11
5.2614197244094489
21
-2.7012658267716536
0
LINE
8
BLACK
6
CONTINUOUS
10
5.2614197244094489
20
-2.7012658267716536
11
5.2614666929133858
21
-2.7007890944881887
0
LINE
8
BLACK
6
CONTINUOUS
10
5.2614666929133858
20
-2.7007890944881887
11
5.2616282677165351
21
-2.7003989370078738
0
LINE
8
BLACK
6
CONTINUOUS
10
5.2616282677165351
20
-2.7003989370078738
11
5.2633833858267716
21
-2.6931032677165354
0
LINE
8
BLACK
6
CONTINUOUS
10
5.2633833858267716
20
-2.6931032677165354
11
5.2636430314960627
21
-2.6923764566929131
0
LINE
8
BLACK
6
CONTINUOUS
10
5.2636430314960627
20
-2.6923764566929131
11
5.2638172834645669
21
-2.6921412204724411
0
LINE
8
BLACK
6
CONTINUOUS
10
5.2638172834645669
20
-2.6921412204724411
11
5.2639293307086614
21
-2.6918708267716536
0
LINE
8
BLACK
6
CONTINUOUS
10
5.2639293307086614
20
-2.6918708267716536
11
5.2642969291338577
21
-2.6914939370078739
0
LINE
8
BLACK
6
CONTINUOUS
10
5.2642969291338577
20
-2.6914939370078739
11
5.2645575590551177
21
-2.6911422047244096
0
LINE
8
BLACK
6
CONTINUOUS
10
5.2645575590551177
20
-2.6911422047244096
11
5.2647563385826768
21
-2.6910229133858268
0
LINE
8
BLACK
6
CONTINUOUS
10
5.2647563385826768
20
-2.6910229133858268
11
5.2681684645669291
21
-2.6875246850393699
0
LINE
8
BLACK
6
CONTINUOUS
10
5.2681684645669291
20
-2.6875246850393699
11
5.268470275590551
21
-2.6872769685039368
0
LINE
8
BLACK
6
CONTINUOUS
10
5.268470275590551
20
-2.6872769685039368
11
5.2685385039370081
21
-2.6871983464566926
0
LINE
8
BLACK
6
CONTINUOUS
10
5.2685385039370081
20
-2.6871983464566926
11
5.2686137007874017
21
-2.6871592913385824
0
LINE
8
BLACK
6
CONTINUOUS
10
5.2686137007874017
20
-2.6871592913385824
11
5.2687650787401576
21
-2.6870350787401573
0
LINE
8
BLACK
6
CONTINUOUS
10
5.2687650787401576
20
-2.6870350787401573
11
5.2691996850393696
21
-2.6868550393700787
0
LINE
8
BLACK
6
CONTINUOUS
10
5.2691996850393696
20
-2.6868550393700787
11
5.2729411811023619
21
-2.6849124409448817
0
LINE
8
BLACK
6
CONTINUOUS
10
5.2729411811023619
20
-2.6849124409448817
11
5.273662007874016
21
-2.6846366141732281
0
LINE
8
BLACK
6
CONTINUOUS
10
5.273662007874016
20
-2.6846366141732281
11
5.2738030708661414
21
-2.6846265748031497
0
LINE
8
BLACK
6
CONTINUOUS
10
5.2738030708661414
20
-2.6846265748031497
11
5.2739338188976372
21
-2.6845724409448817
0
LINE
8
BLACK
6
CONTINUOUS
10
5.2739338188976372
20
-2.6845724409448817
11
5.2746582283464569
21
-2.6845657874015747
0
LINE
8
BLACK
6
CONTINUOUS
10
5.2746582283464569
20
-2.6845657874015747
11
5.2751942913385825
21
-2.6845277165354329
0
LINE
8
BLACK
6
CONTINUOUS
10
5.2751942913385825
20
-2.6845277165354329
11
5.2752911811023617
21
-2.6845599999999998
0
LINE
8
BLACK
6
CONTINUOUS
10
5.2752911811023617
20
-2.6845599999999998
11
5.2822009448818896
21
-2.6844968110236218
0
LINE
8
BLACK
6
CONTINUOUS
10
5.2822009448818896
20
-2.6844968110236218
11
5.2829690157480318
21
-2.6845724409448817
0
LINE
8
BLACK
6
CONTINUOUS
10
5.2755380708661415
20
-2.6923631496062992
11
5.2731416929133861
21
-2.6936073622047245
0
LINE
8
BLACK
6
CONTINUOUS
10
5.2731416929133861
20
-2.6936073622047245
11
5.2706833070866139
21
-2.6961277952755904
0
LINE
8
BLACK
6
CONTINUOUS
10
5.2706833070866139
20
-2.6961277952755904
11
5.2691976771653541
21
-2.702303464566929
0
LINE
8
BLACK
6
CONTINUOUS
10
5.2691976771653541
20
-2.702303464566929
11
5.2692637795275585
21
-2.7144476771653543
0
LINE
8
BLACK
6
CONTINUOUS
10
5.2692637795275585
20
-2.7144476771653543
11
5.2707698425196847
21
-2.7202518110236218
0
LINE
8
BLACK
6
CONTINUOUS
10
5.2707698425196847
20
-2.7202518110236218
11
5.2733835826771651
21
-2.7228012598425195
0
LINE
8
BLACK
6
CONTINUOUS
10
5.2733835826771651
20
-2.7228012598425195
11
5.2757218110236224
21
-2.7239261417322833
0
LINE
8
BLACK
6
CONTINUOUS
10
5.2757218110236224
20
-2.7239261417322833
11
5.2813646850393701
21
-2.723874527559055
0
LINE
8
BLACK
6
CONTINUOUS
10
5.2813646850393701
20
-2.723874527559055
11
5.2837610629921254
21
-2.7226303149606297
0
LINE
8
BLACK
6
CONTINUOUS
10
5.2837610629921254
20
-2.7226303149606297
11
5.2862194881889764
21
-2.720109842519685
0
LINE
8
BLACK
6
CONTINUOUS
10
5.2862194881889764
20
-2.720109842519685
11
5.2877051181102361
21
-2.7139342125984252
0
LINE
8
BLACK
6
CONTINUOUS
10
5.2877051181102361
20
-2.7139342125984252
11
5.2876390157480317
21
-2.7017899606299212
0
LINE
8
BLACK
6
CONTINUOUS
10
5.2876390157480317
20
-2.7017899606299212
11
5.2861329527559056
21
-2.6959858267716537
0
LINE
8
BLACK
6
CONTINUOUS
10
5.2861329527559056
20
-2.6959858267716537
11
5.2835191732283464
21
-2.6934363779527559
0
LINE
8
BLACK
6
CONTINUOUS
10
5.2835191732283464
20
-2.6934363779527559
11
5.2811809842519688
21
-2.6923115354330709
0
LINE
8
BLACK
6
CONTINUOUS
10
5.2811809842519688
20
-2.6923115354330709
11
5.2755380708661415
21
-2.6923631496062992
0
LINE
8
BLACK
6
CONTINUOUS
10
5.3729577559055119
20
-2.6845724409448817
11
5.3743769685039373
21
-2.6851603149606298
0
LINE
8
BLACK
6
CONTINUOUS
10
5.3743769685039373
20
-2.6851603149606298
11
5.3754631889763775
21
-2.6862465354330709
0
LINE
8
BLACK
6
CONTINUOUS
10
5.3754631889763775
20
-2.6862465354330709
11
5.3760510629921257
21
-2.6876657480314958
0
LINE
8
BLACK
6
CONTINUOUS
10
5.3760510629921257
20
-2.6876657480314958
11
5.3760510629921257
21
-2.6892018897637793
0
LINE
8
BLACK
6
CONTINUOUS
10
5.3760510629921257
20
-2.6892018897637793
11
5.3754631889763775
21
-2.6906211023622046
0
LINE
8
BLACK
6
CONTINUOUS
10
5.3754631889763775
20
-2.6906211023622046
11
5.3743769685039373
21
-2.6917073228346458
0
LINE
8
BLACK
6
CONTINUOUS
10
5.3743769685039373
20
-2.6917073228346458
11
5.3729577559055119
21
-2.6922951968503934
0
LINE
8
BLACK
6
CONTINUOUS
10
5.3729577559055119
20
-2.6922951968503934
11
5.357312244094488
21
-2.6923558267716534
0
LINE
8
BLACK
6
CONTINUOUS
10
5.357312244094488
20
-2.6923558267716534
11
5.3573328346456695
21
-2.7032946850393702
0
LINE
8
BLACK
6
CONTINUOUS
10
5.3573328346456695
20
-2.7032946850393702
11
5.3665653937007871
21
-2.7032444488188974
0
LINE
8
BLACK
6
CONTINUOUS
10
5.3665653937007871
20
-2.7032444488188974
11
5.3673334645669293
21
-2.7033200787401572
0
LINE
8
BLACK
6
CONTINUOUS
10
5.3673334645669293
20
-2.7033200787401572
11
5.3687526771653546
21
-2.7039079527559053
0
LINE
8
BLACK
6
CONTINUOUS
10
5.3687526771653546
20
-2.7039079527559053
11
5.3698388976377949
21
-2.7049941732283465
0
LINE
8
BLACK
6
CONTINUOUS
10
5.3698388976377949
20
-2.7049941732283465
11
5.370426771653543
21
-2.7064133858267714
0
LINE
8
BLACK
6
CONTINUOUS
10
5.370426771653543
20
-2.7064133858267714
11
5.370426771653543
21
-2.7079495275590553
0
LINE
8
BLACK
6
CONTINUOUS
10
5.370426771653543
20
-2.7079495275590553
11
5.3698388976377949
21
-2.7093687401574802
0
LINE
8
BLACK
6
CONTINUOUS
10
5.3698388976377949
20
-2.7093687401574802
11
5.3687526771653546
21
-2.7104549606299213
0
LINE
8
BLACK
6
CONTINUOUS
10
5.3687526771653546
20
-2.7104549606299213
11
5.3673334645669293
21
-2.7110428346456694
0
LINE
8
BLACK
6
CONTINUOUS
10
5.3673334645669293
20
-2.7110428346456694
11
5.3573475590551176
21
-2.7110971653543308
0
LINE
8
BLACK
6
CONTINUOUS
10
5.3573475590551176
20
-2.7110971653543308
11
5.3573717322834646
21
-2.7239242913385828
0
LINE
8
BLACK
6
CONTINUOUS
10
5.3573717322834646
20
-2.7239242913385828
11
5.3721896850393698
21
-2.7238668897637797
0
LINE
8
BLACK
6
CONTINUOUS
10
5.3721896850393698
20
-2.7238668897637797
11
5.3729577559055119
21
-2.7239425196850391
0
LINE
8
BLACK
6
CONTINUOUS
10
5.3729577559055119
20
-2.7239425196850391
11
5.3743769685039373
21
-2.7245303937007872
0
LINE
8
BLACK
6
CONTINUOUS
10
5.3743769685039373
20
-2.7245303937007872
11
5.3754631889763775
21
-2.7256166141732283
0
LINE
8
BLACK
6
CONTINUOUS
10
5.3754631889763775
20
-2.7256166141732283
11
5.3760510629921257
21
-2.7270358267716537
0
LINE
8
BLACK
6
CONTINUOUS
10
5.3760510629921257
20
-2.7270358267716537
11
5.3760510629921257
21
-2.7285719685039371
0
LINE
8
BLACK
6
CONTINUOUS
10
5.3760510629921257
20
-2.7285719685039371
11
5.3754631889763775
21
-2.7299911811023621
0
LINE
8
BLACK
6
CONTINUOUS
10
5.3754631889763775
20
-2.7299911811023621
11
5.3743769685039373
21
-2.7310774015748032
0
LINE
8
BLACK
6
CONTINUOUS
10
5.3743769685039373
20
-2.7310774015748032
11
5.3729577559055119
21
-2.7316652755905513
0
LINE
8
BLACK
6
CONTINUOUS
10
5.3729577559055119
20
-2.7316652755905513
11
5.3534420472440942
21
-2.7317409055118111
0
LINE
8
BLACK
6
CONTINUOUS
10
5.3534420472440942
20
-2.7317409055118111
11
5.3526739763779529
21
-2.7316652755905513
0
LINE
8
BLACK
6
CONTINUOUS
10
5.3526739763779529
20
-2.7316652755905513
11
5.3512547637795276
21
-2.7310774015748032
0
LINE
8
BLACK
6
CONTINUOUS
10
5.3512547637795276
20
-2.7310774015748032
11
5.3501685433070865
21
-2.7299911811023621
0
LINE
8
BLACK
6
CONTINUOUS
10
5.3501685433070865
20
-2.7299911811023621
11
5.3495806692913384
21
-2.7285719685039371
0
LINE
8
BLACK
6
CONTINUOUS
10
5.3495806692913384
20
-2.7285719685039371
11
5.3495050393700785
21
-2.6884338188976376
0
LINE
8
BLACK
6
CONTINUOUS
10
5.3495050393700785
20
-2.6884338188976376
11
5.3495806692913384
21
-2.6876657480314958
0
LINE
8
BLACK
6
CONTINUOUS
10
5.3495806692913384
20
-2.6876657480314958
11
5.3501685433070865
21
-2.6862465354330709
0
LINE
8
BLACK
6
CONTINUOUS
10
5.3501685433070865
20
-2.6862465354330709
11
5.3512547637795276
21
-2.6851603149606298
0
LINE
8
BLACK
6
CONTINUOUS
10
5.3512547637795276
20
-2.6851603149606298
11
5.3526739763779529
21
-2.6845724409448817
0
LINE
8
BLACK
6
CONTINUOUS
10
5.3526739763779529
20
-2.6845724409448817
11
5.3721896850393698
21
-2.6844968110236218
0
LINE
8
BLACK
6
CONTINUOUS
10
5.3721896850393698
20
-2.6844968110236218
11
5.3729577559055119
21
-2.6845724409448817
0
LINE
8
BLACK
6
CONTINUOUS
10
5.4741951181102362
20
-2.6845724409448817
11
5.4743258267716532
21
-2.6846265748031497
0
LINE
8
BLACK
6
CONTINUOUS
10
5.4743258267716532
20
-2.6846265748031497
11
5.4744669291338584
21
-2.6846366141732281
0
LINE
8
BLACK
6
CONTINUOUS
10
5.4744669291338584
20
-2.6846366141732281
11
5.4751911023622046
21
-2.6849849999999997
0
LINE
8
BLACK
6
CONTINUOUS
10
5.4751911023622046
20
-2.6849849999999997
11
5.4756143307086615
21
-2.6851603149606298
0
LINE
8
BLACK
6
CONTINUOUS
10
5.4756143307086615
20
-2.6851603149606298
11
5.4756688188976375
21
-2.6852148031496061
0
LINE
8
BLACK
6
CONTINUOUS
10
5.4756688188976375
20
-2.6852148031496061
11
5.4789372440944879
21
-2.6867872047244092
0
LINE
8
BLACK
6
CONTINUOUS
10
5.4789372440944879
20
-2.6867872047244092
11
5.4792677952755904
21
-2.6869952755905513
0
LINE
8
BLACK
6
CONTINUOUS
10
5.4792677952755904
20
-2.6869952755905513
11
5.4793638582677167
21
-2.6870350787401573
0
LINE
8
BLACK
6
CONTINUOUS
10
5.4793638582677167
20
-2.6870350787401573
11
5.4794235826771649
21
-2.6870933464566931
0
LINE
8
BLACK
6
CONTINUOUS
10
5.4794235826771649
20
-2.6870933464566931
11
5.4795903937007875
21
-2.6871983464566926
0
LINE
8
BLACK
6
CONTINUOUS
10
5.4795903937007875
20
-2.6871983464566926
11
5.4799151181102363
21
-2.6875727559055118
0
LINE
8
BLACK
6
CONTINUOUS
10
5.4799151181102363
20
-2.6875727559055118
11
5.4837100000000003
21
-2.691274212598425
0
LINE
8
BLACK
6
CONTINUOUS
10
5.4837100000000003
20
-2.691274212598425
11
5.4841996062992129
21
-2.6918708267716536
0
LINE
8
BLACK
6
CONTINUOUS
10
5.4841996062992129
20
-2.6918708267716536
11
5.4843116141732287
21
-2.6921412204724411
0
LINE
8
BLACK
6
CONTINUOUS
10
5.4843116141732287
20
-2.6921412204724411
11
5.4844859055118107
21
-2.6923764566929131
0
LINE
8
BLACK
6
CONTINUOUS
10
5.4844859055118107
20
-2.6923764566929131
11
5.4846147637795273
21
-2.6928730708661415
0
LINE
8
BLACK
6
CONTINUOUS
10
5.4846147637795273
20
-2.6928730708661415
11
5.4847874803149601
21
-2.6932900393700785
0
LINE
8
BLACK
6
CONTINUOUS
10
5.4847874803149601
20
-2.6932900393700785
11
5.4847874803149601
21
-2.6935386614173229
0
LINE
8
BLACK
6
CONTINUOUS
10
5.4847874803149601
20
-2.6935386614173229
11
5.4866203149606294
21
-2.7006022834645669
0
LINE
8
BLACK
6
CONTINUOUS
10
5.4866203149606294
20
-2.7006022834645669
11
5.4866399999999995
21
-2.7007353937007874
0
LINE
8
BLACK
6
CONTINUOUS
10
5.4866399999999995
20
-2.7007353937007874
11
5.4866622440944877
21
-2.7007890944881887
0
LINE
8
BLACK
6
CONTINUOUS
10
5.4866622440944877
20
-2.7007890944881887
11
5.4866627559055114
21
-2.7008894881889765
0
LINE
8
BLACK
6
CONTINUOUS
10
5.4866627559055114
20
-2.7008894881889765
11
5.4867332283464565
21
-2.7013657874015746
0
LINE
8
BLACK
6
CONTINUOUS
10
5.4867332283464565
20
-2.7013657874015746
11
5.4866677559055113
21
-2.7018055905511811
0
LINE
8
BLACK
6
CONTINUOUS
10
5.4866677559055113
20
-2.7018055905511811
11
5.4867378740157475
21
-2.7146805118110238
0
LINE
8
BLACK
6
CONTINUOUS
10
5.4867378740157475
20
-2.7146805118110238
11
5.4867246456692911
21
-2.7148144488188977
0
LINE
8
BLACK
6
CONTINUOUS
10
5.4867246456692911
20
-2.7148144488188977
11
5.4867332283464565
21
-2.7148718897637796
0
LINE
8
BLACK
6
CONTINUOUS
10
5.4867332283464565
20
-2.7148718897637796
11
5.4867091732283466
21
-2.7149718110236218
0
LINE
8
BLACK
6
CONTINUOUS
10
5.4867091732283466
20
-2.7149718110236218
11
5.4866622440944877
21
-2.7154485826771655
0
LINE
8
BLACK
6
CONTINUOUS
10
5.4866622440944877
20
-2.7154485826771655
11
5.4865006299212595
21
-2.7158386614173229
0
LINE
8
BLACK
6
CONTINUOUS
10
5.4865006299212595
20
-2.7158386614173229
11
5.4847455511811019
21
-2.7231344488188975
0
LINE
8
BLACK
6
CONTINUOUS
10
5.4847455511811019
20
-2.7231344488188975
11
5.4844859055118107
21
-2.7238612204724411
0
LINE
8
BLACK
6
CONTINUOUS
10
5.4844859055118107
20
-2.7238612204724411
11
5.4843116535433065
21
-2.7240963385826773
0
LINE
8
BLACK
6
CONTINUOUS
10
5.4843116535433065
20
-2.7240963385826773
11
5.4841996456692916
21
-2.7243668503937006
0
LINE
8
BLACK
6
CONTINUOUS
10
5.4841996456692916
20
-2.7243668503937006
11
5.4838318503937007
21
-2.7247438582677166
0
LINE
8
BLACK
6
CONTINUOUS
10
5.4838318503937007
20
-2.7247438582677166
11
5.4835713779527557
21
-2.7250954724409446
0
LINE
8
BLACK
6
CONTINUOUS
10
5.4835713779527557
20
-2.7250954724409446
11
5.4833726377952754
21
-2.7252146850393699
0
LINE
8
BLACK
6
CONTINUOUS
10
5.4833726377952754
20
-2.7252146850393699
11
5.4799604724409452
21
-2.7287129921259843
0
LINE
8
BLACK
6
CONTINUOUS
10
5.4799604724409452
20
-2.7287129921259843
11
5.4796585039370074
21
-2.7289608267716536
0
LINE
8
BLACK
6
CONTINUOUS
10
5.4796585039370074
20
-2.7289608267716536
11
5.4795903937007875
21
-2.7290393700787403
0
LINE
8
BLACK
6
CONTINUOUS
10
5.4795903937007875
20
-2.7290393700787403
11
5.4795153149606302
21
-2.7290783070866143
0
LINE
8
BLACK
6
CONTINUOUS
10
5.4795153149606302
20
-2.7290783070866143
11
5.4793638976377954
21
-2.7292026377952756
0
LINE
8
BLACK
6
CONTINUOUS
10
5.4793638976377954
20
-2.7292026377952756
11
5.4789289763779525
21
-2.7293827559055117
0
LINE
8
BLACK
6
CONTINUOUS
10
5.4789289763779525
20
-2.7293827559055117
11
5.4751877165354328
21
-2.7313252755905513
0
LINE
8
BLACK
6
CONTINUOUS
10
5.4751877165354328
20
-2.7313252755905513
11
5.4744669291338584
21
-2.7316011023622049
0
LINE
8
BLACK
6
CONTINUOUS
10
5.4744669291338584
20
-2.7316011023622049
11
5.4743258267716532
21
-2.7316111023622045
0
LINE
8
BLACK
6
CONTINUOUS
10
5.4743258267716532
20
-2.7316111023622045
11
5.4741951181102362
21
-2.7316652755905513
0
LINE
8
BLACK
6
CONTINUOUS
10
5.4741951181102362
20
-2.7316652755905513
11
5.4734706692913386
21
-2.7316718897637795
0
LINE
8
BLACK
6
CONTINUOUS
10
5.4734706692913386
20
-2.7316718897637795
11
5.4729346456692909
21
-2.7317100000000001
0
LINE
8
BLACK
6
CONTINUOUS
10
5.4729346456692909
20
-2.7317100000000001
11
5.4728377165354329
21
-2.7316776771653544
0
LINE
8
BLACK
6
CONTINUOUS
10
5.4728377165354329
20
-2.7316776771653544
11
5.4659279921259838
21
-2.7317409055118111
0
LINE
8
BLACK
6
CONTINUOUS
10
5.4659279921259838
20
-2.7317409055118111
11
5.4651599212598425
21
-2.7316652755905513
0
LINE
8
BLACK
6
CONTINUOUS
10
5.4651599212598425
20
-2.7316652755905513
11
5.4650291732283467
21
-2.7316111023622045
0
LINE
8
BLACK
6
CONTINUOUS
10
5.4650291732283467
20
-2.7316111023622045
11
5.4648881102362203
21
-2.7316011023622049
0
LINE
8
BLACK
6
CONTINUOUS
10
5.4648881102362203
20
-2.7316011023622049
11
5.4641638976377953
21
-2.7312526771653545
0
LINE
8
BLACK
6
CONTINUOUS
10
5.4641638976377953
20
-2.7312526771653545
11
5.4637407086614171
21
-2.7310774015748032
0
LINE
8
BLACK
6
CONTINUOUS
10
5.4637407086614171
20
-2.7310774015748032
11
5.4636861811023625
21
-2.7310228740157481
0
LINE
8
BLACK
6
CONTINUOUS
10
5.4636861811023625
20
-2.7310228740157481
11
5.4604177952755908
21
-2.7294505118110237
0
LINE
8
BLACK
6
CONTINUOUS
10
5.4604177952755908
20
-2.7294505118110237
11
5.4600872047244096
21
-2.7292424015748029
0
LINE
8
BLACK
6
CONTINUOUS
10
5.4600872047244096
20
-2.7292424015748029
11
5.4599911417322833
21
-2.7292026377952756
0
LINE
8
BLACK
6
CONTINUOUS
10
5.4599911417322833
20
-2.7292026377952756
11
5.4599313385826767
21
-2.7291443307086611
0
LINE
8
BLACK
6
CONTINUOUS
10
5.4599313385826767
20
-2.7291443307086611
11
5.4597646062992125
21
-2.7290393700787403
0
LINE
8
BLACK
6
CONTINUOUS
10
5.4597646062992125
20
-2.7290393700787403
11
5.4594398425196848
21
-2.7286648818897636
0
LINE
8
BLACK
6
CONTINUOUS
10
5.4594398425196848
20
-2.7286648818897636
11
5.4556450393700784
21
-2.7249634251968504
0
LINE
8
BLACK
6
CONTINUOUS
10
5.4556450393700784
20
-2.7249634251968504
11
5.4551553937007871
21
-2.7243668503937006
0
LINE
8
BLACK
6
CONTINUOUS
10
5.4551553937007871
20
-2.7243668503937006
11
5.4550433464566925
21
-2.7240963385826773
0
LINE
8
BLACK
6
CONTINUOUS
10
5.4550433464566925
20
-2.7240963385826773
11
5.454869133858268
21
-2.7238612204724411
0
LINE
8
BLACK
6
CONTINUOUS
10
5.454869133858268
20
-2.7238612204724411
11
5.4547402755905514
21
-2.7233646456692915
0
LINE
8
BLACK
6
CONTINUOUS
10
5.4547402755905514
20
-2.7233646456692915
11
5.4545675590551177
21
-2.7229476377952757
0
LINE
8
BLACK
6
CONTINUOUS
10
5.4545675590551177
20
-2.7229476377952757
11
5.4545675590551177
21
-2.7226989763779526
0
LINE
8
BLACK
6
CONTINUOUS
10
5.4545675590551177
20
-2.7226989763779526
11
5.4527347244094484
21
-2.7156353937007873
0
LINE
8
BLACK
6
CONTINUOUS
10
5.4527347244094484
20
-2.7156353937007873
11
5.4527149999999995
21
-2.715502244094488
0
LINE
8
BLACK
6
CONTINUOUS
10
5.4527149999999995
20
-2.715502244094488
11
5.4526927952755901
21
-2.7154485826771655
0
LINE
8
BLACK
6
CONTINUOUS
10
5.4526927952755901
20
-2.7154485826771655
11
5.4526922440944885
21
-2.715348149606299
0
LINE
8
BLACK
6
CONTINUOUS
10
5.4526922440944885
20
-2.715348149606299
11
5.4526218110236222
21
-2.7148718897637796
0
LINE
8
BLACK
6
CONTINUOUS
10
5.4526218110236222
20
-2.7148718897637796
11
5.4526872440944878
21
-2.7144320472440944
0
LINE
8
BLACK
6
CONTINUOUS
10
5.4526872440944878
20
-2.7144320472440944
11
5.4526171653543303
21
-2.7015571653543304
0
LINE
8
BLACK
6
CONTINUOUS
10
5.4526171653543303
20
-2.7015571653543304
11
5.4526303543307089
21
-2.7014231889763778
0
LINE
8
BLACK
6
CONTINUOUS
10
5.4526303543307089
20
-2.7014231889763778
11
5.4526218110236222
21
-2.7013657874015746
0
LINE
8
BLACK
6
CONTINUOUS
10
5.4526218110236222
20
-2.7013657874015746
11
5.4526458267716533
21
-2.7012658267716536
0
LINE
8
BLACK
6
CONTINUOUS
10
5.4526458267716533
20
-2.7012658267716536
11
5.4526927952755901
21
-2.7007890944881887
0
LINE
8
BLACK
6
CONTINUOUS
10
5.4526927952755901
20
-2.7007890944881887
11
5.4528543700787404
21
-2.7003989370078738
0
LINE
8
BLACK
6
CONTINUOUS
10
5.4528543700787404
20
-2.7003989370078738
11
5.454609488188976
21
-2.6931032677165354
0
LINE
8
BLACK
6
CONTINUOUS
10
5.454609488188976
20
-2.6931032677165354
11
5.454869133858268
21
-2.6923764566929131
0
LINE
8
BLACK
6
CONTINUOUS
10
5.454869133858268
20
-2.6923764566929131
11
5.4550433858267713
21
-2.6921412204724411
0
LINE
8
BLACK
6
CONTINUOUS
10
5.4550433858267713
20
-2.6921412204724411
11
5.4551554330708658
21
-2.6918708267716536
0
LINE
8
BLACK
6
CONTINUOUS
10
5.4551554330708658
20
-2.6918708267716536
11
5.455523031496063
21
-2.6914939370078739
0
LINE
8
BLACK
6
CONTINUOUS
10
5.455523031496063
20
-2.6914939370078739
11
5.455783661417323
21
-2.6911422047244096
0
LINE
8
BLACK
6
CONTINUOUS
10
5.455783661417323
20
-2.6911422047244096
11
5.4559824409448821
21
-2.6910229133858268
0
LINE
8
BLACK
6
CONTINUOUS
10
5.4559824409448821
20
-2.6910229133858268
11
5.4593945669291335
21
-2.6875246850393699
0
LINE
8
BLACK
6
CONTINUOUS
10
5.4593945669291335
20
-2.6875246850393699
11
5.4596963779527554
21
-2.6872769685039368
0
LINE
8
BLACK
6
CONTINUOUS
10
5.4596963779527554
20
-2.6872769685039368
11
5.4597646062992125
21
-2.6871983464566926
0
LINE
8
BLACK
6
CONTINUOUS
10
5.4597646062992125
20
-2.6871983464566926
11
5.459839803149606
21
-2.6871592913385824
0
LINE
8
BLACK
6
CONTINUOUS
10
5.459839803149606
20
-2.6871592913385824
11
5.459991181102362
21
-2.6870350787401573
0
LINE
8
BLACK
6
CONTINUOUS
10
5.459991181102362
20
-2.6870350787401573
11
5.4604257874015749
21
-2.6868550393700787
0
LINE
8
BLACK
6
CONTINUOUS
10
5.4604257874015749
20
-2.6868550393700787
11
5.4641672834645671
21
-2.6849124409448817
0
LINE
8
BLACK
6
CONTINUOUS
10
5.4641672834645671
20
-2.6849124409448817
11
5.4648881102362203
21
-2.6846366141732281
0
LINE
8
BLACK
6
CONTINUOUS
10
5.4648881102362203
20
-2.6846366141732281
11
5.4650291732283467
21
-2.6846265748031497
0
LINE
8
BLACK
6
CONTINUOUS
10
5.4650291732283467
20
-2.6846265748031497
11
5.4651599212598425
21
-2.6845724409448817
0
LINE
8
BLACK
6
CONTINUOUS
10
5.4651599212598425
20
-2.6845724409448817
11
5.4658843307086613
21
-2.6845657874015747
0
LINE
8
BLACK
6
CONTINUOUS
10
5.4658843307086613
20
-2.6845657874015747
11
5.4664203937007869
21
-2.6845277165354329
0
LINE
8
BLACK
6
CONTINUOUS
10
5.4664203937007869
20
-2.6845277165354329
11
5.466517283464567
21
-2.6845599999999998
0
LINE
8
BLACK
6
CONTINUOUS
10
5.466517283464567
20
-2.6845599999999998
11
5.473427047244094
21
-2.6844968110236218
0
LINE
8
BLACK
6
CONTINUOUS
10
5.473427047244094
20
-2.6844968110236218
11
5.4741951181102362
21
-2.6845724409448817
0
LINE
8
BLACK
6
CONTINUOUS
10
5.4667641732283467
20
-2.6923631496062992
11
5.4643677952755905
21
-2.6936073622047245
0
LINE
8
BLACK
6
CONTINUOUS
10
5.4643677952755905
20
-2.6936073622047245
11
5.4619094094488192
21
-2.6961277952755904
0
LINE
8
BLACK
6
CONTINUOUS
10
5.4619094094488192
20
-2.6961277952755904
11
5.4604237795275585
21
-2.702303464566929
0
LINE
8
BLACK
6
CONTINUOUS
10
5.4604237795275585
20
-2.702303464566929
11
5.4604898818897638
21
-2.7144476771653543
0
LINE
8
BLACK
6
CONTINUOUS
10
5.4604898818897638
20
-2.7144476771653543
11
5.46199594488189
21
-2.7202518110236218
0
LINE
8
BLACK
6
CONTINUOUS
10
5.46199594488189
20
-2.7202518110236218
11
5.4646096850393704
21
-2.7228012598425195
0
LINE
8
BLACK
6
CONTINUOUS
10
5.4646096850393704
20
-2.7228012598425195
11
5.4669479133858268
21
-2.7239261417322833
0
LINE
8
BLACK
6
CONTINUOUS
10
5.4669479133858268
20
-2.7239261417322833
11
5.4725907874015745
21
-2.723874527559055
0
LINE
8
BLACK
6
CONTINUOUS
10
5.4725907874015745
20
-2.723874527559055
11
5.4749871653543307
21
-2.7226303149606297
0
LINE
8
BLACK
6
CONTINUOUS
10
5.4749871653543307
20
-2.7226303149606297
11
5.4774455905511807
21
-2.720109842519685
0
LINE
8
BLACK
6
CONTINUOUS
10
5.4774455905511807
20
-2.720109842519685
11
5.4789312204724405
21
-2.7139342125984252
0
LINE
8
BLACK
6
CONTINUOUS
10
5.4789312204724405
20
-2.7139342125984252
11
5.4788651181102361
21
-2.7017899606299212
0
LINE
8
BLACK
6
CONTINUOUS
10
5.4788651181102361
20
-2.7017899606299212
11
5.4773590551181099
21
-2.6959858267716537
0
LINE
8
BLACK
6
CONTINUOUS
10
5.4773590551181099
20
-2.6959858267716537
11
5.4747452755905508
21
-2.6934363779527559
0
LINE
8
BLACK
6
CONTINUOUS
10
5.4747452755905508
20
-2.6934363779527559
11
5.4724070866141732
21
-2.6923115354330709
0
LINE
8
BLACK
6
CONTINUOUS
10
5.4724070866141732
20
-2.6923115354330709
11
5.4667641732283467
21
-2.6923631496062992
0
LINE
8
BLACK
6
CONTINUOUS
10
5.5018610629921261
20
-2.6851603149606298
11
5.5029472834645672
21
-2.6862465354330709
0
LINE
8
BLACK
6
CONTINUOUS
10
5.5029472834645672
20
-2.6862465354330709
11
5.5035351574803144
21
-2.6876657480314958
0
LINE
8
BLACK
6
CONTINUOUS
10
5.5035351574803144
20
-2.6876657480314958
11
5.5036088582677163
21
-2.7194796062992124
0
LINE
8
BLACK
6
CONTINUOUS
10
5.5036088582677163
20
-2.7194796062992124
11
5.5048259448818895
21
-2.7218237795275591
0
LINE
8
BLACK
6
CONTINUOUS
10
5.5048259448818895
20
-2.7218237795275591
11
5.5058406692913389
21
-2.7227946062992125
0
LINE
8
BLACK
6
CONTINUOUS
10
5.5058406692913389
20
-2.7227946062992125
11
5.5081927559055117
21
-2.7239261417322833
0
LINE
8
BLACK
6
CONTINUOUS
10
5.5081927559055117
20
-2.7239261417322833
11
5.5138356299212594
21
-2.723874527559055
0
LINE
8
BLACK
6
CONTINUOUS
10
5.5138356299212594
20
-2.723874527559055
11
5.5161907480314962
21
-2.7226517322834645
0
LINE
8
BLACK
6
CONTINUOUS
10
5.5161907480314962
20
-2.7226517322834645
11
5.517161692913386
21
-2.7216368503937005
0
LINE
8
BLACK
6
CONTINUOUS
10
5.517161692913386
20
-2.7216368503937005
11
5.5183053543307086
21
-2.7192596062992127
0
LINE
8
BLACK
6
CONTINUOUS
10
5.5183053543307086
20
-2.7192596062992127
11
5.5182339370078735
21
-2.6884338188976376
0
LINE
8
BLACK
6
CONTINUOUS
10
5.5182339370078735
20
-2.6884338188976376
11
5.5183095669291333
21
-2.6876657480314958
0
LINE
8
BLACK
6
CONTINUOUS
10
5.5183095669291333
20
-2.6876657480314958
11
5.5188974409448814
21
-2.6862465354330709
0
LINE
8
BLACK
6
CONTINUOUS
10
5.5188974409448814
20
-2.6862465354330709
11
5.5199836614173226
21
-2.6851603149606298
0
LINE
8
BLACK
6
CONTINUOUS
10
5.5199836614173226
20
-2.6851603149606298
11
5.5214028740157479
21
-2.6845724409448817
0
LINE
8
BLACK
6
CONTINUOUS
10
5.5214028740157479
20
-2.6845724409448817
11
5.5229390157480314
21
-2.6845724409448817
0
LINE
8
BLACK
6
CONTINUOUS
10
5.5229390157480314
20
-2.6845724409448817
11
5.5243582283464567
21
-2.6851603149606298
0
LINE
8
BLACK
6
CONTINUOUS
10
5.5243582283464567
20
-2.6851603149606298
11
5.5254444488188978
21
-2.6862465354330709
0
LINE
8
BLACK
6
CONTINUOUS
10
5.5254444488188978
20
-2.6862465354330709
11
5.526032322834646
21
-2.6876657480314958
0
LINE
8
BLACK
6
CONTINUOUS
10
5.526032322834646
20
-2.6876657480314958
11
5.5261079527559058
21
-2.7203048031496064
0
LINE
8
BLACK
6
CONTINUOUS
10
5.5261079527559058
20
-2.7203048031496064
11
5.526032322834646
21
-2.7210728740157482
0
LINE
8
BLACK
6
CONTINUOUS
10
5.526032322834646
20
-2.7210728740157482
11
5.5259781496062992
21
-2.7212035826771652
0
LINE
8
BLACK
6
CONTINUOUS
10
5.5259781496062992
20
-2.7212035826771652
11
5.5259681496062987
21
-2.7213446850393699
0
LINE
8
BLACK
6
CONTINUOUS
10
5.5259681496062987
20
-2.7213446850393699
11
5.5256197244094487
21
-2.7220688582677166
0
LINE
8
BLACK
6
CONTINUOUS
10
5.5256197244094487
20
-2.7220688582677166
11
5.5254444488188978
21
-2.7224920866141731
0
LINE
8
BLACK
6
CONTINUOUS
10
5.5254444488188978
20
-2.7224920866141731
11
5.5253899212598423
21
-2.7225465748031494
0
LINE
8
BLACK
6
CONTINUOUS
10
5.5253899212598423
20
-2.7225465748031494
11
5.523817559055118
21
-2.7258149999999999
0
LINE
8
BLACK
6
CONTINUOUS
10
5.523817559055118
20
-2.7258149999999999
11
5.5236095275590547
21
-2.7261454724409449
0
LINE
8
BLACK
6
CONTINUOUS
10
5.5236095275590547
20
-2.7261454724409449
11
5.523569724409449
21
-2.7262416141732282
0
LINE
8
BLACK
6
CONTINUOUS
10
5.523569724409449
20
-2.7262416141732282
11
5.5235092125984249
21
-2.7263048031496062
0
LINE
8
BLACK
6
CONTINUOUS
10
5.5235092125984249
20
-2.7263048031496062
11
5.5234064173228345
21
-2.7264681889763778
0
LINE
8
BLACK
6
CONTINUOUS
10
5.5234064173228345
20
-2.7264681889763778
11
5.5230924409448816
21
-2.7267404330708662
0
LINE
8
BLACK
6
CONTINUOUS
10
5.5230924409448816
20
-2.7267404330708662
11
5.5212053149606302
21
-2.7287129921259843
0
LINE
8
BLACK
6
CONTINUOUS
10
5.5212053149606302
20
-2.7287129921259843
11
5.5209033464566932
21
-2.7289608267716536
0
LINE
8
BLACK
6
CONTINUOUS
10
5.5209033464566932
20
-2.7289608267716536
11
5.5208352362204725
21
-2.7290393700787403
0
LINE
8
BLACK
6
CONTINUOUS
10
5.5208352362204725
20
-2.7290393700787403
11
5.5207601574803151
21
-2.7290783070866143
0
LINE
8
BLACK
6
CONTINUOUS
10
5.5207601574803151
20
-2.7290783070866143
11
5.5206087401574804
21
-2.7292026377952756
0
LINE
8
BLACK
6
CONTINUOUS
10
5.5206087401574804
20
-2.7292026377952756
11
5.5201738188976375
21
-2.7293827559055117
0
LINE
8
BLACK
6
CONTINUOUS
10
5.5201738188976375
20
-2.7293827559055117
11
5.5164325590551178
21
-2.7313252755905513
0
LINE
8
BLACK
6
CONTINUOUS
10
5.5164325590551178
20
-2.7313252755905513
11
5.5157117716535433
21
-2.7316011023622049
0
LINE
8
BLACK
6
CONTINUOUS
10
5.5157117716535433
20
-2.7316011023622049
11
5.5155706692913382
21
-2.7316111023622045
0
LINE
8
BLACK
6
CONTINUOUS
10
5.5155706692913382
20
-2.7316111023622045
11
5.5154399606299211
21
-2.7316652755905513
0
LINE
8
BLACK
6
CONTINUOUS
10
5.5154399606299211
20
-2.7316652755905513
11
5.5147155118110236
21
-2.7316718897637795
0
LINE
8
BLACK
6
CONTINUOUS
10
5.5147155118110236
20
-2.7316718897637795
11
5.5141794881889759
21
-2.7317100000000001
0
LINE
8
BLACK
6
CONTINUOUS
10
5.5141794881889759
20
-2.7317100000000001
11
5.5140825590551179
21
-2.7316776771653544
0
LINE
8
BLACK
6
CONTINUOUS
10
5.5140825590551179
20
-2.7316776771653544
11
5.5071728346456688
21
-2.7317409055118111
0
LINE
8
BLACK
6
CONTINUOUS
10
5.5071728346456688
20
-2.7317409055118111
11
5.5064047637795275
21
-2.7316652755905513
0
LINE
8
BLACK
6
CONTINUOUS
10
5.5064047637795275
20
-2.7316652755905513
11
5.5062740157480317
21
-2.7316111023622045
0
LINE
8
BLACK
6
CONTINUOUS
10
5.5062740157480317
20
-2.7316111023622045
11
5.5061329527559053
21
-2.7316011023622049
0
LINE
8
BLACK
6
CONTINUOUS
10
5.5061329527559053
20
-2.7316011023622049
11
5.5054087401574803
21
-2.7312526771653545
0
LINE
8
BLACK
6
CONTINUOUS
10
5.5054087401574803
20
-2.7312526771653545
11
5.5049855511811021
21
-2.7310774015748032
0
LINE
8
BLACK
6
CONTINUOUS
10
5.5049855511811021
20
-2.7310774015748032
11
5.5049310236220474
21
-2.7310228740157481
0
LINE
8
BLACK
6
CONTINUOUS
10
5.5049310236220474
20
-2.7310228740157481
11
5.5016626377952758
21
-2.7294505118110237
0
LINE
8
BLACK
6
CONTINUOUS
10
5.5016626377952758
20
-2.7294505118110237
11
5.5013320472440945
21
-2.7292424015748029
0
LINE
8
BLACK
6
CONTINUOUS
10
5.5013320472440945
20
-2.7292424015748029
11
5.5012359842519682
21
-2.7292026377952756
0
LINE
8
BLACK
6
CONTINUOUS
10
5.5012359842519682
20
-2.7292026377952756
11
5.5011727952755907
21
-2.7291421653543306
0
LINE
8
BLACK
6
CONTINUOUS
10
5.5011727952755907
20
-2.7291421653543306
11
5.5010094488188974
21
-2.7290393700787403
0
LINE
8
BLACK
6
CONTINUOUS
10
5.5010094488188974
20
-2.7290393700787403
11
5.5007370866141727
21
-2.7287253149606299
0
LINE
8
BLACK
6
CONTINUOUS
10
5.5007370866141727
20
-2.7287253149606299
11
5.4987646456692909
21
-2.726838188976378
0
LINE
8
BLACK
6
CONTINUOUS
10
5.4987646456692909
20
-2.726838188976378
11
5.498516811023622
21
-2.726536220472441
0
LINE
8
BLACK
6
CONTINUOUS
10
5.498516811023622
20
-2.726536220472441
11
5.4984383070866141
21
-2.726468149606299
0
LINE
8
BLACK
6
CONTINUOUS
10
5.4984383070866141
20
-2.726468149606299
11
5.4983993307086614
21
-2.7263931102362204
0
LINE
8
BLACK
6
CONTINUOUS
10
5.4983993307086614
20
-2.7263931102362204
11
5.4982749999999996
21
-2.7262416141732282
0
LINE
8
BLACK
6
CONTINUOUS
10
5.4982749999999996
20
-2.7262416141732282
11
5.4980948031496064
21
-2.7258065748031495
0
LINE
8
BLACK
6
CONTINUOUS
10
5.4980948031496064
20
-2.7258065748031495
11
5.4961524015748031
21
-2.7220654724409448
0
LINE
8
BLACK
6
CONTINUOUS
10
5.4961524015748031
20
-2.7220654724409448
11
5.4958765748031491
21
-2.7213446850393699
0
LINE
8
BLACK
6
CONTINUOUS
10
5.4958765748031491
20
-2.7213446850393699
11
5.4958665354330707
21
-2.7212035826771652
0
LINE
8
BLACK
6
CONTINUOUS
10
5.4958665354330707
20
-2.7212035826771652
11
5.4958124015748027
21
-2.7210728740157482
0
LINE
8
BLACK
6
CONTINUOUS
10
5.4958124015748027
20
-2.7210728740157482
11
5.4958108661417322
21
-2.7204204330708661
0
LINE
8
BLACK
6
CONTINUOUS
10
5.4958108661417322
20
-2.7204204330708661
11
5.4957676771653539
21
-2.7198124015748033
0
LINE
8
BLACK
6
CONTINUOUS
10
5.4957676771653539
20
-2.7198124015748033
11
5.4958091732283467
21
-2.7196878346456694
0
LINE
8
BLACK
6
CONTINUOUS
10
5.4958091732283467
20
-2.7196878346456694
11
5.4957367716535428
21
-2.6884338188976376
0
LINE
8
BLACK
6
CONTINUOUS
10
5.4957367716535428
20
-2.6884338188976376
11
5.4958124015748027
21
-2.6876657480314958
0
LINE
8
BLACK
6
CONTINUOUS
10
5.4958124015748027
20
-2.6876657480314958
11
5.4964002755905508
21
-2.6862465354330709
0
LINE
8
BLACK
6
CONTINUOUS
10
5.4964002755905508
20
-2.6862465354330709
11
5.4974864960629919
21
-2.6851603149606298
0
LINE
8
BLACK
6
CONTINUOUS
10
5.4974864960629919
20
-2.6851603149606298
11
5.4989057086614173
21
-2.6845724409448817
0
LINE
8
BLACK
6
CONTINUOUS
10
5.4989057086614173
20
-2.6845724409448817
11
5.5004418503937007
21
-2.6845724409448817
0
LINE
8
BLACK
6
CONTINUOUS
10
5.5004418503937007
20
-2.6845724409448817
11
5.5018610629921261
21
-2.6851603149606298
0
LINE
8
BLACK
6
CONTINUOUS
10
5.4048287795275591
20
-2.6845724409448817
11
5.4049594881889762
21
-2.6846265748031497
0
LINE
8
BLACK
6
CONTINUOUS
10
5.4049594881889762
20
-2.6846265748031497
11
5.4051005905511813
21
-2.6846366141732281
0
LINE
8
BLACK
6
CONTINUOUS
10
5.4051005905511813
20
-2.6846366141732281
11
5.4058247637795276
21
-2.6849849999999997
0
LINE
8
BLACK
6
CONTINUOUS
10
5.4058247637795276
20
-2.6849849999999997
11
5.4062479921259845
21
-2.6851603149606298
0
LINE
8
BLACK
6
CONTINUOUS
10
5.4062479921259845
20
-2.6851603149606298
11
5.4063024803149604
21
-2.6852148031496061
0
LINE
8
BLACK
6
CONTINUOUS
10
5.4063024803149604
20
-2.6852148031496061
11
5.4095709055118109
21
-2.6867872047244092
0
LINE
8
BLACK
6
CONTINUOUS
10
5.4095709055118109
20
-2.6867872047244092
11
5.4099014566929133
21
-2.6869952755905513
0
LINE
8
BLACK
6
CONTINUOUS
10
5.4099014566929133
20
-2.6869952755905513
11
5.4099975196850396
21
-2.6870350787401573
0
LINE
8
BLACK
6
CONTINUOUS
10
5.4099975196850396
20
-2.6870350787401573
11
5.4100606692913384
21
-2.6870954724409448
0
LINE
8
BLACK
6
CONTINUOUS
10
5.4100606692913384
20
-2.6870954724409448
11
5.4102240551181104
21
-2.6871983464566926
0
LINE
8
BLACK
6
CONTINUOUS
10
5.4102240551181104
20
-2.6871983464566926
11
5.4104963779527555
21
-2.6875123622047243
0
LINE
8
BLACK
6
CONTINUOUS
10
5.4104963779527555
20
-2.6875123622047243
11
5.4124688582677161
21
-2.6893994488188975
0
LINE
8
BLACK
6
CONTINUOUS
10
5.4124688582677161
20
-2.6893994488188975
11
5.4127165748031496
21
-2.6897012598425198
0
LINE
8
BLACK
6
CONTINUOUS
10
5.4127165748031496
20
-2.6897012598425198
11
5.4127952362204725
21
-2.6897694881889764
0
LINE
8
BLACK
6
CONTINUOUS
10
5.4127952362204725
20
-2.6897694881889764
11
5.412834251968504
21
-2.6898446062992125
0
LINE
8
BLACK
6
CONTINUOUS
10
5.412834251968504
20
-2.6898446062992125
11
5.4129585039370074
21
-2.6899960236220473
0
LINE
8
BLACK
6
CONTINUOUS
10
5.4129585039370074
20
-2.6899960236220473
11
5.4131385039370077
21
-2.6904306692913385
0
LINE
8
BLACK
6
CONTINUOUS
10
5.4131385039370077
20
-2.6904306692913385
11
5.4150811417322835
21
-2.6941721653543307
0
LINE
8
BLACK
6
CONTINUOUS
10
5.4150811417322835
20
-2.6941721653543307
11
5.4153569685039367
21
-2.6948929921259843
0
LINE
8
BLACK
6
CONTINUOUS
10
5.4153569685039367
20
-2.6948929921259843
11
5.4153669685039372
21
-2.6950340551181102
0
LINE
8
BLACK
6
CONTINUOUS
10
5.4153669685039372
20
-2.6950340551181102
11
5.4154211417322831
21
-2.695164803149606
0
LINE
8
BLACK
6
CONTINUOUS
10
5.4154211417322831
20
-2.695164803149606
11
5.4154300787401572
21
-2.6959220078740156
0
LINE
8
BLACK
6
CONTINUOUS
10
5.4154300787401572
20
-2.6959220078740156
11
5.4154658661417319
21
-2.6964252755905513
0
LINE
8
BLACK
6
CONTINUOUS
10
5.4154658661417319
20
-2.6964252755905513
11
5.4154370472440947
21
-2.6965116141732284
0
LINE
8
BLACK
6
CONTINUOUS
10
5.4154370472440947
20
-2.6965116141732284
11
5.4154967716535429
21
-2.7015571653543304
0
LINE
8
BLACK
6
CONTINUOUS
10
5.4154967716535429
20
-2.7015571653543304
11
5.4154211417322831
21
-2.7023252362204722
0
LINE
8
BLACK
6
CONTINUOUS
10
5.4154211417322831
20
-2.7023252362204722
11
5.4153669685039372
21
-2.7024559448818897
0
LINE
8
BLACK
6
CONTINUOUS
10
5.4153669685039372
20
-2.7024559448818897
11
5.4153569685039367
21
-2.7025970472440943
0
LINE
8
BLACK
6
CONTINUOUS
10
5.4153569685039367
20
-2.7025970472440943
11
5.4150085433070867
21
-2.7033212204724411
0
LINE
8
BLACK
6
CONTINUOUS
10
5.4150085433070867
20
-2.7033212204724411
11
5.4148332677165349
21
-2.7037444488188975
0
LINE
8
BLACK
6
CONTINUOUS
10
5.4148332677165349
20
-2.7037444488188975
11
5.4147787401574803
21
-2.7037989370078739
0
LINE
8
BLACK
6
CONTINUOUS
10
5.4147787401574803
20
-2.7037989370078739
11
5.4132063779527559
21
-2.7070673622047243
0
LINE
8
BLACK
6
CONTINUOUS
10
5.4132063779527559
20
-2.7070673622047243
11
5.4129982677165351
21
-2.7073979133858268
0
LINE
8
BLACK
6
CONTINUOUS
10
5.4129982677165351
20
-2.7073979133858268
11
5.4129585039370074
21
-2.7074940157480314
0
LINE
8
BLACK
6
CONTINUOUS
10
5.4129585039370074
20
-2.7074940157480314
11
5.4128980314960629
21
-2.7075571653543307
0
LINE
8
BLACK
6
CONTINUOUS
10
5.4128980314960629
20
-2.7075571653543307
11
5.4127952362204725
21
-2.7077205511811022
0
LINE
8
BLACK
6
CONTINUOUS
10
5.4127952362204725
20
-2.7077205511811022
11
5.4124812598425196
21
-2.7079927952755907
0
LINE
8
BLACK
6
CONTINUOUS
10
5.4124812598425196
20
-2.7079927952755907
11
5.4105941338582673
21
-2.7099653543307087
0
LINE
8
BLACK
6
CONTINUOUS
10
5.4105941338582673
20
-2.7099653543307087
11
5.4102921259842516
21
-2.7102131496062993
0
LINE
8
BLACK
6
CONTINUOUS
10
5.4102921259842516
20
-2.7102131496062993
11
5.4102240551181104
21
-2.7102916929133856
0
LINE
8
BLACK
6
CONTINUOUS
10
5.4102240551181104
20
-2.7102916929133856
11
5.4101489370078735
21
-2.7103306692913387
0
LINE
8
BLACK
6
CONTINUOUS
10
5.4101489370078735
20
-2.7103306692913387
11
5.4099975196850396
21
-2.7104549606299213
0
LINE
8
BLACK
6
CONTINUOUS
10
5.4099975196850396
20
-2.7104549606299213
11
5.4095626771653542
21
-2.7106350393700787
0
LINE
8
BLACK
6
CONTINUOUS
10
5.4095626771653542
20
-2.7106350393700787
11
5.4058213779527557
21
-2.712577598425197
0
LINE
8
BLACK
6
CONTINUOUS
10
5.4058213779527557
20
-2.712577598425197
11
5.405682598425197
21
-2.7126306692913387
0
LINE
8
BLACK
6
CONTINUOUS
10
5.405682598425197
20
-2.7126306692913387
11
5.4147850787401577
21
-2.725546181102362
0
LINE
8
BLACK
6
CONTINUOUS
10
5.4147850787401577
20
-2.725546181102362
11
5.4151635826771649
21
-2.7262187795275592
0
LINE
8
BLACK
6
CONTINUOUS
10
5.4151635826771649
20
-2.7262187795275592
11
5.4154958661417325
21
-2.7277185826771655
0
LINE
8
BLACK
6
CONTINUOUS
10
5.4154958661417325
20
-2.7277185826771655
11
5.4152288976377951
21
-2.729231338582677
0
LINE
8
BLACK
6
CONTINUOUS
10
5.4152288976377951
20
-2.729231338582677
11
5.4144033464566927
21
-2.7305268110236218
0
LINE
8
BLACK
6
CONTINUOUS
10
5.4144033464566927
20
-2.7305268110236218
11
5.4131448818897638
21
-2.7314077165354331
0
LINE
8
BLACK
6
CONTINUOUS
10
5.4131448818897638
20
-2.7314077165354331
11
5.4116451181102363
21
-2.7317399999999998
0
LINE
8
BLACK
6
CONTINUOUS
10
5.4116451181102363
20
-2.7317399999999998
11
5.4101323228346452
21
-2.7314730314960629
0
LINE
8
BLACK
6
CONTINUOUS
10
5.4101323228346452
20
-2.7314730314960629
11
5.4088368503937003
21
-2.7306474803149605
0
LINE
8
BLACK
6
CONTINUOUS
10
5.4088368503937003
20
-2.7306474803149605
11
5.3963698818897639
21
-2.7129581496062993
0
LINE
8
BLACK
6
CONTINUOUS
10
5.3963698818897639
20
-2.7129581496062993
11
5.3929716535433068
21
-2.7129744488188976
0
LINE
8
BLACK
6
CONTINUOUS
10
5.3929716535433068
20
-2.7129744488188976
11
5.3929996062992123
21
-2.7278038976377954
0
LINE
8
BLACK
6
CONTINUOUS
10
5.3929996062992123
20
-2.7278038976377954
11
5.3929239763779524
21
-2.7285719685039371
0
LINE
8
BLACK
6
CONTINUOUS
10
5.3929239763779524
20
-2.7285719685039371
11
5.3923361023622043
21
-2.7299911811023621
0
LINE
8
BLACK
6
CONTINUOUS
10
5.3923361023622043
20
-2.7299911811023621
11
5.3912498818897641
21
-2.7310774015748032
0
LINE
8
BLACK
6
CONTINUOUS
10
5.3912498818897641
20
-2.7310774015748032
11
5.3898306692913387
21
-2.7316652755905513
0
LINE
8
BLACK
6
CONTINUOUS
10
5.3898306692913387
20
-2.7316652755905513
11
5.3882945275590552
21
-2.7316652755905513
0
LINE
8
BLACK
6
CONTINUOUS
10
5.3882945275590552
20
-2.7316652755905513
11
5.3868753149606299
21
-2.7310774015748032
0
LINE
8
BLACK
6
CONTINUOUS
10
5.3868753149606299
20
-2.7310774015748032
11
5.3857890944881888
21
-2.7299911811023621
0
LINE
8
BLACK
6
CONTINUOUS
10
5.3857890944881888
20
-2.7299911811023621
11
5.3852012204724407
21
-2.7285719685039371
0
LINE
8
BLACK
6
CONTINUOUS
10
5.3852012204724407
20
-2.7285719685039371
11
5.3851255905511808
21
-2.6884338188976376
0
LINE
8
BLACK
6
CONTINUOUS
10
5.3851255905511808
20
-2.6884338188976376
11
5.3852012204724407
21
-2.6876657480314958
0
LINE
8
BLACK
6
CONTINUOUS
10
5.3852012204724407
20
-2.6876657480314958
11
5.3857890944881888
21
-2.6862465354330709
0
LINE
8
BLACK
6
CONTINUOUS
10
5.3857890944881888
20
-2.6862465354330709
11
5.3868753149606299
21
-2.6851603149606298
0
LINE
8
BLACK
6
CONTINUOUS
10
5.3868753149606299
20
-2.6851603149606298
11
5.3882945275590552
21
-2.6845724409448817
0
LINE
8
BLACK
6
CONTINUOUS
10
5.3882945275590552
20
-2.6845724409448817
11
5.404060708661417
21
-2.6844968110236218
0
LINE
8
BLACK
6
CONTINUOUS
10
5.404060708661417
20
-2.6844968110236218
11
5.4048287795275591
21
-2.6845724409448817
0
LINE
8
BLACK
6
CONTINUOUS
10
5.3929327952755903
20
-2.6923522440944883
11
5.3929569291338577
21
-2.7051724409448816
0
LINE
8
BLACK
6
CONTINUOUS
10
5.3929569291338577
20
-2.7051724409448816
11
5.398228858267716
21
-2.7051471653543309
0
LINE
8
BLACK
6
CONTINUOUS
10
5.398228858267716
20
-2.7051471653543309
11
5.3983510629921261
21
-2.7051201181102362
0
LINE
8
BLACK
6
CONTINUOUS
10
5.3983510629921261
20
-2.7051201181102362
11
5.3984971259842522
21
-2.705145866141732
0
LINE
8
BLACK
6
CONTINUOUS
10
5.3984971259842522
20
-2.705145866141732
11
5.4032315354330711
21
-2.705123188976378
0
LINE
8
BLACK
6
CONTINUOUS
10
5.4032315354330711
20
-2.705123188976378
11
5.4055796850393696
21
-2.7039039763779527
0
LINE
8
BLACK
6
CONTINUOUS
10
5.4055796850393696
20
-2.7039039763779527
11
5.4065504724409443
21
-2.7028892913385825
0
LINE
8
BLACK
6
CONTINUOUS
10
5.4065504724409443
20
-2.7028892913385825
11
5.4076773228346458
21
-2.7005469685039372
0
LINE
8
BLACK
6
CONTINUOUS
10
5.4076773228346458
20
-2.7005469685039372
11
5.4076326771653545
21
-2.6967734645669292
0
LINE
8
BLACK
6
CONTINUOUS
10
5.4076326771653545
20
-2.6967734645669292
11
5.4064075984251971
21
-2.6944139763779527
0
LINE
8
BLACK
6
CONTINUOUS
10
5.4064075984251971
20
-2.6944139763779527
11
5.4053927559055115
21
-2.6934430314960629
0
LINE
8
BLACK
6
CONTINUOUS
10
5.4053927559055115
20
-2.6934430314960629
11
5.403024763779527
21
-2.6923038188976376
0
LINE
8
BLACK
6
CONTINUOUS
10
5.403024763779527
20
-2.6923038188976376
11
5.3929327952755903
21
-2.6923522440944883
0
LINE
8
BLACK
6
CONTINUOUS
10
5.3060677559055121
20
-2.6847427165354332
11
5.3073760236220471
21
-2.6855477952755904
0
LINE
8
BLACK
6
CONTINUOUS
10
5.3073760236220471
20
-2.6855477952755904
11
5.308276614173228
21
-2.6867922440944882
0
LINE
8
BLACK
6
CONTINUOUS
10
5.308276614173228
20
-2.6867922440944882
11
5.314289488188976
21
-2.7118423228346455
0
LINE
8
BLACK
6
CONTINUOUS
10
5.314289488188976
20
-2.7118423228346455
11
5.3177669685039373
21
-2.6986679527559057
0
LINE
8
BLACK
6
CONTINUOUS
10
5.3177669685039373
20
-2.6986679527559057
11
5.3178344488188971
21
-2.6984879527559054
0
LINE
8
BLACK
6
CONTINUOUS
10
5.3178344488188971
20
-2.6984879527559054
11
5.3178444881889764
21
-2.6984124409448818
0
LINE
8
BLACK
6
CONTINUOUS
10
5.3178444881889764
20
-2.6984124409448818
11
5.3178963385826767
21
-2.6983227952755904
0
LINE
8
BLACK
6
CONTINUOUS
10
5.3178963385826767
20
-2.6983227952755904
11
5.3180379133858269
21
-2.6979453149606298
0
LINE
8
BLACK
6
CONTINUOUS
10
5.3180379133858269
20
-2.6979453149606298
11
5.3183538976377953
21
-2.6975324803149605
0
LINE
8
BLACK
6
CONTINUOUS
10
5.3183538976377953
20
-2.6975324803149605
11
5.3186141338582678
21
-2.697082992125984
0
LINE
8
BLACK
6
CONTINUOUS
10
5.3186141338582678
20
-2.697082992125984
11
5.3188166141732278
21
-2.6969279921259841
0
LINE
8
BLACK
6
CONTINUOUS
10
5.3188166141732278
20
-2.6969279921259841
11
5.3189716141732282
21
-2.6967255118110236
0
LINE
8
BLACK
6
CONTINUOUS
10
5.3189716141732282
20
-2.6967255118110236
11
5.3194211811023617
21
-2.6964651968503937
0
LINE
8
BLACK
6
CONTINUOUS
10
5.3194211811023617
20
-2.6964651968503937
11
5.319833937007874
21
-2.6961492913385827
0
LINE
8
BLACK
6
CONTINUOUS
10
5.319833937007874
20
-2.6961492913385827
11
5.3200803937007874
21
-2.6960835433070867
0
LINE
8
BLACK
6
CONTINUOUS
10
5.3200803937007874
20
-2.6960835433070867
11
5.3203010629921259
21
-2.6959558267716535
0
LINE
8
BLACK
6
CONTINUOUS
10
5.3203010629921259
20
-2.6959558267716535
11
5.3208161023622047
21
-2.6958873622047244
0
LINE
8
BLACK
6
CONTINUOUS
10
5.3208161023622047
20
-2.6958873622047244
11
5.3213182283464562
21
-2.695753503937008
0
LINE
8
BLACK
6
CONTINUOUS
10
5.3213182283464562
20
-2.695753503937008
11
5.3215709842519683
21
-2.6957870866141733
0
LINE
8
BLACK
6
CONTINUOUS
10
5.3215709842519683
20
-2.6957870866141733
11
5.3218238188976379
21
-2.695753503937008
0
LINE
8
BLACK
6
CONTINUOUS
10
5.3218238188976379
20
-2.695753503937008
11
5.3223261023622044
21
-2.6958874409448819
0
LINE
8
BLACK
6
CONTINUOUS
10
5.3223261023622044
20
-2.6958874409448819
11
5.3228409842519682
21
-2.6959558661417322
0
LINE
8
BLACK
6
CONTINUOUS
10
5.3228409842519682
20
-2.6959558661417322
11
5.3230614960629916
21
-2.6960835039370079
0
LINE
8
BLACK
6
CONTINUOUS
10
5.3230614960629916
20
-2.6960835039370079
11
5.3233081102362201
21
-2.6961492913385827
0
LINE
8
BLACK
6
CONTINUOUS
10
5.3233081102362201
20
-2.6961492913385827
11
5.3237209055118111
21
-2.6964652755905512
0
LINE
8
BLACK
6
CONTINUOUS
10
5.3237209055118111
20
-2.6964652755905512
11
5.3241704330708659
21
-2.6967255118110236
0
LINE
8
BLACK
6
CONTINUOUS
10
5.3241704330708659
20
-2.6967255118110236
11
5.3243253937007875
21
-2.6969279921259841
0
LINE
8
BLACK
6
CONTINUOUS
10
5.3243253937007875
20
-2.6969279921259841
11
5.3245279133858263
21
-2.697082992125984
0
LINE
8
BLACK
6
CONTINUOUS
10
5.3245279133858263
20
-2.697082992125984
11
5.3247881889763775
21
-2.6975325984251968
0
LINE
8
BLACK
6
CONTINUOUS
10
5.3247881889763775
20
-2.6975325984251968
11
5.3251041338582672
21
-2.6979453149606298
0
LINE
8
BLACK
6
CONTINUOUS
10
5.3251041338582672
20
-2.6979453149606298
11
5.3251710629921263
21
-2.698193897637795
0
LINE
8
BLACK
6
CONTINUOUS
10
5.3251710629921263
20
-2.698193897637795
11
5.3252975984251965
21
-2.698412401574803
0
LINE
8
BLACK
6
CONTINUOUS
10
5.3252975984251965
20
-2.698412401574803
11
5.3253634251968505
21
-2.6989078740157479
0
LINE
8
BLACK
6
CONTINUOUS
10
5.3253634251968505
20
-2.6989078740157479
11
5.3288598425196847
21
-2.7118873622047244
0
LINE
8
BLACK
6
CONTINUOUS
10
5.3288598425196847
20
-2.7118873622047244
11
5.3346139763779528
21
-2.6875219291338581
0
LINE
8
BLACK
6
CONTINUOUS
10
5.3346139763779528
20
-2.6875219291338581
11
5.3348654724409448
21
-2.6867922440944882
0
LINE
8
BLACK
6
CONTINUOUS
10
5.3348654724409448
20
-2.6867922440944882
11
5.3357660629921257
21
-2.6855477952755904
0
LINE
8
BLACK
6
CONTINUOUS
10
5.3357660629921257
20
-2.6855477952755904
11
5.3370743307086617
21
-2.6847427165354332
0
LINE
8
BLACK
6
CONTINUOUS
10
5.3370743307086617
20
-2.6847427165354332
11
5.3385911417322838
21
-2.6844995669291336
0
LINE
8
BLACK
6
CONTINUOUS
10
5.3385911417322838
20
-2.6844995669291336
11
5.3400855118110231
21
-2.6848553543307085
0
LINE
8
BLACK
6
CONTINUOUS
10
5.3400855118110231
20
-2.6848553543307085
11
5.3413299606299214
21
-2.6857559448818895
0
LINE
8
BLACK
6
CONTINUOUS
10
5.3413299606299214
20
-2.6857559448818895
11
5.3421350393700786
21
-2.6870642519685037
0
LINE
8
BLACK
6
CONTINUOUS
10
5.3421350393700786
20
-2.6870642519685037
11
5.3423782283464565
21
-2.6885810236220471
0
LINE
8
BLACK
6
CONTINUOUS
10
5.3423782283464565
20
-2.6885810236220471
11
5.3329000393700783
21
-2.7287157874015748
0
LINE
8
BLACK
6
CONTINUOUS
10
5.3329000393700783
20
-2.7287157874015748
11
5.3328092125984252
21
-2.7289792519685037
0
LINE
8
BLACK
6
CONTINUOUS
10
5.3328092125984252
20
-2.7289792519685037
11
5.3327966535433067
21
-2.7290738976377953
0
LINE
8
BLACK
6
CONTINUOUS
10
5.3327966535433067
20
-2.7290738976377953
11
5.3327471259842518
21
-2.729159409448819
0
LINE
8
BLACK
6
CONTINUOUS
10
5.3327471259842518
20
-2.729159409448819
11
5.3326485433070863
21
-2.7294454724409447
0
LINE
8
BLACK
6
CONTINUOUS
10
5.3326485433070863
20
-2.7294454724409447
11
5.3323133858267715
21
-2.7299085433070864
0
LINE
8
BLACK
6
CONTINUOUS
10
5.3323133858267715
20
-2.7299085433070864
11
5.3320269685039365
21
-2.7304033070866143
0
LINE
8
BLACK
6
CONTINUOUS
10
5.3320269685039365
20
-2.7304033070866143
11
5.3318664173228347
21
-2.7305261417322835
0
LINE
8
BLACK
6
CONTINUOUS
10
5.3318664173228347
20
-2.7305261417322835
11
5.3317479527559053
21
-2.7306899212598426
0
LINE
8
BLACK
6
CONTINUOUS
10
5.3317479527559053
20
-2.7306899212598426
11
5.3312612204724408
21
-2.730989409448819
0
LINE
8
BLACK
6
CONTINUOUS
10
5.3312612204724408
20
-2.730989409448819
11
5.3308071653543303
21
-2.7313370078740156
0
LINE
8
BLACK
6
CONTINUOUS
10
5.3308071653543303
20
-2.7313370078740156
11
5.3306117322834643
21
-2.7313890944881889
0
LINE
8
BLACK
6
CONTINUOUS
10
5.3306117322834643
20
-2.7313890944881889
11
5.3304396850393703
21
-2.7314949999999998
0
LINE
8
BLACK
6
CONTINUOUS
10
5.3304396850393703
20
-2.7314949999999998
11
5.3298753149606295
21
-2.731585472440945
0
LINE
8
BLACK
6
CONTINUOUS
10
5.3298753149606295
20
-2.731585472440945
11
5.3293228740157481
21
-2.7317327952755903
0
LINE
8
BLACK
6
CONTINUOUS
10
5.3293228740157481
20
-2.7317327952755903
11
5.3291225196850389
21
-2.7317061417322832
0
LINE
8
BLACK
6
CONTINUOUS
10
5.3291225196850389
20
-2.7317061417322832
11
5.3289228740157482
21
-2.7317381889763781
0
LINE
8
BLACK
6
CONTINUOUS
10
5.3289228740157482
20
-2.7317381889763781
11
5.3283666141732287
21
-2.7316057086614172
0
LINE
8
BLACK
6
CONTINUOUS
10
5.3283666141732287
20
-2.7316057086614172
11
5.3278001181102361
21
-2.7315304724409448
0
LINE
8
BLACK
6
CONTINUOUS
10
5.3278001181102361
20
-2.7315304724409448
11
5.3276251574803144
21
-2.7314291732283462
0
LINE
8
BLACK
6
CONTINUOUS
10
5.3276251574803144
20
-2.7314291732283462
11
5.327428503937008
21
-2.7313823622047244
0
LINE
8
BLACK
6
CONTINUOUS
10
5.327428503937008
20
-2.7313823622047244
11
5.3269653149606295
21
-2.7310471653543305
0
LINE
8
BLACK
6
CONTINUOUS
10
5.3269653149606295
20
-2.7310471653543305
11
5.3264706692913384
21
-2.7307607874015747
0
LINE
8
BLACK
6
CONTINUOUS
10
5.3264706692913384
20
-2.7307607874015747
11
5.3263477952755904
21
-2.7306002362204724
0
LINE
8
BLACK
6
CONTINUOUS
10
5.3263477952755904
20
-2.7306002362204724
11
5.3261840551181105
21
-2.7304817716535434
0
LINE
8
BLACK
6
CONTINUOUS
10
5.3261840551181105
20
-2.7304817716535434
11
5.3258845275590554
21
-2.7299950393700785
0
LINE
8
BLACK
6
CONTINUOUS
10
5.3258845275590554
20
-2.7299950393700785
11
5.3255369685039371
21
-2.7295409842519684
0
LINE
8
BLACK
6
CONTINUOUS
10
5.3255369685039371
20
-2.7295409842519684
11
5.3254838976377954
21
-2.7293440157480315
0
LINE
8
BLACK
6
CONTINUOUS
10
5.3254838976377954
20
-2.7293440157480315
11
5.3253789763779524
21
-2.729173503937008
0
LINE
8
BLACK
6
CONTINUOUS
10
5.3253789763779524
20
-2.729173503937008
11
5.3252922047244091
21
-2.7286324409448817
0
LINE
8
BLACK
6
CONTINUOUS
10
5.3252922047244091
20
-2.7286324409448817
11
5.321571181102362
21
-2.7148191732283462
0
LINE
8
BLACK
6
CONTINUOUS
10
5.321571181102362
20
-2.7148191732283462
11
5.3178760629921262
21
-2.7288183070866143
0
LINE
8
BLACK
6
CONTINUOUS
10
5.3178760629921262
20
-2.7288183070866143
11
5.3177781496062995
21
-2.7290793700787401
0
LINE
8
BLACK
6
CONTINUOUS
10
5.3177781496062995
20
-2.7290793700787401
11
5.3177630708661416
21
-2.729173503937008
0
LINE
8
BLACK
6
CONTINUOUS
10
5.3177630708661416
20
-2.729173503937008
11
5.3177113385826766
21
-2.7292574803149607
0
LINE
8
BLACK
6
CONTINUOUS
10
5.3177113385826766
20
-2.7292574803149607
11
5.317605078740157
21
-2.7295409842519684
0
LINE
8
BLACK
6
CONTINUOUS
10
5.317605078740157
20
-2.7295409842519684
11
5.3172574803149608
21
-2.7299950393700785
0
LINE
8
BLACK
6
CONTINUOUS
10
5.3172574803149608
20
-2.7299950393700785
11
5.3169579921259844
21
-2.7304817716535434
0
LINE
8
BLACK
6
CONTINUOUS
10
5.3169579921259844
20
-2.7304817716535434
11
5.3167942125984249
21
-2.7306002362204724
0
LINE
8
BLACK
6
CONTINUOUS
10
5.3167942125984249
20
-2.7306002362204724
11
5.3166713779527557
21
-2.7307607874015747
0
LINE
8
BLACK
6
CONTINUOUS
10
5.3166713779527557
20
-2.7307607874015747
11
5.3161767716535433
21
-2.7310470866141729
0
LINE
8
BLACK
6
CONTINUOUS
10
5.3161767716535433
20
-2.7310470866141729
11
5.3157135433070861
21
-2.7313823622047244
0
LINE
8
BLACK
6
CONTINUOUS
10
5.3157135433070861
20
-2.7313823622047244
11
5.3155167322834647
21
-2.731429212598425
0
LINE
8
BLACK
6
CONTINUOUS
10
5.3155167322834647
20
-2.731429212598425
11
5.3153419291338579
21
-2.7315304330708661
0
LINE
8
BLACK
6
CONTINUOUS
10
5.3153419291338579
20
-2.7315304330708661
11
5.3147756299212601
21
-2.7316056692913384
0
LINE
8
BLACK
6
CONTINUOUS
10
5.3147756299212601
20
-2.7316056692913384
11
5.3142191732283459
21
-2.7317381889763781
0
LINE
8
BLACK
6
CONTINUOUS
10
5.3142191732283459
20
-2.7317381889763781
11
5.3140194881889764
21
-2.7317061417322832
0
LINE
8
BLACK
6
CONTINUOUS
10
5.3140194881889764
20
-2.7317061417322832
11
5.313819173228346
21
-2.7317327952755903
0
LINE
8
BLACK
6
CONTINUOUS
10
5.313819173228346
20
-2.7317327952755903
11
5.3132666929133858
21
-2.731585472440945
0
LINE
8
BLACK
6
CONTINUOUS
10
5.3132666929133858
20
-2.731585472440945
11
5.3127023622047247
21
-2.7314949999999998
0
LINE
8
BLACK
6
CONTINUOUS
10
5.3127023622047247
20
-2.7314949999999998
11
5.312530275590551
21
-2.7313890944881889
0
LINE
8
BLACK
6
CONTINUOUS
10
5.312530275590551
20
-2.7313890944881889
11
5.3123348818897638
21
-2.7313370078740156
0
LINE
8
BLACK
6
CONTINUOUS
10
5.3123348818897638
20
-2.7313370078740156
11
5.3118807874015745
21
-2.730989409448819
0
LINE
8
BLACK
6
CONTINUOUS
10
5.3118807874015745
20
-2.730989409448819
11
5.3113940944881888
21
-2.7306899212598426
0
LINE
8
BLACK
6
CONTINUOUS
10
5.3113940944881888
20
-2.7306899212598426
11
5.3112755905511806
21
-2.7305261417322835
0
LINE
8
BLACK
6
CONTINUOUS
10
5.3112755905511806
20
-2.7305261417322835
11
5.3111150787401575
21
-2.7304033070866143
0
LINE
8
BLACK
6
CONTINUOUS
10
5.3111150787401575
20
-2.7304033070866143
11
5.3108287401574801
21
-2.7299087007874014
0
LINE
8
BLACK
6
CONTINUOUS
10
5.3108287401574801
20
-2.7299087007874014
11
5.3104935039370078
21
-2.7294454724409447
0
LINE
8
BLACK
6
CONTINUOUS
10
5.3104935039370078
20
-2.7294454724409447
11
5.3104459842519685
21
-2.7292475590551182
0
LINE
8
BLACK
6
CONTINUOUS
10
5.3104459842519685
20
-2.7292475590551182
11
5.3103454330708662
21
-2.7290738582677165
0
LINE
8
BLACK
6
CONTINUOUS
10
5.3103454330708662
20
-2.7290738582677165
11
5.3102724015748031
21
-2.7285243700787403
0
LINE
8
BLACK
6
CONTINUOUS
10
5.3102724015748031
20
-2.7285243700787403
11
5.300868188976378
21
-2.6893457086614174
0
LINE
8
BLACK
6
CONTINUOUS
10
5.300868188976378
20
-2.6893457086614174
11
5.3007638582677163
21
-2.6885810236220471
0
LINE
8
BLACK
6
CONTINUOUS
10
5.3007638582677163
20
-2.6885810236220471
11
5.3010070472440942
21
-2.687064212598425
0
LINE
8
BLACK
6
CONTINUOUS
10
5.3010070472440942
20
-2.687064212598425
11
5.3018121259842514
21
-2.6857559448818895
0
LINE
8
BLACK
6
CONTINUOUS
10
5.3018121259842514
20
-2.6857559448818895
11
5.3030565748031497
21
-2.6848553543307085
0
LINE
8
BLACK
6
CONTINUOUS
10
5.3030565748031497
20
-2.6848553543307085
11
5.3045509448818899
21
-2.6844995275590549
0
LINE
8
BLACK
6
CONTINUOUS
10
5.3045509448818899
20
-2.6844995275590549
11
5.3060677559055121
21
-2.6847427165354332
0
LINE
8
BLACK
6
CONTINUOUS
10
5.2435989370078735
20
-2.6845724409448817
11
5.2437296456692915
21
-2.6846265748031497
0
LINE
8
BLACK
6
CONTINUOUS
10
5.2437296456692915
20
-2.6846265748031497
11
5.2438707480314957
21
-2.6846366141732281
0
LINE
8
BLACK
6
CONTINUOUS
10
5.2438707480314957
20
-2.6846366141732281
11
5.2445949212598428
21
-2.6849849999999997
0
LINE
8
BLACK
6
CONTINUOUS
10
5.2445949212598428
20
-2.6849849999999997
11
5.2450181496062989
21
-2.6851603149606298
0
LINE
8
BLACK
6
CONTINUOUS
10
5.2450181496062989
20
-2.6851603149606298
11
5.2450726377952757
21
-2.6852148031496061
0
LINE
8
BLACK
6
CONTINUOUS
10
5.2450726377952757
20
-2.6852148031496061
11
5.2483410629921261
21
-2.6867872047244092
0
LINE
8
BLACK
6
CONTINUOUS
10
5.2483410629921261
20
-2.6867872047244092
11
5.2486716141732286
21
-2.6869952755905513
0
LINE
8
BLACK
6
CONTINUOUS
10
5.2486716141732286
20
-2.6869952755905513
11
5.248767677165354
21
-2.6870350787401573
0
LINE
8
BLACK
6
CONTINUOUS
10
5.248767677165354
20
-2.6870350787401573
11
5.2488308267716537
21
-2.6870954724409448
0
LINE
8
BLACK
6
CONTINUOUS
10
5.2488308267716537
20
-2.6870954724409448
11
5.2489942125984248
21
-2.6871983464566926
0
LINE
8
BLACK
6
CONTINUOUS
10
5.2489942125984248
20
-2.6871983464566926
11
5.2492665354330708
21
-2.6875123622047243
0
LINE
8
BLACK
6
CONTINUOUS
10
5.2492665354330708
20
-2.6875123622047243
11
5.2512390157480313
21
-2.6893994488188975
0
LINE
8
BLACK
6
CONTINUOUS
10
5.2512390157480313
20
-2.6893994488188975
11
5.2514867322834649
21
-2.6897012598425198
0
LINE
8
BLACK
6
CONTINUOUS
10
5.2514867322834649
20
-2.6897012598425198
11
5.2515653937007869
21
-2.6897694881889764
0
LINE
8
BLACK
6
CONTINUOUS
10
5.2515653937007869
20
-2.6897694881889764
11
5.2516044094488183
21
-2.6898446062992125
0
LINE
8
BLACK
6
CONTINUOUS
10
5.2516044094488183
20
-2.6898446062992125
11
5.2517286614173226
21
-2.6899960236220473
0
LINE
8
BLACK
6
CONTINUOUS
10
5.2517286614173226
20
-2.6899960236220473
11
5.2519086614173229
21
-2.6904306692913385
0
LINE
8
BLACK
6
CONTINUOUS
10
5.2519086614173229
20
-2.6904306692913385
11
5.2538512992125987
21
-2.6941721653543307
0
LINE
8
BLACK
6
CONTINUOUS
10
5.2538512992125987
20
-2.6941721653543307
11
5.2541271259842519
21
-2.6948929921259843
0
LINE
8
BLACK
6
CONTINUOUS
10
5.2541271259842519
20
-2.6948929921259843
11
5.2541371259842515
21
-2.6950340551181102
0
LINE
8
BLACK
6
CONTINUOUS
10
5.2541371259842515
20
-2.6950340551181102
11
5.2541912992125983
21
-2.695164803149606
0
LINE
8
BLACK
6
CONTINUOUS
10
5.2541912992125983
20
-2.695164803149606
11
5.2542002362204725
21
-2.6959220078740156
0
LINE
8
BLACK
6
CONTINUOUS
10
5.2542002362204725
20
-2.6959220078740156
11
5.2542360236220471
21
-2.6964252755905513
0
LINE
8
BLACK
6
CONTINUOUS
10
5.2542360236220471
20
-2.6964252755905513
11
5.2542072047244091
21
-2.6965116141732284
0
LINE
8
BLACK
6
CONTINUOUS
10
5.2542072047244091
20
-2.6965116141732284
11
5.2542669291338582
21
-2.7015571653543304
0
LINE
8
BLACK
6
CONTINUOUS
10
5.2542669291338582
20
-2.7015571653543304
11
5.2541912992125983
21
-2.7023252362204722
0
LINE
8
BLACK
6
CONTINUOUS
10
5.2541912992125983
20
-2.7023252362204722
11
5.2541371259842515
21
-2.7024559448818897
0
LINE
8
BLACK
6
CONTINUOUS
10
5.2541371259842515
20
-2.7024559448818897
11
5.2541271259842519
21
-2.7025970472440943
0
LINE
8
BLACK
6
CONTINUOUS
10
5.2541271259842519
20
-2.7025970472440943
11
5.2537787007874011
21
-2.7033212204724411
0
LINE
8
BLACK
6
CONTINUOUS
10
5.2537787007874011
20
-2.7033212204724411
11
5.2536034251968502
21
-2.7037444488188975
0
LINE
8
BLACK
6
CONTINUOUS
10
5.2536034251968502
20
-2.7037444488188975
11
5.2535488976377955
21
-2.7037989370078739
0
LINE
8
BLACK
6
CONTINUOUS
10
5.2535488976377955
20
-2.7037989370078739
11
5.2519765354330703
21
-2.7070673622047243
0
LINE
8
BLACK
6
CONTINUOUS
10
5.2519765354330703
20
-2.7070673622047243
11
5.2517684251968504
21
-2.7073979133858268
0
LINE
8
BLACK
6
CONTINUOUS
10
5.2517684251968504
20
-2.7073979133858268
11
5.2517286614173226
21
-2.7074940157480314
0
LINE
8
BLACK
6
CONTINUOUS
10
5.2517286614173226
20
-2.7074940157480314
11
5.2516681889763781
21
-2.7075571653543307
0
LINE
8
BLACK
6
CONTINUOUS
10
5.2516681889763781
20
-2.7075571653543307
11
5.2515653937007869
21
-2.7077205511811022
0
LINE
8
BLACK
6
CONTINUOUS
10
5.2515653937007869
20
-2.7077205511811022
11
5.2512514173228348
21
-2.7079927952755907
0
LINE
8
BLACK
6
CONTINUOUS
10
5.2512514173228348
20
-2.7079927952755907
11
5.2493642913385825
21
-2.7099653543307087
0
LINE
8
BLACK
6
CONTINUOUS
10
5.2493642913385825
20
-2.7099653543307087
11
5.2490622834645668
21
-2.7102131496062993
0
LINE
8
BLACK
6
CONTINUOUS
10
5.2490622834645668
20
-2.7102131496062993
11
5.2489942125984248
21
-2.7102916929133856
0
LINE
8
BLACK
6
CONTINUOUS
10
5.2489942125984248
20
-2.7102916929133856
11
5.2489190944881887
21
-2.7103306692913387
0
LINE
8
BLACK
6
CONTINUOUS
10
5.2489190944881887
20
-2.7103306692913387
11
5.248767677165354
21
-2.7104549606299213
0
LINE
8
BLACK
6
CONTINUOUS
10
5.248767677165354
20
-2.7104549606299213
11
5.2483328346456695
21
-2.7106350393700787
0
LINE
8
BLACK
6
CONTINUOUS
10
5.2483328346456695
20
-2.7106350393700787
11
5.244591535433071
21
-2.712577598425197
0
LINE
8
BLACK
6
CONTINUOUS
10
5.244591535433071
20
-2.712577598425197
11
5.2438707480314957
21
-2.7128534251968501
0
LINE
8
BLACK
6
CONTINUOUS
10
5.2438707480314957
20
-2.7128534251968501
11
5.2437296456692915
21
-2.7128634251968502
0
LINE
8
BLACK
6
CONTINUOUS
10
5.2437296456692915
20
-2.7128634251968502
11
5.2435989370078735
21
-2.712917598425197
0
LINE
8
BLACK
6
CONTINUOUS
10
5.2435989370078735
20
-2.712917598425197
11
5.2429220866141728
21
-2.7129208267716534
0
LINE
8
BLACK
6
CONTINUOUS
10
5.2429220866141728
20
-2.7129208267716534
11
5.2423384645669291
21
-2.7129623228346458
0
LINE
8
BLACK
6
CONTINUOUS
10
5.2423384645669291
20
-2.7129623228346458
11
5.2422240551181103
21
-2.7129241732283464
0
LINE
8
BLACK
6
CONTINUOUS
10
5.2422240551181103
20
-2.7129241732283464
11
5.231741811023622
21
-2.7129744488188976
0
LINE
8
BLACK
6
CONTINUOUS
10
5.231741811023622
20
-2.7129744488188976
11
5.2317697637795275
21
-2.7278038976377954
0
LINE
8
BLACK
6
CONTINUOUS
10
5.2317697637795275
20
-2.7278038976377954
11
5.2316941338582676
21
-2.7285719685039371
0
LINE
8
BLACK
6
CONTINUOUS
10
5.2316941338582676
20
-2.7285719685039371
11
5.2311062598425195
21
-2.7299911811023621
0
LINE
8
BLACK
6
CONTINUOUS
10
5.2311062598425195
20
-2.7299911811023621
11
5.2300200393700784
21
-2.7310774015748032
0
LINE
8
BLACK
6
CONTINUOUS
10
5.2300200393700784
20
-2.7310774015748032
11
5.2286008267716531
21
-2.7316652755905513
0
LINE
8
BLACK
6
CONTINUOUS
10
5.2286008267716531
20
-2.7316652755905513
11
5.2270646850393696
21
-2.7316652755905513
0
LINE
8
BLACK
6
CONTINUOUS
10
5.2270646850393696
20
-2.7316652755905513
11
5.2256454724409451
21
-2.7310774015748032
0
LINE
8
BLACK
6
CONTINUOUS
10
5.2256454724409451
20
-2.7310774015748032
11
5.224559251968504
21
-2.7299911811023621
0
LINE
8
BLACK
6
CONTINUOUS
10
5.224559251968504
20
-2.7299911811023621
11
5.2239713779527559
21
-2.7285719685039371
0
LINE
8
BLACK
6
CONTINUOUS
10
5.2239713779527559
20
-2.7285719685039371
11
5.223895748031496
21
-2.6884338188976376
0
LINE
8
BLACK
6
CONTINUOUS
10
5.223895748031496
20
-2.6884338188976376
11
5.2239713779527559
21
-2.6876657480314958
0
LINE
8
BLACK
6
CONTINUOUS
10
5.2239713779527559
20
-2.6876657480314958
11
5.224559251968504
21
-2.6862465354330709
0
LINE
8
BLACK
6
CONTINUOUS
10
5.224559251968504
20
-2.6862465354330709
11
5.2256454724409451
21
-2.6851603149606298
0
LINE
8
BLACK
6
CONTINUOUS
10
5.2256454724409451
20
-2.6851603149606298
11
5.2270646850393696
21
-2.6845724409448817
0
LINE
8
BLACK
6
CONTINUOUS
10
5.2270646850393696
20
-2.6845724409448817
11
5.2428308661417322
21
-2.6844968110236218
0
LINE
8
BLACK
6
CONTINUOUS
10
5.2428308661417322
20
-2.6844968110236218
11
5.2435989370078735
21
-2.6845724409448817
0
LINE
8
BLACK
6
CONTINUOUS
10
5.2317029527559056
20
-2.6923522440944883
11
5.231727086614173
21
-2.7051724409448816
0
LINE
8
BLACK
6
CONTINUOUS
10
5.231727086614173
20
-2.7051724409448816
11
5.2420016929133855
21
-2.705123188976378
0
LINE
8
BLACK
6
CONTINUOUS
10
5.2420016929133855
20
-2.705123188976378
11
5.2443498425196848
21
-2.7039039763779527
0
LINE
8
BLACK
6
CONTINUOUS
10
5.2443498425196848
20
-2.7039039763779527
11
5.2453206299212596
21
-2.7028892913385825
0
LINE
8
BLACK
6
CONTINUOUS
10
5.2453206299212596
20
-2.7028892913385825
11
5.2464474803149601
21
-2.7005469685039372
0
LINE
8
BLACK
6
CONTINUOUS
10
5.2464474803149601
20
-2.7005469685039372
11
5.2464028346456688
21
-2.6967734645669292
0
LINE
8
BLACK
6
CONTINUOUS
10
5.2464028346456688
20
-2.6967734645669292
11
5.2451777559055115
21
-2.6944139763779527
0
LINE
8
BLACK
6
CONTINUOUS
10
5.2451777559055115
20
-2.6944139763779527
11
5.2441629133858267
21
-2.6934430314960629
0
LINE
8
BLACK
6
CONTINUOUS
10
5.2441629133858267
20
-2.6934430314960629
11
5.2417949212598423
21
-2.6923038188976376
0
LINE
8
BLACK
6
CONTINUOUS
10
5.2417949212598423
20
-2.6923038188976376
11
5.2317029527559056
21
-2.6923522440944883
0
LINE
8
BLACK
6
CONTINUOUS
10
5.5585595669291337
20
-2.6845724409448817
11
5.559978779527559
21
-2.6851603149606298
0
LINE
8
BLACK
6
CONTINUOUS
10
5.559978779527559
20
-2.6851603149606298
11
5.5610650000000001
21
-2.6862465354330709
0
LINE
8
BLACK
6
CONTINUOUS
10
5.5610650000000001
20
-2.6862465354330709
11
5.5616528740157483
21
-2.6876657480314958
0
LINE
8
BLACK
6
CONTINUOUS
10
5.5616528740157483
20
-2.6876657480314958
11
5.5616528740157483
21
-2.6892018897637793
0
LINE
8
BLACK
6
CONTINUOUS
10
5.5616528740157483
20
-2.6892018897637793
11
5.5610650000000001
21
-2.6906211023622046
0
LINE
8
BLACK
6
CONTINUOUS
10
5.5610650000000001
20
-2.6906211023622046
11
5.559978779527559
21
-2.6917073228346458
0
LINE
8
BLACK
6
CONTINUOUS
10
5.559978779527559
20
-2.6917073228346458
11
5.5585595669291337
21
-2.6922951968503934
0
LINE
8
BLACK
6
CONTINUOUS
10
5.5585595669291337
20
-2.6922951968503934
11
5.5504130314960625
21
-2.6923216535433072
0
LINE
8
BLACK
6
CONTINUOUS
10
5.5504130314960625
20
-2.6923216535433072
11
5.5504799212598428
21
-2.7278038976377954
0
LINE
8
BLACK
6
CONTINUOUS
10
5.5504799212598428
20
-2.7278038976377954
11
5.5504042913385829
21
-2.7285719685039371
0
LINE
8
BLACK
6
CONTINUOUS
10
5.5504042913385829
20
-2.7285719685039371
11
5.5498164173228348
21
-2.7299911811023621
0
LINE
8
BLACK
6
CONTINUOUS
10
5.5498164173228348
20
-2.7299911811023621
11
5.5487301968503937
21
-2.7310774015748032
0
LINE
8
BLACK
6
CONTINUOUS
10
5.5487301968503937
20
-2.7310774015748032
11
5.5473109842519683
21
-2.7316652755905513
0
LINE
8
BLACK
6
CONTINUOUS
10
5.5473109842519683
20
-2.7316652755905513
11
5.5457748425196849
21
-2.7316652755905513
0
LINE
8
BLACK
6
CONTINUOUS
10
5.5457748425196849
20
-2.7316652755905513
11
5.5443556299212595
21
-2.7310774015748032
0
LINE
8
BLACK
6
CONTINUOUS
10
5.5443556299212595
20
-2.7310774015748032
11
5.5432694094488184
21
-2.7299911811023621
0
LINE
8
BLACK
6
CONTINUOUS
10
5.5432694094488184
20
-2.7299911811023621
11
5.5426815354330712
21
-2.7285719685039371
0
LINE
8
BLACK
6
CONTINUOUS
10
5.5426815354330712
20
-2.7285719685039371
11
5.5426132677165354
21
-2.6923470078740155
0
LINE
8
BLACK
6
CONTINUOUS
10
5.5426132677165354
20
-2.6923470078740155
11
5.5352943307086617
21
-2.6923708267716533
0
LINE
8
BLACK
6
CONTINUOUS
10
5.5352943307086617
20
-2.6923708267716533
11
5.5345262598425196
21
-2.6922951968503934
0
LINE
8
BLACK
6
CONTINUOUS
10
5.5345262598425196
20
-2.6922951968503934
11
5.5331070472440942
21
-2.6917073228346458
0
LINE
8
BLACK
6
CONTINUOUS
10
5.5331070472440942
20
-2.6917073228346458
11
5.5320208267716531
21
-2.6906211023622046
0
LINE
8
BLACK
6
CONTINUOUS
10
5.5320208267716531
20
-2.6906211023622046
11
5.531432952755905
21
-2.6892018897637793
0
LINE
8
BLACK
6
CONTINUOUS
10
5.531432952755905
20
-2.6892018897637793
11
5.531432952755905
21
-2.6876657480314958
0
LINE
8
BLACK
6
CONTINUOUS
10
5.531432952755905
20
-2.6876657480314958
11
5.5320208267716531
21
-2.6862465354330709
0
LINE
8
BLACK
6
CONTINUOUS
10
5.5320208267716531
20
-2.6862465354330709
11
5.5331070472440942
21
-2.6851603149606298
0
LINE
8
BLACK
6
CONTINUOUS
10
5.5331070472440942
20
-2.6851603149606298
11
5.5345262598425196
21
-2.6845724409448817
0
LINE
8
BLACK
6
CONTINUOUS
10
5.5345262598425196
20
-2.6845724409448817
11
5.5577914960629924
21
-2.6844968110236218
0
LINE
8
BLACK
6
CONTINUOUS
10
5.5577914960629924
20
-2.6844968110236218
11
5.5585595669291337
21
-2.6845724409448817
0
CIRCLE
8
BLACK
10
4.7999999999999998
20
-2.7999999999999998
40
0.0068897637795276
0
CIRCLE
8
BLACK
10
6.
20
-2.7999999999999998
40
0.0068897637795276
0
CIRCLE
8
BLACK
10
4.7999999999999998
20
-4.
40
0.0068897637795276
0
CIRCLE
8
BLACK
10
6.
20
-4.
40
0.0068897637795276
0
CIRCLE
8
BLACK
10
5.9668503937007875
20
-3.6999999999999997
40
0.0068897637795276
0
CIRCLE
8
BLACK
10
5.7699999999999996
20
-3.6999999999999997
40
0.0068897637795276
0
CIRCLE
8
BLACK
10
5.9668503937007875
20
-3.5
40
0.0068897637795276
0
CIRCLE
8
BLACK
10
5.7699999999999996
20
-3.5
40
0.0068897637795276
0
CIRCLE
8
BLACK
10
5.9668503937007875
20
-3.1000000000000001
40
0.0068897637795276
0
CIRCLE
8
BLACK
10
5.7699999999999996
20
-3.1000000000000001
40
0.0068897637795276
0
CIRCLE
8
BLACK
10
5.9668503937007875
20
-3.2999999999999998
40
0.0068897637795276
0
CIRCLE
8
BLACK
10
5.7699999999999996
20
-3.2999999999999998
40
0.0068897637795276
0
CIRCLE
8
BLACK
10
5.1349999999999998
20
-3.9950000000000001
40
0.0068897637795276
0
CIRCLE
8
BLACK
10
5.4649999999999999
20
-3.8900000000000001
40
0.0068897637795276
0
CIRCLE
8
BLACK
10
5.4649999999999999
20
-3.9884251968503937
40
0.0068897637795276
0
CIRCLE
8
BLACK
10
5.2324999999999999
20
-3.6625000000000001
40
0.0059055118110236
0
CIRCLE
8
BLACK
10
5.2299999999999995
20
-3.7549999999999999
40
0.0059055118110236
0
CIRCLE
8
BLACK
10
5.2299999999999995
20
-3.71
40
0.0059055118110236
0
CIRCLE
8
BLACK
10
5.1875
20
-3.7549999999999999
40
0.0059055118110236
0
CIRCLE
8
BLACK
10
5.1875
20
-3.71
40
0.0059055118110236
0
CIRCLE
8
BLACK
10
5.1875
20
-3.6625000000000001
40
0.0059055118110236
  0
ENDSEC
  0
EOF
