  0
SECTION
  2
HEADER
  9
$ANGBASE
  50
0.0
  9
$ANGDIR
  70
1
  9
$MEASUREMENT
  70
0
  0
ENDSEC
  0
SECTION
  2
TABLES
  0
TABLE
  2
LTYPE
  70
4
  0
LTYPE
  5
40F
  2
CONTINUOUS
  70
0
  3
Solid line
  72
65
  73
0
  40
0.0
  0
LTYPE
  5
410
  2
DASHDOT
 70
0
  3
Dash Dot ____ _ ____ _
 72
65
 73
4
 40
2.0
 49
1.25
 49
-0.25
 49
0.25
 49
-0.25
  0
LTYPE
  5
411
  2
DASHED
 70
0
  3
Dashed __ __ __ __ __
 72
65
 73
2
 40
0.75
 49
0.5
 49
-0.25
  0
LTYPE
  5
43B
  2
DOTTED
 70
0
  3
Dotted .  .  .  .
 72
65
 73
2
 40
0.2
 49
0.0
 49
-0.2
  0
ENDTAB
  0
TABLE
  2
STYLE
  70
4
  0
STYLE
  2
KICAD
  70
0
  40
0
  41
1
  42
1
  50
0
  71
0
  3
isocp.shx
  0
STYLE
  2
KICADB
  70
0
  40
0
  41
1
  42
1
  50
0
  71
0
  3
isocp.shx
  0
STYLE
  2
KICADI
  70
0
  40
0
  41
1
  42
1
  50
15
  71
0
  3
isocp.shx
  0
STYLE
  2
KICADBI
  70
0
  40
0
  41
1
  42
1
  50
15
  71
0
  3
isocp.shx
  0
ENDTAB
  0
TABLE
  2
LAYER
  70
1
  0
LAYER
  2
BLACK
  70
0
  62
7
  6
CONTINUOUS
  0
ENDTAB
  0
ENDSEC
  0
SECTION
  2
ENTITIES
0
LINE
8
BLACK
6
CONTINUOUS
10
5.2608909842519687
20
-3.9156401574803148
11
5.2609889763779529
21
-3.9156807480314959
0
LINE
8
BLACK
6
CONTINUOUS
10
5.2609889763779529
20
-3.9156807480314959
11
5.2610948031496063
21
-3.9156882677165354
0
LINE
8
BLACK
6
CONTINUOUS
10
5.2610948031496063
20
-3.9156882677165354
11
5.261606338582677
21
-3.9159364566929131
0
LINE
8
BLACK
6
CONTINUOUS
10
5.261606338582677
20
-3.9159364566929131
11
5.261955393700787
21
-3.9160810629921259
0
LINE
8
BLACK
6
CONTINUOUS
10
5.261955393700787
20
-3.9160810629921259
11
5.2620035039370077
21
-3.9161291732283465
0
LINE
8
BLACK
6
CONTINUOUS
10
5.2620035039370077
20
-3.9161291732283465
11
5.2653849606299215
21
-3.9177699212598425
0
LINE
8
BLACK
6
CONTINUOUS
10
5.2653849606299215
20
-3.9177699212598425
11
5.2656329527559054
21
-3.9179259842519683
0
LINE
8
BLACK
6
CONTINUOUS
10
5.2656329527559054
20
-3.9179259842519683
11
5.2657049212598421
21
-3.9179558267716534
0
LINE
8
BLACK
6
CONTINUOUS
10
5.2657049212598421
20
-3.9179558267716534
11
5.2657509842519685
21
-3.9180003149606297
0
LINE
8
BLACK
6
CONTINUOUS
10
5.2657509842519685
20
-3.9180003149606297
11
5.2658748425196853
21
-3.9180782677165356
0
LINE
8
BLACK
6
CONTINUOUS
10
5.2658748425196853
20
-3.9180782677165356
11
5.2660965748031492
21
-3.918333937007874
0
LINE
8
BLACK
6
CONTINUOUS
10
5.2660965748031492
20
-3.918333937007874
11
5.2680271259842515
21
-3.9201977952755906
0
LINE
8
BLACK
6
CONTINUOUS
10
5.2680271259842515
20
-3.9201977952755906
11
5.2680284251968503
21
-3.9201993700787399
0
LINE
8
BLACK
6
CONTINUOUS
10
5.2680284251968503
20
-3.9201993700787399
11
5.2680292913385829
21
-3.9201999606299212
0
LINE
8
BLACK
6
CONTINUOUS
10
5.2680292913385829
20
-3.9201999606299212
11
5.2680311023622046
21
-3.9202026771653542
0
LINE
8
BLACK
6
CONTINUOUS
10
5.2680311023622046
20
-3.9202026771653542
11
5.2683943307086611
21
-3.9206452362204725
0
LINE
8
BLACK
6
CONTINUOUS
10
5.2683943307086611
20
-3.9206452362204725
11
5.2684935826771655
21
-3.9208848818897635
0
LINE
8
BLACK
6
CONTINUOUS
10
5.2684935826771655
20
-3.9208848818897635
11
5.2721455905511814
21
-3.9262721259842519
0
LINE
8
BLACK
6
CONTINUOUS
10
5.2721455905511814
20
-3.9262721259842519
11
5.2723150393700786
21
-3.92659
0
LINE
8
BLACK
6
CONTINUOUS
10
5.2723150393700786
20
-3.92659
11
5.2723585826771648
21
-3.9266487401574803
0
LINE
8
BLACK
6
CONTINUOUS
10
5.2723585826771648
20
-3.9266487401574803
11
5.2723699606299208
21
-3.9266929527559054
0
LINE
8
BLACK
6
CONTINUOUS
10
5.2723699606299208
20
-3.9266929527559054
11
5.2724179133858264
21
-3.9267829133858267
0
LINE
8
BLACK
6
CONTINUOUS
10
5.2724179133858264
20
-3.9267829133858267
11
5.272500472440945
21
-3.9272002755905513
0
LINE
8
BLACK
6
CONTINUOUS
10
5.272500472440945
20
-3.9272002755905513
11
5.2744281102362205
21
-3.9346929133858266
0
LINE
8
BLACK
6
CONTINUOUS
10
5.2744281102362205
20
-3.9346929133858266
11
5.2744428740157483
21
-3.9347927559055118
0
LINE
8
BLACK
6
CONTINUOUS
10
5.2744428740157483
20
-3.9347927559055118
11
5.2744595275590553
21
-3.9348329921259841
0
LINE
8
BLACK
6
CONTINUOUS
10
5.2744595275590553
20
-3.9348329921259841
11
5.2744597637795279
21
-3.9349072440944881
0
LINE
8
BLACK
6
CONTINUOUS
10
5.2744597637795279
20
-3.9349072440944881
11
5.2745127559055121
21
-3.9352655118110236
0
LINE
8
BLACK
6
CONTINUOUS
10
5.2745127559055121
20
-3.9352655118110236
11
5.2744623228346459
21
-3.9356043307086614
0
LINE
8
BLACK
6
CONTINUOUS
10
5.2744623228346459
20
-3.9356043307086614
11
5.2744829133858264
21
-3.9412600393700785
0
LINE
8
BLACK
6
CONTINUOUS
10
5.2744829133858264
20
-3.9412600393700785
11
5.2744930708661419
21
-3.9414026377952753
0
LINE
8
BLACK
6
CONTINUOUS
10
5.2744930708661419
20
-3.9414026377952753
11
5.2744835433070865
21
-3.9414311417322834
0
LINE
8
BLACK
6
CONTINUOUS
10
5.2744835433070865
20
-3.9414311417322834
11
5.2745162598425193
21
-3.9504071653543305
0
LINE
8
BLACK
6
CONTINUOUS
10
5.2745162598425193
20
-3.9504071653543305
11
5.2744595275590553
21
-3.9509832283464568
0
LINE
8
BLACK
6
CONTINUOUS
10
5.2744595275590553
20
-3.9509832283464568
11
5.2744189370078738
21
-3.9510811811023623
0
LINE
8
BLACK
6
CONTINUOUS
10
5.2744189370078738
20
-3.9510811811023623
11
5.2744114173228347
21
-3.9511870866141732
0
LINE
8
BLACK
6
CONTINUOUS
10
5.2744114173228347
20
-3.9511870866141732
11
5.274163070866142
21
-3.9516988188976376
0
LINE
8
BLACK
6
CONTINUOUS
10
5.274163070866142
20
-3.9516988188976376
11
5.2740186220472438
21
-3.9520476377952756
0
LINE
8
BLACK
6
CONTINUOUS
10
5.2740186220472438
20
-3.9520476377952756
11
5.2739705118110232
21
-3.952095708661417
0
LINE
8
BLACK
6
CONTINUOUS
10
5.2739705118110232
20
-3.952095708661417
11
5.2723297637795277
21
-3.9554772047244096
0
LINE
8
BLACK
6
CONTINUOUS
10
5.2723297637795277
20
-3.9554772047244096
11
5.2721737007874019
21
-3.9557250787401572
0
LINE
8
BLACK
6
CONTINUOUS
10
5.2721737007874019
20
-3.9557250787401572
11
5.272143897637795
21
-3.9557971259842519
0
LINE
8
BLACK
6
CONTINUOUS
10
5.272143897637795
20
-3.9557971259842519
11
5.2720993307086612
21
-3.9558432283464566
0
LINE
8
BLACK
6
CONTINUOUS
10
5.2720993307086612
20
-3.9558432283464566
11
5.2720214173228346
21
-3.955967086614173
0
LINE
8
BLACK
6
CONTINUOUS
10
5.2720214173228346
20
-3.955967086614173
11
5.2717657480314957
21
-3.956188779527559
0
LINE
8
BLACK
6
CONTINUOUS
10
5.2717657480314957
20
-3.956188779527559
11
5.2699019291338578
21
-3.95811937007874
0
LINE
8
BLACK
6
CONTINUOUS
10
5.2699019291338578
20
-3.95811937007874
11
5.269675551181102
21
-3.958305118110236
0
LINE
8
BLACK
6
CONTINUOUS
10
5.269675551181102
20
-3.958305118110236
11
5.2696243700787404
21
-3.9583641732283463
0
LINE
8
BLACK
6
CONTINUOUS
10
5.2696243700787404
20
-3.9583641732283463
11
5.269568700787401
21
-3.9583927952755906
0
LINE
8
BLACK
6
CONTINUOUS
10
5.269568700787401
20
-3.9583927952755906
11
5.2694544488188972
21
-3.9584866141732284
0
LINE
8
BLACK
6
CONTINUOUS
10
5.2694544488188972
20
-3.9584866141732284
11
5.2691075590551177
21
-3.9586302755905511
0
LINE
8
BLACK
6
CONTINUOUS
10
5.2691075590551177
20
-3.9586302755905511
11
5.2653849606299215
21
-3.960547283464567
0
LINE
8
BLACK
6
CONTINUOUS
10
5.2653849606299215
20
-3.960547283464567
11
5.2648443307086614
21
-3.9607541732283464
0
LINE
8
BLACK
6
CONTINUOUS
10
5.2648443307086614
20
-3.9607541732283464
11
5.264738503937008
21
-3.9607616535433068
0
LINE
8
BLACK
6
CONTINUOUS
10
5.264738503937008
20
-3.9607616535433068
11
5.2646405118110238
21
-3.9608022834645666
0
LINE
8
BLACK
6
CONTINUOUS
10
5.2646405118110238
20
-3.9608022834645666
11
5.2641152755905507
21
-3.9608059448818898
0
LINE
8
BLACK
6
CONTINUOUS
10
5.2641152755905507
20
-3.9608059448818898
11
5.2636951181102365
21
-3.9608358267716532
0
LINE
8
BLACK
6
CONTINUOUS
10
5.2636951181102365
20
-3.9608358267716532
11
5.263616062992126
21
-3.9608094488188974
0
LINE
8
BLACK
6
CONTINUOUS
10
5.263616062992126
20
-3.9608094488188974
11
5.2565653937007877
21
-3.9608590157480315
0
LINE
8
BLACK
6
CONTINUOUS
10
5.2565653937007877
20
-3.9608590157480315
11
5.2559893307086609
21
-3.9608022834645666
0
LINE
8
BLACK
6
CONTINUOUS
10
5.2559893307086609
20
-3.9608022834645666
11
5.2558913385826767
21
-3.9607616929133855
0
LINE
8
BLACK
6
CONTINUOUS
10
5.2558913385826767
20
-3.9607616929133855
11
5.2557854724409445
21
-3.9607541732283464
0
LINE
8
BLACK
6
CONTINUOUS
10
5.2557854724409445
20
-3.9607541732283464
11
5.2552737007874013
21
-3.9605058267716533
0
LINE
8
BLACK
6
CONTINUOUS
10
5.2552737007874013
20
-3.9605058267716533
11
5.2549249212598426
21
-3.960361377952756
0
LINE
8
BLACK
6
CONTINUOUS
10
5.2549249212598426
20
-3.960361377952756
11
5.2548768110236219
21
-3.9603132677165354
0
LINE
8
BLACK
6
CONTINUOUS
10
5.2548768110236219
20
-3.9603132677165354
11
5.2514953543307081
21
-3.9586725196850394
0
LINE
8
BLACK
6
CONTINUOUS
10
5.2514953543307081
20
-3.9586725196850394
11
5.2512473228346455
21
-3.9585164173228344
0
LINE
8
BLACK
6
CONTINUOUS
10
5.2512473228346455
20
-3.9585164173228344
11
5.2511753937007875
21
-3.9584866141732284
0
LINE
8
BLACK
6
CONTINUOUS
10
5.2511753937007875
20
-3.9584866141732284
11
5.2511292913385823
21
-3.958442086614173
0
LINE
8
BLACK
6
CONTINUOUS
10
5.2511292913385823
20
-3.958442086614173
11
5.2510054724409452
21
-3.9583641732283463
0
LINE
8
BLACK
6
CONTINUOUS
10
5.2510054724409452
20
-3.9583641732283463
11
5.2507836614173229
21
-3.9581083858267716
0
LINE
8
BLACK
6
CONTINUOUS
10
5.2507836614173229
20
-3.9581083858267716
11
5.2488531496062993
21
-3.9562445669291337
0
LINE
8
BLACK
6
CONTINUOUS
10
5.2488531496062993
20
-3.9562445669291337
11
5.2486674015748029
21
-3.9560182283464567
0
LINE
8
BLACK
6
CONTINUOUS
10
5.2486674015748029
20
-3.9560182283464567
11
5.2486084251968501
21
-3.955967086614173
0
LINE
8
BLACK
6
CONTINUOUS
10
5.2486084251968501
20
-3.955967086614173
11
5.2485797637795271
21
-3.9559114566929132
0
LINE
8
BLACK
6
CONTINUOUS
10
5.2485797637795271
20
-3.9559114566929132
11
5.2484859448818897
21
-3.9557971259842519
0
LINE
8
BLACK
6
CONTINUOUS
10
5.2484859448818897
20
-3.9557971259842519
11
5.2483422440944878
21
-3.9554501968503937
0
LINE
8
BLACK
6
CONTINUOUS
10
5.2483422440944878
20
-3.9554501968503937
11
5.2464253149606295
21
-3.9517276771653544
0
LINE
8
BLACK
6
CONTINUOUS
10
5.2464253149606295
20
-3.9517276771653544
11
5.24621842519685
21
-3.9511870472440944
0
LINE
8
BLACK
6
CONTINUOUS
10
5.24621842519685
20
-3.9511870472440944
11
5.2462109055118109
21
-3.951081220472441
0
LINE
8
BLACK
6
CONTINUOUS
10
5.2462109055118109
20
-3.951081220472441
11
5.2461703149606302
21
-3.9509832283464568
0
LINE
8
BLACK
6
CONTINUOUS
10
5.2461703149606302
20
-3.9509832283464568
11
5.2461673622047247
21
-3.9504686220472438
0
LINE
8
BLACK
6
CONTINUOUS
10
5.2461673622047247
20
-3.9504686220472438
11
5.2461367716535428
21
-3.950037834645669
0
LINE
8
BLACK
6
CONTINUOUS
10
5.2461367716535428
20
-3.950037834645669
11
5.2461644488188979
21
-3.9499547637795276
0
LINE
8
BLACK
6
CONTINUOUS
10
5.2461644488188979
20
-3.9499547637795276
11
5.2461135826771654
21
-3.9410333464566927
0
LINE
8
BLACK
6
CONTINUOUS
10
5.2461135826771654
20
-3.9410333464566927
11
5.2461703149606302
21
-3.9404572834645668
0
LINE
8
BLACK
6
CONTINUOUS
10
5.2461703149606302
20
-3.9404572834645668
11
5.2462109055118109
21
-3.9403592519685038
0
LINE
8
BLACK
6
CONTINUOUS
10
5.2462109055118109
20
-3.9403592519685038
11
5.24621842519685
21
-3.9402534645669292
0
LINE
8
BLACK
6
CONTINUOUS
10
5.24621842519685
20
-3.9402534645669292
11
5.2464666141732286
21
-3.9397418897637793
0
LINE
8
BLACK
6
CONTINUOUS
10
5.2464666141732286
20
-3.9397418897637793
11
5.2466112204724409
21
-3.939392874015748
0
LINE
8
BLACK
6
CONTINUOUS
10
5.2466112204724409
20
-3.939392874015748
11
5.2466593307086615
21
-3.9393447244094486
0
LINE
8
BLACK
6
CONTINUOUS
10
5.2466593307086615
20
-3.9393447244094486
11
5.248300078740157
21
-3.935963307086614
0
LINE
8
BLACK
6
CONTINUOUS
10
5.248300078740157
20
-3.935963307086614
11
5.2484561417322837
21
-3.9357152755905509
0
LINE
8
BLACK
6
CONTINUOUS
10
5.2484561417322837
20
-3.9357152755905509
11
5.2484859842519684
21
-3.9356433464566929
0
LINE
8
BLACK
6
CONTINUOUS
10
5.2484859842519684
20
-3.9356433464566929
11
5.2485304724409447
21
-3.9355972440944882
0
LINE
8
BLACK
6
CONTINUOUS
10
5.2485304724409447
20
-3.9355972440944882
11
5.2486084251968501
21
-3.9354734251968502
0
LINE
8
BLACK
6
CONTINUOUS
10
5.2486084251968501
20
-3.9354734251968502
11
5.248864094488189
21
-3.9352516535433071
0
LINE
8
BLACK
6
CONTINUOUS
10
5.248864094488189
20
-3.9352516535433071
11
5.2507279527559056
21
-3.9333211417322835
0
LINE
8
BLACK
6
CONTINUOUS
10
5.2507279527559056
20
-3.9333211417322835
11
5.2509542913385827
21
-3.9331353543307084
0
LINE
8
BLACK
6
CONTINUOUS
10
5.2509542913385827
20
-3.9331353543307084
11
5.2510054724409452
21
-3.933076377952756
0
LINE
8
BLACK
6
CONTINUOUS
10
5.2510054724409452
20
-3.933076377952756
11
5.2510611023622049
21
-3.9330477165354329
0
LINE
8
BLACK
6
CONTINUOUS
10
5.2510611023622049
20
-3.9330477165354329
11
5.2511753937007875
21
-3.9329539370078739
0
LINE
8
BLACK
6
CONTINUOUS
10
5.2511753937007875
20
-3.9329539370078739
11
5.2515222440944882
21
-3.9328102362204724
0
LINE
8
BLACK
6
CONTINUOUS
10
5.2515222440944882
20
-3.9328102362204724
11
5.2552448818897632
21
-3.9308932677165354
0
LINE
8
BLACK
6
CONTINUOUS
10
5.2552448818897632
20
-3.9308932677165354
11
5.2557854724409445
21
-3.9306863779527559
0
LINE
8
BLACK
6
CONTINUOUS
10
5.2557854724409445
20
-3.9306863779527559
11
5.2558913385826767
21
-3.9306788188976376
0
LINE
8
BLACK
6
CONTINUOUS
10
5.2558913385826767
20
-3.9306788188976376
11
5.2559893307086609
21
-3.9306382677165352
0
LINE
8
BLACK
6
CONTINUOUS
10
5.2559893307086609
20
-3.9306382677165352
11
5.2565144881889765
21
-3.9306345669291338
0
LINE
8
BLACK
6
CONTINUOUS
10
5.2565144881889765
20
-3.9306345669291338
11
5.2569346850393703
21
-3.9306047244094486
0
LINE
8
BLACK
6
CONTINUOUS
10
5.2569346850393703
20
-3.9306047244094486
11
5.2570137007874012
21
-3.9306310629921257
0
LINE
8
BLACK
6
CONTINUOUS
10
5.2570137007874012
20
-3.9306310629921257
11
5.2640644488188979
21
-3.9305815354330709
0
LINE
8
BLACK
6
CONTINUOUS
10
5.2640644488188979
20
-3.9305815354330709
11
5.2646405118110238
21
-3.9306382677165352
0
LINE
8
BLACK
6
CONTINUOUS
10
5.2646405118110238
20
-3.9306382677165352
11
5.264738503937008
21
-3.9306788582677163
0
LINE
8
BLACK
6
CONTINUOUS
10
5.264738503937008
20
-3.9306788582677163
11
5.2648443307086614
21
-3.9306863779527559
0
LINE
8
BLACK
6
CONTINUOUS
10
5.2648443307086614
20
-3.9306863779527559
11
5.2653558661417321
21
-3.9309345669291336
0
LINE
8
BLACK
6
CONTINUOUS
10
5.2653558661417321
20
-3.9309345669291336
11
5.2657049212598421
21
-3.9310791732283463
0
LINE
8
BLACK
6
CONTINUOUS
10
5.2657049212598421
20
-3.9310791732283463
11
5.2657530314960628
21
-3.931127283464567
0
LINE
8
BLACK
6
CONTINUOUS
10
5.2657530314960628
20
-3.931127283464567
11
5.2677121653543306
21
-3.9320778740157478
0
LINE
8
BLACK
6
CONTINUOUS
10
5.2677121653543306
20
-3.9320778740157478
11
5.2669182677165356
21
-3.9289920866141732
0
LINE
8
BLACK
6
CONTINUOUS
10
5.2669182677165356
20
-3.9289920866141732
11
5.2635392913385823
21
-3.9240076377952753
0
LINE
8
BLACK
6
CONTINUOUS
10
5.2635392913385823
20
-3.9240076377952753
11
5.2622375196850388
21
-3.9227508267716535
0
LINE
8
BLACK
6
CONTINUOUS
10
5.2622375196850388
20
-3.9227508267716535
11
5.2595394881889765
21
-3.921441692913386
0
LINE
8
BLACK
6
CONTINUOUS
10
5.2595394881889765
20
-3.921441692913386
11
5.2528158661417326
21
-3.921488937007874
0
LINE
8
BLACK
6
CONTINUOUS
10
5.2528158661417326
20
-3.921488937007874
11
5.2522398031496058
21
-3.9214322047244092
0
LINE
8
BLACK
6
CONTINUOUS
10
5.2522398031496058
20
-3.9214322047244092
11
5.2511753937007875
21
-3.9209912992125981
0
LINE
8
BLACK
6
CONTINUOUS
10
5.2511753937007875
20
-3.9209912992125981
11
5.250360748031496
21
-3.9201766535433071
0
LINE
8
BLACK
6
CONTINUOUS
10
5.250360748031496
20
-3.9201766535433071
11
5.2499198425196854
21
-3.9191122440944879
0
LINE
8
BLACK
6
CONTINUOUS
10
5.2499198425196854
20
-3.9191122440944879
11
5.2499198425196854
21
-3.9179601181102361
0
LINE
8
BLACK
6
CONTINUOUS
10
5.2499198425196854
20
-3.9179601181102361
11
5.250360748031496
21
-3.9168957086614173
0
LINE
8
BLACK
6
CONTINUOUS
10
5.250360748031496
20
-3.9168957086614173
11
5.2511753937007875
21
-3.9160810629921259
0
LINE
8
BLACK
6
CONTINUOUS
10
5.2511753937007875
20
-3.9160810629921259
11
5.2522398031496058
21
-3.9156401574803148
0
LINE
8
BLACK
6
CONTINUOUS
10
5.2522398031496058
20
-3.9156401574803148
11
5.2603149212598428
21
-3.9155834251968504
0
LINE
8
BLACK
6
CONTINUOUS
10
5.2603149212598428
20
-3.9155834251968504
11
5.2608909842519687
21
-3.9156401574803148
0
LINE
8
BLACK
6
CONTINUOUS
10
5.25718
20
-3.936482716535433
11
5.2544716929133859
21
-3.9378773622047243
0
LINE
8
BLACK
6
CONTINUOUS
10
5.2544716929133859
20
-3.9378773622047243
11
5.2532809842519681
21
-3.9391107086614174
0
LINE
8
BLACK
6
CONTINUOUS
10
5.2532809842519681
20
-3.9391107086614174
11
5.2519700787401575
21
-3.9418123622047245
0
LINE
8
BLACK
6
CONTINUOUS
10
5.2519700787401575
20
-3.9418123622047245
11
5.2520155905511814
21
-3.9497940944881891
0
LINE
8
BLACK
6
CONTINUOUS
10
5.2520155905511814
20
-3.9497940944881891
11
5.2534094488188972
21
-3.9525008267716535
0
LINE
8
BLACK
6
CONTINUOUS
10
5.2534094488188972
20
-3.9525008267716535
11
5.2546427952755907
21
-3.9536916141732283
0
LINE
8
BLACK
6
CONTINUOUS
10
5.2546427952755907
20
-3.9536916141732283
11
5.2573407874015743
21
-3.9550007086614172
0
LINE
8
BLACK
6
CONTINUOUS
10
5.2573407874015743
20
-3.9550007086614172
11
5.263449803149606
21
-3.9549577952755905
0
LINE
8
BLACK
6
CONTINUOUS
10
5.263449803149606
20
-3.9549577952755905
11
5.2661580708661413
21
-3.9535631496062993
0
LINE
8
BLACK
6
CONTINUOUS
10
5.2661580708661413
20
-3.9535631496062993
11
5.2673488582677166
21
-3.9523297244094486
0
LINE
8
BLACK
6
CONTINUOUS
10
5.2673488582677166
20
-3.9523297244094486
11
5.268662519685039
21
-3.9496224015748029
0
LINE
8
BLACK
6
CONTINUOUS
10
5.268662519685039
20
-3.9496224015748029
11
5.2686335826771655
21
-3.9416839763779525
0
LINE
8
BLACK
6
CONTINUOUS
10
5.2686335826771655
20
-3.9416839763779525
11
5.2672203937007875
21
-3.9389396456692913
0
LINE
8
BLACK
6
CONTINUOUS
10
5.2672203937007875
20
-3.9389396456692913
11
5.2659870472440939
21
-3.937748937007874
0
LINE
8
BLACK
6
CONTINUOUS
10
5.2659870472440939
20
-3.937748937007874
11
5.2632890157480317
21
-3.9364398031496064
0
LINE
8
BLACK
6
CONTINUOUS
10
5.2632890157480317
20
-3.9364398031496064
11
5.25718
21
-3.936482716535433
0
LINE
8
BLACK
6
CONTINUOUS
10
5.2981017716535428
20
-3.9156121259842518
11
5.2981795275590553
21
-3.9156066141732282
0
LINE
8
BLACK
6
CONTINUOUS
10
5.2981795275590553
20
-3.9156066141732282
11
5.2982380314960631
21
-3.9156255511811024
0
LINE
8
BLACK
6
CONTINUOUS
10
5.2982380314960631
20
-3.9156255511811024
11
5.2983862992125985
21
-3.9156401574803148
0
LINE
8
BLACK
6
CONTINUOUS
10
5.2983862992125985
20
-3.9156401574803148
11
5.2987549212598424
21
-3.9157928346456692
0
LINE
8
BLACK
6
CONTINUOUS
10
5.2987549212598424
20
-3.9157928346456692
11
5.3043682677165354
21
-3.9176097244094485
0
LINE
8
BLACK
6
CONTINUOUS
10
5.3043682677165354
20
-3.9176097244094485
11
5.3048968110236219
21
-3.9178457086614173
0
LINE
8
BLACK
6
CONTINUOUS
10
5.3048968110236219
20
-3.9178457086614173
11
5.3049769291338578
21
-3.9179151968503936
0
LINE
8
BLACK
6
CONTINUOUS
10
5.3049769291338578
20
-3.9179151968503936
11
5.3050749999999995
21
-3.9179558267716534
0
LINE
8
BLACK
6
CONTINUOUS
10
5.3050749999999995
20
-3.9179558267716534
11
5.30546625984252
21
-3.9183396062992126
0
LINE
8
BLACK
6
CONTINUOUS
10
5.30546625984252
20
-3.9183396062992126
11
5.3057671653543306
21
-3.9186005905511809
0
LINE
8
BLACK
6
CONTINUOUS
10
5.3057671653543306
20
-3.9186005905511809
11
5.3058006692913384
21
-3.9186676377952754
0
LINE
8
BLACK
6
CONTINUOUS
10
5.3058006692913384
20
-3.9186676377952754
11
5.3092719685039365
21
-3.9220725590551182
0
LINE
8
BLACK
6
CONTINUOUS
10
5.3092719685039365
20
-3.9220725590551182
11
5.3094577952755904
21
-3.922298937007874
0
LINE
8
BLACK
6
CONTINUOUS
10
5.3094577952755904
20
-3.922298937007874
11
5.3095167322834644
21
-3.9223500787401573
0
LINE
8
BLACK
6
CONTINUOUS
10
5.3095167322834644
20
-3.9223500787401573
11
5.30954531496063
21
-3.9224055905511812
0
LINE
8
BLACK
6
CONTINUOUS
10
5.30954531496063
20
-3.9224055905511812
11
5.3096392125984249
21
-3.92252
0
LINE
8
BLACK
6
CONTINUOUS
10
5.3096392125984249
20
-3.92252
11
5.3097829527559055
21
-3.9228670472440945
0
LINE
8
BLACK
6
CONTINUOUS
10
5.3097829527559055
20
-3.9228670472440945
11
5.3116998425196851
21
-3.9265894881889762
0
LINE
8
BLACK
6
CONTINUOUS
10
5.3116998425196851
20
-3.9265894881889762
11
5.3117159448818896
21
-3.9266315748031495
0
LINE
8
BLACK
6
CONTINUOUS
10
5.3117159448818896
20
-3.9266315748031495
11
5.3117286614173231
21
-3.9266487401574803
0
LINE
8
BLACK
6
CONTINUOUS
10
5.3117286614173231
20
-3.9266487401574803
11
5.3117412204724408
21
-3.9266976771653543
0
LINE
8
BLACK
6
CONTINUOUS
10
5.3117412204724408
20
-3.9266976771653543
11
5.3119067322834645
21
-3.9271300787401575
0
LINE
8
BLACK
6
CONTINUOUS
10
5.3119067322834645
20
-3.9271300787401575
11
5.3119274015748026
21
-3.9274212992125985
0
LINE
8
BLACK
6
CONTINUOUS
10
5.3119274015748026
20
-3.9274212992125985
11
5.3137981889763779
21
-3.9346929133858266
0
LINE
8
BLACK
6
CONTINUOUS
10
5.3137981889763779
20
-3.9346929133858266
11
5.3138129527559057
21
-3.9347927559055118
0
LINE
8
BLACK
6
CONTINUOUS
10
5.3138129527559057
20
-3.9347927559055118
11
5.3138296062992127
21
-3.9348329921259841
0
LINE
8
BLACK
6
CONTINUOUS
10
5.3138296062992127
20
-3.9348329921259841
11
5.3138302755905507
21
-3.9349101968503937
0
LINE
8
BLACK
6
CONTINUOUS
10
5.3138302755905507
20
-3.9349101968503937
11
5.3138828346456695
21
-3.9352655118110236
0
LINE
8
BLACK
6
CONTINUOUS
10
5.3138828346456695
20
-3.9352655118110236
11
5.3138364173228343
21
-3.9355774409448818
0
LINE
8
BLACK
6
CONTINUOUS
10
5.3138364173228343
20
-3.9355774409448818
11
5.3138863385826767
21
-3.9410333464566927
0
LINE
8
BLACK
6
CONTINUOUS
10
5.3138863385826767
20
-3.9410333464566927
11
5.3138764173228346
21
-3.9411338582677162
0
LINE
8
BLACK
6
CONTINUOUS
10
5.3138764173228346
20
-3.9411338582677162
11
5.3138828346456695
21
-3.9411768897637796
0
LINE
8
BLACK
6
CONTINUOUS
10
5.3138828346456695
20
-3.9411768897637796
11
5.3138649212598423
21
-3.9412505511811022
0
LINE
8
BLACK
6
CONTINUOUS
10
5.3138649212598423
20
-3.9412505511811022
11
5.3138296062992127
21
-3.941609409448819
0
LINE
8
BLACK
6
CONTINUOUS
10
5.3138296062992127
20
-3.941609409448819
11
5.3137045275590546
21
-3.9419112992125984
0
LINE
8
BLACK
6
CONTINUOUS
10
5.3137045275590546
20
-3.9419112992125984
11
5.3119234251968503
21
-3.9492485433070867
0
LINE
8
BLACK
6
CONTINUOUS
10
5.3119234251968503
20
-3.9492485433070867
11
5.3119082283464563
21
-3.9492910236220471
0
LINE
8
BLACK
6
CONTINUOUS
10
5.3119082283464563
20
-3.9492910236220471
11
5.3119067322834645
21
-3.9493123228346456
0
LINE
8
BLACK
6
CONTINUOUS
10
5.3119067322834645
20
-3.9493123228346456
11
5.3118835826771651
21
-3.9493599606299212
0
LINE
8
BLACK
6
CONTINUOUS
10
5.3118835826771651
20
-3.9493599606299212
11
5.3117286614173231
21
-3.9497936614173228
0
LINE
8
BLACK
6
CONTINUOUS
10
5.3117286614173231
20
-3.9497936614173228
11
5.3115679133858267
21
-3.9500105905511811
0
LINE
8
BLACK
6
CONTINUOUS
10
5.3115679133858267
20
-3.9500105905511811
11
5.3098250787401575
21
-3.953602440944882
0
LINE
8
BLACK
6
CONTINUOUS
10
5.3098250787401575
20
-3.953602440944882
11
5.3096690157480317
21
-3.9538503149606297
0
LINE
8
BLACK
6
CONTINUOUS
10
5.3096690157480317
20
-3.9538503149606297
11
5.3096392125984249
21
-3.9539223622047244
0
LINE
8
BLACK
6
CONTINUOUS
10
5.3096392125984249
20
-3.9539223622047244
11
5.3095959448818899
21
-3.9539664566929131
0
LINE
8
BLACK
6
CONTINUOUS
10
5.3095959448818899
20
-3.9539664566929131
11
5.3095167322834644
21
-3.9540923228346454
0
LINE
8
BLACK
6
CONTINUOUS
10
5.3095167322834644
20
-3.9540923228346454
11
5.3092205511811024
21
-3.9543491338582677
0
LINE
8
BLACK
6
CONTINUOUS
10
5.3092205511811024
20
-3.9543491338582677
11
5.3055224409448813
21
-3.9581194094488188
0
LINE
8
BLACK
6
CONTINUOUS
10
5.3055224409448813
20
-3.9581194094488188
11
5.3050749999999995
21
-3.9584866141732284
0
LINE
8
BLACK
6
CONTINUOUS
10
5.3050749999999995
20
-3.9584866141732284
11
5.3049769291338578
21
-3.9585272047244096
0
LINE
8
BLACK
6
CONTINUOUS
10
5.3049769291338578
20
-3.9585272047244096
11
5.3048968110236219
21
-3.9585967322834645
0
LINE
8
BLACK
6
CONTINUOUS
10
5.3048968110236219
20
-3.9585967322834645
11
5.3043866535433066
21
-3.9587717322834646
0
LINE
8
BLACK
6
CONTINUOUS
10
5.3043866535433066
20
-3.9587717322834646
11
5.3040105905511812
21
-3.9589275196850391
0
LINE
8
BLACK
6
CONTINUOUS
10
5.3040105905511812
20
-3.9589275196850391
11
5.3039325590551183
21
-3.9589275196850391
0
LINE
8
BLACK
6
CONTINUOUS
10
5.3039325590551183
20
-3.9589275196850391
11
5.2987439763779527
21
-3.9607074803149604
0
LINE
8
BLACK
6
CONTINUOUS
10
5.2987439763779527
20
-3.9607074803149604
11
5.2984583858267715
21
-3.9607724015748031
0
LINE
8
BLACK
6
CONTINUOUS
10
5.2984583858267715
20
-3.9607724015748031
11
5.2983862992125985
21
-3.9608022834645666
0
LINE
8
BLACK
6
CONTINUOUS
10
5.2983862992125985
20
-3.9608022834645666
11
5.2983233858267713
21
-3.9608030708661417
0
LINE
8
BLACK
6
CONTINUOUS
10
5.2983233858267713
20
-3.9608030708661417
11
5.2981795275590553
21
-3.9608358267716532
0
LINE
8
BLACK
6
CONTINUOUS
10
5.2981795275590553
20
-3.9608358267716532
11
5.2978133464566932
21
-3.9608097637795274
0
LINE
8
BLACK
6
CONTINUOUS
10
5.2978133464566932
20
-3.9608097637795274
11
5.2940607086614175
21
-3.9608590157480315
0
LINE
8
BLACK
6
CONTINUOUS
10
5.2940607086614175
20
-3.9608590157480315
11
5.293769094488189
21
-3.9608302755905509
0
LINE
8
BLACK
6
CONTINUOUS
10
5.293769094488189
20
-3.9608302755905509
11
5.2936913779527561
21
-3.9608358267716532
0
LINE
8
BLACK
6
CONTINUOUS
10
5.2936913779527561
20
-3.9608358267716532
11
5.2936327952755908
21
-3.9608168503937007
0
LINE
8
BLACK
6
CONTINUOUS
10
5.2936327952755908
20
-3.9608168503937007
11
5.2934846456692908
21
-3.9608022834645666
0
LINE
8
BLACK
6
CONTINUOUS
10
5.2934846456692908
20
-3.9608022834645666
11
5.2931161023622044
21
-3.9606496062992127
0
LINE
8
BLACK
6
CONTINUOUS
10
5.2931161023622044
20
-3.9606496062992127
11
5.2875026771653539
21
-3.9588327165354329
0
LINE
8
BLACK
6
CONTINUOUS
10
5.2875026771653539
20
-3.9588327165354329
11
5.2869740944881887
21
-3.9585967322834645
0
LINE
8
BLACK
6
CONTINUOUS
10
5.2869740944881887
20
-3.9585967322834645
11
5.2868938976377953
21
-3.9585271653543308
0
LINE
8
BLACK
6
CONTINUOUS
10
5.2868938976377953
20
-3.9585271653543308
11
5.2867959448818898
21
-3.9584866141732284
0
LINE
8
BLACK
6
CONTINUOUS
10
5.2867959448818898
20
-3.9584866141732284
11
5.2863435433070869
21
-3.9580498425196851
0
LINE
8
BLACK
6
CONTINUOUS
10
5.2863435433070869
20
-3.9580498425196851
11
5.28610374015748
21
-3.9578418503937005
0
LINE
8
BLACK
6
CONTINUOUS
10
5.28610374015748
20
-3.9578418503937005
11
5.286080984251968
21
-3.9577963385826771
0
LINE
8
BLACK
6
CONTINUOUS
10
5.286080984251968
20
-3.9577963385826771
11
5.2844737007874016
21
-3.9562445669291337
0
LINE
8
BLACK
6
CONTINUOUS
10
5.2844737007874016
20
-3.9562445669291337
11
5.284106496062992
21
-3.9557971259842519
0
LINE
8
BLACK
6
CONTINUOUS
10
5.284106496062992
20
-3.9557971259842519
11
5.2836656299212601
21
-3.9547327165354331
0
LINE
8
BLACK
6
CONTINUOUS
10
5.2836656299212601
20
-3.9547327165354331
11
5.2836656299212601
21
-3.9535806299212597
0
LINE
8
BLACK
6
CONTINUOUS
10
5.2836656299212601
20
-3.9535806299212597
11
5.2841065354330707
21
-3.9525162204724409
0
LINE
8
BLACK
6
CONTINUOUS
10
5.2841065354330707
20
-3.9525162204724409
11
5.284921220472441
21
-3.9517015354330707
0
LINE
8
BLACK
6
CONTINUOUS
10
5.284921220472441
20
-3.9517015354330707
11
5.2859856299212593
21
-3.9512606692913383
0
LINE
8
BLACK
6
CONTINUOUS
10
5.2859856299212593
20
-3.9512606692913383
11
5.2871377165354332
21
-3.9512606692913383
0
LINE
8
BLACK
6
CONTINUOUS
10
5.2871377165354332
20
-3.9512606692913383
11
5.2882021259842515
21
-3.9517015748031494
0
LINE
8
BLACK
6
CONTINUOUS
10
5.2882021259842515
20
-3.9517015748031494
11
5.2900796456692909
21
-3.953514251968504
0
LINE
8
BLACK
6
CONTINUOUS
10
5.2900796456692909
20
-3.953514251968504
11
5.294654133858268
21
-3.9549948818897636
0
LINE
8
BLACK
6
CONTINUOUS
10
5.294654133858268
20
-3.9549948818897636
11
5.2974642913385823
21
-3.9549580314960631
0
LINE
8
BLACK
6
CONTINUOUS
10
5.2974642913385823
20
-3.9549580314960631
11
5.3019238188976381
21
-3.9534281889763778
0
LINE
8
BLACK
6
CONTINUOUS
10
5.3019238188976381
20
-3.9534281889763778
11
5.3048481102362199
21
-3.9504468503937007
0
LINE
8
BLACK
6
CONTINUOUS
10
5.3048481102362199
20
-3.9504468503937007
11
5.3063727165354333
21
-3.9473047244094488
0
LINE
8
BLACK
6
CONTINUOUS
10
5.3063727165354333
20
-3.9473047244094488
11
5.3080272834645665
21
-3.9404888582677167
0
LINE
8
BLACK
6
CONTINUOUS
10
5.3080272834645665
20
-3.9404888582677167
11
5.3079823228346452
21
-3.9355765748031497
0
LINE
8
BLACK
6
CONTINUOUS
10
5.3079823228346452
20
-3.9355765748031497
11
5.3062257086614171
21
-3.9287486220472441
0
LINE
8
BLACK
6
CONTINUOUS
10
5.3062257086614171
20
-3.9287486220472441
11
5.3047024409448822
21
-3.9257905511811022
0
LINE
8
BLACK
6
CONTINUOUS
10
5.3047024409448822
20
-3.9257905511811022
11
5.3017808267716537
21
-3.922924803149606
0
LINE
8
BLACK
6
CONTINUOUS
10
5.3017808267716537
20
-3.922924803149606
11
5.2972167716535434
21
-3.9214475196850391
0
LINE
8
BLACK
6
CONTINUOUS
10
5.2972167716535434
20
-3.9214475196850391
11
5.2944065748031495
21
-3.9214843700787401
0
LINE
8
BLACK
6
CONTINUOUS
10
5.2944065748031495
20
-3.9214843700787401
11
5.2899693307086615
21
-3.9230065748031495
0
LINE
8
BLACK
6
CONTINUOUS
10
5.2899693307086615
20
-3.9230065748031495
11
5.2886495669291333
21
-3.924373622047244
0
LINE
8
BLACK
6
CONTINUOUS
10
5.2886495669291333
20
-3.924373622047244
11
5.2882021259842515
21
-3.9247408267716533
0
LINE
8
BLACK
6
CONTINUOUS
10
5.2882021259842515
20
-3.9247408267716533
11
5.2871376771653544
21
-3.9251817322834643
0
LINE
8
BLACK
6
CONTINUOUS
10
5.2871376771653544
20
-3.9251817322834643
11
5.2859856299212593
21
-3.9251817322834643
0
LINE
8
BLACK
6
CONTINUOUS
10
5.2859856299212593
20
-3.9251817322834643
11
5.2849211811023622
21
-3.9247408267716533
0
LINE
8
BLACK
6
CONTINUOUS
10
5.2849211811023622
20
-3.9247408267716533
11
5.2841065354330707
21
-3.9239261811023622
0
LINE
8
BLACK
6
CONTINUOUS
10
5.2841065354330707
20
-3.9239261811023622
11
5.2836656299212601
21
-3.9228617322834647
0
LINE
8
BLACK
6
CONTINUOUS
10
5.2836656299212601
20
-3.9228617322834647
11
5.2836656299212601
21
-3.92170968503937
0
LINE
8
BLACK
6
CONTINUOUS
10
5.2836656299212601
20
-3.92170968503937
11
5.2841065354330707
21
-3.9206452362204725
0
LINE
8
BLACK
6
CONTINUOUS
10
5.2841065354330707
20
-3.9206452362204725
11
5.2863485039370079
21
-3.9183230314960631
0
LINE
8
BLACK
6
CONTINUOUS
10
5.2863485039370079
20
-3.9183230314960631
11
5.2867959448818898
21
-3.9179558267716534
0
LINE
8
BLACK
6
CONTINUOUS
10
5.2867959448818898
20
-3.9179558267716534
11
5.2868938976377953
21
-3.9179152362204723
0
LINE
8
BLACK
6
CONTINUOUS
10
5.2868938976377953
20
-3.9179152362204723
11
5.2869740944881887
21
-3.9178457086614173
0
LINE
8
BLACK
6
CONTINUOUS
10
5.2869740944881887
20
-3.9178457086614173
11
5.2874844488188977
21
-3.9176705905511811
0
LINE
8
BLACK
6
CONTINUOUS
10
5.2874844488188977
20
-3.9176705905511811
11
5.2878603543307081
21
-3.9175149212598424
0
LINE
8
BLACK
6
CONTINUOUS
10
5.2878603543307081
20
-3.9175149212598424
11
5.2879383464566931
21
-3.9175149212598424
0
LINE
8
BLACK
6
CONTINUOUS
10
5.2879383464566931
20
-3.9175149212598424
11
5.2931269291338578
21
-3.915734960629921
0
LINE
8
BLACK
6
CONTINUOUS
10
5.2931269291338578
20
-3.915734960629921
11
5.2934125590551178
21
-3.91567
0
LINE
8
BLACK
6
CONTINUOUS
10
5.2934125590551178
20
-3.91567
11
5.2934846456692908
21
-3.9156401574803148
0
LINE
8
BLACK
6
CONTINUOUS
10
5.2934846456692908
20
-3.9156401574803148
11
5.2935474803149605
21
-3.9156393307086614
0
LINE
8
BLACK
6
CONTINUOUS
10
5.2935474803149605
20
-3.9156393307086614
11
5.2936913779527561
21
-3.9156066141732282
0
LINE
8
BLACK
6
CONTINUOUS
10
5.2936913779527561
20
-3.9156066141732282
11
5.2940575196850395
21
-3.9156326377952757
0
LINE
8
BLACK
6
CONTINUOUS
10
5.2940575196850395
20
-3.9156326377952757
11
5.2978102362204726
21
-3.9155834251968504
0
LINE
8
BLACK
6
CONTINUOUS
10
5.2978102362204726
20
-3.9155834251968504
11
5.2981017716535428
21
-3.9156121259842518
0
LINE
8
BLACK
6
CONTINUOUS
10
5.3002611023622048
20
-3.9005685433070867
11
5.3013255118110232
21
-3.9010094488188973
0
LINE
8
BLACK
6
CONTINUOUS
10
5.3013255118110232
20
-3.9010094488188973
11
5.3021401574803146
21
-3.9018240944881888
0
LINE
8
BLACK
6
CONTINUOUS
10
5.3021401574803146
20
-3.9018240944881888
11
5.3025810629921262
21
-3.9028885039370076
0
LINE
8
BLACK
6
CONTINUOUS
10
5.3025810629921262
20
-3.9028885039370076
11
5.3025810629921262
21
-3.9040406299212598
0
LINE
8
BLACK
6
CONTINUOUS
10
5.3025810629921262
20
-3.9040406299212598
11
5.3021401574803146
21
-3.9051050393700786
0
LINE
8
BLACK
6
CONTINUOUS
10
5.3021401574803146
20
-3.9051050393700786
11
5.3013255118110232
21
-3.90591968503937
0
LINE
8
BLACK
6
CONTINUOUS
10
5.3013255118110232
20
-3.90591968503937
11
5.3002611023622048
21
-3.9063605905511811
0
LINE
8
BLACK
6
CONTINUOUS
10
5.3002611023622048
20
-3.9063605905511811
11
5.2603149606299215
21
-3.9064173228346455
0
LINE
8
BLACK
6
CONTINUOUS
10
5.2603149606299215
20
-3.9064173228346455
11
5.2597388976377948
21
-3.9063605905511811
0
LINE
8
BLACK
6
CONTINUOUS
10
5.2597388976377948
20
-3.9063605905511811
11
5.2586744881889764
21
-3.90591968503937
0
LINE
8
BLACK
6
CONTINUOUS
10
5.2586744881889764
20
-3.90591968503937
11
5.257859842519685
21
-3.9051050393700786
0
LINE
8
BLACK
6
CONTINUOUS
10
5.257859842519685
20
-3.9051050393700786
11
5.2574189370078743
21
-3.9040406299212598
0
LINE
8
BLACK
6
CONTINUOUS
10
5.2574189370078743
20
-3.9040406299212598
11
5.2574189370078743
21
-3.9028885039370076
0
LINE
8
BLACK
6
CONTINUOUS
10
5.2574189370078743
20
-3.9028885039370076
11
5.257859842519685
21
-3.9018240944881888
0
LINE
8
BLACK
6
CONTINUOUS
10
5.257859842519685
20
-3.9018240944881888
11
5.2586744881889764
21
-3.9010094488188973
0
LINE
8
BLACK
6
CONTINUOUS
10
5.2586744881889764
20
-3.9010094488188973
11
5.2597388976377948
21
-3.9005685433070867
0
LINE
8
BLACK
6
CONTINUOUS
10
5.2597388976377948
20
-3.9005685433070867
11
5.299685039370079
21
-3.9005118110236219
0
LINE
8
BLACK
6
CONTINUOUS
10
5.299685039370079
20
-3.9005118110236219
11
5.3002611023622048
21
-3.9005685433070867
0
LINE
8
BLACK
6
CONTINUOUS
10
4.714014330708661
20
-3.8056401574803149
11
4.7150787401574803
21
-3.806081062992126
0
LINE
8
BLACK
6
CONTINUOUS
10
4.7150787401574803
20
-3.806081062992126
11
4.7158933858267718
21
-3.806895708661417
0
LINE
8
BLACK
6
CONTINUOUS
10
4.7158933858267718
20
-3.806895708661417
11
4.7163342913385824
21
-3.8079601181102363
0
LINE
8
BLACK
6
CONTINUOUS
10
4.7163342913385824
20
-3.8079601181102363
11
4.7163342913385824
21
-3.809112244094488
0
LINE
8
BLACK
6
CONTINUOUS
10
4.7163342913385824
20
-3.809112244094488
11
4.7158933858267718
21
-3.8101766535433068
0
LINE
8
BLACK
6
CONTINUOUS
10
4.7158933858267718
20
-3.8101766535433068
11
4.7150787401574803
21
-3.8109912992125983
0
LINE
8
BLACK
6
CONTINUOUS
10
4.7150787401574803
20
-3.8109912992125983
11
4.714014330708661
21
-3.8114322047244094
0
LINE
8
BLACK
6
CONTINUOUS
10
4.714014330708661
20
-3.8114322047244094
11
4.6955111811023622
21
-3.8114742519685039
0
LINE
8
BLACK
6
CONTINUOUS
10
4.6955111811023622
20
-3.8114742519685039
11
4.7044118503937007
21
-3.8215898818897638
0
LINE
8
BLACK
6
CONTINUOUS
10
4.7044118503937007
20
-3.8215898818897638
11
4.7045898425196846
21
-3.8218388582677165
0
LINE
8
BLACK
6
CONTINUOUS
10
4.7045898425196846
20
-3.8218388582677165
11
4.7046448031496064
21
-3.8218938188976379
0
LINE
8
BLACK
6
CONTINUOUS
10
4.7046448031496064
20
-3.8218938188976379
11
4.7046663779527558
21
-3.8219459055118108
0
LINE
8
BLACK
6
CONTINUOUS
10
4.7046663779527558
20
-3.8219459055118108
11
4.7047485039370081
21
-3.8220607874015746
0
LINE
8
BLACK
6
CONTINUOUS
10
4.7047485039370081
20
-3.8220607874015746
11
4.7049020866141733
21
-3.8225150000000001
0
LINE
8
BLACK
6
CONTINUOUS
10
4.7049020866141733
20
-3.8225150000000001
11
4.7050857086614171
21
-3.8229582283464567
0
LINE
8
BLACK
6
CONTINUOUS
10
4.7050857086614171
20
-3.8229582283464567
11
4.7050857086614171
21
-3.8230578346456694
0
LINE
8
BLACK
6
CONTINUOUS
10
4.7050857086614171
20
-3.8230578346456694
11
4.7051175984251969
21
-3.8231521653543306
0
LINE
8
BLACK
6
CONTINUOUS
10
4.7051175984251969
20
-3.8231521653543306
11
4.7050857086614171
21
-3.8236306299212597
0
LINE
8
BLACK
6
CONTINUOUS
10
4.7050857086614171
20
-3.8236306299212597
11
4.7050857086614171
21
-3.8241103543307085
0
LINE
8
BLACK
6
CONTINUOUS
10
4.7050857086614171
20
-3.8241103543307085
11
4.7050475984251969
21
-3.8242023228346458
0
LINE
8
BLACK
6
CONTINUOUS
10
4.7050475984251969
20
-3.8242023228346458
11
4.7050409842519683
21
-3.824301692913386
0
LINE
8
BLACK
6
CONTINUOUS
10
4.7050409842519683
20
-3.824301692913386
11
4.7048282677165352
21
-3.8247318110236219
0
LINE
8
BLACK
6
CONTINUOUS
10
4.7048282677165352
20
-3.8247318110236219
11
4.7046448031496064
21
-3.8251747637795273
0
LINE
8
BLACK
6
CONTINUOUS
10
4.7046448031496064
20
-3.8251747637795273
11
4.7045744488188976
21
-3.8252450787401573
0
LINE
8
BLACK
6
CONTINUOUS
10
4.7045744488188976
20
-3.8252450787401573
11
4.7045302755905514
21
-3.8253344488188974
0
LINE
8
BLACK
6
CONTINUOUS
10
4.7045302755905514
20
-3.8253344488188974
11
4.7041691338582678
21
-3.8256503937007875
0
LINE
8
BLACK
6
CONTINUOUS
10
4.7041691338582678
20
-3.8256503937007875
11
4.703830157480315
21
-3.8259894094488187
0
LINE
8
BLACK
6
CONTINUOUS
10
4.703830157480315
20
-3.8259894094488187
11
4.7037381496062993
21
-3.8260275196850393
0
LINE
8
BLACK
6
CONTINUOUS
10
4.7037381496062993
20
-3.8260275196850393
11
4.7036631889763783
21
-3.8260931102362203
0
LINE
8
BLACK
6
CONTINUOUS
10
4.7036631889763783
20
-3.8260931102362203
11
4.703208937007874
21
-3.8262466929133856
0
LINE
8
BLACK
6
CONTINUOUS
10
4.703208937007874
20
-3.8262466929133856
11
4.7027657480314957
21
-3.8264303149606298
0
LINE
8
BLACK
6
CONTINUOUS
10
4.7027657480314957
20
-3.8264303149606298
11
4.7026633070866142
21
-3.8264312204724407
0
LINE
8
BLACK
6
CONTINUOUS
10
4.7026633070866142
20
-3.8264312204724407
11
4.7025718110236223
21
-3.8264622047244092
0
LINE
8
BLACK
6
CONTINUOUS
10
4.7025718110236223
20
-3.8264622047244092
11
4.7021744881889767
21
-3.8264357086614171
0
LINE
8
BLACK
6
CONTINUOUS
10
4.7021744881889767
20
-3.8264357086614171
11
4.6971825984251971
21
-3.826481377952756
0
LINE
8
BLACK
6
CONTINUOUS
10
4.6971825984251971
20
-3.826481377952756
11
4.6944716929133854
21
-3.8278773622047244
0
LINE
8
BLACK
6
CONTINUOUS
10
4.6944716929133854
20
-3.8278773622047244
11
4.6932809842519685
21
-3.8291107086614171
0
LINE
8
BLACK
6
CONTINUOUS
10
4.6932809842519685
20
-3.8291107086614171
11
4.691970078740157
21
-3.8318123622047242
0
LINE
8
BLACK
6
CONTINUOUS
10
4.691970078740157
20
-3.8318123622047242
11
4.6920155905511809
21
-3.8397940944881888
0
LINE
8
BLACK
6
CONTINUOUS
10
4.6920155905511809
20
-3.8397940944881888
11
4.6934094488188975
21
-3.8425008267716536
0
LINE
8
BLACK
6
CONTINUOUS
10
4.6934094488188975
20
-3.8425008267716536
11
4.6946427952755903
21
-3.8436916141732285
0
LINE
8
BLACK
6
CONTINUOUS
10
4.6946427952755903
20
-3.8436916141732285
11
4.6973469291338583
21
-3.8450037007874016
0
LINE
8
BLACK
6
CONTINUOUS
10
4.6973469291338583
20
-3.8450037007874016
11
4.7072020078740158
21
-3.8449564173228348
0
LINE
8
BLACK
6
CONTINUOUS
10
4.7072020078740158
20
-3.8449564173228348
11
4.7099075984251968
21
-3.843563149606299
0
LINE
8
BLACK
6
CONTINUOUS
10
4.7099075984251968
20
-3.843563149606299
11
4.7113503149606295
21
-3.8420688188976375
0
LINE
8
BLACK
6
CONTINUOUS
10
4.7113503149606295
20
-3.8420688188976375
11
4.7117977952755901
21
-3.8417015748031496
0
LINE
8
BLACK
6
CONTINUOUS
10
4.7117977952755901
20
-3.8417015748031496
11
4.7128622047244093
21
-3.8412606692913385
0
LINE
8
BLACK
6
CONTINUOUS
10
4.7128622047244093
20
-3.8412606692913385
11
4.7140142913385823
21
-3.8412606692913385
0
LINE
8
BLACK
6
CONTINUOUS
10
4.7140142913385823
20
-3.8412606692913385
11
4.7150787007874015
21
-3.8417015354330708
0
LINE
8
BLACK
6
CONTINUOUS
10
4.7150787007874015
20
-3.8417015354330708
11
4.7158933858267718
21
-3.842516220472441
0
LINE
8
BLACK
6
CONTINUOUS
10
4.7158933858267718
20
-3.842516220472441
11
4.7163342913385824
21
-3.8435806299212598
0
LINE
8
BLACK
6
CONTINUOUS
10
4.7163342913385824
20
-3.8435806299212598
11
4.7163342913385824
21
-3.8447327165354328
0
LINE
8
BLACK
6
CONTINUOUS
10
4.7163342913385824
20
-3.8447327165354328
11
4.7158934251968505
21
-3.8457971259842521
0
LINE
8
BLACK
6
CONTINUOUS
10
4.7158934251968505
20
-3.8457971259842521
11
4.7136514566929133
21
-3.8481193700787402
0
LINE
8
BLACK
6
CONTINUOUS
10
4.7136514566929133
20
-3.8481193700787402
11
4.7134250787401575
21
-3.8483051181102361
0
LINE
8
BLACK
6
CONTINUOUS
10
4.7134250787401575
20
-3.8483051181102361
11
4.713373897637795
21
-3.8483641732283465
0
LINE
8
BLACK
6
CONTINUOUS
10
4.713373897637795
20
-3.8483641732283465
11
4.7133182283464565
21
-3.8483927952755903
0
LINE
8
BLACK
6
CONTINUOUS
10
4.7133182283464565
20
-3.8483927952755903
11
4.7132039763779527
21
-3.8484866141732281
0
LINE
8
BLACK
6
CONTINUOUS
10
4.7132039763779527
20
-3.8484866141732281
11
4.7128570866141732
21
-3.8486302755905513
0
LINE
8
BLACK
6
CONTINUOUS
10
4.7128570866141732
20
-3.8486302755905513
11
4.7091344881889761
21
-3.8505472834645667
0
LINE
8
BLACK
6
CONTINUOUS
10
4.7091344881889761
20
-3.8505472834645667
11
4.708593858267716
21
-3.8507541732283466
0
LINE
8
BLACK
6
CONTINUOUS
10
4.708593858267716
20
-3.8507541732283466
11
4.7084880314960627
21
-3.8507616535433069
0
LINE
8
BLACK
6
CONTINUOUS
10
4.7084880314960627
20
-3.8507616535433069
11
4.7083900393700784
21
-3.8508022834645668
0
LINE
8
BLACK
6
CONTINUOUS
10
4.7083900393700784
20
-3.8508022834645668
11
4.7078824409448821
21
-3.8508046850393698
0
LINE
8
BLACK
6
CONTINUOUS
10
4.7078824409448821
20
-3.8508046850393698
11
4.7074446456692911
21
-3.8508358267716534
0
LINE
8
BLACK
6
CONTINUOUS
10
4.7074446456692911
20
-3.8508358267716534
11
4.7073588582677166
21
-3.8508072047244095
0
LINE
8
BLACK
6
CONTINUOUS
10
4.7073588582677166
20
-3.8508072047244095
11
4.6965653937007872
21
-3.8508590157480316
0
LINE
8
BLACK
6
CONTINUOUS
10
4.6965653937007872
20
-3.8508590157480316
11
4.6959893307086613
21
-3.8508022834645668
0
LINE
8
BLACK
6
CONTINUOUS
10
4.6959893307086613
20
-3.8508022834645668
11
4.695891338582677
21
-3.8507616929133857
0
LINE
8
BLACK
6
CONTINUOUS
10
4.695891338582677
20
-3.8507616929133857
11
4.6957854724409449
21
-3.8507541732283466
0
LINE
8
BLACK
6
CONTINUOUS
10
4.6957854724409449
20
-3.8507541732283466
11
4.6952737007874017
21
-3.8505058267716534
0
LINE
8
BLACK
6
CONTINUOUS
10
4.6952737007874017
20
-3.8505058267716534
11
4.6949249212598421
21
-3.8503613779527557
0
LINE
8
BLACK
6
CONTINUOUS
10
4.6949249212598421
20
-3.8503613779527557
11
4.6948768110236223
21
-3.8503132677165355
0
LINE
8
BLACK
6
CONTINUOUS
10
4.6948768110236223
20
-3.8503132677165355
11
4.6914953543307085
21
-3.8486725196850391
0
LINE
8
BLACK
6
CONTINUOUS
10
4.6914953543307085
20
-3.8486725196850391
11
4.6912473228346458
21
-3.8485164173228346
0
LINE
8
BLACK
6
CONTINUOUS
10
4.6912473228346458
20
-3.8485164173228346
11
4.691175393700787
21
-3.8484866141732281
0
LINE
8
BLACK
6
CONTINUOUS
10
4.691175393700787
20
-3.8484866141732281
11
4.6911292913385827
21
-3.8484420866141731
0
LINE
8
BLACK
6
CONTINUOUS
10
4.6911292913385827
20
-3.8484420866141731
11
4.6910054724409447
21
-3.8483641732283465
0
LINE
8
BLACK
6
CONTINUOUS
10
4.6910054724409447
20
-3.8483641732283465
11
4.6907836614173224
21
-3.8481083858267717
0
LINE
8
BLACK
6
CONTINUOUS
10
4.6907836614173224
20
-3.8481083858267717
11
4.6888531496062988
21
-3.8462445669291339
0
LINE
8
BLACK
6
CONTINUOUS
10
4.6888531496062988
20
-3.8462445669291339
11
4.6886674015748033
21
-3.8460182283464568
0
LINE
8
BLACK
6
CONTINUOUS
10
4.6886674015748033
20
-3.8460182283464568
11
4.6886084251968505
21
-3.8459670866141731
0
LINE
8
BLACK
6
CONTINUOUS
10
4.6886084251968505
20
-3.8459670866141731
11
4.6885797637795275
21
-3.8459114566929133
0
LINE
8
BLACK
6
CONTINUOUS
10
4.6885797637795275
20
-3.8459114566929133
11
4.6884859448818901
21
-3.8457971259842521
0
LINE
8
BLACK
6
CONTINUOUS
10
4.6884859448818901
20
-3.8457971259842521
11
4.6883422440944882
21
-3.8454501968503938
0
LINE
8
BLACK
6
CONTINUOUS
10
4.6883422440944882
20
-3.8454501968503938
11
4.6864253149606299
21
-3.8417276771653541
0
LINE
8
BLACK
6
CONTINUOUS
10
4.6864253149606299
20
-3.8417276771653541
11
4.6862184251968504
21
-3.8411870472440945
0
LINE
8
BLACK
6
CONTINUOUS
10
4.6862184251968504
20
-3.8411870472440945
11
4.6862109055118113
21
-3.8410812204724407
0
LINE
8
BLACK
6
CONTINUOUS
10
4.6862109055118113
20
-3.8410812204724407
11
4.6861703149606297
21
-3.8409832283464564
0
LINE
8
BLACK
6
CONTINUOUS
10
4.6861703149606297
20
-3.8409832283464564
11
4.6861673622047242
21
-3.8404686220472439
0
LINE
8
BLACK
6
CONTINUOUS
10
4.6861673622047242
20
-3.8404686220472439
11
4.6861367716535431
21
-3.8400378346456692
0
LINE
8
BLACK
6
CONTINUOUS
10
4.6861367716535431
20
-3.8400378346456692
11
4.6861644488188974
21
-3.8399547637795273
0
LINE
8
BLACK
6
CONTINUOUS
10
4.6861644488188974
20
-3.8399547637795273
11
4.6861135826771649
21
-3.8310333464566928
0
LINE
8
BLACK
6
CONTINUOUS
10
4.6861135826771649
20
-3.8310333464566928
11
4.6861703149606297
21
-3.8304572834645669
0
LINE
8
BLACK
6
CONTINUOUS
10
4.6861703149606297
20
-3.8304572834645669
11
4.6862109055118113
21
-3.8303592519685039
0
LINE
8
BLACK
6
CONTINUOUS
10
4.6862109055118113
20
-3.8303592519685039
11
4.6862184251968504
21
-3.8302534645669288
0
LINE
8
BLACK
6
CONTINUOUS
10
4.6862184251968504
20
-3.8302534645669288
11
4.6864666141732281
21
-3.8297418897637794
0
LINE
8
BLACK
6
CONTINUOUS
10
4.6864666141732281
20
-3.8297418897637794
11
4.6866112204724413
21
-3.8293928740157481
0
LINE
8
BLACK
6
CONTINUOUS
10
4.6866112204724413
20
-3.8293928740157481
11
4.686659330708661
21
-3.8293447244094487
0
LINE
8
BLACK
6
CONTINUOUS
10
4.686659330708661
20
-3.8293447244094487
11
4.6883000787401574
21
-3.8259633070866141
0
LINE
8
BLACK
6
CONTINUOUS
10
4.6883000787401574
20
-3.8259633070866141
11
4.6884561417322832
21
-3.825715275590551
0
LINE
8
BLACK
6
CONTINUOUS
10
4.6884561417322832
20
-3.825715275590551
11
4.6884859842519688
21
-3.825643346456693
0
LINE
8
BLACK
6
CONTINUOUS
10
4.6884859842519688
20
-3.825643346456693
11
4.6885304724409451
21
-3.8255972440944883
0
LINE
8
BLACK
6
CONTINUOUS
10
4.6885304724409451
20
-3.8255972440944883
11
4.6886084251968505
21
-3.8254734251968503
0
LINE
8
BLACK
6
CONTINUOUS
10
4.6886084251968505
20
-3.8254734251968503
11
4.6888640944881885
21
-3.8252516535433072
0
LINE
8
BLACK
6
CONTINUOUS
10
4.6888640944881885
20
-3.8252516535433072
11
4.6907279527559052
21
-3.8233211417322832
0
LINE
8
BLACK
6
CONTINUOUS
10
4.6907279527559052
20
-3.8233211417322832
11
4.6909542913385822
21
-3.8231353543307085
0
LINE
8
BLACK
6
CONTINUOUS
10
4.6909542913385822
20
-3.8231353543307085
11
4.6910054724409447
21
-3.8230763779527557
0
LINE
8
BLACK
6
CONTINUOUS
10
4.6910054724409447
20
-3.8230763779527557
11
4.6910611023622044
21
-3.8230477165354331
0
LINE
8
BLACK
6
CONTINUOUS
10
4.6910611023622044
20
-3.8230477165354331
11
4.691175393700787
21
-3.822953937007874
0
LINE
8
BLACK
6
CONTINUOUS
10
4.691175393700787
20
-3.822953937007874
11
4.6915222440944877
21
-3.8228102362204726
0
LINE
8
BLACK
6
CONTINUOUS
10
4.6915222440944877
20
-3.8228102362204726
11
4.6952448818897636
21
-3.8208932677165355
0
LINE
8
BLACK
6
CONTINUOUS
10
4.6952448818897636
20
-3.8208932677165355
11
4.6957854724409449
21
-3.820686377952756
0
LINE
8
BLACK
6
CONTINUOUS
10
4.6957854724409449
20
-3.820686377952756
11
4.6958219291338583
21
-3.8206837795275588
0
LINE
8
BLACK
6
CONTINUOUS
10
4.6958219291338583
20
-3.8206837795275588
11
4.6868441732283461
21
-3.8104805905511809
0
LINE
8
BLACK
6
CONTINUOUS
10
4.6868441732283461
20
-3.8104805905511809
11
4.6866661417322835
21
-3.8102315748031494
0
LINE
8
BLACK
6
CONTINUOUS
10
4.6866661417322835
20
-3.8102315748031494
11
4.6866112204724413
21
-3.8101766535433068
0
LINE
8
BLACK
6
CONTINUOUS
10
4.6866112204724413
20
-3.8101766535433068
11
4.6865896062992123
21
-3.8101245275590552
0
LINE
8
BLACK
6
CONTINUOUS
10
4.6865896062992123
20
-3.8101245275590552
11
4.6865075196850396
21
-3.8100096850393701
0
LINE
8
BLACK
6
CONTINUOUS
10
4.6865075196850396
20
-3.8100096850393701
11
4.6863538976377948
21
-3.8095554330708659
0
LINE
8
BLACK
6
CONTINUOUS
10
4.6863538976377948
20
-3.8095554330708659
11
4.6861703149606297
21
-3.809112244094488
0
LINE
8
BLACK
6
CONTINUOUS
10
4.6861703149606297
20
-3.809112244094488
11
4.6861703149606297
21
-3.8090125984251966
0
LINE
8
BLACK
6
CONTINUOUS
10
4.6861703149606297
20
-3.8090125984251966
11
4.6861384251968499
21
-3.8089183070866142
0
LINE
8
BLACK
6
CONTINUOUS
10
4.6861384251968499
20
-3.8089183070866142
11
4.6861703149606297
21
-3.8084398031496063
0
LINE
8
BLACK
6
CONTINUOUS
10
4.6861703149606297
20
-3.8084398031496063
11
4.6861703149606297
21
-3.8079601181102363
0
LINE
8
BLACK
6
CONTINUOUS
10
4.6861703149606297
20
-3.8079601181102363
11
4.6862083858267711
21
-3.8078681102362202
0
LINE
8
BLACK
6
CONTINUOUS
10
4.6862083858267711
20
-3.8078681102362202
11
4.6862150393700786
21
-3.8077687795275588
0
LINE
8
BLACK
6
CONTINUOUS
10
4.6862150393700786
20
-3.8077687795275588
11
4.6864277165354329
21
-3.807338622047244
0
LINE
8
BLACK
6
CONTINUOUS
10
4.6864277165354329
20
-3.807338622047244
11
4.6866112204724413
21
-3.806895708661417
0
LINE
8
BLACK
6
CONTINUOUS
10
4.6866112204724413
20
-3.806895708661417
11
4.6866815354330704
21
-3.8068253543307087
0
LINE
8
BLACK
6
CONTINUOUS
10
4.6866815354330704
20
-3.8068253543307087
11
4.6867257480314963
21
-3.8067360236220473
0
LINE
8
BLACK
6
CONTINUOUS
10
4.6867257480314963
20
-3.8067360236220473
11
4.6870868503937011
21
-3.8064200393700784
0
LINE
8
BLACK
6
CONTINUOUS
10
4.6870868503937011
20
-3.8064200393700784
11
4.6874258661417318
21
-3.806081062992126
0
LINE
8
BLACK
6
CONTINUOUS
10
4.6874258661417318
20
-3.806081062992126
11
4.6875178346456696
21
-3.8060429133858267
0
LINE
8
BLACK
6
CONTINUOUS
10
4.6875178346456696
20
-3.8060429133858267
11
4.6875928346456694
21
-3.8059773622047244
0
LINE
8
BLACK
6
CONTINUOUS
10
4.6875928346456694
20
-3.8059773622047244
11
4.688047047244094
21
-3.8058237401574804
0
LINE
8
BLACK
6
CONTINUOUS
10
4.688047047244094
20
-3.8058237401574804
11
4.6884902755905511
21
-3.8056401574803149
0
LINE
8
BLACK
6
CONTINUOUS
10
4.6884902755905511
20
-3.8056401574803149
11
4.6885905905511809
21
-3.8056399212598424
0
LINE
8
BLACK
6
CONTINUOUS
10
4.6885905905511809
20
-3.8056399212598424
11
4.6886842125984254
21
-3.8056082677165355
0
LINE
8
BLACK
6
CONTINUOUS
10
4.6886842125984254
20
-3.8056082677165355
11
4.6891404724409451
21
-3.8056386614173228
0
LINE
8
BLACK
6
CONTINUOUS
10
4.6891404724409451
20
-3.8056386614173228
11
4.7134382677165352
21
-3.8055834251968501
0
LINE
8
BLACK
6
CONTINUOUS
10
4.7134382677165352
20
-3.8055834251968501
11
4.714014330708661
21
-3.8056401574803149
0
LINE
8
BLACK
6
CONTINUOUS
10
4.8456016929133856
20
-3.8056401574803149
11
4.8458909842519686
21
-3.8056401574803149
0
LINE
8
BLACK
6
CONTINUOUS
10
4.8458909842519686
20
-3.8056401574803149
11
4.8461610629921257
21
-3.8057520078740157
0
LINE
8
BLACK
6
CONTINUOUS
10
4.8461610629921257
20
-3.8057520078740157
11
4.8464477165354332
21
-3.8058093700787401
0
LINE
8
BLACK
6
CONTINUOUS
10
4.8464477165354332
20
-3.8058093700787401
11
4.8466880708661417
21
-3.8059703149606299
0
LINE
8
BLACK
6
CONTINUOUS
10
4.8466880708661417
20
-3.8059703149606299
11
4.846955393700787
21
-3.806081062992126
0
LINE
8
BLACK
6
CONTINUOUS
10
4.846955393700787
20
-3.806081062992126
11
4.8471620866141727
21
-3.8062877559055117
0
LINE
8
BLACK
6
CONTINUOUS
10
4.8471620866141727
20
-3.8062877559055117
11
4.8474050000000002
21
-3.8064504330708662
0
LINE
8
BLACK
6
CONTINUOUS
10
4.8474050000000002
20
-3.8064504330708662
11
4.8475738582677161
21
-3.8066995275590552
0
LINE
8
BLACK
6
CONTINUOUS
10
4.8475738582677161
20
-3.8066995275590552
11
4.8477700393700784
21
-3.806895708661417
0
LINE
8
BLACK
6
CONTINUOUS
10
4.8477700393700784
20
-3.806895708661417
11
4.8478692913385828
21
-3.8071353543307085
0
LINE
8
BLACK
6
CONTINUOUS
10
4.8478692913385828
20
-3.8071353543307085
11
4.8514879527559058
21
-3.8124734251968504
0
LINE
8
BLACK
6
CONTINUOUS
10
4.8514879527559058
20
-3.8124734251968504
11
4.8546490157480315
21
-3.8155740551181103
0
LINE
8
BLACK
6
CONTINUOUS
10
4.8546490157480315
20
-3.8155740551181103
11
4.8578840157480316
21
-3.8171437401574804
0
LINE
8
BLACK
6
CONTINUOUS
10
4.8578840157480316
20
-3.8171437401574804
11
4.8583738976377955
21
-3.817452086614173
0
LINE
8
BLACK
6
CONTINUOUS
10
4.8583738976377955
20
-3.817452086614173
11
4.8591287401574803
21
-3.8183224803149605
0
LINE
8
BLACK
6
CONTINUOUS
10
4.8591287401574803
20
-3.8183224803149605
11
4.8594930708661419
21
-3.8194154330708661
0
LINE
8
BLACK
6
CONTINUOUS
10
4.8594930708661419
20
-3.8194154330708661
11
4.8594114173228347
21
-3.8205646456692914
0
LINE
8
BLACK
6
CONTINUOUS
10
4.8594114173228347
20
-3.8205646456692914
11
4.8588961417322833
21
-3.8215951574803149
0
LINE
8
BLACK
6
CONTINUOUS
10
4.8588961417322833
20
-3.8215951574803149
11
4.8580257874015746
21
-3.8223499999999997
0
LINE
8
BLACK
6
CONTINUOUS
10
4.8580257874015746
20
-3.8223499999999997
11
4.8569327952755907
21
-3.8227143307086613
0
LINE
8
BLACK
6
CONTINUOUS
10
4.8569327952755907
20
-3.8227143307086613
11
4.8557835826771649
21
-3.822632677165354
0
LINE
8
BLACK
6
CONTINUOUS
10
4.8557835826771649
20
-3.822632677165354
11
4.8514934645669294
21
-3.820551023622047
0
LINE
8
BLACK
6
CONTINUOUS
10
4.8514934645669294
20
-3.820551023622047
11
4.8512456299212596
21
-3.820395
0
LINE
8
BLACK
6
CONTINUOUS
10
4.8512456299212596
20
-3.820395
11
4.8511735039370079
21
-3.8203651574803148
0
LINE
8
BLACK
6
CONTINUOUS
10
4.8511735039370079
20
-3.8203651574803148
11
4.8511292913385828
21
-3.8203218110236219
0
LINE
8
BLACK
6
CONTINUOUS
10
4.8511292913385828
20
-3.8203218110236219
11
4.8510035826771656
21
-3.8202426771653544
0
LINE
8
BLACK
6
CONTINUOUS
10
4.8510035826771656
20
-3.8202426771653544
11
4.8507468897637791
21
-3.8199466929133856
0
LINE
8
BLACK
6
CONTINUOUS
10
4.8507468897637791
20
-3.8199466929133856
11
4.8482244488188977
21
-3.8174724409448819
0
LINE
8
BLACK
6
CONTINUOUS
10
4.8482244488188977
20
-3.8174724409448819
11
4.8482635039370079
21
-3.8449738976377952
0
LINE
8
BLACK
6
CONTINUOUS
10
4.8482635039370079
20
-3.8449738976377952
11
4.8565635039370081
21
-3.844953503937008
0
LINE
8
BLACK
6
CONTINUOUS
10
4.8565635039370081
20
-3.844953503937008
11
4.857139566929134
21
-3.8450102362204723
0
LINE
8
BLACK
6
CONTINUOUS
10
4.857139566929134
20
-3.8450102362204723
11
4.8582039763779523
21
-3.8454511417322834
0
LINE
8
BLACK
6
CONTINUOUS
10
4.8582039763779523
20
-3.8454511417322834
11
4.8590186220472438
21
-3.8462657874015749
0
LINE
8
BLACK
6
CONTINUOUS
10
4.8590186220472438
20
-3.8462657874015749
11
4.8594595275590553
21
-3.8473301968503937
0
LINE
8
BLACK
6
CONTINUOUS
10
4.8594595275590553
20
-3.8473301968503937
11
4.8594595275590553
21
-3.8484823228346454
0
LINE
8
BLACK
6
CONTINUOUS
10
4.8594595275590553
20
-3.8484823228346454
11
4.8590186220472438
21
-3.8495467322834647
0
LINE
8
BLACK
6
CONTINUOUS
10
4.8590186220472438
20
-3.8495467322834647
11
4.8582039763779523
21
-3.8503613779527557
0
LINE
8
BLACK
6
CONTINUOUS
10
4.8582039763779523
20
-3.8503613779527557
11
4.857139566929134
21
-3.8508022834645668
0
LINE
8
BLACK
6
CONTINUOUS
10
4.857139566929134
20
-3.8508022834645668
11
4.8340663385826774
21
-3.8508590157480316
0
LINE
8
BLACK
6
CONTINUOUS
10
4.8340663385826774
20
-3.8508590157480316
11
4.8334902755905507
21
-3.8508022834645668
0
LINE
8
BLACK
6
CONTINUOUS
10
4.8334902755905507
20
-3.8508022834645668
11
4.8324258661417323
21
-3.8503613779527557
0
LINE
8
BLACK
6
CONTINUOUS
10
4.8324258661417323
20
-3.8503613779527557
11
4.8316112204724408
21
-3.8495467322834647
0
LINE
8
BLACK
6
CONTINUOUS
10
4.8316112204724408
20
-3.8495467322834647
11
4.8311703149606302
21
-3.8484823228346454
0
LINE
8
BLACK
6
CONTINUOUS
10
4.8311703149606302
20
-3.8484823228346454
11
4.8311703149606302
21
-3.8473301968503937
0
LINE
8
BLACK
6
CONTINUOUS
10
4.8311703149606302
20
-3.8473301968503937
11
4.8316112204724408
21
-3.8462657874015749
0
LINE
8
BLACK
6
CONTINUOUS
10
4.8316112204724408
20
-3.8462657874015749
11
4.8324258661417323
21
-3.8454511417322834
0
LINE
8
BLACK
6
CONTINUOUS
10
4.8324258661417323
20
-3.8454511417322834
11
4.8334902755905507
21
-3.8450102362204723
0
LINE
8
BLACK
6
CONTINUOUS
10
4.8334902755905507
20
-3.8450102362204723
11
4.8424138976377948
21
-3.8449882677165355
0
LINE
8
BLACK
6
CONTINUOUS
10
4.8424138976377948
20
-3.8449882677165355
11
4.8423621653543307
21
-3.8085361811023621
0
LINE
8
BLACK
6
CONTINUOUS
10
4.8423621653543307
20
-3.8085361811023621
11
4.8423623622047245
21
-3.8085340944881887
0
LINE
8
BLACK
6
CONTINUOUS
10
4.8423623622047245
20
-3.8085340944881887
11
4.8423621653543307
21
-3.8085330708661416
0
LINE
8
BLACK
6
CONTINUOUS
10
4.8423621653543307
20
-3.8085330708661416
11
4.842362755905512
21
-3.8085300393700785
0
LINE
8
BLACK
6
CONTINUOUS
10
4.842362755905512
20
-3.8085300393700785
11
4.8424188976377955
21
-3.8079601181102363
0
LINE
8
BLACK
6
CONTINUOUS
10
4.8424188976377955
20
-3.8079601181102363
11
4.8425307480314963
21
-3.80769
0
LINE
8
BLACK
6
CONTINUOUS
10
4.8425307480314963
20
-3.80769
11
4.8425881102362203
21
-3.8074033858267717
0
LINE
8
BLACK
6
CONTINUOUS
10
4.8425881102362203
20
-3.8074033858267717
11
4.8427490551181105
21
-3.807162992125984
0
LINE
8
BLACK
6
CONTINUOUS
10
4.8427490551181105
20
-3.807162992125984
11
4.8428598031496062
21
-3.806895708661417
0
LINE
8
BLACK
6
CONTINUOUS
10
4.8428598031496062
20
-3.806895708661417
11
4.8430664960629919
21
-3.8066889763779526
0
LINE
8
BLACK
6
CONTINUOUS
10
4.8430664960629919
20
-3.8066889763779526
11
4.8432291732283463
21
-3.8064461023622047
0
LINE
8
BLACK
6
CONTINUOUS
10
4.8432291732283463
20
-3.8064461023622047
11
4.8434698818897637
21
-3.8062855905511812
0
LINE
8
BLACK
6
CONTINUOUS
10
4.8434698818897637
20
-3.8062855905511812
11
4.8436744488188976
21
-3.806081062992126
0
LINE
8
BLACK
6
CONTINUOUS
10
4.8436744488188976
20
-3.806081062992126
11
4.8439445275590547
21
-3.8059691732283465
0
LINE
8
BLACK
6
CONTINUOUS
10
4.8439445275590547
20
-3.8059691732283465
11
4.8441877952755901
21
-3.8058070078740158
0
LINE
8
BLACK
6
CONTINUOUS
10
4.8441877952755901
20
-3.8058070078740158
11
4.8444715748031495
21
-3.8057508661417323
0
LINE
8
BLACK
6
CONTINUOUS
10
4.8444715748031495
20
-3.8057508661417323
11
4.844738858267716
21
-3.8056401574803149
0
LINE
8
BLACK
6
CONTINUOUS
10
4.844738858267716
20
-3.8056401574803149
11
4.8450312598425196
21
-3.8056401574803149
0
LINE
8
BLACK
6
CONTINUOUS
10
4.8450312598425196
20
-3.8056401574803149
11
4.8453180314960624
21
-3.8055834251968501
0
LINE
8
BLACK
6
CONTINUOUS
10
4.8453180314960624
20
-3.8055834251968501
11
4.8456016929133856
21
-3.8056401574803149
0
LINE
8
BLACK
6
CONTINUOUS
10
4.998101771653543
20
-3.8056121259842519
11
4.9981795275590546
21
-3.8056066141732283
0
LINE
8
BLACK
6
CONTINUOUS
10
4.9981795275590546
20
-3.8056066141732283
11
4.9982380314960633
21
-3.8056255511811021
0
LINE
8
BLACK
6
CONTINUOUS
10
4.9982380314960633
20
-3.8056255511811021
11
4.9983862992125987
21
-3.8056401574803149
0
LINE
8
BLACK
6
CONTINUOUS
10
4.9983862992125987
20
-3.8056401574803149
11
4.9987549212598426
21
-3.8057928346456693
0
LINE
8
BLACK
6
CONTINUOUS
10
4.9987549212598426
20
-3.8057928346456693
11
5.0043682677165355
21
-3.8076097244094487
0
LINE
8
BLACK
6
CONTINUOUS
10
5.0043682677165355
20
-3.8076097244094487
11
5.004896811023622
21
-3.807845708661417
0
LINE
8
BLACK
6
CONTINUOUS
10
5.004896811023622
20
-3.807845708661417
11
5.0049769291338579
21
-3.8079151968503937
0
LINE
8
BLACK
6
CONTINUOUS
10
5.0049769291338579
20
-3.8079151968503937
11
5.0050749999999997
21
-3.8079558267716536
0
LINE
8
BLACK
6
CONTINUOUS
10
5.0050749999999997
20
-3.8079558267716536
11
5.0054662598425192
21
-3.8083396062992123
0
LINE
8
BLACK
6
CONTINUOUS
10
5.0054662598425192
20
-3.8083396062992123
11
5.0057671653543307
21
-3.8086005905511811
0
LINE
8
BLACK
6
CONTINUOUS
10
5.0057671653543307
20
-3.8086005905511811
11
5.0058006692913386
21
-3.8086676377952755
0
LINE
8
BLACK
6
CONTINUOUS
10
5.0058006692913386
20
-3.8086676377952755
11
5.0092719685039366
21
-3.8120725590551179
0
LINE
8
BLACK
6
CONTINUOUS
10
5.0092719685039366
20
-3.8120725590551179
11
5.0094577952755905
21
-3.8122989370078741
0
LINE
8
BLACK
6
CONTINUOUS
10
5.0094577952755905
20
-3.8122989370078741
11
5.0095167322834646
21
-3.8123500787401574
0
LINE
8
BLACK
6
CONTINUOUS
10
5.0095167322834646
20
-3.8123500787401574
11
5.0095453149606302
21
-3.8124055905511809
0
LINE
8
BLACK
6
CONTINUOUS
10
5.0095453149606302
20
-3.8124055905511809
11
5.009639212598425
21
-3.8125200000000001
0
LINE
8
BLACK
6
CONTINUOUS
10
5.009639212598425
20
-3.8125200000000001
11
5.0097829527559057
21
-3.8128670472440942
0
LINE
8
BLACK
6
CONTINUOUS
10
5.0097829527559057
20
-3.8128670472440942
11
5.0116998425196853
21
-3.8165894881889764
0
LINE
8
BLACK
6
CONTINUOUS
10
5.0116998425196853
20
-3.8165894881889764
11
5.0117159448818898
21
-3.8166315748031496
0
LINE
8
BLACK
6
CONTINUOUS
10
5.0117159448818898
20
-3.8166315748031496
11
5.0117286614173224
21
-3.81664874015748
0
LINE
8
BLACK
6
CONTINUOUS
10
5.0117286614173224
20
-3.81664874015748
11
5.011741220472441
21
-3.8166976771653545
0
LINE
8
BLACK
6
CONTINUOUS
10
5.011741220472441
20
-3.8166976771653545
11
5.0119067322834647
21
-3.8171300787401572
0
LINE
8
BLACK
6
CONTINUOUS
10
5.0119067322834647
20
-3.8171300787401572
11
5.0119274015748028
21
-3.8174212992125982
0
LINE
8
BLACK
6
CONTINUOUS
10
5.0119274015748028
20
-3.8174212992125982
11
5.0137981889763781
21
-3.8246929133858267
0
LINE
8
BLACK
6
CONTINUOUS
10
5.0137981889763781
20
-3.8246929133858267
11
5.013812952755905
21
-3.8247927559055119
0
LINE
8
BLACK
6
CONTINUOUS
10
5.013812952755905
20
-3.8247927559055119
11
5.0138296062992129
21
-3.8248329921259843
0
LINE
8
BLACK
6
CONTINUOUS
10
5.0138296062992129
20
-3.8248329921259843
11
5.0138302755905508
21
-3.8249101968503938
0
LINE
8
BLACK
6
CONTINUOUS
10
5.0138302755905508
20
-3.8249101968503938
11
5.0138828346456688
21
-3.8252655118110237
0
LINE
8
BLACK
6
CONTINUOUS
10
5.0138828346456688
20
-3.8252655118110237
11
5.0138364173228345
21
-3.8255774409448819
0
LINE
8
BLACK
6
CONTINUOUS
10
5.0138364173228345
20
-3.8255774409448819
11
5.0138863385826768
21
-3.8310333464566928
0
LINE
8
BLACK
6
CONTINUOUS
10
5.0138863385826768
20
-3.8310333464566928
11
5.0138764173228347
21
-3.8311338582677164
0
LINE
8
BLACK
6
CONTINUOUS
10
5.0138764173228347
20
-3.8311338582677164
11
5.0138828346456688
21
-3.8311768897637792
0
LINE
8
BLACK
6
CONTINUOUS
10
5.0138828346456688
20
-3.8311768897637792
11
5.0138649212598425
21
-3.8312505511811024
0
LINE
8
BLACK
6
CONTINUOUS
10
5.0138649212598425
20
-3.8312505511811024
11
5.0138296062992129
21
-3.8316094094488187
0
LINE
8
BLACK
6
CONTINUOUS
10
5.0138296062992129
20
-3.8316094094488187
11
5.0137045275590548
21
-3.8319112992125985
0
LINE
8
BLACK
6
CONTINUOUS
10
5.0137045275590548
20
-3.8319112992125985
11
5.0119234251968505
21
-3.8392485433070864
0
LINE
8
BLACK
6
CONTINUOUS
10
5.0119234251968505
20
-3.8392485433070864
11
5.0119082283464564
21
-3.8392910236220472
0
LINE
8
BLACK
6
CONTINUOUS
10
5.0119082283464564
20
-3.8392910236220472
11
5.0119067322834647
21
-3.8393123228346457
0
LINE
8
BLACK
6
CONTINUOUS
10
5.0119067322834647
20
-3.8393123228346457
11
5.0118835826771653
21
-3.8393599606299214
0
LINE
8
BLACK
6
CONTINUOUS
10
5.0118835826771653
20
-3.8393599606299214
11
5.0117286614173224
21
-3.8397936614173229
0
LINE
8
BLACK
6
CONTINUOUS
10
5.0117286614173224
20
-3.8397936614173229
11
5.0115679133858269
21
-3.8400105905511812
0
LINE
8
BLACK
6
CONTINUOUS
10
5.0115679133858269
20
-3.8400105905511812
11
5.0098250787401577
21
-3.8436024409448817
0
LINE
8
BLACK
6
CONTINUOUS
10
5.0098250787401577
20
-3.8436024409448817
11
5.009669015748031
21
-3.8438503149606298
0
LINE
8
BLACK
6
CONTINUOUS
10
5.009669015748031
20
-3.8438503149606298
11
5.009639212598425
21
-3.8439223622047245
0
LINE
8
BLACK
6
CONTINUOUS
10
5.009639212598425
20
-3.8439223622047245
11
5.0095959448818901
21
-3.8439664566929133
0
LINE
8
BLACK
6
CONTINUOUS
10
5.0095959448818901
20
-3.8439664566929133
11
5.0095167322834646
21
-3.8440923228346455
0
LINE
8
BLACK
6
CONTINUOUS
10
5.0095167322834646
20
-3.8440923228346455
11
5.0092205511811025
21
-3.8443491338582678
0
LINE
8
BLACK
6
CONTINUOUS
10
5.0092205511811025
20
-3.8443491338582678
11
5.0055224409448815
21
-3.8481194094488189
0
LINE
8
BLACK
6
CONTINUOUS
10
5.0055224409448815
20
-3.8481194094488189
11
5.0050749999999997
21
-3.8484866141732281
0
LINE
8
BLACK
6
CONTINUOUS
10
5.0050749999999997
20
-3.8484866141732281
11
5.0049769291338579
21
-3.8485272047244092
0
LINE
8
BLACK
6
CONTINUOUS
10
5.0049769291338579
20
-3.8485272047244092
11
5.004896811023622
21
-3.8485967322834647
0
LINE
8
BLACK
6
CONTINUOUS
10
5.004896811023622
20
-3.8485967322834647
11
5.0043866535433068
21
-3.8487717322834647
0
LINE
8
BLACK
6
CONTINUOUS
10
5.0043866535433068
20
-3.8487717322834647
11
5.0040105905511814
21
-3.8489275196850392
0
LINE
8
BLACK
6
CONTINUOUS
10
5.0040105905511814
20
-3.8489275196850392
11
5.0039325590551176
21
-3.8489275196850392
0
LINE
8
BLACK
6
CONTINUOUS
10
5.0039325590551176
20
-3.8489275196850392
11
4.9987439763779529
21
-3.8507074803149606
0
LINE
8
BLACK
6
CONTINUOUS
10
4.9987439763779529
20
-3.8507074803149606
11
4.9984583858267717
21
-3.8507724015748033
0
LINE
8
BLACK
6
CONTINUOUS
10
4.9984583858267717
20
-3.8507724015748033
11
4.9983862992125987
21
-3.8508022834645668
0
LINE
8
BLACK
6
CONTINUOUS
10
4.9983862992125987
20
-3.8508022834645668
11
4.9983233858267715
21
-3.8508030708661418
0
LINE
8
BLACK
6
CONTINUOUS
10
4.9983233858267715
20
-3.8508030708661418
11
4.9981795275590546
21
-3.8508358267716534
0
LINE
8
BLACK
6
CONTINUOUS
10
4.9981795275590546
20
-3.8508358267716534
11
4.9978133464566925
21
-3.8508097637795276
0
LINE
8
BLACK
6
CONTINUOUS
10
4.9978133464566925
20
-3.8508097637795276
11
4.9940607086614168
21
-3.8508590157480316
0
LINE
8
BLACK
6
CONTINUOUS
10
4.9940607086614168
20
-3.8508590157480316
11
4.9937690944881892
21
-3.850830275590551
0
LINE
8
BLACK
6
CONTINUOUS
10
4.9937690944881892
20
-3.850830275590551
11
4.9936913779527554
21
-3.8508358267716534
0
LINE
8
BLACK
6
CONTINUOUS
10
4.9936913779527554
20
-3.8508358267716534
11
4.9936327952755901
21
-3.8508168503937008
0
LINE
8
BLACK
6
CONTINUOUS
10
4.9936327952755901
20
-3.8508168503937008
11
4.993484645669291
21
-3.8508022834645668
0
LINE
8
BLACK
6
CONTINUOUS
10
4.993484645669291
20
-3.8508022834645668
11
4.9931161023622046
21
-3.8506496062992124
0
LINE
8
BLACK
6
CONTINUOUS
10
4.9931161023622046
20
-3.8506496062992124
11
4.9875026771653541
21
-3.848832716535433
0
LINE
8
BLACK
6
CONTINUOUS
10
4.9875026771653541
20
-3.848832716535433
11
4.9869740944881888
21
-3.8485967322834647
0
LINE
8
BLACK
6
CONTINUOUS
10
4.9869740944881888
20
-3.8485967322834647
11
4.9868938976377954
21
-3.8485271653543305
0
LINE
8
BLACK
6
CONTINUOUS
10
4.9868938976377954
20
-3.8485271653543305
11
4.9867959448818899
21
-3.8484866141732281
0
LINE
8
BLACK
6
CONTINUOUS
10
4.9867959448818899
20
-3.8484866141732281
11
4.9863435433070862
21
-3.8480498425196847
0
LINE
8
BLACK
6
CONTINUOUS
10
4.9863435433070862
20
-3.8480498425196847
11
4.9861037401574801
21
-3.8478418503937006
0
LINE
8
BLACK
6
CONTINUOUS
10
4.9861037401574801
20
-3.8478418503937006
11
4.9860809842519682
21
-3.8477963385826772
0
LINE
8
BLACK
6
CONTINUOUS
10
4.9860809842519682
20
-3.8477963385826772
11
4.9844737007874018
21
-3.8462445669291339
0
LINE
8
BLACK
6
CONTINUOUS
10
4.9844737007874018
20
-3.8462445669291339
11
4.9841064960629922
21
-3.8457971259842521
0
LINE
8
BLACK
6
CONTINUOUS
10
4.9841064960629922
20
-3.8457971259842521
11
4.9836656299212594
21
-3.8447327165354328
0
LINE
8
BLACK
6
CONTINUOUS
10
4.9836656299212594
20
-3.8447327165354328
11
4.9836656299212594
21
-3.8435806299212598
0
LINE
8
BLACK
6
CONTINUOUS
10
4.9836656299212594
20
-3.8435806299212598
11
4.9841065354330709
21
-3.842516220472441
0
LINE
8
BLACK
6
CONTINUOUS
10
4.9841065354330709
20
-3.842516220472441
11
4.9849212204724411
21
-3.8417015354330708
0
LINE
8
BLACK
6
CONTINUOUS
10
4.9849212204724411
20
-3.8417015354330708
11
4.9859856299212595
21
-3.8412606692913385
0
LINE
8
BLACK
6
CONTINUOUS
10
4.9859856299212595
20
-3.8412606692913385
11
4.9871377165354334
21
-3.8412606692913385
0
LINE
8
BLACK
6
CONTINUOUS
10
4.9871377165354334
20
-3.8412606692913385
11
4.9882021259842517
21
-3.8417015748031496
0
LINE
8
BLACK
6
CONTINUOUS
10
4.9882021259842517
20
-3.8417015748031496
11
4.9900796456692911
21
-3.8435142519685037
0
LINE
8
BLACK
6
CONTINUOUS
10
4.9900796456692911
20
-3.8435142519685037
11
4.9946541338582673
21
-3.8449948818897637
0
LINE
8
BLACK
6
CONTINUOUS
10
4.9946541338582673
20
-3.8449948818897637
11
4.9974642913385825
21
-3.8449580314960627
0
LINE
8
BLACK
6
CONTINUOUS
10
4.9974642913385825
20
-3.8449580314960627
11
5.0019238188976374
21
-3.8434281889763779
0
LINE
8
BLACK
6
CONTINUOUS
10
5.0019238188976374
20
-3.8434281889763779
11
5.0048481102362201
21
-3.8404468503937008
0
LINE
8
BLACK
6
CONTINUOUS
10
5.0048481102362201
20
-3.8404468503937008
11
5.0063727165354326
21
-3.8373047244094489
0
LINE
8
BLACK
6
CONTINUOUS
10
5.0063727165354326
20
-3.8373047244094489
11
5.0080272834645667
21
-3.8304888582677163
0
LINE
8
BLACK
6
CONTINUOUS
10
5.0080272834645667
20
-3.8304888582677163
11
5.0079823228346454
21
-3.8255765748031494
0
LINE
8
BLACK
6
CONTINUOUS
10
5.0079823228346454
20
-3.8255765748031494
11
5.0062257086614173
21
-3.8187486220472442
0
LINE
8
BLACK
6
CONTINUOUS
10
5.0062257086614173
20
-3.8187486220472442
11
5.0047024409448815
21
-3.8157905511811023
0
LINE
8
BLACK
6
CONTINUOUS
10
5.0047024409448815
20
-3.8157905511811023
11
5.001780826771653
21
-3.8129248031496061
0
LINE
8
BLACK
6
CONTINUOUS
10
5.001780826771653
20
-3.8129248031496061
11
4.9972167716535436
21
-3.8114475196850393
0
LINE
8
BLACK
6
CONTINUOUS
10
4.9972167716535436
20
-3.8114475196850393
11
4.9944065748031496
21
-3.8114843700787402
0
LINE
8
BLACK
6
CONTINUOUS
10
4.9944065748031496
20
-3.8114843700787402
11
4.9899693307086617
21
-3.8130065748031496
0
LINE
8
BLACK
6
CONTINUOUS
10
4.9899693307086617
20
-3.8130065748031496
11
4.9886495669291335
21
-3.8143736220472442
0
LINE
8
BLACK
6
CONTINUOUS
10
4.9886495669291335
20
-3.8143736220472442
11
4.9882021259842517
21
-3.8147408267716534
0
LINE
8
BLACK
6
CONTINUOUS
10
4.9882021259842517
20
-3.8147408267716534
11
4.9871376771653546
21
-3.8151817322834645
0
LINE
8
BLACK
6
CONTINUOUS
10
4.9871376771653546
20
-3.8151817322834645
11
4.9859856299212595
21
-3.8151817322834645
0
LINE
8
BLACK
6
CONTINUOUS
10
4.9859856299212595
20
-3.8151817322834645
11
4.9849211811023624
21
-3.8147408267716534
0
LINE
8
BLACK
6
CONTINUOUS
10
4.9849211811023624
20
-3.8147408267716534
11
4.9841065354330709
21
-3.8139261811023619
0
LINE
8
BLACK
6
CONTINUOUS
10
4.9841065354330709
20
-3.8139261811023619
11
4.9836656299212594
21
-3.8128617322834644
0
LINE
8
BLACK
6
CONTINUOUS
10
4.9836656299212594
20
-3.8128617322834644
11
4.9836656299212594
21
-3.8117096850393701
0
LINE
8
BLACK
6
CONTINUOUS
10
4.9836656299212594
20
-3.8117096850393701
11
4.9841065354330709
21
-3.8106452362204726
0
LINE
8
BLACK
6
CONTINUOUS
10
4.9841065354330709
20
-3.8106452362204726
11
4.9863485039370081
21
-3.8083230314960628
0
LINE
8
BLACK
6
CONTINUOUS
10
4.9863485039370081
20
-3.8083230314960628
11
4.9867959448818899
21
-3.8079558267716536
0
LINE
8
BLACK
6
CONTINUOUS
10
4.9867959448818899
20
-3.8079558267716536
11
4.9868938976377954
21
-3.8079152362204725
0
LINE
8
BLACK
6
CONTINUOUS
10
4.9868938976377954
20
-3.8079152362204725
11
4.9869740944881888
21
-3.807845708661417
0
LINE
8
BLACK
6
CONTINUOUS
10
4.9869740944881888
20
-3.807845708661417
11
4.9874844488188979
21
-3.8076705905511812
0
LINE
8
BLACK
6
CONTINUOUS
10
4.9874844488188979
20
-3.8076705905511812
11
4.9878603543307083
21
-3.8075149212598425
0
LINE
8
BLACK
6
CONTINUOUS
10
4.9878603543307083
20
-3.8075149212598425
11
4.9879383464566924
21
-3.8075149212598425
0
LINE
8
BLACK
6
CONTINUOUS
10
4.9879383464566924
20
-3.8075149212598425
11
4.993126929133858
21
-3.8057349606299211
0
LINE
8
BLACK
6
CONTINUOUS
10
4.993126929133858
20
-3.8057349606299211
11
4.9934125590551179
21
-3.8056700000000001
0
LINE
8
BLACK
6
CONTINUOUS
10
4.9934125590551179
20
-3.8056700000000001
11
4.993484645669291
21
-3.8056401574803149
0
LINE
8
BLACK
6
CONTINUOUS
10
4.993484645669291
20
-3.8056401574803149
11
4.9935474803149607
21
-3.8056393307086611
0
LINE
8
BLACK
6
CONTINUOUS
10
4.9935474803149607
20
-3.8056393307086611
11
4.9936913779527554
21
-3.8056066141732283
0
LINE
8
BLACK
6
CONTINUOUS
10
4.9936913779527554
20
-3.8056066141732283
11
4.9940575196850396
21
-3.8056326377952754
0
LINE
8
BLACK
6
CONTINUOUS
10
4.9940575196850396
20
-3.8056326377952754
11
4.9978102362204719
21
-3.8055834251968501
0
LINE
8
BLACK
6
CONTINUOUS
10
4.9978102362204719
20
-3.8055834251968501
11
4.998101771653543
21
-3.8056121259842519
0
LINE
8
BLACK
6
CONTINUOUS
10
4.7496348818897633
20
-3.8056401574803149
11
4.7506992913385826
21
-3.806081062992126
0
LINE
8
BLACK
6
CONTINUOUS
10
4.7506992913385826
20
-3.806081062992126
11
4.7515139370078741
21
-3.806895708661417
0
LINE
8
BLACK
6
CONTINUOUS
10
4.7515139370078741
20
-3.806895708661417
11
4.7519548425196847
21
-3.8079601181102363
0
LINE
8
BLACK
6
CONTINUOUS
10
4.7519548425196847
20
-3.8079601181102363
11
4.7520115748031495
21
-3.8479062598425195
0
LINE
8
BLACK
6
CONTINUOUS
10
4.7520115748031495
20
-3.8479062598425195
11
4.7519548425196847
21
-3.8484823228346454
0
LINE
8
BLACK
6
CONTINUOUS
10
4.7519548425196847
20
-3.8484823228346454
11
4.7515139370078741
21
-3.8495467322834647
0
LINE
8
BLACK
6
CONTINUOUS
10
4.7515139370078741
20
-3.8495467322834647
11
4.7506992913385826
21
-3.8503613779527557
0
LINE
8
BLACK
6
CONTINUOUS
10
4.7506992913385826
20
-3.8503613779527557
11
4.7496348818897633
21
-3.8508022834645668
0
LINE
8
BLACK
6
CONTINUOUS
10
4.7496348818897633
20
-3.8508022834645668
11
4.7484827559055116
21
-3.8508022834645668
0
LINE
8
BLACK
6
CONTINUOUS
10
4.7484827559055116
20
-3.8508022834645668
11
4.7474183464566924
21
-3.8503613779527557
0
LINE
8
BLACK
6
CONTINUOUS
10
4.7474183464566924
20
-3.8503613779527557
11
4.7466037007874018
21
-3.8495467322834647
0
LINE
8
BLACK
6
CONTINUOUS
10
4.7466037007874018
20
-3.8495467322834647
11
4.7461627952755903
21
-3.8484823228346454
0
LINE
8
BLACK
6
CONTINUOUS
10
4.7461627952755903
20
-3.8484823228346454
11
4.7461394488188979
21
-3.8320673228346456
0
LINE
8
BLACK
6
CONTINUOUS
10
4.7461394488188979
20
-3.8320673228346456
11
4.7411774803149607
21
-3.8320853937007873
0
LINE
8
BLACK
6
CONTINUOUS
10
4.7411774803149607
20
-3.8320853937007873
11
4.72898062992126
21
-3.8495995669291339
0
LINE
8
BLACK
6
CONTINUOUS
10
4.72898062992126
20
-3.8495995669291339
11
4.7286038188976374
21
-3.850038937007874
0
LINE
8
BLACK
6
CONTINUOUS
10
4.7286038188976374
20
-3.850038937007874
11
4.7276322047244097
21
-3.8506581102362203
0
LINE
8
BLACK
6
CONTINUOUS
10
4.7276322047244097
20
-3.8506581102362203
11
4.7264976771653542
21
-3.850858307086614
0
LINE
8
BLACK
6
CONTINUOUS
10
4.7264976771653542
20
-3.850858307086614
11
4.7253728346456692
21
-3.8506091338582675
0
LINE
8
BLACK
6
CONTINUOUS
10
4.7253728346456692
20
-3.8506091338582675
11
4.7244289763779523
21
-3.8499484251968501
0
LINE
8
BLACK
6
CONTINUOUS
10
4.7244289763779523
20
-3.8499484251968501
11
4.7238098031496065
21
-3.848976811023622
0
LINE
8
BLACK
6
CONTINUOUS
10
4.7238098031496065
20
-3.848976811023622
11
4.7236096062992123
21
-3.8478422834645669
0
LINE
8
BLACK
6
CONTINUOUS
10
4.7236096062992123
20
-3.8478422834645669
11
4.7238587795275588
21
-3.8467174409448819
0
LINE
8
BLACK
6
CONTINUOUS
10
4.7238587795275588
20
-3.8467174409448819
11
4.7340324015748028
21
-3.8321085433070867
0
LINE
8
BLACK
6
CONTINUOUS
10
4.7340324015748028
20
-3.8321085433070867
11
4.7334846456692912
21
-3.8320546062992125
0
LINE
8
BLACK
6
CONTINUOUS
10
4.7334846456692912
20
-3.8320546062992125
11
4.7333866535433069
21
-3.8320140157480314
0
LINE
8
BLACK
6
CONTINUOUS
10
4.7333866535433069
20
-3.8320140157480314
11
4.7332807874015748
21
-3.8320064960629918
0
LINE
8
BLACK
6
CONTINUOUS
10
4.7332807874015748
20
-3.8320064960629918
11
4.7327690157480315
21
-3.8317581496062991
0
LINE
8
BLACK
6
CONTINUOUS
10
4.7327690157480315
20
-3.8317581496062991
11
4.7324202362204719
21
-3.8316137007874014
0
LINE
8
BLACK
6
CONTINUOUS
10
4.7324202362204719
20
-3.8316137007874014
11
4.7323721259842522
21
-3.8315655905511812
0
LINE
8
BLACK
6
CONTINUOUS
10
4.7323721259842522
20
-3.8315655905511812
11
4.7289906692913384
21
-3.8299248425196848
0
LINE
8
BLACK
6
CONTINUOUS
10
4.7289906692913384
20
-3.8299248425196848
11
4.7287426377952757
21
-3.8297687401574803
0
LINE
8
BLACK
6
CONTINUOUS
10
4.7287426377952757
20
-3.8297687401574803
11
4.7286707086614168
21
-3.8297389370078738
0
LINE
8
BLACK
6
CONTINUOUS
10
4.7286707086614168
20
-3.8297389370078738
11
4.7286246062992126
21
-3.8296944094488188
0
LINE
8
BLACK
6
CONTINUOUS
10
4.7286246062992126
20
-3.8296944094488188
11
4.7285007874015745
21
-3.8296164960629921
0
LINE
8
BLACK
6
CONTINUOUS
10
4.7285007874015745
20
-3.8296164960629921
11
4.728279015748031
21
-3.8293607874015749
0
LINE
8
BLACK
6
CONTINUOUS
10
4.728279015748031
20
-3.8293607874015749
11
4.7263485039370075
21
-3.8274969685039371
0
LINE
8
BLACK
6
CONTINUOUS
10
4.7263485039370075
20
-3.8274969685039371
11
4.7261627165354332
21
-3.8272705905511808
0
LINE
8
BLACK
6
CONTINUOUS
10
4.7261627165354332
20
-3.8272705905511808
11
4.7261037401574804
21
-3.8272194488188975
0
LINE
8
BLACK
6
CONTINUOUS
10
4.7261037401574804
20
-3.8272194488188975
11
4.7260750787401573
21
-3.827163779527559
0
LINE
8
BLACK
6
CONTINUOUS
10
4.7260750787401573
20
-3.827163779527559
11
4.7259812992125987
21
-3.8270495275590553
0
LINE
8
BLACK
6
CONTINUOUS
10
4.7259812992125987
20
-3.8270495275590553
11
4.7258376377952755
21
-3.8267027165354328
0
LINE
8
BLACK
6
CONTINUOUS
10
4.7258376377952755
20
-3.8267027165354328
11
4.7239206299212597
21
-3.8229800393700786
0
LINE
8
BLACK
6
CONTINUOUS
10
4.7239206299212597
20
-3.8229800393700786
11
4.7237137401574802
21
-3.822439409448819
0
LINE
8
BLACK
6
CONTINUOUS
10
4.7237137401574802
20
-3.822439409448819
11
4.7237062204724412
21
-3.8223335826771652
0
LINE
8
BLACK
6
CONTINUOUS
10
4.7237062204724412
20
-3.8223335826771652
11
4.7236656299212596
21
-3.8222355905511809
0
LINE
8
BLACK
6
CONTINUOUS
10
4.7236656299212596
20
-3.8222355905511809
11
4.7236606299212598
21
-3.8216923228346458
0
LINE
8
BLACK
6
CONTINUOUS
10
4.7236606299212598
20
-3.8216923228346458
11
4.723632086614173
21
-3.8212901968503936
0
LINE
8
BLACK
6
CONTINUOUS
10
4.723632086614173
20
-3.8212901968503936
11
4.7236562992125979
21
-3.8212174803149606
0
LINE
8
BLACK
6
CONTINUOUS
10
4.7236562992125979
20
-3.8212174803149606
11
4.7236088976377948
21
-3.8160352362204724
0
LINE
8
BLACK
6
CONTINUOUS
10
4.7236088976377948
20
-3.8160352362204724
11
4.7236656299212596
21
-3.8154591732283465
0
LINE
8
BLACK
6
CONTINUOUS
10
4.7236656299212596
20
-3.8154591732283465
11
4.7237062204724412
21
-3.8153611417322835
0
LINE
8
BLACK
6
CONTINUOUS
10
4.7237062204724412
20
-3.8153611417322835
11
4.7237137401574802
21
-3.8152553543307084
0
LINE
8
BLACK
6
CONTINUOUS
10
4.7237137401574802
20
-3.8152553543307084
11
4.7239619291338579
21
-3.8147437795275589
0
LINE
8
BLACK
6
CONTINUOUS
10
4.7239619291338579
20
-3.8147437795275589
11
4.7241065354330711
21
-3.8143947637795277
0
LINE
8
BLACK
6
CONTINUOUS
10
4.7241065354330711
20
-3.8143947637795277
11
4.7241546456692909
21
-3.8143466141732283
0
LINE
8
BLACK
6
CONTINUOUS
10
4.7241546456692909
20
-3.8143466141732283
11
4.7257953937007873
21
-3.8109651968503937
0
LINE
8
BLACK
6
CONTINUOUS
10
4.7257953937007873
20
-3.8109651968503937
11
4.7259514566929131
21
-3.8107171653543306
0
LINE
8
BLACK
6
CONTINUOUS
10
4.7259514566929131
20
-3.8107171653543306
11
4.7259812992125987
21
-3.8106452362204726
0
LINE
8
BLACK
6
CONTINUOUS
10
4.7259812992125987
20
-3.8106452362204726
11
4.726025787401575
21
-3.8105991338582674
0
LINE
8
BLACK
6
CONTINUOUS
10
4.726025787401575
20
-3.8105991338582674
11
4.7261037401574804
21
-3.8104753149606299
0
LINE
8
BLACK
6
CONTINUOUS
10
4.7261037401574804
20
-3.8104753149606299
11
4.7263594094488184
21
-3.8102535433070863
0
LINE
8
BLACK
6
CONTINUOUS
10
4.7263594094488184
20
-3.8102535433070863
11
4.728223267716535
21
-3.8083230314960628
0
LINE
8
BLACK
6
CONTINUOUS
10
4.728223267716535
20
-3.8083230314960628
11
4.7284496062992121
21
-3.8081372440944881
0
LINE
8
BLACK
6
CONTINUOUS
10
4.7284496062992121
20
-3.8081372440944881
11
4.7285007874015745
21
-3.8080782677165352
0
LINE
8
BLACK
6
CONTINUOUS
10
4.7285007874015745
20
-3.8080782677165352
11
4.7285564173228343
21
-3.8080496062992126
0
LINE
8
BLACK
6
CONTINUOUS
10
4.7285564173228343
20
-3.8080496062992126
11
4.7286707086614168
21
-3.8079558267716536
0
LINE
8
BLACK
6
CONTINUOUS
10
4.7286707086614168
20
-3.8079558267716536
11
4.7290175590551176
21
-3.8078121259842517
0
LINE
8
BLACK
6
CONTINUOUS
10
4.7290175590551176
20
-3.8078121259842517
11
4.7327401968503935
21
-3.805895157480315
0
LINE
8
BLACK
6
CONTINUOUS
10
4.7327401968503935
20
-3.805895157480315
11
4.7332807874015748
21
-3.8056882677165356
0
LINE
8
BLACK
6
CONTINUOUS
10
4.7332807874015748
20
-3.8056882677165356
11
4.7333866535433069
21
-3.8056807086614173
0
LINE
8
BLACK
6
CONTINUOUS
10
4.7333866535433069
20
-3.8056807086614173
11
4.7334846456692912
21
-3.8056401574803149
0
LINE
8
BLACK
6
CONTINUOUS
10
4.7334846456692912
20
-3.8056401574803149
11
4.7339834645669292
21
-3.805638307086614
0
LINE
8
BLACK
6
CONTINUOUS
10
4.7339834645669292
20
-3.805638307086614
11
4.7344299999999997
21
-3.8056066141732283
0
LINE
8
BLACK
6
CONTINUOUS
10
4.7344299999999997
20
-3.8056066141732283
11
4.7345192913385823
21
-3.805636377952756
0
LINE
8
BLACK
6
CONTINUOUS
10
4.7345192913385823
20
-3.805636377952756
11
4.7490588188976375
21
-3.8055834251968501
0
LINE
8
BLACK
6
CONTINUOUS
10
4.7490588188976375
20
-3.8055834251968501
11
4.7496348818897633
21
-3.8056401574803149
0
LINE
8
BLACK
6
CONTINUOUS
10
4.7346712598425196
20
-3.8114866929133857
11
4.7319670078740153
21
-3.812879251968504
0
LINE
8
BLACK
6
CONTINUOUS
10
4.7319670078740153
20
-3.812879251968504
11
4.7307762992125983
21
-3.8141125984251967
0
LINE
8
BLACK
6
CONTINUOUS
10
4.7307762992125983
20
-3.8141125984251967
11
4.7294699606299213
21
-3.8168048031496062
0
LINE
8
BLACK
6
CONTINUOUS
10
4.7294699606299213
20
-3.8168048031496062
11
4.7295087401574802
21
-3.8210422834645668
0
LINE
8
BLACK
6
CONTINUOUS
10
4.7295087401574802
20
-3.8210422834645668
11
4.7309047244094486
21
-3.8237531889763781
0
LINE
8
BLACK
6
CONTINUOUS
10
4.7309047244094486
20
-3.8237531889763781
11
4.7321381102362201
21
-3.8249439370078737
0
LINE
8
BLACK
6
CONTINUOUS
10
4.7321381102362201
20
-3.8249439370078737
11
4.7348454330708662
21
-3.826257598425197
0
LINE
8
BLACK
6
CONTINUOUS
10
4.7348454330708662
20
-3.826257598425197
11
4.7395566141732282
21
-3.8262404330708661
0
LINE
8
BLACK
6
CONTINUOUS
10
4.7395566141732282
20
-3.8262404330708661
11
4.7397489763779523
21
-3.826206496062992
0
LINE
8
BLACK
6
CONTINUOUS
10
4.7397489763779523
20
-3.826206496062992
11
4.7398965748031499
21
-3.8262391732283465
0
LINE
8
BLACK
6
CONTINUOUS
10
4.7398965748031499
20
-3.8262391732283465
11
4.7461311417322838
21
-3.8262164566929133
0
LINE
8
BLACK
6
CONTINUOUS
10
4.7461311417322838
20
-3.8262164566929133
11
4.7461101574803148
21
-3.8114450393700787
0
LINE
8
BLACK
6
CONTINUOUS
10
4.7461101574803148
20
-3.8114450393700787
11
4.7346712598425196
21
-3.8114866929133857
0
LINE
8
BLACK
6
CONTINUOUS
10
4.8946348818897638
20
-3.8056401574803149
11
4.8956992913385822
21
-3.806081062992126
0
LINE
8
BLACK
6
CONTINUOUS
10
4.8956992913385822
20
-3.806081062992126
11
4.8965139370078736
21
-3.806895708661417
0
LINE
8
BLACK
6
CONTINUOUS
10
4.8965139370078736
20
-3.806895708661417
11
4.8969548425196852
21
-3.8079601181102363
0
LINE
8
BLACK
6
CONTINUOUS
10
4.8969548425196852
20
-3.8079601181102363
11
4.8970115748031491
21
-3.8479062598425195
0
LINE
8
BLACK
6
CONTINUOUS
10
4.8970115748031491
20
-3.8479062598425195
11
4.8969548425196852
21
-3.8484823228346454
0
LINE
8
BLACK
6
CONTINUOUS
10
4.8969548425196852
20
-3.8484823228346454
11
4.8965139370078736
21
-3.8495467322834647
0
LINE
8
BLACK
6
CONTINUOUS
10
4.8965139370078736
20
-3.8495467322834647
11
4.8956992913385822
21
-3.8503613779527557
0
LINE
8
BLACK
6
CONTINUOUS
10
4.8956992913385822
20
-3.8503613779527557
11
4.8946348818897638
21
-3.8508022834645668
0
LINE
8
BLACK
6
CONTINUOUS
10
4.8946348818897638
20
-3.8508022834645668
11
4.8934827559055121
21
-3.8508022834645668
0
LINE
8
BLACK
6
CONTINUOUS
10
4.8934827559055121
20
-3.8508022834645668
11
4.8924183464566928
21
-3.8503613779527557
0
LINE
8
BLACK
6
CONTINUOUS
10
4.8924183464566928
20
-3.8503613779527557
11
4.8916037007874014
21
-3.8495467322834647
0
LINE
8
BLACK
6
CONTINUOUS
10
4.8916037007874014
20
-3.8495467322834647
11
4.8911627952755907
21
-3.8484823228346454
0
LINE
8
BLACK
6
CONTINUOUS
10
4.8911627952755907
20
-3.8484823228346454
11
4.8911394488188975
21
-3.8320673228346456
0
LINE
8
BLACK
6
CONTINUOUS
10
4.8911394488188975
20
-3.8320673228346456
11
4.8861774803149602
21
-3.8320853937007873
0
LINE
8
BLACK
6
CONTINUOUS
10
4.8861774803149602
20
-3.8320853937007873
11
4.8739806299212596
21
-3.8495995669291339
0
LINE
8
BLACK
6
CONTINUOUS
10
4.8739806299212596
20
-3.8495995669291339
11
4.8736038188976378
21
-3.850038937007874
0
LINE
8
BLACK
6
CONTINUOUS
10
4.8736038188976378
20
-3.850038937007874
11
4.8726322047244093
21
-3.8506581102362203
0
LINE
8
BLACK
6
CONTINUOUS
10
4.8726322047244093
20
-3.8506581102362203
11
4.8714976771653546
21
-3.850858307086614
0
LINE
8
BLACK
6
CONTINUOUS
10
4.8714976771653546
20
-3.850858307086614
11
4.8703728346456696
21
-3.8506091338582675
0
LINE
8
BLACK
6
CONTINUOUS
10
4.8703728346456696
20
-3.8506091338582675
11
4.8694289763779528
21
-3.8499484251968501
0
LINE
8
BLACK
6
CONTINUOUS
10
4.8694289763779528
20
-3.8499484251968501
11
4.8688098031496061
21
-3.848976811023622
0
LINE
8
BLACK
6
CONTINUOUS
10
4.8688098031496061
20
-3.848976811023622
11
4.8686096062992128
21
-3.8478422834645669
0
LINE
8
BLACK
6
CONTINUOUS
10
4.8686096062992128
20
-3.8478422834645669
11
4.8688587795275593
21
-3.8467174409448819
0
LINE
8
BLACK
6
CONTINUOUS
10
4.8688587795275593
20
-3.8467174409448819
11
4.8790324015748032
21
-3.8321085433070867
0
LINE
8
BLACK
6
CONTINUOUS
10
4.8790324015748032
20
-3.8321085433070867
11
4.8784846456692916
21
-3.8320546062992125
0
LINE
8
BLACK
6
CONTINUOUS
10
4.8784846456692916
20
-3.8320546062992125
11
4.8783866535433074
21
-3.8320140157480314
0
LINE
8
BLACK
6
CONTINUOUS
10
4.8783866535433074
20
-3.8320140157480314
11
4.8782807874015743
21
-3.8320064960629918
0
LINE
8
BLACK
6
CONTINUOUS
10
4.8782807874015743
20
-3.8320064960629918
11
4.8777690157480311
21
-3.8317581496062991
0
LINE
8
BLACK
6
CONTINUOUS
10
4.8777690157480311
20
-3.8317581496062991
11
4.8774202362204724
21
-3.8316137007874014
0
LINE
8
BLACK
6
CONTINUOUS
10
4.8774202362204724
20
-3.8316137007874014
11
4.8773721259842517
21
-3.8315655905511812
0
LINE
8
BLACK
6
CONTINUOUS
10
4.8773721259842517
20
-3.8315655905511812
11
4.8739906692913388
21
-3.8299248425196848
0
LINE
8
BLACK
6
CONTINUOUS
10
4.8739906692913388
20
-3.8299248425196848
11
4.8737426377952753
21
-3.8297687401574803
0
LINE
8
BLACK
6
CONTINUOUS
10
4.8737426377952753
20
-3.8297687401574803
11
4.8736707086614173
21
-3.8297389370078738
0
LINE
8
BLACK
6
CONTINUOUS
10
4.8736707086614173
20
-3.8297389370078738
11
4.8736246062992121
21
-3.8296944094488188
0
LINE
8
BLACK
6
CONTINUOUS
10
4.8736246062992121
20
-3.8296944094488188
11
4.873500787401575
21
-3.8296164960629921
0
LINE
8
BLACK
6
CONTINUOUS
10
4.873500787401575
20
-3.8296164960629921
11
4.8732790157480315
21
-3.8293607874015749
0
LINE
8
BLACK
6
CONTINUOUS
10
4.8732790157480315
20
-3.8293607874015749
11
4.8713485039370079
21
-3.8274969685039371
0
LINE
8
BLACK
6
CONTINUOUS
10
4.8713485039370079
20
-3.8274969685039371
11
4.8711627165354328
21
-3.8272705905511808
0
LINE
8
BLACK
6
CONTINUOUS
10
4.8711627165354328
20
-3.8272705905511808
11
4.8711037401574799
21
-3.8272194488188975
0
LINE
8
BLACK
6
CONTINUOUS
10
4.8711037401574799
20
-3.8272194488188975
11
4.8710750787401578
21
-3.827163779527559
0
LINE
8
BLACK
6
CONTINUOUS
10
4.8710750787401578
20
-3.827163779527559
11
4.8709812992125983
21
-3.8270495275590553
0
LINE
8
BLACK
6
CONTINUOUS
10
4.8709812992125983
20
-3.8270495275590553
11
4.8708376377952751
21
-3.8267027165354328
0
LINE
8
BLACK
6
CONTINUOUS
10
4.8708376377952751
20
-3.8267027165354328
11
4.8689206299212593
21
-3.8229800393700786
0
LINE
8
BLACK
6
CONTINUOUS
10
4.8689206299212593
20
-3.8229800393700786
11
4.8687137401574798
21
-3.822439409448819
0
LINE
8
BLACK
6
CONTINUOUS
10
4.8687137401574798
20
-3.822439409448819
11
4.8687062204724407
21
-3.8223335826771652
0
LINE
8
BLACK
6
CONTINUOUS
10
4.8687062204724407
20
-3.8223335826771652
11
4.8686656299212601
21
-3.8222355905511809
0
LINE
8
BLACK
6
CONTINUOUS
10
4.8686656299212601
20
-3.8222355905511809
11
4.8686606299212594
21
-3.8216923228346458
0
LINE
8
BLACK
6
CONTINUOUS
10
4.8686606299212594
20
-3.8216923228346458
11
4.8686320866141735
21
-3.8212901968503936
0
LINE
8
BLACK
6
CONTINUOUS
10
4.8686320866141735
20
-3.8212901968503936
11
4.8686562992125983
21
-3.8212174803149606
0
LINE
8
BLACK
6
CONTINUOUS
10
4.8686562992125983
20
-3.8212174803149606
11
4.8686088976377953
21
-3.8160352362204724
0
LINE
8
BLACK
6
CONTINUOUS
10
4.8686088976377953
20
-3.8160352362204724
11
4.8686656299212601
21
-3.8154591732283465
0
LINE
8
BLACK
6
CONTINUOUS
10
4.8686656299212601
20
-3.8154591732283465
11
4.8687062204724407
21
-3.8153611417322835
0
LINE
8
BLACK
6
CONTINUOUS
10
4.8687062204724407
20
-3.8153611417322835
11
4.8687137401574798
21
-3.8152553543307084
0
LINE
8
BLACK
6
CONTINUOUS
10
4.8687137401574798
20
-3.8152553543307084
11
4.8689619291338584
21
-3.8147437795275589
0
LINE
8
BLACK
6
CONTINUOUS
10
4.8689619291338584
20
-3.8147437795275589
11
4.8691065354330707
21
-3.8143947637795277
0
LINE
8
BLACK
6
CONTINUOUS
10
4.8691065354330707
20
-3.8143947637795277
11
4.8691546456692913
21
-3.8143466141732283
0
LINE
8
BLACK
6
CONTINUOUS
10
4.8691546456692913
20
-3.8143466141732283
11
4.8707953937007877
21
-3.8109651968503937
0
LINE
8
BLACK
6
CONTINUOUS
10
4.8707953937007877
20
-3.8109651968503937
11
4.8709514566929135
21
-3.8107171653543306
0
LINE
8
BLACK
6
CONTINUOUS
10
4.8709514566929135
20
-3.8107171653543306
11
4.8709812992125983
21
-3.8106452362204726
0
LINE
8
BLACK
6
CONTINUOUS
10
4.8709812992125983
20
-3.8106452362204726
11
4.8710257874015745
21
-3.8105991338582674
0
LINE
8
BLACK
6
CONTINUOUS
10
4.8710257874015745
20
-3.8105991338582674
11
4.8711037401574799
21
-3.8104753149606299
0
LINE
8
BLACK
6
CONTINUOUS
10
4.8711037401574799
20
-3.8104753149606299
11
4.8713594094488188
21
-3.8102535433070863
0
LINE
8
BLACK
6
CONTINUOUS
10
4.8713594094488188
20
-3.8102535433070863
11
4.8732232677165355
21
-3.8083230314960628
0
LINE
8
BLACK
6
CONTINUOUS
10
4.8732232677165355
20
-3.8083230314960628
11
4.8734496062992125
21
-3.8081372440944881
0
LINE
8
BLACK
6
CONTINUOUS
10
4.8734496062992125
20
-3.8081372440944881
11
4.873500787401575
21
-3.8080782677165352
0
LINE
8
BLACK
6
CONTINUOUS
10
4.873500787401575
20
-3.8080782677165352
11
4.8735564173228347
21
-3.8080496062992126
0
LINE
8
BLACK
6
CONTINUOUS
10
4.8735564173228347
20
-3.8080496062992126
11
4.8736707086614173
21
-3.8079558267716536
0
LINE
8
BLACK
6
CONTINUOUS
10
4.8736707086614173
20
-3.8079558267716536
11
4.874017559055118
21
-3.8078121259842517
0
LINE
8
BLACK
6
CONTINUOUS
10
4.874017559055118
20
-3.8078121259842517
11
4.877740196850394
21
-3.805895157480315
0
LINE
8
BLACK
6
CONTINUOUS
10
4.877740196850394
20
-3.805895157480315
11
4.8782807874015743
21
-3.8056882677165356
0
LINE
8
BLACK
6
CONTINUOUS
10
4.8782807874015743
20
-3.8056882677165356
11
4.8783866535433074
21
-3.8056807086614173
0
LINE
8
BLACK
6
CONTINUOUS
10
4.8783866535433074
20
-3.8056807086614173
11
4.8784846456692916
21
-3.8056401574803149
0
LINE
8
BLACK
6
CONTINUOUS
10
4.8784846456692916
20
-3.8056401574803149
11
4.8789834645669288
21
-3.805638307086614
0
LINE
8
BLACK
6
CONTINUOUS
10
4.8789834645669288
20
-3.805638307086614
11
4.8794300000000002
21
-3.8056066141732283
0
LINE
8
BLACK
6
CONTINUOUS
10
4.8794300000000002
20
-3.8056066141732283
11
4.8795192913385828
21
-3.805636377952756
0
LINE
8
BLACK
6
CONTINUOUS
10
4.8795192913385828
20
-3.805636377952756
11
4.8940588188976379
21
-3.8055834251968501
0
LINE
8
BLACK
6
CONTINUOUS
10
4.8940588188976379
20
-3.8055834251968501
11
4.8946348818897638
21
-3.8056401574803149
0
LINE
8
BLACK
6
CONTINUOUS
10
4.8796712598425191
20
-3.8114866929133857
11
4.8769670078740157
21
-3.812879251968504
0
LINE
8
BLACK
6
CONTINUOUS
10
4.8769670078740157
20
-3.812879251968504
11
4.8757762992125979
21
-3.8141125984251967
0
LINE
8
BLACK
6
CONTINUOUS
10
4.8757762992125979
20
-3.8141125984251967
11
4.8744699606299209
21
-3.8168048031496062
0
LINE
8
BLACK
6
CONTINUOUS
10
4.8744699606299209
20
-3.8168048031496062
11
4.8745087401574798
21
-3.8210422834645668
0
LINE
8
BLACK
6
CONTINUOUS
10
4.8745087401574798
20
-3.8210422834645668
11
4.8759047244094491
21
-3.8237531889763781
0
LINE
8
BLACK
6
CONTINUOUS
10
4.8759047244094491
20
-3.8237531889763781
11
4.8771381102362206
21
-3.8249439370078737
0
LINE
8
BLACK
6
CONTINUOUS
10
4.8771381102362206
20
-3.8249439370078737
11
4.8798454330708658
21
-3.826257598425197
0
LINE
8
BLACK
6
CONTINUOUS
10
4.8798454330708658
20
-3.826257598425197
11
4.8845566141732286
21
-3.8262404330708661
0
LINE
8
BLACK
6
CONTINUOUS
10
4.8845566141732286
20
-3.8262404330708661
11
4.8847489763779528
21
-3.826206496062992
0
LINE
8
BLACK
6
CONTINUOUS
10
4.8847489763779528
20
-3.826206496062992
11
4.8848965748031494
21
-3.8262391732283465
0
LINE
8
BLACK
6
CONTINUOUS
10
4.8848965748031494
20
-3.8262391732283465
11
4.8911311417322834
21
-3.8262164566929133
0
LINE
8
BLACK
6
CONTINUOUS
10
4.8911311417322834
20
-3.8262164566929133
11
4.8911101574803144
21
-3.8114450393700787
0
LINE
8
BLACK
6
CONTINUOUS
10
4.8911101574803144
20
-3.8114450393700787
11
4.8796712598425191
21
-3.8114866929133857
0
LINE
8
BLACK
6
CONTINUOUS
10
4.9629696062992128
20
-3.8038135433070863
11
4.9640000393700783
21
-3.8043287401574801
0
LINE
8
BLACK
6
CONTINUOUS
10
4.9640000393700783
20
-3.8043287401574801
11
4.9647549212598427
21
-3.8051990944881888
0
LINE
8
BLACK
6
CONTINUOUS
10
4.9647549212598427
20
-3.8051990944881888
11
4.9743647244094484
21
-3.8338490944881887
0
LINE
8
BLACK
6
CONTINUOUS
10
4.9743647244094484
20
-3.8338490944881887
11
4.9744296456692911
21
-3.8341347244094486
0
LINE
8
BLACK
6
CONTINUOUS
10
4.9744296456692911
20
-3.8341347244094486
11
4.9744595275590546
21
-3.834206811023622
0
LINE
8
BLACK
6
CONTINUOUS
10
4.9744595275590546
20
-3.834206811023622
11
4.9744595275590546
21
-3.8342660236220469
0
LINE
8
BLACK
6
CONTINUOUS
10
4.9744595275590546
20
-3.8342660236220469
11
4.9744930708661412
21
-3.8344135433070865
0
LINE
8
BLACK
6
CONTINUOUS
10
4.9744930708661412
20
-3.8344135433070865
11
4.9744595275590546
21
-3.8348853937007874
0
LINE
8
BLACK
6
CONTINUOUS
10
4.9744595275590546
20
-3.8348853937007874
11
4.9744595275590546
21
-3.8353589370078738
0
LINE
8
BLACK
6
CONTINUOUS
10
4.9744595275590546
20
-3.8353589370078738
11
4.9744188582677165
21
-3.8354570078740156
0
LINE
8
BLACK
6
CONTINUOUS
10
4.9744188582677165
20
-3.8354570078740156
11
4.9744113779527561
21
-3.8355627559055119
0
LINE
8
BLACK
6
CONTINUOUS
10
4.9744113779527561
20
-3.8355627559055119
11
4.974199803149606
21
-3.8359858661417321
0
LINE
8
BLACK
6
CONTINUOUS
10
4.974199803149606
20
-3.8359858661417321
11
4.974018622047244
21
-3.836423346456693
0
LINE
8
BLACK
6
CONTINUOUS
10
4.974018622047244
20
-3.836423346456693
11
4.9739435826771654
21
-3.8364983464566929
0
LINE
8
BLACK
6
CONTINUOUS
10
4.9739435826771654
20
-3.8364983464566929
11
4.9738961811023623
21
-3.8365932283464566
0
LINE
8
BLACK
6
CONTINUOUS
10
4.9738961811023623
20
-3.8365932283464566
11
4.9735387007874019
21
-3.8369032283464568
0
LINE
8
BLACK
6
CONTINUOUS
10
4.9735387007874019
20
-3.8369032283464568
11
4.9732039763779525
21
-3.837237992125984
0
LINE
8
BLACK
6
CONTINUOUS
10
4.9732039763779525
20
-3.837237992125984
11
4.9731059055118108
21
-3.8372785826771652
0
LINE
8
BLACK
6
CONTINUOUS
10
4.9731059055118108
20
-3.8372785826771652
11
4.9730257874015749
21
-3.8373481102362206
0
LINE
8
BLACK
6
CONTINUOUS
10
4.9730257874015749
20
-3.8373481102362206
11
4.972576929133858
21
-3.8374977165354331
0
LINE
8
BLACK
6
CONTINUOUS
10
4.972576929133858
20
-3.8374977165354331
11
4.9721395669291342
21
-3.8376788976377951
0
LINE
8
BLACK
6
CONTINUOUS
10
4.9721395669291342
20
-3.8376788976377951
11
4.9720326771653545
21
-3.8376791338582676
0
LINE
8
BLACK
6
CONTINUOUS
10
4.9720326771653545
20
-3.8376791338582676
11
4.9719327952755901
21
-3.8377124409448817
0
LINE
8
BLACK
6
CONTINUOUS
10
4.9719327952755901
20
-3.8377124409448817
11
4.9714819291338586
21
-3.8376803543307085
0
LINE
8
BLACK
6
CONTINUOUS
10
4.9714819291338586
20
-3.8376803543307085
11
4.9557470472440945
21
-3.8377161417322836
0
LINE
8
BLACK
6
CONTINUOUS
10
4.9557470472440945
20
-3.8377161417322836
11
4.9557686220472439
21
-3.8479062598425195
0
LINE
8
BLACK
6
CONTINUOUS
10
4.9557686220472439
20
-3.8479062598425195
11
4.9557118897637791
21
-3.8484823228346454
0
LINE
8
BLACK
6
CONTINUOUS
10
4.9557118897637791
20
-3.8484823228346454
11
4.9552709842519684
21
-3.8495467322834647
0
LINE
8
BLACK
6
CONTINUOUS
10
4.9552709842519684
20
-3.8495467322834647
11
4.954456338582677
21
-3.8503613779527557
0
LINE
8
BLACK
6
CONTINUOUS
10
4.954456338582677
20
-3.8503613779527557
11
4.9533919291338577
21
-3.8508022834645668
0
LINE
8
BLACK
6
CONTINUOUS
10
4.9533919291338577
20
-3.8508022834645668
11
4.952239803149606
21
-3.8508022834645668
0
LINE
8
BLACK
6
CONTINUOUS
10
4.952239803149606
20
-3.8508022834645668
11
4.9511753937007876
21
-3.8503613779527557
0
LINE
8
BLACK
6
CONTINUOUS
10
4.9511753937007876
20
-3.8503613779527557
11
4.9503607480314962
21
-3.8495467322834647
0
LINE
8
BLACK
6
CONTINUOUS
10
4.9503607480314962
20
-3.8495467322834647
11
4.9499198425196846
21
-3.8484823228346454
0
LINE
8
BLACK
6
CONTINUOUS
10
4.9499198425196846
20
-3.8484823228346454
11
4.9498970866141727
21
-3.8377294488188975
0
LINE
8
BLACK
6
CONTINUOUS
10
4.9498970866141727
20
-3.8377294488188975
11
4.9471915748031492
21
-3.8377356299212599
0
LINE
8
BLACK
6
CONTINUOUS
10
4.9471915748031492
20
-3.8377356299212599
11
4.9466155118110233
21
-3.8376788976377951
0
LINE
8
BLACK
6
CONTINUOUS
10
4.9466155118110233
20
-3.8376788976377951
11
4.945551102362205
21
-3.837237992125984
0
LINE
8
BLACK
6
CONTINUOUS
10
4.945551102362205
20
-3.837237992125984
11
4.9447364566929135
21
-3.836423346456693
0
LINE
8
BLACK
6
CONTINUOUS
10
4.9447364566929135
20
-3.836423346456693
11
4.944295551181102
21
-3.8353589370078738
0
LINE
8
BLACK
6
CONTINUOUS
10
4.944295551181102
20
-3.8353589370078738
11
4.944295551181102
21
-3.834206811023622
0
LINE
8
BLACK
6
CONTINUOUS
10
4.944295551181102
20
-3.834206811023622
11
4.9447364566929135
21
-3.8331424015748032
0
LINE
8
BLACK
6
CONTINUOUS
10
4.9447364566929135
20
-3.8331424015748032
11
4.945551102362205
21
-3.8323277559055118
0
LINE
8
BLACK
6
CONTINUOUS
10
4.945551102362205
20
-3.8323277559055118
11
4.9466155118110233
21
-3.8318868503937007
0
LINE
8
BLACK
6
CONTINUOUS
10
4.9466155118110233
20
-3.8318868503937007
11
4.9498847244094488
21
-3.8318794094488187
0
LINE
8
BLACK
6
CONTINUOUS
10
4.9498847244094488
20
-3.8318794094488187
11
4.9498631102362207
21
-3.821659527559055
0
LINE
8
BLACK
6
CONTINUOUS
10
4.9498631102362207
20
-3.821659527559055
11
4.9499198425196846
21
-3.8210834645669292
0
LINE
8
BLACK
6
CONTINUOUS
10
4.9499198425196846
20
-3.8210834645669292
11
4.9503607480314962
21
-3.8200190551181104
0
LINE
8
BLACK
6
CONTINUOUS
10
4.9503607480314962
20
-3.8200190551181104
11
4.9511753937007876
21
-3.8192044094488189
0
LINE
8
BLACK
6
CONTINUOUS
10
4.9511753937007876
20
-3.8192044094488189
11
4.952239803149606
21
-3.8187635039370078
0
LINE
8
BLACK
6
CONTINUOUS
10
4.952239803149606
20
-3.8187635039370078
11
4.9533919291338577
21
-3.8187635039370078
0
LINE
8
BLACK
6
CONTINUOUS
10
4.9533919291338577
20
-3.8187635039370078
11
4.954456338582677
21
-3.8192044094488189
0
LINE
8
BLACK
6
CONTINUOUS
10
4.954456338582677
20
-3.8192044094488189
11
4.9552709842519684
21
-3.8200190551181104
0
LINE
8
BLACK
6
CONTINUOUS
10
4.9552709842519684
20
-3.8200190551181104
11
4.9557118897637791
21
-3.8210834645669292
0
LINE
8
BLACK
6
CONTINUOUS
10
4.9557118897637791
20
-3.8210834645669292
11
4.9557346850393698
21
-3.8318661023622047
0
LINE
8
BLACK
6
CONTINUOUS
10
4.9557346850393698
20
-3.8318661023622047
11
4.9675204330708658
21
-3.8318392913385826
0
LINE
8
BLACK
6
CONTINUOUS
10
4.9675204330708658
20
-3.8318392913385826
11
4.9593884645669286
21
-3.8075951574803151
0
LINE
8
BLACK
6
CONTINUOUS
10
4.9593884645669286
20
-3.8075951574803151
11
4.9592601181102358
21
-3.8070307086614172
0
LINE
8
BLACK
6
CONTINUOUS
10
4.9592601181102358
20
-3.8070307086614172
11
4.9593418110236218
21
-3.8058814960629919
0
LINE
8
BLACK
6
CONTINUOUS
10
4.9593418110236218
20
-3.8058814960629919
11
4.9598570078740156
21
-3.8048510629921259
0
LINE
8
BLACK
6
CONTINUOUS
10
4.9598570078740156
20
-3.8048510629921259
11
4.9607273622047243
21
-3.8040961811023619
0
LINE
8
BLACK
6
CONTINUOUS
10
4.9607273622047243
20
-3.8040961811023619
11
4.961820393700787
21
-3.8037318503937008
0
LINE
8
BLACK
6
CONTINUOUS
10
4.961820393700787
20
-3.8037318503937008
11
4.9629696062992128
21
-3.8038135433070863
0
LINE
8
BLACK
6
CONTINUOUS
10
5.3002611023622048
20
-3.8336394094488186
11
5.3013255118110232
21
-3.8340803149606297
0
LINE
8
BLACK
6
CONTINUOUS
10
5.3013255118110232
20
-3.8340803149606297
11
5.3021401574803146
21
-3.8348949606299212
0
LINE
8
BLACK
6
CONTINUOUS
10
5.3021401574803146
20
-3.8348949606299212
11
5.3025810629921262
21
-3.83595937007874
0
LINE
8
BLACK
6
CONTINUOUS
10
5.3025810629921262
20
-3.83595937007874
11
5.3025810629921262
21
-3.8371114960629922
0
LINE
8
BLACK
6
CONTINUOUS
10
5.3025810629921262
20
-3.8371114960629922
11
5.3021401574803146
21
-3.838175905511811
0
LINE
8
BLACK
6
CONTINUOUS
10
5.3021401574803146
20
-3.838175905511811
11
5.3013255118110232
21
-3.8389905511811024
0
LINE
8
BLACK
6
CONTINUOUS
10
5.3013255118110232
20
-3.8389905511811024
11
5.3002611023622048
21
-3.8394314566929131
0
LINE
8
BLACK
6
CONTINUOUS
10
5.3002611023622048
20
-3.8394314566929131
11
5.2603149606299215
21
-3.8394881889763779
0
LINE
8
BLACK
6
CONTINUOUS
10
5.2603149606299215
20
-3.8394881889763779
11
5.2597388976377948
21
-3.8394314566929131
0
LINE
8
BLACK
6
CONTINUOUS
10
5.2597388976377948
20
-3.8394314566929131
11
5.2586744881889764
21
-3.8389905511811024
0
LINE
8
BLACK
6
CONTINUOUS
10
5.2586744881889764
20
-3.8389905511811024
11
5.257859842519685
21
-3.838175905511811
0
LINE
8
BLACK
6
CONTINUOUS
10
5.257859842519685
20
-3.838175905511811
11
5.2574189370078743
21
-3.8371114960629922
0
LINE
8
BLACK
6
CONTINUOUS
10
5.2574189370078743
20
-3.8371114960629922
11
5.2574189370078743
21
-3.83595937007874
0
LINE
8
BLACK
6
CONTINUOUS
10
5.2574189370078743
20
-3.83595937007874
11
5.257859842519685
21
-3.8348949606299212
0
LINE
8
BLACK
6
CONTINUOUS
10
5.257859842519685
20
-3.8348949606299212
11
5.2586744881889764
21
-3.8340803149606297
0
LINE
8
BLACK
6
CONTINUOUS
10
5.2586744881889764
20
-3.8340803149606297
11
5.2597388976377948
21
-3.8336394094488186
0
LINE
8
BLACK
6
CONTINUOUS
10
5.2597388976377948
20
-3.8336394094488186
11
5.299685039370079
21
-3.8335826771653543
0
LINE
8
BLACK
6
CONTINUOUS
10
5.299685039370079
20
-3.8335826771653543
11
5.3002611023622048
21
-3.8336394094488186
0
LINE
8
BLACK
6
CONTINUOUS
10
5.1299475590551182
20
-3.8032141732283464
11
5.1307622047244097
21
-3.8040288188976379
0
LINE
8
BLACK
6
CONTINUOUS
10
5.1307622047244097
20
-3.8040288188976379
11
5.1312031102362203
21
-3.8050932283464567
0
LINE
8
BLACK
6
CONTINUOUS
10
5.1312031102362203
20
-3.8050932283464567
11
5.1312336614173226
21
-3.8084807086614174
0
LINE
8
BLACK
6
CONTINUOUS
10
5.1312336614173226
20
-3.8084807086614174
11
5.2887650393700785
21
-3.8084261811023623
0
LINE
8
BLACK
6
CONTINUOUS
10
5.2887650393700785
20
-3.8084261811023623
11
5.2887401574803148
21
-3.8056692913385826
0
LINE
8
BLACK
6
CONTINUOUS
10
5.2887401574803148
20
-3.8056692913385826
11
5.2887968897637796
21
-3.8050932283464567
0
LINE
8
BLACK
6
CONTINUOUS
10
5.2887968897637796
20
-3.8050932283464567
11
5.2892377952755902
21
-3.8040288188976379
0
LINE
8
BLACK
6
CONTINUOUS
10
5.2892377952755902
20
-3.8040288188976379
11
5.2900524409448817
21
-3.8032141732283464
0
LINE
8
BLACK
6
CONTINUOUS
10
5.2900524409448817
20
-3.8032141732283464
11
5.2911168503937009
21
-3.8027732677165353
0
LINE
8
BLACK
6
CONTINUOUS
10
5.2911168503937009
20
-3.8027732677165353
11
5.2922689763779527
21
-3.8027732677165353
0
LINE
8
BLACK
6
CONTINUOUS
10
5.2922689763779527
20
-3.8027732677165353
11
5.2933333858267719
21
-3.8032141732283464
0
LINE
8
BLACK
6
CONTINUOUS
10
5.2933333858267719
20
-3.8032141732283464
11
5.2941480314960625
21
-3.8040288188976379
0
LINE
8
BLACK
6
CONTINUOUS
10
5.2941480314960625
20
-3.8040288188976379
11
5.294588937007874
21
-3.8050932283464567
0
LINE
8
BLACK
6
CONTINUOUS
10
5.294588937007874
20
-3.8050932283464567
11
5.2946456692913388
21
-3.8113779527559055
0
LINE
8
BLACK
6
CONTINUOUS
10
5.2946456692913388
20
-3.8113779527559055
11
5.294588937007874
21
-3.8119540157480314
0
LINE
8
BLACK
6
CONTINUOUS
10
5.294588937007874
20
-3.8119540157480314
11
5.2941480314960625
21
-3.8130184251968502
0
LINE
8
BLACK
6
CONTINUOUS
10
5.2941480314960625
20
-3.8130184251968502
11
5.2933333858267719
21
-3.8138330708661417
0
LINE
8
BLACK
6
CONTINUOUS
10
5.2933333858267719
20
-3.8138330708661417
11
5.2922689763779527
21
-3.8142739763779527
0
LINE
8
BLACK
6
CONTINUOUS
10
5.2922689763779527
20
-3.8142739763779527
11
5.1283070866141731
21
-3.8143307086614171
0
LINE
8
BLACK
6
CONTINUOUS
10
5.1283070866141731
20
-3.8143307086614171
11
5.1277310236220472
21
-3.8142739763779527
0
LINE
8
BLACK
6
CONTINUOUS
10
5.1277310236220472
20
-3.8142739763779527
11
5.126666614173228
21
-3.8138330708661417
0
LINE
8
BLACK
6
CONTINUOUS
10
5.126666614173228
20
-3.8138330708661417
11
5.1258519685039365
21
-3.8130184251968502
0
LINE
8
BLACK
6
CONTINUOUS
10
5.1258519685039365
20
-3.8130184251968502
11
5.1254110629921259
21
-3.8119540157480314
0
LINE
8
BLACK
6
CONTINUOUS
10
5.1254110629921259
20
-3.8119540157480314
11
5.1253543307086611
21
-3.8056692913385826
0
LINE
8
BLACK
6
CONTINUOUS
10
5.1253543307086611
20
-3.8056692913385826
11
5.1254110629921259
21
-3.8050932283464567
0
LINE
8
BLACK
6
CONTINUOUS
10
5.1254110629921259
20
-3.8050932283464567
11
5.1258519685039365
21
-3.8040288188976379
0
LINE
8
BLACK
6
CONTINUOUS
10
5.1258519685039365
20
-3.8040288188976379
11
5.126666614173228
21
-3.8032141732283464
0
LINE
8
BLACK
6
CONTINUOUS
10
5.126666614173228
20
-3.8032141732283464
11
5.1277310236220472
21
-3.8027732677165353
0
LINE
8
BLACK
6
CONTINUOUS
10
5.1277310236220472
20
-3.8027732677165353
11
5.128883149606299
21
-3.8027732677165353
0
LINE
8
BLACK
6
CONTINUOUS
10
5.128883149606299
20
-3.8027732677165353
11
5.1299475590551182
21
-3.8032141732283464
0
LINE
8
BLACK
6
CONTINUOUS
10
4.8941981102362204
20
-3.7915527952755905
11
4.8952625196850397
21
-3.7919937007874016
0
LINE
8
BLACK
6
CONTINUOUS
10
4.8952625196850397
20
-3.7919937007874016
11
4.8960771653543302
21
-3.7928083464566926
0
LINE
8
BLACK
6
CONTINUOUS
10
4.8960771653543302
20
-3.7928083464566926
11
4.8965180708661418
21
-3.7938727559055119
0
LINE
8
BLACK
6
CONTINUOUS
10
4.8965180708661418
20
-3.7938727559055119
11
4.8965180708661418
21
-3.7950248818897636
0
LINE
8
BLACK
6
CONTINUOUS
10
4.8965180708661418
20
-3.7950248818897636
11
4.8960771653543302
21
-3.7960892913385824
0
LINE
8
BLACK
6
CONTINUOUS
10
4.8960771653543302
20
-3.7960892913385824
11
4.8952625196850397
21
-3.7969039370078739
0
LINE
8
BLACK
6
CONTINUOUS
10
4.8952625196850397
20
-3.7969039370078739
11
4.8941981102362204
21
-3.797344842519685
0
LINE
8
BLACK
6
CONTINUOUS
10
4.8941981102362204
20
-3.797344842519685
11
4.8463779527559057
21
-3.7974015748031493
0
LINE
8
BLACK
6
CONTINUOUS
10
4.8463779527559057
20
-3.7974015748031493
11
4.8458018897637798
21
-3.797344842519685
0
LINE
8
BLACK
6
CONTINUOUS
10
4.8458018897637798
20
-3.797344842519685
11
4.8447374803149605
21
-3.7969039370078739
0
LINE
8
BLACK
6
CONTINUOUS
10
4.8447374803149605
20
-3.7969039370078739
11
4.8439228346456691
21
-3.7960892913385824
0
LINE
8
BLACK
6
CONTINUOUS
10
4.8439228346456691
20
-3.7960892913385824
11
4.8434819291338584
21
-3.7950248818897636
0
LINE
8
BLACK
6
CONTINUOUS
10
4.8434819291338584
20
-3.7950248818897636
11
4.8434819291338584
21
-3.7938727559055119
0
LINE
8
BLACK
6
CONTINUOUS
10
4.8434819291338584
20
-3.7938727559055119
11
4.8439228346456691
21
-3.7928083464566926
0
LINE
8
BLACK
6
CONTINUOUS
10
4.8439228346456691
20
-3.7928083464566926
11
4.8447374803149605
21
-3.7919937007874016
0
LINE
8
BLACK
6
CONTINUOUS
10
4.8447374803149605
20
-3.7919937007874016
11
4.8458018897637798
21
-3.7915527952755905
0
LINE
8
BLACK
6
CONTINUOUS
10
4.8458018897637798
20
-3.7915527952755905
11
4.8936220472440946
21
-3.7914960629921257
0
LINE
8
BLACK
6
CONTINUOUS
10
4.8936220472440946
20
-3.7914960629921257
11
4.8941981102362204
21
-3.7915527952755905
0
LINE
8
BLACK
6
CONTINUOUS
10
5.5895467322834644
20
-3.7641065748031495
11
5.5903614173228346
21
-3.7649212204724409
0
LINE
8
BLACK
6
CONTINUOUS
10
5.5903614173228346
20
-3.7649212204724409
11
5.5906178740157477
21
-3.7655404330708659
0
LINE
8
BLACK
6
CONTINUOUS
10
5.5906178740157477
20
-3.7655404330708659
11
5.5908022834645665
21
-3.7659856299212597
0
LINE
8
BLACK
6
CONTINUOUS
10
5.5908022834645665
20
-3.7659856299212597
11
5.5908590157480313
21
-3.7909336220472438
0
LINE
8
BLACK
6
CONTINUOUS
10
5.5908590157480313
20
-3.7909336220472438
11
5.5908022834645665
21
-3.7915096850393701
0
LINE
8
BLACK
6
CONTINUOUS
10
5.5908022834645665
20
-3.7915096850393701
11
5.5903613779527559
21
-3.7925740944881889
0
LINE
8
BLACK
6
CONTINUOUS
10
5.5903613779527559
20
-3.7925740944881889
11
5.5895467322834644
21
-3.7933887401574804
0
LINE
8
BLACK
6
CONTINUOUS
10
5.5895467322834644
20
-3.7933887401574804
11
5.5884823228346452
21
-3.793829645669291
0
LINE
8
BLACK
6
CONTINUOUS
10
5.5884823228346452
20
-3.793829645669291
11
5.5873301968503934
21
-3.793829645669291
0
LINE
8
BLACK
6
CONTINUOUS
10
5.5873301968503934
20
-3.793829645669291
11
5.5862657874015751
21
-3.7933887401574804
0
LINE
8
BLACK
6
CONTINUOUS
10
5.5862657874015751
20
-3.7933887401574804
11
5.5854511417322836
21
-3.7925740944881889
0
LINE
8
BLACK
6
CONTINUOUS
10
5.5854511417322836
20
-3.7925740944881889
11
5.5850102362204721
21
-3.7915096850393701
0
LINE
8
BLACK
6
CONTINUOUS
10
5.5850102362204721
20
-3.7915096850393701
11
5.5849695275590552
21
-3.7736129133858265
0
LINE
8
BLACK
6
CONTINUOUS
10
5.5849695275590552
20
-3.7736129133858265
11
5.5674969685039368
21
-3.7911467716535432
0
LINE
8
BLACK
6
CONTINUOUS
10
5.5674969685039368
20
-3.7911467716535432
11
5.567049527559055
21
-3.7915139763779528
0
LINE
8
BLACK
6
CONTINUOUS
10
5.567049527559055
20
-3.7915139763779528
11
5.5669514566929132
21
-3.791554566929134
0
LINE
8
BLACK
6
CONTINUOUS
10
5.5669514566929132
20
-3.791554566929134
11
5.5668713385826774
21
-3.7916240944881889
0
LINE
8
BLACK
6
CONTINUOUS
10
5.5668713385826774
20
-3.7916240944881889
11
5.5663610236220471
21
-3.7917991338582677
0
LINE
8
BLACK
6
CONTINUOUS
10
5.5663610236220471
20
-3.7917991338582677
11
5.565985078740157
21
-3.7919548818897635
0
LINE
8
BLACK
6
CONTINUOUS
10
5.565985078740157
20
-3.7919548818897635
11
5.5659070866141729
21
-3.7919548818897635
0
LINE
8
BLACK
6
CONTINUOUS
10
5.5659070866141729
20
-3.7919548818897635
11
5.5607185039370082
21
-3.7937348425196848
0
LINE
8
BLACK
6
CONTINUOUS
10
5.5607185039370082
20
-3.7937348425196848
11
5.560432913385827
21
-3.7937997637795275
0
LINE
8
BLACK
6
CONTINUOUS
10
5.560432913385827
20
-3.7937997637795275
11
5.5603608267716531
21
-3.793829645669291
0
LINE
8
BLACK
6
CONTINUOUS
10
5.5603608267716531
20
-3.793829645669291
11
5.5602979133858268
21
-3.7938304330708661
0
LINE
8
BLACK
6
CONTINUOUS
10
5.5602979133858268
20
-3.7938304330708661
11
5.5601540551181099
21
-3.7938631889763781
0
LINE
8
BLACK
6
CONTINUOUS
10
5.5601540551181099
20
-3.7938631889763781
11
5.5597878740157478
21
-3.7938371259842518
0
LINE
8
BLACK
6
CONTINUOUS
10
5.5597878740157478
20
-3.7938371259842518
11
5.5560352362204721
21
-3.7938863779527559
0
LINE
8
BLACK
6
CONTINUOUS
10
5.5560352362204721
20
-3.7938863779527559
11
5.5554591732283463
21
-3.793829645669291
0
LINE
8
BLACK
6
CONTINUOUS
10
5.5554591732283463
20
-3.793829645669291
11
5.555361181102362
21
-3.7937890551181099
0
LINE
8
BLACK
6
CONTINUOUS
10
5.555361181102362
20
-3.7937890551181099
11
5.5552553149606299
21
-3.7937815354330708
0
LINE
8
BLACK
6
CONTINUOUS
10
5.5552553149606299
20
-3.7937815354330708
11
5.5547435433070866
21
-3.7935331889763777
0
LINE
8
BLACK
6
CONTINUOUS
10
5.5547435433070866
20
-3.7935331889763777
11
5.554394763779527
21
-3.7933887401574804
0
LINE
8
BLACK
6
CONTINUOUS
10
5.554394763779527
20
-3.7933887401574804
11
5.5543466535433073
21
-3.7933406299212598
0
LINE
8
BLACK
6
CONTINUOUS
10
5.5543466535433073
20
-3.7933406299212598
11
5.5509651968503935
21
-3.7916998818897638
0
LINE
8
BLACK
6
CONTINUOUS
10
5.5509651968503935
20
-3.7916998818897638
11
5.5507171653543308
21
-3.7915437795275588
0
LINE
8
BLACK
6
CONTINUOUS
10
5.5507171653543308
20
-3.7915437795275588
11
5.5506452362204719
21
-3.7915139763779528
0
LINE
8
BLACK
6
CONTINUOUS
10
5.5506452362204719
20
-3.7915139763779528
11
5.5505991338582676
21
-3.7914694488188974
0
LINE
8
BLACK
6
CONTINUOUS
10
5.5505991338582676
20
-3.7914694488188974
11
5.5504753149606296
21
-3.7913915354330707
0
LINE
8
BLACK
6
CONTINUOUS
10
5.5504753149606296
20
-3.7913915354330707
11
5.5502535433070861
21
-3.7911358267716535
0
LINE
8
BLACK
6
CONTINUOUS
10
5.5502535433070861
20
-3.7911358267716535
11
5.5483230314960625
21
-3.7892720078740156
0
LINE
8
BLACK
6
CONTINUOUS
10
5.5483230314960625
20
-3.7892720078740156
11
5.5481372440944883
21
-3.7890456299212598
0
LINE
8
BLACK
6
CONTINUOUS
10
5.5481372440944883
20
-3.7890456299212598
11
5.5480782677165354
21
-3.7889944881889761
0
LINE
8
BLACK
6
CONTINUOUS
10
5.5480782677165354
20
-3.7889944881889761
11
5.5480496062992124
21
-3.7889388188976376
0
LINE
8
BLACK
6
CONTINUOUS
10
5.5480496062992124
20
-3.7889388188976376
11
5.5479558267716538
21
-3.7888245669291338
0
LINE
8
BLACK
6
CONTINUOUS
10
5.5479558267716538
20
-3.7888245669291338
11
5.5478121653543306
21
-3.7884777559055118
0
LINE
8
BLACK
6
CONTINUOUS
10
5.5478121653543306
20
-3.7884777559055118
11
5.5458951574803148
21
-3.7847550787401576
0
LINE
8
BLACK
6
CONTINUOUS
10
5.5458951574803148
20
-3.7847550787401576
11
5.5456882677165353
21
-3.7842144488188976
0
LINE
8
BLACK
6
CONTINUOUS
10
5.5456882677165353
20
-3.7842144488188976
11
5.5456807480314962
21
-3.7841086220472442
0
LINE
8
BLACK
6
CONTINUOUS
10
5.5456807480314962
20
-3.7841086220472442
11
5.5456401574803147
21
-3.7840106299212599
0
LINE
8
BLACK
6
CONTINUOUS
10
5.5456401574803147
20
-3.7840106299212599
11
5.5456372047244091
21
-3.783496023622047
0
LINE
8
BLACK
6
CONTINUOUS
10
5.5456372047244091
20
-3.783496023622047
11
5.5456066141732281
21
-3.7830652362204722
0
LINE
8
BLACK
6
CONTINUOUS
10
5.5456066141732281
20
-3.7830652362204722
11
5.5456342913385823
21
-3.7829821653543307
0
LINE
8
BLACK
6
CONTINUOUS
10
5.5456342913385823
20
-3.7829821653543307
11
5.5455834251968499
21
-3.7740607480314958
0
LINE
8
BLACK
6
CONTINUOUS
10
5.5455834251968499
20
-3.7740607480314958
11
5.5456401574803147
21
-3.77348468503937
0
LINE
8
BLACK
6
CONTINUOUS
10
5.5456401574803147
20
-3.77348468503937
11
5.5456807480314962
21
-3.7733866535433069
0
LINE
8
BLACK
6
CONTINUOUS
10
5.5456807480314962
20
-3.7733866535433069
11
5.5456882677165353
21
-3.7732808661417323
0
LINE
8
BLACK
6
CONTINUOUS
10
5.5456882677165353
20
-3.7732808661417323
11
5.545936456692913
21
-3.7727692913385824
0
LINE
8
BLACK
6
CONTINUOUS
10
5.545936456692913
20
-3.7727692913385824
11
5.5460810629921262
21
-3.7724202755905512
0
LINE
8
BLACK
6
CONTINUOUS
10
5.5460810629921262
20
-3.7724202755905512
11
5.546129173228346
21
-3.7723721259842518
0
LINE
8
BLACK
6
CONTINUOUS
10
5.546129173228346
20
-3.7723721259842518
11
5.5477699212598424
21
-3.7689907086614172
0
LINE
8
BLACK
6
CONTINUOUS
10
5.5477699212598424
20
-3.7689907086614172
11
5.5479259842519681
21
-3.768742677165354
0
LINE
8
BLACK
6
CONTINUOUS
10
5.5479259842519681
20
-3.768742677165354
11
5.5479558267716538
21
-3.768670748031496
0
LINE
8
BLACK
6
CONTINUOUS
10
5.5479558267716538
20
-3.768670748031496
11
5.5480003149606301
21
-3.7686246456692913
0
LINE
8
BLACK
6
CONTINUOUS
10
5.5480003149606301
20
-3.7686246456692913
11
5.5480782677165354
21
-3.7685008267716533
0
LINE
8
BLACK
6
CONTINUOUS
10
5.5480782677165354
20
-3.7685008267716533
11
5.5483339370078735
21
-3.7682790551181102
0
LINE
8
BLACK
6
CONTINUOUS
10
5.5483339370078735
20
-3.7682790551181102
11
5.5501977952755901
21
-3.7663485433070867
0
LINE
8
BLACK
6
CONTINUOUS
10
5.5501977952755901
20
-3.7663485433070867
11
5.5506452362204719
21
-3.765981338582677
0
LINE
8
BLACK
6
CONTINUOUS
10
5.5506452362204719
20
-3.765981338582677
11
5.5517096456692911
21
-3.7655404330708659
0
LINE
8
BLACK
6
CONTINUOUS
10
5.5517096456692911
20
-3.7655404330708659
11
5.5528617322834641
21
-3.7655404330708659
0
LINE
8
BLACK
6
CONTINUOUS
10
5.5528617322834641
20
-3.7655404330708659
11
5.5539261417322834
21
-3.765981338582677
0
LINE
8
BLACK
6
CONTINUOUS
10
5.5539261417322834
20
-3.765981338582677
11
5.5547408267716536
21
-3.7667960236220472
0
LINE
8
BLACK
6
CONTINUOUS
10
5.5547408267716536
20
-3.7667960236220472
11
5.5551817322834642
21
-3.767860433070866
0
LINE
8
BLACK
6
CONTINUOUS
10
5.5551817322834642
20
-3.767860433070866
11
5.5551817322834642
21
-3.7690125196850395
0
LINE
8
BLACK
6
CONTINUOUS
10
5.5551817322834642
20
-3.7690125196850395
11
5.5547408267716536
21
-3.7700769291338583
0
LINE
8
BLACK
6
CONTINUOUS
10
5.5547408267716536
20
-3.7700769291338583
11
5.5527508267716534
21
-3.7721381102362206
0
LINE
8
BLACK
6
CONTINUOUS
10
5.5527508267716534
20
-3.7721381102362206
11
5.551439921259842
21
-3.7748397637795277
0
LINE
8
BLACK
6
CONTINUOUS
10
5.551439921259842
20
-3.7748397637795277
11
5.5514854330708658
21
-3.7828214960629922
0
LINE
8
BLACK
6
CONTINUOUS
10
5.5514854330708658
20
-3.7828214960629922
11
5.5528792519685037
21
-3.7855282283464566
0
LINE
8
BLACK
6
CONTINUOUS
10
5.5528792519685037
20
-3.7855282283464566
11
5.5541126377952752
21
-3.7867189763779527
0
LINE
8
BLACK
6
CONTINUOUS
10
5.5541126377952752
20
-3.7867189763779527
11
5.5567940944881888
21
-3.7880200787401574
0
LINE
8
BLACK
6
CONTINUOUS
10
5.5567940944881888
20
-3.7880200787401574
11
5.5594388188976378
21
-3.7879853937007875
0
LINE
8
BLACK
6
CONTINUOUS
10
5.5594388188976378
20
-3.7879853937007875
11
5.5639212204724409
21
-3.7864476771653544
0
LINE
8
BLACK
6
CONTINUOUS
10
5.5639212204724409
20
-3.7864476771653544
11
5.5858183464566924
21
-3.7644737795275591
0
LINE
8
BLACK
6
CONTINUOUS
10
5.5858183464566924
20
-3.7644737795275591
11
5.5862657874015751
21
-3.7641065354330707
0
LINE
8
BLACK
6
CONTINUOUS
10
5.5862657874015751
20
-3.7641065354330707
11
5.5870184251968507
21
-3.7637947637795275
0
LINE
8
BLACK
6
CONTINUOUS
10
5.5870184251968507
20
-3.7637947637795275
11
5.5873301968503934
21
-3.7636656692913384
0
LINE
8
BLACK
6
CONTINUOUS
10
5.5873301968503934
20
-3.7636656692913384
11
5.5884823228346452
21
-3.7636656692913384
0
LINE
8
BLACK
6
CONTINUOUS
10
5.5884823228346452
20
-3.7636656692913384
11
5.5895467322834644
21
-3.7641065748031495
0
LINE
8
BLACK
6
CONTINUOUS
10
5.6301766535433071
20
-3.7641065748031495
11
5.6309912992125986
21
-3.7649212204724409
0
LINE
8
BLACK
6
CONTINUOUS
10
5.6309912992125986
20
-3.7649212204724409
11
5.6314322047244092
21
-3.7659856299212597
0
LINE
8
BLACK
6
CONTINUOUS
10
5.6314322047244092
20
-3.7659856299212597
11
5.6314742519685037
21
-3.7844887401574803
0
LINE
8
BLACK
6
CONTINUOUS
10
5.6314742519685037
20
-3.7844887401574803
11
5.6415898818897636
21
-3.7755881102362205
0
LINE
8
BLACK
6
CONTINUOUS
10
5.6415898818897636
20
-3.7755881102362205
11
5.6418388582677164
21
-3.7754100787401574
0
LINE
8
BLACK
6
CONTINUOUS
10
5.6418388582677164
20
-3.7754100787401574
11
5.6418938188976373
21
-3.7753551574803148
0
LINE
8
BLACK
6
CONTINUOUS
10
5.6418938188976373
20
-3.7753551574803148
11
5.6419459055118111
21
-3.7753335433070867
0
LINE
8
BLACK
6
CONTINUOUS
10
5.6419459055118111
20
-3.7753335433070867
11
5.6420607874015749
21
-3.7752514566929132
0
LINE
8
BLACK
6
CONTINUOUS
10
5.6420607874015749
20
-3.7752514566929132
11
5.6425149999999995
21
-3.7750978346456692
0
LINE
8
BLACK
6
CONTINUOUS
10
5.6425149999999995
20
-3.7750978346456692
11
5.6429582283464566
21
-3.7749142519685037
0
LINE
8
BLACK
6
CONTINUOUS
10
5.6429582283464566
20
-3.7749142519685037
11
5.6430578740157475
21
-3.7749142519685037
0
LINE
8
BLACK
6
CONTINUOUS
10
5.6430578740157475
20
-3.7749142519685037
11
5.6431521653543308
21
-3.7748823622047243
0
LINE
8
BLACK
6
CONTINUOUS
10
5.6431521653543308
20
-3.7748823622047243
11
5.64363062992126
21
-3.7749142519685037
0
LINE
8
BLACK
6
CONTINUOUS
10
5.64363062992126
20
-3.7749142519685037
11
5.6441103543307083
21
-3.7749142519685037
0
LINE
8
BLACK
6
CONTINUOUS
10
5.6441103543307083
20
-3.7749142519685037
11
5.6442023228346452
21
-3.7749523228346455
0
LINE
8
BLACK
6
CONTINUOUS
10
5.6442023228346452
20
-3.7749523228346455
11
5.6443016929133858
21
-3.7749589763779525
0
LINE
8
BLACK
6
CONTINUOUS
10
5.6443016929133858
20
-3.7749589763779525
11
5.6447318110236218
21
-3.7751716535433069
0
LINE
8
BLACK
6
CONTINUOUS
10
5.6447318110236218
20
-3.7751716535433069
11
5.6451747637795275
21
-3.7753551574803148
0
LINE
8
BLACK
6
CONTINUOUS
10
5.6451747637795275
20
-3.7753551574803148
11
5.6452450787401576
21
-3.7754254724409448
0
LINE
8
BLACK
6
CONTINUOUS
10
5.6452450787401576
20
-3.7754254724409448
11
5.6453344488188977
21
-3.7754696850393699
0
LINE
8
BLACK
6
CONTINUOUS
10
5.6453344488188977
20
-3.7754696850393699
11
5.6456503937007874
21
-3.7758307874015746
0
LINE
8
BLACK
6
CONTINUOUS
10
5.6456503937007874
20
-3.7758307874015746
11
5.645989409448819
21
-3.7761698031496063
0
LINE
8
BLACK
6
CONTINUOUS
10
5.645989409448819
20
-3.7761698031496063
11
5.6460275196850391
21
-3.7762617716535432
0
LINE
8
BLACK
6
CONTINUOUS
10
5.6460275196850391
20
-3.7762617716535432
11
5.6460931102362206
21
-3.7763367716535434
0
LINE
8
BLACK
6
CONTINUOUS
10
5.6460931102362206
20
-3.7763367716535434
11
5.6462466929133859
21
-3.7767909842519685
0
LINE
8
BLACK
6
CONTINUOUS
10
5.6462466929133859
20
-3.7767909842519685
11
5.6464303149606296
21
-3.7772342125984251
0
LINE
8
BLACK
6
CONTINUOUS
10
5.6464303149606296
20
-3.7772342125984251
11
5.6464312204724409
21
-3.7773366141732283
0
LINE
8
BLACK
6
CONTINUOUS
10
5.6464312204724409
20
-3.7773366141732283
11
5.6464622047244095
21
-3.7774281496062989
0
LINE
8
BLACK
6
CONTINUOUS
10
5.6464622047244095
20
-3.7774281496062989
11
5.646435708661417
21
-3.7778254330708663
0
LINE
8
BLACK
6
CONTINUOUS
10
5.646435708661417
20
-3.7778254330708663
11
5.6464813779527558
21
-3.7828173228346458
0
LINE
8
BLACK
6
CONTINUOUS
10
5.6464813779527558
20
-3.7828173228346458
11
5.6478773622047242
21
-3.7855282283464566
0
LINE
8
BLACK
6
CONTINUOUS
10
5.6478773622047242
20
-3.7855282283464566
11
5.6491107480314957
21
-3.7867189763779527
0
LINE
8
BLACK
6
CONTINUOUS
10
5.6491107480314957
20
-3.7867189763779527
11
5.6518123622047245
21
-3.788029842519685
0
LINE
8
BLACK
6
CONTINUOUS
10
5.6518123622047245
20
-3.788029842519685
11
5.6597940944881886
21
-3.7879843307086611
0
LINE
8
BLACK
6
CONTINUOUS
10
5.6597940944881886
20
-3.7879843307086611
11
5.6625008267716535
21
-3.7865904724409449
0
LINE
8
BLACK
6
CONTINUOUS
10
5.6625008267716535
20
-3.7865904724409449
11
5.6636916141732279
21
-3.7853571259842518
0
LINE
8
BLACK
6
CONTINUOUS
10
5.6636916141732279
20
-3.7853571259842518
11
5.665003700787401
21
-3.7826529921259842
0
LINE
8
BLACK
6
CONTINUOUS
10
5.665003700787401
20
-3.7826529921259842
11
5.6649564173228342
21
-3.7727979133858267
0
LINE
8
BLACK
6
CONTINUOUS
10
5.6649564173228342
20
-3.7727979133858267
11
5.6635631496062988
21
-3.7700923228346457
0
LINE
8
BLACK
6
CONTINUOUS
10
5.6635631496062988
20
-3.7700923228346457
11
5.6620688188976374
21
-3.7686496456692913
0
LINE
8
BLACK
6
CONTINUOUS
10
5.6620688188976374
20
-3.7686496456692913
11
5.6617015748031498
21
-3.7682021653543307
0
LINE
8
BLACK
6
CONTINUOUS
10
5.6617015748031498
20
-3.7682021653543307
11
5.6612606692913383
21
-3.7671377559055119
0
LINE
8
BLACK
6
CONTINUOUS
10
5.6612606692913383
20
-3.7671377559055119
11
5.6612606692913383
21
-3.7659856692913385
0
LINE
8
BLACK
6
CONTINUOUS
10
5.6612606692913383
20
-3.7659856692913385
11
5.6617015354330711
21
-3.7649212598425197
0
LINE
8
BLACK
6
CONTINUOUS
10
5.6617015354330711
20
-3.7649212598425197
11
5.6625162204724404
21
-3.7641065748031495
0
LINE
8
BLACK
6
CONTINUOUS
10
5.6625162204724404
20
-3.7641065748031495
11
5.6635806299212597
21
-3.7636656692913384
0
LINE
8
BLACK
6
CONTINUOUS
10
5.6635806299212597
20
-3.7636656692913384
11
5.6647327165354326
21
-3.7636656692913384
0
LINE
8
BLACK
6
CONTINUOUS
10
5.6647327165354326
20
-3.7636656692913384
11
5.6657971259842519
21
-3.7641065354330707
0
LINE
8
BLACK
6
CONTINUOUS
10
5.6657971259842519
20
-3.7641065354330707
11
5.66811937007874
21
-3.7663485039370079
0
LINE
8
BLACK
6
CONTINUOUS
10
5.66811937007874
20
-3.7663485039370079
11
5.6683051181102364
21
-3.766574842519685
0
LINE
8
BLACK
6
CONTINUOUS
10
5.6683051181102364
20
-3.766574842519685
11
5.6683641732283467
21
-3.7666260629921258
0
LINE
8
BLACK
6
CONTINUOUS
10
5.6683641732283467
20
-3.7666260629921258
11
5.6683927952755901
21
-3.7666816929133859
0
LINE
8
BLACK
6
CONTINUOUS
10
5.6683927952755901
20
-3.7666816929133859
11
5.6684866141732284
21
-3.7667959842519685
0
LINE
8
BLACK
6
CONTINUOUS
10
5.6684866141732284
20
-3.7667959842519685
11
5.6686302755905507
21
-3.7671428346456692
0
LINE
8
BLACK
6
CONTINUOUS
10
5.6686302755905507
20
-3.7671428346456692
11
5.6705472834645665
21
-3.7708654724409447
0
LINE
8
BLACK
6
CONTINUOUS
10
5.6705472834645665
20
-3.7708654724409447
11
5.670754173228346
21
-3.771406062992126
0
LINE
8
BLACK
6
CONTINUOUS
10
5.670754173228346
20
-3.771406062992126
11
5.6707616929133859
21
-3.7715119291338581
0
LINE
8
BLACK
6
CONTINUOUS
10
5.6707616929133859
20
-3.7715119291338581
11
5.6708022834645666
21
-3.7716099212598424
0
LINE
8
BLACK
6
CONTINUOUS
10
5.6708022834645666
20
-3.7716099212598424
11
5.6708046850393696
21
-3.7721174409448817
0
LINE
8
BLACK
6
CONTINUOUS
10
5.6708046850393696
20
-3.7721174409448817
11
5.6708358267716532
21
-3.7725552755905509
0
LINE
8
BLACK
6
CONTINUOUS
10
5.6708358267716532
20
-3.7725552755905509
11
5.6708072047244089
21
-3.7726410629921259
0
LINE
8
BLACK
6
CONTINUOUS
10
5.6708072047244089
20
-3.7726410629921259
11
5.6708590157480314
21
-3.7834345669291336
0
LINE
8
BLACK
6
CONTINUOUS
10
5.6708590157480314
20
-3.7834345669291336
11
5.6708022834645666
21
-3.7840106299212599
0
LINE
8
BLACK
6
CONTINUOUS
10
5.6708022834645666
20
-3.7840106299212599
11
5.6707616929133859
21
-3.7841085826771654
0
LINE
8
BLACK
6
CONTINUOUS
10
5.6707616929133859
20
-3.7841085826771654
11
5.670754173228346
21
-3.7842144881889763
0
LINE
8
BLACK
6
CONTINUOUS
10
5.670754173228346
20
-3.7842144881889763
11
5.6705058267716533
21
-3.7847262204724408
0
LINE
8
BLACK
6
CONTINUOUS
10
5.6705058267716533
20
-3.7847262204724408
11
5.670361377952756
21
-3.7850750393700787
0
LINE
8
BLACK
6
CONTINUOUS
10
5.670361377952756
20
-3.7850750393700787
11
5.6703132677165353
21
-3.7851231102362202
0
LINE
8
BLACK
6
CONTINUOUS
10
5.6703132677165353
20
-3.7851231102362202
11
5.6686725196850389
21
-3.7885046062992127
0
LINE
8
BLACK
6
CONTINUOUS
10
5.6686725196850389
20
-3.7885046062992127
11
5.6685164173228344
21
-3.7887525984251966
0
LINE
8
BLACK
6
CONTINUOUS
10
5.6685164173228344
20
-3.7887525984251966
11
5.6684866141732284
21
-3.7888245669291338
0
LINE
8
BLACK
6
CONTINUOUS
10
5.6684866141732284
20
-3.7888245669291338
11
5.6684420866141734
21
-3.7888706299212598
0
LINE
8
BLACK
6
CONTINUOUS
10
5.6684420866141734
20
-3.7888706299212598
11
5.6683641732283467
21
-3.7889944881889761
0
LINE
8
BLACK
6
CONTINUOUS
10
5.6683641732283467
20
-3.7889944881889761
11
5.6681083858267716
21
-3.7892162598425196
0
LINE
8
BLACK
6
CONTINUOUS
10
5.6681083858267716
20
-3.7892162598425196
11
5.6662445669291337
21
-3.7911468110236219
0
LINE
8
BLACK
6
CONTINUOUS
10
5.6662445669291337
20
-3.7911468110236219
11
5.6660182283464566
21
-3.7913325196850391
0
LINE
8
BLACK
6
CONTINUOUS
10
5.6660182283464566
20
-3.7913325196850391
11
5.6659670866141729
21
-3.7913915354330707
0
LINE
8
BLACK
6
CONTINUOUS
10
5.6659670866141729
20
-3.7913915354330707
11
5.6659114566929132
21
-3.791420157480315
0
LINE
8
BLACK
6
CONTINUOUS
10
5.6659114566929132
20
-3.791420157480315
11
5.6657971259842519
21
-3.7915140157480316
0
LINE
8
BLACK
6
CONTINUOUS
10
5.6657971259842519
20
-3.7915140157480316
11
5.6654501968503936
21
-3.7916576771653543
0
LINE
8
BLACK
6
CONTINUOUS
10
5.6654501968503936
20
-3.7916576771653543
11
5.661727677165354
21
-3.7935746456692914
0
LINE
8
BLACK
6
CONTINUOUS
10
5.661727677165354
20
-3.7935746456692914
11
5.6611870472440939
21
-3.7937815354330708
0
LINE
8
BLACK
6
CONTINUOUS
10
5.6611870472440939
20
-3.7937815354330708
11
5.6610812204724406
21
-3.7937890157480316
0
LINE
8
BLACK
6
CONTINUOUS
10
5.6610812204724406
20
-3.7937890157480316
11
5.6609832283464563
21
-3.793829645669291
0
LINE
8
BLACK
6
CONTINUOUS
10
5.6609832283464563
20
-3.793829645669291
11
5.6604686220472438
21
-3.7938325590551178
0
LINE
8
BLACK
6
CONTINUOUS
10
5.6604686220472438
20
-3.7938325590551178
11
5.660037834645669
21
-3.7938631889763781
0
LINE
8
BLACK
6
CONTINUOUS
10
5.660037834645669
20
-3.7938631889763781
11
5.6599547637795276
21
-3.7938354724409447
0
LINE
8
BLACK
6
CONTINUOUS
10
5.6599547637795276
20
-3.7938354724409447
11
5.6510333464566926
21
-3.7938863779527559
0
LINE
8
BLACK
6
CONTINUOUS
10
5.6510333464566926
20
-3.7938863779527559
11
5.6504572834645668
21
-3.793829645669291
0
LINE
8
BLACK
6
CONTINUOUS
10
5.6504572834645668
20
-3.793829645669291
11
5.6503592913385825
21
-3.7937890551181099
0
LINE
8
BLACK
6
CONTINUOUS
10
5.6503592913385825
20
-3.7937890551181099
11
5.6502534251968504
21
-3.7937815354330708
0
LINE
8
BLACK
6
CONTINUOUS
10
5.6502534251968504
20
-3.7937815354330708
11
5.6497416535433072
21
-3.7935331889763777
0
LINE
8
BLACK
6
CONTINUOUS
10
5.6497416535433072
20
-3.7935331889763777
11
5.6493928740157475
21
-3.7933887401574804
0
LINE
8
BLACK
6
CONTINUOUS
10
5.6493928740157475
20
-3.7933887401574804
11
5.6493447637795278
21
-3.7933406299212598
0
LINE
8
BLACK
6
CONTINUOUS
10
5.6493447637795278
20
-3.7933406299212598
11
5.645963307086614
21
-3.7916998818897638
0
LINE
8
BLACK
6
CONTINUOUS
10
5.645963307086614
20
-3.7916998818897638
11
5.6457152755905513
21
-3.7915437795275588
0
LINE
8
BLACK
6
CONTINUOUS
10
5.6457152755905513
20
-3.7915437795275588
11
5.6456433464566924
21
-3.7915139763779528
0
LINE
8
BLACK
6
CONTINUOUS
10
5.6456433464566924
20
-3.7915139763779528
11
5.6455972440944882
21
-3.7914694488188974
0
LINE
8
BLACK
6
CONTINUOUS
10
5.6455972440944882
20
-3.7914694488188974
11
5.6454734251968501
21
-3.7913915354330707
0
LINE
8
BLACK
6
CONTINUOUS
10
5.6454734251968501
20
-3.7913915354330707
11
5.6452516535433066
21
-3.7911358267716535
0
LINE
8
BLACK
6
CONTINUOUS
10
5.6452516535433066
20
-3.7911358267716535
11
5.6433211417322831
21
-3.7892720078740156
0
LINE
8
BLACK
6
CONTINUOUS
10
5.6433211417322831
20
-3.7892720078740156
11
5.6431353543307088
21
-3.7890456299212598
0
LINE
8
BLACK
6
CONTINUOUS
10
5.6431353543307088
20
-3.7890456299212598
11
5.643076377952756
21
-3.7889944881889761
0
LINE
8
BLACK
6
CONTINUOUS
10
5.643076377952756
20
-3.7889944881889761
11
5.6430477165354329
21
-3.7889388188976376
0
LINE
8
BLACK
6
CONTINUOUS
10
5.6430477165354329
20
-3.7889388188976376
11
5.6429539370078743
21
-3.7888245669291338
0
LINE
8
BLACK
6
CONTINUOUS
10
5.6429539370078743
20
-3.7888245669291338
11
5.6428102755905512
21
-3.7884777559055118
0
LINE
8
BLACK
6
CONTINUOUS
10
5.6428102755905512
20
-3.7884777559055118
11
5.6408932677165353
21
-3.7847550787401576
0
LINE
8
BLACK
6
CONTINUOUS
10
5.6408932677165353
20
-3.7847550787401576
11
5.6406863779527558
21
-3.7842144488188976
0
LINE
8
BLACK
6
CONTINUOUS
10
5.6406863779527558
20
-3.7842144488188976
11
5.6406837795275591
21
-3.7841779921259842
0
LINE
8
BLACK
6
CONTINUOUS
10
5.6406837795275591
20
-3.7841779921259842
11
5.6304805905511808
21
-3.7931557874015747
0
LINE
8
BLACK
6
CONTINUOUS
10
5.6304805905511808
20
-3.7931557874015747
11
5.6302315748031493
21
-3.793333779527559
0
LINE
8
BLACK
6
CONTINUOUS
10
5.6302315748031493
20
-3.793333779527559
11
5.6301766535433071
21
-3.7933887401574804
0
LINE
8
BLACK
6
CONTINUOUS
10
5.6301766535433071
20
-3.7933887401574804
11
5.6301245275590546
21
-3.7934103149606297
0
LINE
8
BLACK
6
CONTINUOUS
10
5.6301245275590546
20
-3.7934103149606297
11
5.6300096850393704
21
-3.7934924409448816
0
LINE
8
BLACK
6
CONTINUOUS
10
5.6300096850393704
20
-3.7934924409448816
11
5.6295554330708661
21
-3.7936460236220473
0
LINE
8
BLACK
6
CONTINUOUS
10
5.6295554330708661
20
-3.7936460236220473
11
5.6291122440944878
21
-3.793829645669291
0
LINE
8
BLACK
6
CONTINUOUS
10
5.6291122440944878
20
-3.793829645669291
11
5.6290125984251969
21
-3.793829645669291
0
LINE
8
BLACK
6
CONTINUOUS
10
5.6290125984251969
20
-3.793829645669291
11
5.6289183070866144
21
-3.7938615354330709
0
LINE
8
BLACK
6
CONTINUOUS
10
5.6289183070866144
20
-3.7938615354330709
11
5.6284398425196853
21
-3.793829645669291
0
LINE
8
BLACK
6
CONTINUOUS
10
5.6284398425196853
20
-3.793829645669291
11
5.6279601181102361
21
-3.793829645669291
0
LINE
8
BLACK
6
CONTINUOUS
10
5.6279601181102361
20
-3.793829645669291
11
5.6278681102362205
21
-3.7937915354330709
0
LINE
8
BLACK
6
CONTINUOUS
10
5.6278681102362205
20
-3.7937915354330709
11
5.6277687795275586
21
-3.7937849212598422
0
LINE
8
BLACK
6
CONTINUOUS
10
5.6277687795275586
20
-3.7937849212598422
11
5.6273386220472439
21
-3.7935722047244091
0
LINE
8
BLACK
6
CONTINUOUS
10
5.6273386220472439
20
-3.7935722047244091
11
5.6268957086614169
21
-3.7933887401574804
0
LINE
8
BLACK
6
CONTINUOUS
10
5.6268957086614169
20
-3.7933887401574804
11
5.626825354330709
21
-3.7933183858267716
0
LINE
8
BLACK
6
CONTINUOUS
10
5.626825354330709
20
-3.7933183858267716
11
5.6267360236220467
21
-3.7932742125984249
0
LINE
8
BLACK
6
CONTINUOUS
10
5.6267360236220467
20
-3.7932742125984249
11
5.6264200393700783
21
-3.7929130708661418
0
LINE
8
BLACK
6
CONTINUOUS
10
5.6264200393700783
20
-3.7929130708661418
11
5.6260810629921263
21
-3.7925740944881889
0
LINE
8
BLACK
6
CONTINUOUS
10
5.6260810629921263
20
-3.7925740944881889
11
5.6260429133858265
21
-3.7924820866141733
0
LINE
8
BLACK
6
CONTINUOUS
10
5.6260429133858265
20
-3.7924820866141733
11
5.6259773622047247
21
-3.7924071259842518
0
LINE
8
BLACK
6
CONTINUOUS
10
5.6259773622047247
20
-3.7924071259842518
11
5.6258237401574798
21
-3.791952874015748
0
LINE
8
BLACK
6
CONTINUOUS
10
5.6258237401574798
20
-3.791952874015748
11
5.6256401574803148
21
-3.7915096850393701
0
LINE
8
BLACK
6
CONTINUOUS
10
5.6256401574803148
20
-3.7915096850393701
11
5.6256399212598422
21
-3.7914093307086612
0
LINE
8
BLACK
6
CONTINUOUS
10
5.6256399212598422
20
-3.7914093307086612
11
5.6256082677165349
21
-3.7913157480314958
0
LINE
8
BLACK
6
CONTINUOUS
10
5.6256082677165349
20
-3.7913157480314958
11
5.625638661417323
21
-3.7908594488188974
0
LINE
8
BLACK
6
CONTINUOUS
10
5.625638661417323
20
-3.7908594488188974
11
5.62558342519685
21
-3.7665616929133856
0
LINE
8
BLACK
6
CONTINUOUS
10
5.62558342519685
20
-3.7665616929133856
11
5.6256401574803148
21
-3.7659856299212597
0
LINE
8
BLACK
6
CONTINUOUS
10
5.6256401574803148
20
-3.7659856299212597
11
5.6260810629921263
21
-3.7649212204724409
0
LINE
8
BLACK
6
CONTINUOUS
10
5.6260810629921263
20
-3.7649212204724409
11
5.6268957086614169
21
-3.7641065748031495
0
LINE
8
BLACK
6
CONTINUOUS
10
5.6268957086614169
20
-3.7641065748031495
11
5.6279601181102361
21
-3.7636656692913384
0
LINE
8
BLACK
6
CONTINUOUS
10
5.6279601181102361
20
-3.7636656692913384
11
5.6291122440944878
21
-3.7636656692913384
0
LINE
8
BLACK
6
CONTINUOUS
10
5.6291122440944878
20
-3.7636656692913384
11
5.6301766535433071
21
-3.7641065748031495
0
LINE
8
BLACK
6
CONTINUOUS
10
4.7541981102362207
20
-3.7865527952755906
11
4.7552625196850391
21
-3.7869937007874013
0
LINE
8
BLACK
6
CONTINUOUS
10
4.7552625196850391
20
-3.7869937007874013
11
4.7560771653543306
21
-3.7878083464566927
0
LINE
8
BLACK
6
CONTINUOUS
10
4.7560771653543306
20
-3.7878083464566927
11
4.7565180708661412
21
-3.7888727559055115
0
LINE
8
BLACK
6
CONTINUOUS
10
4.7565180708661412
20
-3.7888727559055115
11
4.7565180708661412
21
-3.7900248818897637
0
LINE
8
BLACK
6
CONTINUOUS
10
4.7565180708661412
20
-3.7900248818897637
11
4.7560771653543306
21
-3.7910892913385825
0
LINE
8
BLACK
6
CONTINUOUS
10
4.7560771653543306
20
-3.7910892913385825
11
4.7552625196850391
21
-3.791903937007874
0
LINE
8
BLACK
6
CONTINUOUS
10
4.7552625196850391
20
-3.791903937007874
11
4.7541981102362207
21
-3.7923448425196851
0
LINE
8
BLACK
6
CONTINUOUS
10
4.7541981102362207
20
-3.7923448425196851
11
4.7063779527559051
21
-3.7924015748031494
0
LINE
8
BLACK
6
CONTINUOUS
10
4.7063779527559051
20
-3.7924015748031494
11
4.7058018897637792
21
-3.7923448425196851
0
LINE
8
BLACK
6
CONTINUOUS
10
4.7058018897637792
20
-3.7923448425196851
11
4.7047374803149609
21
-3.791903937007874
0
LINE
8
BLACK
6
CONTINUOUS
10
4.7047374803149609
20
-3.791903937007874
11
4.7039228346456694
21
-3.7910892913385825
0
LINE
8
BLACK
6
CONTINUOUS
10
4.7039228346456694
20
-3.7910892913385825
11
4.7034819291338579
21
-3.7900248818897637
0
LINE
8
BLACK
6
CONTINUOUS
10
4.7034819291338579
20
-3.7900248818897637
11
4.7034819291338579
21
-3.7888727559055115
0
LINE
8
BLACK
6
CONTINUOUS
10
4.7034819291338579
20
-3.7888727559055115
11
4.7039228346456694
21
-3.7878083464566927
0
LINE
8
BLACK
6
CONTINUOUS
10
4.7039228346456694
20
-3.7878083464566927
11
4.7047374803149609
21
-3.7869937007874013
0
LINE
8
BLACK
6
CONTINUOUS
10
4.7047374803149609
20
-3.7869937007874013
11
4.7058018897637792
21
-3.7865527952755906
0
LINE
8
BLACK
6
CONTINUOUS
10
4.7058018897637792
20
-3.7865527952755906
11
4.753622047244094
21
-3.7864960629921258
0
LINE
8
BLACK
6
CONTINUOUS
10
4.753622047244094
20
-3.7864960629921258
11
4.7541981102362207
21
-3.7865527952755906
0
LINE
8
BLACK
6
CONTINUOUS
10
5.1934055118110232
20
-3.7447713385826771
11
5.1965477559055113
21
-3.7474080314960627
0
LINE
8
BLACK
6
CONTINUOUS
10
5.1965477559055113
20
-3.7474080314960627
11
5.1985987401574798
21
-3.7509603937007872
0
LINE
8
BLACK
6
CONTINUOUS
10
5.1985987401574798
20
-3.7509603937007872
11
5.1993110236220472
21
-3.7549999999999999
0
LINE
8
BLACK
6
CONTINUOUS
10
5.1993110236220472
20
-3.7549999999999999
11
5.1985987401574798
21
-3.7590396062992126
0
LINE
8
BLACK
6
CONTINUOUS
10
5.1985987401574798
20
-3.7590396062992126
11
5.1965477559055113
21
-3.7625919685039371
0
LINE
8
BLACK
6
CONTINUOUS
10
5.1965477559055113
20
-3.7625919685039371
11
5.1934055118110232
21
-3.7652286614173227
0
LINE
8
BLACK
6
CONTINUOUS
10
5.1934055118110232
20
-3.7652286614173227
11
5.1895509448818897
21
-3.7666315748031494
0
LINE
8
BLACK
6
CONTINUOUS
10
5.1895509448818897
20
-3.7666315748031494
11
5.1854490551181103
21
-3.7666315748031494
0
LINE
8
BLACK
6
CONTINUOUS
10
5.1854490551181103
20
-3.7666315748031494
11
5.1815944881889759
21
-3.7652286614173227
0
LINE
8
BLACK
6
CONTINUOUS
10
5.1815944881889759
20
-3.7652286614173227
11
5.1784522440944878
21
-3.7625919685039371
0
LINE
8
BLACK
6
CONTINUOUS
10
5.1784522440944878
20
-3.7625919685039371
11
5.1764012598425193
21
-3.7590396062992126
0
LINE
8
BLACK
6
CONTINUOUS
10
5.1764012598425193
20
-3.7590396062992126
11
5.1756889763779528
21
-3.7549999999999999
0
LINE
8
BLACK
6
CONTINUOUS
10
5.1756889763779528
20
-3.7549999999999999
11
5.1764012598425193
21
-3.7509603937007872
0
LINE
8
BLACK
6
CONTINUOUS
10
5.1764012598425193
20
-3.7509603937007872
11
5.1784522440944878
21
-3.7474080314960627
0
LINE
8
BLACK
6
CONTINUOUS
10
5.1784522440944878
20
-3.7474080314960627
11
5.1815944881889759
21
-3.7447713385826771
0
LINE
8
BLACK
6
CONTINUOUS
10
5.1815944881889759
20
-3.7447713385826771
11
5.1854490551181103
21
-3.7433684251968504
0
LINE
8
BLACK
6
CONTINUOUS
10
5.1854490551181103
20
-3.7433684251968504
11
5.1895509448818897
21
-3.7433684251968504
0
LINE
8
BLACK
6
CONTINUOUS
10
5.1895509448818897
20
-3.7433684251968504
11
5.1934055118110232
21
-3.7447713385826771
0
LINE
8
BLACK
6
CONTINUOUS
10
5.2359055118110236
20
-3.7447713385826771
11
5.2390477559055117
21
-3.7474080314960627
0
LINE
8
BLACK
6
CONTINUOUS
10
5.2390477559055117
20
-3.7474080314960627
11
5.2410987401574802
21
-3.7509603937007872
0
LINE
8
BLACK
6
CONTINUOUS
10
5.2410987401574802
20
-3.7509603937007872
11
5.2418110236220468
21
-3.7549999999999999
0
LINE
8
BLACK
6
CONTINUOUS
10
5.2418110236220468
20
-3.7549999999999999
11
5.2410987401574802
21
-3.7590396062992126
0
LINE
8
BLACK
6
CONTINUOUS
10
5.2410987401574802
20
-3.7590396062992126
11
5.2390477559055117
21
-3.7625919685039371
0
LINE
8
BLACK
6
CONTINUOUS
10
5.2390477559055117
20
-3.7625919685039371
11
5.2359055118110236
21
-3.7652286614173227
0
LINE
8
BLACK
6
CONTINUOUS
10
5.2359055118110236
20
-3.7652286614173227
11
5.2320509448818893
21
-3.7666315748031494
0
LINE
8
BLACK
6
CONTINUOUS
10
5.2320509448818893
20
-3.7666315748031494
11
5.2279490551181098
21
-3.7666315748031494
0
LINE
8
BLACK
6
CONTINUOUS
10
5.2279490551181098
20
-3.7666315748031494
11
5.2240944881889764
21
-3.7652286614173227
0
LINE
8
BLACK
6
CONTINUOUS
10
5.2240944881889764
20
-3.7652286614173227
11
5.2209522440944882
21
-3.7625919685039371
0
LINE
8
BLACK
6
CONTINUOUS
10
5.2209522440944882
20
-3.7625919685039371
11
5.2189012598425197
21
-3.7590396062992126
0
LINE
8
BLACK
6
CONTINUOUS
10
5.2189012598425197
20
-3.7590396062992126
11
5.2181889763779523
21
-3.7549999999999999
0
LINE
8
BLACK
6
CONTINUOUS
10
5.2181889763779523
20
-3.7549999999999999
11
5.2189012598425197
21
-3.7509603937007872
0
LINE
8
BLACK
6
CONTINUOUS
10
5.2189012598425197
20
-3.7509603937007872
11
5.2209522440944882
21
-3.7474080314960627
0
LINE
8
BLACK
6
CONTINUOUS
10
5.2209522440944882
20
-3.7474080314960627
11
5.2240944881889764
21
-3.7447713385826771
0
LINE
8
BLACK
6
CONTINUOUS
10
5.2240944881889764
20
-3.7447713385826771
11
5.2279490551181098
21
-3.7433684251968504
0
LINE
8
BLACK
6
CONTINUOUS
10
5.2279490551181098
20
-3.7433684251968504
11
5.2320509448818893
21
-3.7433684251968504
0
LINE
8
BLACK
6
CONTINUOUS
10
5.2320509448818893
20
-3.7433684251968504
11
5.2359055118110236
21
-3.7447713385826771
0
LINE
8
BLACK
6
CONTINUOUS
10
5.5711338582677161
20
-3.726123503937008
11
5.5711768897637794
21
-3.7261171259842518
0
LINE
8
BLACK
6
CONTINUOUS
10
5.5711768897637794
20
-3.7261171259842518
11
5.5712505511811026
21
-3.7261349999999998
0
LINE
8
BLACK
6
CONTINUOUS
10
5.5712505511811026
20
-3.7261349999999998
11
5.5716094094488184
21
-3.7261703543307085
0
LINE
8
BLACK
6
CONTINUOUS
10
5.5716094094488184
20
-3.7261703543307085
11
5.5719112992125979
21
-3.7262953937007874
0
LINE
8
BLACK
6
CONTINUOUS
10
5.5719112992125979
20
-3.7262953937007874
11
5.5792485433070862
21
-3.7280765354330709
0
LINE
8
BLACK
6
CONTINUOUS
10
5.5792485433070862
20
-3.7280765354330709
11
5.579291023622047
21
-3.7280916929133858
0
LINE
8
BLACK
6
CONTINUOUS
10
5.579291023622047
20
-3.7280916929133858
11
5.5793122834645672
21
-3.7280932283464567
0
LINE
8
BLACK
6
CONTINUOUS
10
5.5793122834645672
20
-3.7280932283464567
11
5.5793598031496066
21
-3.7281162598425195
0
LINE
8
BLACK
6
CONTINUOUS
10
5.5793598031496066
20
-3.7281162598425195
11
5.5797936614173231
21
-3.7282712992125981
0
LINE
8
BLACK
6
CONTINUOUS
10
5.5797936614173231
20
-3.7282712992125981
11
5.5800106299212597
21
-3.7284320866141734
0
LINE
8
BLACK
6
CONTINUOUS
10
5.5800106299212597
20
-3.7284320866141734
11
5.5836024409448815
21
-3.7301748818897638
0
LINE
8
BLACK
6
CONTINUOUS
10
5.5836024409448815
20
-3.7301748818897638
11
5.58385031496063
21
-3.7303309055118108
0
LINE
8
BLACK
6
CONTINUOUS
10
5.58385031496063
20
-3.7303309055118108
11
5.5839223622047243
21
-3.730360748031496
0
LINE
8
BLACK
6
CONTINUOUS
10
5.5839223622047243
20
-3.730360748031496
11
5.583966456692913
21
-3.7304039763779526
0
LINE
8
BLACK
6
CONTINUOUS
10
5.583966456692913
20
-3.7304039763779526
11
5.5840923228346453
21
-3.7304832283464564
0
LINE
8
BLACK
6
CONTINUOUS
10
5.5840923228346453
20
-3.7304832283464564
11
5.584349133858268
21
-3.7307793700787402
0
LINE
8
BLACK
6
CONTINUOUS
10
5.584349133858268
20
-3.7307793700787402
11
5.5881194094488187
21
-3.7344775196850395
0
LINE
8
BLACK
6
CONTINUOUS
10
5.5881194094488187
20
-3.7344775196850395
11
5.5884866535433071
21
-3.7349249606299213
0
LINE
8
BLACK
6
CONTINUOUS
10
5.5884866535433071
20
-3.7349249606299213
11
5.5885272440944878
21
-3.7350229921259843
0
LINE
8
BLACK
6
CONTINUOUS
10
5.5885272440944878
20
-3.7350229921259843
11
5.5885967322834649
21
-3.7351031102362202
0
LINE
8
BLACK
6
CONTINUOUS
10
5.5885967322834649
20
-3.7351031102362202
11
5.5887717322834645
21
-3.7356132677165355
0
LINE
8
BLACK
6
CONTINUOUS
10
5.5887717322834645
20
-3.7356132677165355
11
5.588927519685039
21
-3.7359893700787401
0
LINE
8
BLACK
6
CONTINUOUS
10
5.588927519685039
20
-3.7359893700787401
11
5.588927519685039
21
-3.7360673228346455
0
LINE
8
BLACK
6
CONTINUOUS
10
5.588927519685039
20
-3.7360673228346455
11
5.5907074803149603
21
-3.7412559448818898
0
LINE
8
BLACK
6
CONTINUOUS
10
5.5907074803149603
20
-3.7412559448818898
11
5.590772401574803
21
-3.7415415748031493
0
LINE
8
BLACK
6
CONTINUOUS
10
5.590772401574803
20
-3.7415415748031493
11
5.5908022834645665
21
-3.7416136614173228
0
LINE
8
BLACK
6
CONTINUOUS
10
5.5908022834645665
20
-3.7416136614173228
11
5.5908030708661416
21
-3.741676496062992
0
LINE
8
BLACK
6
CONTINUOUS
10
5.5908030708661416
20
-3.741676496062992
11
5.5908358267716531
21
-3.7418203937007872
0
LINE
8
BLACK
6
CONTINUOUS
10
5.5908358267716531
20
-3.7418203937007872
11
5.5908097637795278
21
-3.7421865354330706
0
LINE
8
BLACK
6
CONTINUOUS
10
5.5908097637795278
20
-3.7421865354330706
11
5.5908590157480313
21
-3.7459392519685037
0
LINE
8
BLACK
6
CONTINUOUS
10
5.5908590157480313
20
-3.7459392519685037
11
5.5908302755905508
21
-3.7462308267716535
0
LINE
8
BLACK
6
CONTINUOUS
10
5.5908302755905508
20
-3.7462308267716535
11
5.5908358267716531
21
-3.7463085826771652
0
LINE
8
BLACK
6
CONTINUOUS
10
5.5908358267716531
20
-3.7463085826771652
11
5.5908168503937006
21
-3.7463671259842517
0
LINE
8
BLACK
6
CONTINUOUS
10
5.5908168503937006
20
-3.7463671259842517
11
5.5908022834645665
21
-3.7465153149606296
0
LINE
8
BLACK
6
CONTINUOUS
10
5.5908022834645665
20
-3.7465153149606296
11
5.5906496062992126
21
-3.7468838188976377
0
LINE
8
BLACK
6
CONTINUOUS
10
5.5906496062992126
20
-3.7468838188976377
11
5.5888327165354328
21
-3.7524972834645669
0
LINE
8
BLACK
6
CONTINUOUS
10
5.5888327165354328
20
-3.7524972834645669
11
5.5885967322834649
21
-3.7530258661417322
0
LINE
8
BLACK
6
CONTINUOUS
10
5.5885967322834649
20
-3.7530258661417322
11
5.5885271653543303
21
-3.7531060236220473
0
LINE
8
BLACK
6
CONTINUOUS
10
5.5885271653543303
20
-3.7531060236220473
11
5.5884866141732283
21
-3.7532040157480315
0
LINE
8
BLACK
6
CONTINUOUS
10
5.5884866141732283
20
-3.7532040157480315
11
5.588049842519685
21
-3.7536563779527556
0
LINE
8
BLACK
6
CONTINUOUS
10
5.588049842519685
20
-3.7536563779527556
11
5.5878418503937004
21
-3.7538962204724409
0
LINE
8
BLACK
6
CONTINUOUS
10
5.5878418503937004
20
-3.7538962204724409
11
5.5877963385826774
21
-3.753918937007874
0
LINE
8
BLACK
6
CONTINUOUS
10
5.5877963385826774
20
-3.753918937007874
11
5.5862445669291336
21
-3.7555262598425196
0
LINE
8
BLACK
6
CONTINUOUS
10
5.5862445669291336
20
-3.7555262598425196
11
5.5857971259842518
21
-3.7558934645669289
0
LINE
8
BLACK
6
CONTINUOUS
10
5.5857971259842518
20
-3.7558934645669289
11
5.5847327165354326
21
-3.7563343307086612
0
LINE
8
BLACK
6
CONTINUOUS
10
5.5847327165354326
20
-3.7563343307086612
11
5.5835806299212596
21
-3.7563343307086612
0
LINE
8
BLACK
6
CONTINUOUS
10
5.5835806299212596
20
-3.7563343307086612
11
5.5825162204724412
21
-3.7558934251968501
0
LINE
8
BLACK
6
CONTINUOUS
10
5.5825162204724412
20
-3.7558934251968501
11
5.581701535433071
21
-3.7550787401574803
0
LINE
8
BLACK
6
CONTINUOUS
10
5.581701535433071
20
-3.7550787401574803
11
5.5812606692913382
21
-3.7540143307086615
0
LINE
8
BLACK
6
CONTINUOUS
10
5.5812606692913382
20
-3.7540143307086615
11
5.5812606692913382
21
-3.7528622440944881
0
LINE
8
BLACK
6
CONTINUOUS
10
5.5812606692913382
20
-3.7528622440944881
11
5.5817015748031498
21
-3.7517978346456693
0
LINE
8
BLACK
6
CONTINUOUS
10
5.5817015748031498
20
-3.7517978346456693
11
5.5835142519685039
21
-3.7499202755905512
0
LINE
8
BLACK
6
CONTINUOUS
10
5.5835142519685039
20
-3.7499202755905512
11
5.5849948818897639
21
-3.7453457874015745
0
LINE
8
BLACK
6
CONTINUOUS
10
5.5849948818897639
20
-3.7453457874015745
11
5.584958031496063
21
-3.742535590551181
0
LINE
8
BLACK
6
CONTINUOUS
10
5.584958031496063
20
-3.742535590551181
11
5.5834281889763782
21
-3.7380761417322832
0
LINE
8
BLACK
6
CONTINUOUS
10
5.5834281889763782
20
-3.7380761417322832
11
5.5804468503937006
21
-3.7351518503937009
0
LINE
8
BLACK
6
CONTINUOUS
10
5.5804468503937006
20
-3.7351518503937009
11
5.5773047244094487
21
-3.7336272047244092
0
LINE
8
BLACK
6
CONTINUOUS
10
5.5773047244094487
20
-3.7336272047244092
11
5.5704888582677166
21
-3.7319726377952755
0
LINE
8
BLACK
6
CONTINUOUS
10
5.5704888582677166
20
-3.7319726377952755
11
5.5655765748031492
21
-3.7320175984251969
0
LINE
8
BLACK
6
CONTINUOUS
10
5.5655765748031492
20
-3.7320175984251969
11
5.5587486220472444
21
-3.733774212598425
0
LINE
8
BLACK
6
CONTINUOUS
10
5.5587486220472444
20
-3.733774212598425
11
5.5557905511811025
21
-3.7352974803149603
0
LINE
8
BLACK
6
CONTINUOUS
10
5.5557905511811025
20
-3.7352974803149603
11
5.5529248031496063
21
-3.7382190944881888
0
LINE
8
BLACK
6
CONTINUOUS
10
5.5529248031496063
20
-3.7382190944881888
11
5.5514475196850395
21
-3.7427831496062991
0
LINE
8
BLACK
6
CONTINUOUS
10
5.5514475196850395
20
-3.7427831496062991
11
5.5514843700787404
21
-3.7455933070866143
0
LINE
8
BLACK
6
CONTINUOUS
10
5.5514843700787404
20
-3.7455933070866143
11
5.5530066141732286
21
-3.7500306299212598
0
LINE
8
BLACK
6
CONTINUOUS
10
5.5530066141732286
20
-3.7500306299212598
11
5.5543736220472439
21
-3.7513503937007875
0
LINE
8
BLACK
6
CONTINUOUS
10
5.5543736220472439
20
-3.7513503937007875
11
5.5547408267716536
21
-3.7517978346456693
0
LINE
8
BLACK
6
CONTINUOUS
10
5.5547408267716536
20
-3.7517978346456693
11
5.5551817322834642
21
-3.7528622440944881
0
LINE
8
BLACK
6
CONTINUOUS
10
5.5551817322834642
20
-3.7528622440944881
11
5.5551817322834642
21
-3.7540143307086615
0
LINE
8
BLACK
6
CONTINUOUS
10
5.5551817322834642
20
-3.7540143307086615
11
5.5547408267716536
21
-3.7550787401574803
0
LINE
8
BLACK
6
CONTINUOUS
10
5.5547408267716536
20
-3.7550787401574803
11
5.5539261417322834
21
-3.7558934251968501
0
LINE
8
BLACK
6
CONTINUOUS
10
5.5539261417322834
20
-3.7558934251968501
11
5.5528617322834641
21
-3.7563343307086612
0
LINE
8
BLACK
6
CONTINUOUS
10
5.5528617322834641
20
-3.7563343307086612
11
5.5517096456692911
21
-3.7563343307086612
0
LINE
8
BLACK
6
CONTINUOUS
10
5.5517096456692911
20
-3.7563343307086612
11
5.5506452362204719
21
-3.7558934251968501
0
LINE
8
BLACK
6
CONTINUOUS
10
5.5506452362204719
20
-3.7558934251968501
11
5.5483230314960625
21
-3.7536514566929133
0
LINE
8
BLACK
6
CONTINUOUS
10
5.5483230314960625
20
-3.7536514566929133
11
5.5479558267716538
21
-3.7532040157480315
0
LINE
8
BLACK
6
CONTINUOUS
10
5.5479558267716538
20
-3.7532040157480315
11
5.5479151968503935
21
-3.7531059448818898
0
LINE
8
BLACK
6
CONTINUOUS
10
5.5479151968503935
20
-3.7531059448818898
11
5.5478457086614172
21
-3.7530258267716534
0
LINE
8
BLACK
6
CONTINUOUS
10
5.5478457086614172
20
-3.7530258267716534
11
5.5476706299212601
21
-3.7525155118110236
0
LINE
8
BLACK
6
CONTINUOUS
10
5.5476706299212601
20
-3.7525155118110236
11
5.5475149212598422
21
-3.752139566929134
0
LINE
8
BLACK
6
CONTINUOUS
10
5.5475149212598422
20
-3.752139566929134
11
5.5475149212598422
21
-3.7520615748031494
0
LINE
8
BLACK
6
CONTINUOUS
10
5.5475149212598422
20
-3.7520615748031494
11
5.5457349606299209
21
-3.7468729921259842
0
LINE
8
BLACK
6
CONTINUOUS
10
5.5457349606299209
20
-3.7468729921259842
11
5.5456699999999994
21
-3.7465874015748031
0
LINE
8
BLACK
6
CONTINUOUS
10
5.5456699999999994
20
-3.7465874015748031
11
5.5456401574803147
21
-3.7465153149606296
0
LINE
8
BLACK
6
CONTINUOUS
10
5.5456401574803147
20
-3.7465153149606296
11
5.5456393307086609
21
-3.7464524015748029
0
LINE
8
BLACK
6
CONTINUOUS
10
5.5456393307086609
20
-3.7464524015748029
11
5.5456066141732281
21
-3.7463085433070864
0
LINE
8
BLACK
6
CONTINUOUS
10
5.5456066141732281
20
-3.7463085433070864
11
5.5456326377952756
21
-3.7459423622047243
0
LINE
8
BLACK
6
CONTINUOUS
10
5.5456326377952756
20
-3.7459423622047243
11
5.5455834251968499
21
-3.7421897244094486
0
LINE
8
BLACK
6
CONTINUOUS
10
5.5455834251968499
20
-3.7421897244094486
11
5.5456121259842517
21
-3.7418981496062993
0
LINE
8
BLACK
6
CONTINUOUS
10
5.5456121259842517
20
-3.7418981496062993
11
5.5456066141732281
21
-3.741820433070866
0
LINE
8
BLACK
6
CONTINUOUS
10
5.5456066141732281
20
-3.741820433070866
11
5.5456255511811019
21
-3.7417618897637794
0
LINE
8
BLACK
6
CONTINUOUS
10
5.5456255511811019
20
-3.7417618897637794
11
5.5456401574803147
21
-3.7416136614173228
0
LINE
8
BLACK
6
CONTINUOUS
10
5.5456401574803147
20
-3.7416136614173228
11
5.5457928346456695
21
-3.7412449999999997
0
LINE
8
BLACK
6
CONTINUOUS
10
5.5457928346456695
20
-3.7412449999999997
11
5.5476097244094484
21
-3.7356316929133859
0
LINE
8
BLACK
6
CONTINUOUS
10
5.5476097244094484
20
-3.7356316929133859
11
5.5478457086614172
21
-3.735103149606299
0
LINE
8
BLACK
6
CONTINUOUS
10
5.5478457086614172
20
-3.735103149606299
11
5.5479151968503935
21
-3.7350229921259843
0
LINE
8
BLACK
6
CONTINUOUS
10
5.5479151968503935
20
-3.7350229921259843
11
5.5479558267716538
21
-3.7349249606299213
0
LINE
8
BLACK
6
CONTINUOUS
10
5.5479558267716538
20
-3.7349249606299213
11
5.5483396062992121
21
-3.7345336614173226
0
LINE
8
BLACK
6
CONTINUOUS
10
5.5483396062992121
20
-3.7345336614173226
11
5.5486005905511808
21
-3.7342327952755903
0
LINE
8
BLACK
6
CONTINUOUS
10
5.5486005905511808
20
-3.7342327952755903
11
5.5486676377952753
21
-3.7341992519685037
0
LINE
8
BLACK
6
CONTINUOUS
10
5.5486676377952753
20
-3.7341992519685037
11
5.5520725590551177
21
-3.7307279921259844
0
LINE
8
BLACK
6
CONTINUOUS
10
5.5520725590551177
20
-3.7307279921259844
11
5.5522989370078735
21
-3.7305421259842517
0
LINE
8
BLACK
6
CONTINUOUS
10
5.5522989370078735
20
-3.7305421259842517
11
5.5523500787401572
21
-3.7304832283464564
0
LINE
8
BLACK
6
CONTINUOUS
10
5.5523500787401572
20
-3.7304832283464564
11
5.5524055905511807
21
-3.7304546062992125
0
LINE
8
BLACK
6
CONTINUOUS
10
5.5524055905511807
20
-3.7304546062992125
11
5.5525199999999995
21
-3.730360748031496
0
LINE
8
BLACK
6
CONTINUOUS
10
5.5525199999999995
20
-3.730360748031496
11
5.552867047244094
21
-3.730216968503937
0
LINE
8
BLACK
6
CONTINUOUS
10
5.552867047244094
20
-3.730216968503937
11
5.5565894881889761
21
-3.7283001181102362
0
LINE
8
BLACK
6
CONTINUOUS
10
5.5565894881889761
20
-3.7283001181102362
11
5.5566315748031494
21
-3.7282839763779525
0
LINE
8
BLACK
6
CONTINUOUS
10
5.5566315748031494
20
-3.7282839763779525
11
5.5566487401574802
21
-3.7282712992125981
0
LINE
8
BLACK
6
CONTINUOUS
10
5.5566487401574802
20
-3.7282712992125981
11
5.5566976771653538
21
-3.7282587007874013
0
LINE
8
BLACK
6
CONTINUOUS
10
5.5566976771653538
20
-3.7282587007874013
11
5.5571300787401574
21
-3.7280932283464567
0
LINE
8
BLACK
6
CONTINUOUS
10
5.5571300787401574
20
-3.7280932283464567
11
5.5574212992125984
21
-3.7280725196850395
0
LINE
8
BLACK
6
CONTINUOUS
10
5.5574212992125984
20
-3.7280725196850395
11
5.5646929133858265
21
-3.7262017716535434
0
LINE
8
BLACK
6
CONTINUOUS
10
5.5646929133858265
20
-3.7262017716535434
11
5.5647927559055113
21
-3.7261869685039368
0
LINE
8
BLACK
6
CONTINUOUS
10
5.5647927559055113
20
-3.7261869685039368
11
5.564832992125984
21
-3.7261703543307085
0
LINE
8
BLACK
6
CONTINUOUS
10
5.564832992125984
20
-3.7261703543307085
11
5.564910196850394
21
-3.7261696456692914
0
LINE
8
BLACK
6
CONTINUOUS
10
5.564910196850394
20
-3.7261696456692914
11
5.5652655118110239
21
-3.7261171259842518
0
LINE
8
BLACK
6
CONTINUOUS
10
5.5652655118110239
20
-3.7261171259842518
11
5.5655774409448817
21
-3.7261635039370078
0
LINE
8
BLACK
6
CONTINUOUS
10
5.5655774409448817
20
-3.7261635039370078
11
5.5710333464566926
21
-3.7261136220472442
0
LINE
8
BLACK
6
CONTINUOUS
10
5.5710333464566926
20
-3.7261136220472442
11
5.5711338582677161
21
-3.726123503937008
0
LINE
8
BLACK
6
CONTINUOUS
10
5.6511338582677162
20
-3.726123503937008
11
5.6511768897637795
21
-3.7261171259842518
0
LINE
8
BLACK
6
CONTINUOUS
10
5.6511768897637795
20
-3.7261171259842518
11
5.6512505511811026
21
-3.7261349999999998
0
LINE
8
BLACK
6
CONTINUOUS
10
5.6512505511811026
20
-3.7261349999999998
11
5.6516094094488185
21
-3.7261703543307085
0
LINE
8
BLACK
6
CONTINUOUS
10
5.6516094094488185
20
-3.7261703543307085
11
5.6519112992125979
21
-3.7262953937007874
0
LINE
8
BLACK
6
CONTINUOUS
10
5.6519112992125979
20
-3.7262953937007874
11
5.6592485433070863
21
-3.7280765354330709
0
LINE
8
BLACK
6
CONTINUOUS
10
5.6592485433070863
20
-3.7280765354330709
11
5.6592910236220471
21
-3.7280916929133858
0
LINE
8
BLACK
6
CONTINUOUS
10
5.6592910236220471
20
-3.7280916929133858
11
5.6593122834645664
21
-3.7280932283464567
0
LINE
8
BLACK
6
CONTINUOUS
10
5.6593122834645664
20
-3.7280932283464567
11
5.6593598031496057
21
-3.7281162598425195
0
LINE
8
BLACK
6
CONTINUOUS
10
5.6593598031496057
20
-3.7281162598425195
11
5.6597936614173223
21
-3.7282712992125981
0
LINE
8
BLACK
6
CONTINUOUS
10
5.6597936614173223
20
-3.7282712992125981
11
5.6600106299212598
21
-3.7284320866141734
0
LINE
8
BLACK
6
CONTINUOUS
10
5.6600106299212598
20
-3.7284320866141734
11
5.6636024409448815
21
-3.7301748818897638
0
LINE
8
BLACK
6
CONTINUOUS
10
5.6636024409448815
20
-3.7301748818897638
11
5.6638503149606301
21
-3.7303309055118108
0
LINE
8
BLACK
6
CONTINUOUS
10
5.6638503149606301
20
-3.7303309055118108
11
5.6639223622047243
21
-3.730360748031496
0
LINE
8
BLACK
6
CONTINUOUS
10
5.6639223622047243
20
-3.730360748031496
11
5.6639664566929131
21
-3.7304039763779526
0
LINE
8
BLACK
6
CONTINUOUS
10
5.6639664566929131
20
-3.7304039763779526
11
5.6640923228346454
21
-3.7304832283464564
0
LINE
8
BLACK
6
CONTINUOUS
10
5.6640923228346454
20
-3.7304832283464564
11
5.6643491338582672
21
-3.7307793700787402
0
LINE
8
BLACK
6
CONTINUOUS
10
5.6643491338582672
20
-3.7307793700787402
11
5.6681194094488188
21
-3.7344775196850395
0
LINE
8
BLACK
6
CONTINUOUS
10
5.6681194094488188
20
-3.7344775196850395
11
5.6684866535433072
21
-3.7349249606299213
0
LINE
8
BLACK
6
CONTINUOUS
10
5.6684866535433072
20
-3.7349249606299213
11
5.6685272440944878
21
-3.7350229921259843
0
LINE
8
BLACK
6
CONTINUOUS
10
5.6685272440944878
20
-3.7350229921259843
11
5.6685967322834641
21
-3.7351031102362202
0
LINE
8
BLACK
6
CONTINUOUS
10
5.6685967322834641
20
-3.7351031102362202
11
5.6687717322834645
21
-3.7356132677165355
0
LINE
8
BLACK
6
CONTINUOUS
10
5.6687717322834645
20
-3.7356132677165355
11
5.6689275196850391
21
-3.7359893700787401
0
LINE
8
BLACK
6
CONTINUOUS
10
5.6689275196850391
20
-3.7359893700787401
11
5.6689275196850391
21
-3.7360673228346455
0
LINE
8
BLACK
6
CONTINUOUS
10
5.6689275196850391
20
-3.7360673228346455
11
5.6707074803149604
21
-3.7412559448818898
0
LINE
8
BLACK
6
CONTINUOUS
10
5.6707074803149604
20
-3.7412559448818898
11
5.6707724015748031
21
-3.7415415748031493
0
LINE
8
BLACK
6
CONTINUOUS
10
5.6707724015748031
20
-3.7415415748031493
11
5.6708022834645666
21
-3.7416136614173228
0
LINE
8
BLACK
6
CONTINUOUS
10
5.6708022834645666
20
-3.7416136614173228
11
5.6708030708661417
21
-3.741676496062992
0
LINE
8
BLACK
6
CONTINUOUS
10
5.6708030708661417
20
-3.741676496062992
11
5.6708358267716532
21
-3.7418203937007872
0
LINE
8
BLACK
6
CONTINUOUS
10
5.6708358267716532
20
-3.7418203937007872
11
5.6708097637795278
21
-3.7421865354330706
0
LINE
8
BLACK
6
CONTINUOUS
10
5.6708097637795278
20
-3.7421865354330706
11
5.6708590157480314
21
-3.7459392519685037
0
LINE
8
BLACK
6
CONTINUOUS
10
5.6708590157480314
20
-3.7459392519685037
11
5.6708302755905509
21
-3.7462308267716535
0
LINE
8
BLACK
6
CONTINUOUS
10
5.6708302755905509
20
-3.7462308267716535
11
5.6708358267716532
21
-3.7463085826771652
0
LINE
8
BLACK
6
CONTINUOUS
10
5.6708358267716532
20
-3.7463085826771652
11
5.6708168503937006
21
-3.7463671259842517
0
LINE
8
BLACK
6
CONTINUOUS
10
5.6708168503937006
20
-3.7463671259842517
11
5.6708022834645666
21
-3.7465153149606296
0
LINE
8
BLACK
6
CONTINUOUS
10
5.6708022834645666
20
-3.7465153149606296
11
5.6706496062992127
21
-3.7468838188976377
0
LINE
8
BLACK
6
CONTINUOUS
10
5.6706496062992127
20
-3.7468838188976377
11
5.6688327165354329
21
-3.7524972834645669
0
LINE
8
BLACK
6
CONTINUOUS
10
5.6688327165354329
20
-3.7524972834645669
11
5.6685967322834641
21
-3.7530258661417322
0
LINE
8
BLACK
6
CONTINUOUS
10
5.6685967322834641
20
-3.7530258661417322
11
5.6685271653543303
21
-3.7531060236220473
0
LINE
8
BLACK
6
CONTINUOUS
10
5.6685271653543303
20
-3.7531060236220473
11
5.6684866141732284
21
-3.7532040157480315
0
LINE
8
BLACK
6
CONTINUOUS
10
5.6684866141732284
20
-3.7532040157480315
11
5.668049842519685
21
-3.7536563779527556
0
LINE
8
BLACK
6
CONTINUOUS
10
5.668049842519685
20
-3.7536563779527556
11
5.6678418503937005
21
-3.7538962204724409
0
LINE
8
BLACK
6
CONTINUOUS
10
5.6678418503937005
20
-3.7538962204724409
11
5.6677963385826766
21
-3.753918937007874
0
LINE
8
BLACK
6
CONTINUOUS
10
5.6677963385826766
20
-3.753918937007874
11
5.6662445669291337
21
-3.7555262598425196
0
LINE
8
BLACK
6
CONTINUOUS
10
5.6662445669291337
20
-3.7555262598425196
11
5.6657971259842519
21
-3.7558934645669289
0
LINE
8
BLACK
6
CONTINUOUS
10
5.6657971259842519
20
-3.7558934645669289
11
5.6647327165354326
21
-3.7563343307086612
0
LINE
8
BLACK
6
CONTINUOUS
10
5.6647327165354326
20
-3.7563343307086612
11
5.6635806299212597
21
-3.7563343307086612
0
LINE
8
BLACK
6
CONTINUOUS
10
5.6635806299212597
20
-3.7563343307086612
11
5.6625162204724404
21
-3.7558934251968501
0
LINE
8
BLACK
6
CONTINUOUS
10
5.6625162204724404
20
-3.7558934251968501
11
5.6617015354330711
21
-3.7550787401574803
0
LINE
8
BLACK
6
CONTINUOUS
10
5.6617015354330711
20
-3.7550787401574803
11
5.6612606692913383
21
-3.7540143307086615
0
LINE
8
BLACK
6
CONTINUOUS
10
5.6612606692913383
20
-3.7540143307086615
11
5.6612606692913383
21
-3.7528622440944881
0
LINE
8
BLACK
6
CONTINUOUS
10
5.6612606692913383
20
-3.7528622440944881
11
5.6617015748031498
21
-3.7517978346456693
0
LINE
8
BLACK
6
CONTINUOUS
10
5.6617015748031498
20
-3.7517978346456693
11
5.663514251968504
21
-3.7499202755905512
0
LINE
8
BLACK
6
CONTINUOUS
10
5.663514251968504
20
-3.7499202755905512
11
5.664994881889764
21
-3.7453457874015745
0
LINE
8
BLACK
6
CONTINUOUS
10
5.664994881889764
20
-3.7453457874015745
11
5.664958031496063
21
-3.742535590551181
0
LINE
8
BLACK
6
CONTINUOUS
10
5.664958031496063
20
-3.742535590551181
11
5.6634281889763782
21
-3.7380761417322832
0
LINE
8
BLACK
6
CONTINUOUS
10
5.6634281889763782
20
-3.7380761417322832
11
5.6604468503937007
21
-3.7351518503937009
0
LINE
8
BLACK
6
CONTINUOUS
10
5.6604468503937007
20
-3.7351518503937009
11
5.6573047244094488
21
-3.7336272047244092
0
LINE
8
BLACK
6
CONTINUOUS
10
5.6573047244094488
20
-3.7336272047244092
11
5.6504888582677166
21
-3.7319726377952755
0
LINE
8
BLACK
6
CONTINUOUS
10
5.6504888582677166
20
-3.7319726377952755
11
5.6455765748031492
21
-3.7320175984251969
0
LINE
8
BLACK
6
CONTINUOUS
10
5.6455765748031492
20
-3.7320175984251969
11
5.6387486220472436
21
-3.733774212598425
0
LINE
8
BLACK
6
CONTINUOUS
10
5.6387486220472436
20
-3.733774212598425
11
5.6357905511811026
21
-3.7352974803149603
0
LINE
8
BLACK
6
CONTINUOUS
10
5.6357905511811026
20
-3.7352974803149603
11
5.6329248031496064
21
-3.7382190944881888
0
LINE
8
BLACK
6
CONTINUOUS
10
5.6329248031496064
20
-3.7382190944881888
11
5.6314475196850395
21
-3.7427831496062991
0
LINE
8
BLACK
6
CONTINUOUS
10
5.6314475196850395
20
-3.7427831496062991
11
5.6314843700787396
21
-3.7455933070866143
0
LINE
8
BLACK
6
CONTINUOUS
10
5.6314843700787396
20
-3.7455933070866143
11
5.6330066141732278
21
-3.7500306299212598
0
LINE
8
BLACK
6
CONTINUOUS
10
5.6330066141732278
20
-3.7500306299212598
11
5.634373622047244
21
-3.7513503937007875
0
LINE
8
BLACK
6
CONTINUOUS
10
5.634373622047244
20
-3.7513503937007875
11
5.6347408267716537
21
-3.7517978346456693
0
LINE
8
BLACK
6
CONTINUOUS
10
5.6347408267716537
20
-3.7517978346456693
11
5.6351817322834643
21
-3.7528622440944881
0
LINE
8
BLACK
6
CONTINUOUS
10
5.6351817322834643
20
-3.7528622440944881
11
5.6351817322834643
21
-3.7540143307086615
0
LINE
8
BLACK
6
CONTINUOUS
10
5.6351817322834643
20
-3.7540143307086615
11
5.6347408267716537
21
-3.7550787401574803
0
LINE
8
BLACK
6
CONTINUOUS
10
5.6347408267716537
20
-3.7550787401574803
11
5.6339261417322835
21
-3.7558934251968501
0
LINE
8
BLACK
6
CONTINUOUS
10
5.6339261417322835
20
-3.7558934251968501
11
5.6328617322834642
21
-3.7563343307086612
0
LINE
8
BLACK
6
CONTINUOUS
10
5.6328617322834642
20
-3.7563343307086612
11
5.6317096456692912
21
-3.7563343307086612
0
LINE
8
BLACK
6
CONTINUOUS
10
5.6317096456692912
20
-3.7563343307086612
11
5.630645236220472
21
-3.7558934251968501
0
LINE
8
BLACK
6
CONTINUOUS
10
5.630645236220472
20
-3.7558934251968501
11
5.6283230314960626
21
-3.7536514566929133
0
LINE
8
BLACK
6
CONTINUOUS
10
5.6283230314960626
20
-3.7536514566929133
11
5.6279558267716538
21
-3.7532040157480315
0
LINE
8
BLACK
6
CONTINUOUS
10
5.6279558267716538
20
-3.7532040157480315
11
5.6279151968503935
21
-3.7531059448818898
0
LINE
8
BLACK
6
CONTINUOUS
10
5.6279151968503935
20
-3.7531059448818898
11
5.6278457086614173
21
-3.7530258267716534
0
LINE
8
BLACK
6
CONTINUOUS
10
5.6278457086614173
20
-3.7530258267716534
11
5.6276706299212593
21
-3.7525155118110236
0
LINE
8
BLACK
6
CONTINUOUS
10
5.6276706299212593
20
-3.7525155118110236
11
5.6275149212598423
21
-3.752139566929134
0
LINE
8
BLACK
6
CONTINUOUS
10
5.6275149212598423
20
-3.752139566929134
11
5.6275149212598423
21
-3.7520615748031494
0
LINE
8
BLACK
6
CONTINUOUS
10
5.6275149212598423
20
-3.7520615748031494
11
5.625734960629921
21
-3.7468729921259842
0
LINE
8
BLACK
6
CONTINUOUS
10
5.625734960629921
20
-3.7468729921259842
11
5.6256699999999995
21
-3.7465874015748031
0
LINE
8
BLACK
6
CONTINUOUS
10
5.6256699999999995
20
-3.7465874015748031
11
5.6256401574803148
21
-3.7465153149606296
0
LINE
8
BLACK
6
CONTINUOUS
10
5.6256401574803148
20
-3.7465153149606296
11
5.625639330708661
21
-3.7464524015748029
0
LINE
8
BLACK
6
CONTINUOUS
10
5.625639330708661
20
-3.7464524015748029
11
5.6256066141732282
21
-3.7463085433070864
0
LINE
8
BLACK
6
CONTINUOUS
10
5.6256066141732282
20
-3.7463085433070864
11
5.6256326377952757
21
-3.7459423622047243
0
LINE
8
BLACK
6
CONTINUOUS
10
5.6256326377952757
20
-3.7459423622047243
11
5.62558342519685
21
-3.7421897244094486
0
LINE
8
BLACK
6
CONTINUOUS
10
5.62558342519685
20
-3.7421897244094486
11
5.6256121259842518
21
-3.7418981496062993
0
LINE
8
BLACK
6
CONTINUOUS
10
5.6256121259842518
20
-3.7418981496062993
11
5.6256066141732282
21
-3.741820433070866
0
LINE
8
BLACK
6
CONTINUOUS
10
5.6256066141732282
20
-3.741820433070866
11
5.625625551181102
21
-3.7417618897637794
0
LINE
8
BLACK
6
CONTINUOUS
10
5.625625551181102
20
-3.7417618897637794
11
5.6256401574803148
21
-3.7416136614173228
0
LINE
8
BLACK
6
CONTINUOUS
10
5.6256401574803148
20
-3.7416136614173228
11
5.6257928346456696
21
-3.7412449999999997
0
LINE
8
BLACK
6
CONTINUOUS
10
5.6257928346456696
20
-3.7412449999999997
11
5.6276097244094485
21
-3.7356316929133859
0
LINE
8
BLACK
6
CONTINUOUS
10
5.6276097244094485
20
-3.7356316929133859
11
5.6278457086614173
21
-3.735103149606299
0
LINE
8
BLACK
6
CONTINUOUS
10
5.6278457086614173
20
-3.735103149606299
11
5.6279151968503935
21
-3.7350229921259843
0
LINE
8
BLACK
6
CONTINUOUS
10
5.6279151968503935
20
-3.7350229921259843
11
5.6279558267716538
21
-3.7349249606299213
0
LINE
8
BLACK
6
CONTINUOUS
10
5.6279558267716538
20
-3.7349249606299213
11
5.6283396062992122
21
-3.7345336614173226
0
LINE
8
BLACK
6
CONTINUOUS
10
5.6283396062992122
20
-3.7345336614173226
11
5.6286005905511809
21
-3.7342327952755903
0
LINE
8
BLACK
6
CONTINUOUS
10
5.6286005905511809
20
-3.7342327952755903
11
5.6286676377952753
21
-3.7341992519685037
0
LINE
8
BLACK
6
CONTINUOUS
10
5.6286676377952753
20
-3.7341992519685037
11
5.6320725590551177
21
-3.7307279921259844
0
LINE
8
BLACK
6
CONTINUOUS
10
5.6320725590551177
20
-3.7307279921259844
11
5.6322989370078735
21
-3.7305421259842517
0
LINE
8
BLACK
6
CONTINUOUS
10
5.6322989370078735
20
-3.7305421259842517
11
5.6323500787401573
21
-3.7304832283464564
0
LINE
8
BLACK
6
CONTINUOUS
10
5.6323500787401573
20
-3.7304832283464564
11
5.6324055905511807
21
-3.7304546062992125
0
LINE
8
BLACK
6
CONTINUOUS
10
5.6324055905511807
20
-3.7304546062992125
11
5.6325199999999995
21
-3.730360748031496
0
LINE
8
BLACK
6
CONTINUOUS
10
5.6325199999999995
20
-3.730360748031496
11
5.632867047244094
21
-3.730216968503937
0
LINE
8
BLACK
6
CONTINUOUS
10
5.632867047244094
20
-3.730216968503937
11
5.6365894881889762
21
-3.7283001181102362
0
LINE
8
BLACK
6
CONTINUOUS
10
5.6365894881889762
20
-3.7283001181102362
11
5.6366315748031495
21
-3.7282839763779525
0
LINE
8
BLACK
6
CONTINUOUS
10
5.6366315748031495
20
-3.7282839763779525
11
5.6366487401574803
21
-3.7282712992125981
0
LINE
8
BLACK
6
CONTINUOUS
10
5.6366487401574803
20
-3.7282712992125981
11
5.6366976771653539
21
-3.7282587007874013
0
LINE
8
BLACK
6
CONTINUOUS
10
5.6366976771653539
20
-3.7282587007874013
11
5.6371300787401575
21
-3.7280932283464567
0
LINE
8
BLACK
6
CONTINUOUS
10
5.6371300787401575
20
-3.7280932283464567
11
5.6374212992125985
21
-3.7280725196850395
0
LINE
8
BLACK
6
CONTINUOUS
10
5.6374212992125985
20
-3.7280725196850395
11
5.6446929133858266
21
-3.7262017716535434
0
LINE
8
BLACK
6
CONTINUOUS
10
5.6446929133858266
20
-3.7262017716535434
11
5.6447927559055113
21
-3.7261869685039368
0
LINE
8
BLACK
6
CONTINUOUS
10
5.6447927559055113
20
-3.7261869685039368
11
5.6448329921259841
21
-3.7261703543307085
0
LINE
8
BLACK
6
CONTINUOUS
10
5.6448329921259841
20
-3.7261703543307085
11
5.6449101968503932
21
-3.7261696456692914
0
LINE
8
BLACK
6
CONTINUOUS
10
5.6449101968503932
20
-3.7261696456692914
11
5.6452655118110231
21
-3.7261171259842518
0
LINE
8
BLACK
6
CONTINUOUS
10
5.6452655118110231
20
-3.7261171259842518
11
5.6455774409448818
21
-3.7261635039370078
0
LINE
8
BLACK
6
CONTINUOUS
10
5.6455774409448818
20
-3.7261635039370078
11
5.6510333464566926
21
-3.7261136220472442
0
LINE
8
BLACK
6
CONTINUOUS
10
5.6510333464566926
20
-3.7261136220472442
11
5.6511338582677162
21
-3.726123503937008
0
LINE
8
BLACK
6
CONTINUOUS
10
4.9481759055118113
20
-3.7078598425196851
11
4.9489905511811019
21
-3.7086744881889762
0
LINE
8
BLACK
6
CONTINUOUS
10
4.9489905511811019
20
-3.7086744881889762
11
4.9494314566929134
21
-3.7097388976377954
0
LINE
8
BLACK
6
CONTINUOUS
10
4.9494314566929134
20
-3.7097388976377954
11
4.9494881889763782
21
-3.7496850393700787
0
LINE
8
BLACK
6
CONTINUOUS
10
4.9494881889763782
20
-3.7496850393700787
11
4.9494314566929134
21
-3.7502611023622046
0
LINE
8
BLACK
6
CONTINUOUS
10
4.9494314566929134
20
-3.7502611023622046
11
4.9489905511811019
21
-3.7513255118110234
0
LINE
8
BLACK
6
CONTINUOUS
10
4.9489905511811019
20
-3.7513255118110234
11
4.9481759055118113
21
-3.7521401574803148
0
LINE
8
BLACK
6
CONTINUOUS
10
4.9481759055118113
20
-3.7521401574803148
11
4.9471114960629921
21
-3.7525810629921259
0
LINE
8
BLACK
6
CONTINUOUS
10
4.9471114960629921
20
-3.7525810629921259
11
4.9459593700787403
21
-3.7525810629921259
0
LINE
8
BLACK
6
CONTINUOUS
10
4.9459593700787403
20
-3.7525810629921259
11
4.9448949606299211
21
-3.7521401574803148
0
LINE
8
BLACK
6
CONTINUOUS
10
4.9448949606299211
20
-3.7521401574803148
11
4.9440803149606296
21
-3.7513255118110234
0
LINE
8
BLACK
6
CONTINUOUS
10
4.9440803149606296
20
-3.7513255118110234
11
4.943639409448819
21
-3.7502611023622046
0
LINE
8
BLACK
6
CONTINUOUS
10
4.943639409448819
20
-3.7502611023622046
11
4.9435826771653542
21
-3.7103149606299213
0
LINE
8
BLACK
6
CONTINUOUS
10
4.9435826771653542
20
-3.7103149606299213
11
4.943639409448819
21
-3.7097388976377954
0
LINE
8
BLACK
6
CONTINUOUS
10
4.943639409448819
20
-3.7097388976377954
11
4.9440803149606296
21
-3.7086744881889762
0
LINE
8
BLACK
6
CONTINUOUS
10
4.9440803149606296
20
-3.7086744881889762
11
4.9448949606299211
21
-3.7078598425196851
0
LINE
8
BLACK
6
CONTINUOUS
10
4.9448949606299211
20
-3.7078598425196851
11
4.9459593700787403
21
-3.7074189370078741
0
LINE
8
BLACK
6
CONTINUOUS
10
4.9459593700787403
20
-3.7074189370078741
11
4.9471114960629921
21
-3.7074189370078741
0
LINE
8
BLACK
6
CONTINUOUS
10
4.9471114960629921
20
-3.7074189370078741
11
4.9481759055118113
21
-3.7078598425196851
0
LINE
8
BLACK
6
CONTINUOUS
10
5.0151050393700789
20
-3.7078598425196851
11
5.0159196850393704
21
-3.7086744881889762
0
LINE
8
BLACK
6
CONTINUOUS
10
5.0159196850393704
20
-3.7086744881889762
11
5.016360590551181
21
-3.7097388976377954
0
LINE
8
BLACK
6
CONTINUOUS
10
5.016360590551181
20
-3.7097388976377954
11
5.0164173228346458
21
-3.7496850393700787
0
LINE
8
BLACK
6
CONTINUOUS
10
5.0164173228346458
20
-3.7496850393700787
11
5.016360590551181
21
-3.7502611023622046
0
LINE
8
BLACK
6
CONTINUOUS
10
5.016360590551181
20
-3.7502611023622046
11
5.0159196850393704
21
-3.7513255118110234
0
LINE
8
BLACK
6
CONTINUOUS
10
5.0159196850393704
20
-3.7513255118110234
11
5.0151050393700789
21
-3.7521401574803148
0
LINE
8
BLACK
6
CONTINUOUS
10
5.0151050393700789
20
-3.7521401574803148
11
5.0140406299212597
21
-3.7525810629921259
0
LINE
8
BLACK
6
CONTINUOUS
10
5.0140406299212597
20
-3.7525810629921259
11
5.0128885039370079
21
-3.7525810629921259
0
LINE
8
BLACK
6
CONTINUOUS
10
5.0128885039370079
20
-3.7525810629921259
11
5.0118240944881887
21
-3.7521401574803148
0
LINE
8
BLACK
6
CONTINUOUS
10
5.0118240944881887
20
-3.7521401574803148
11
5.0110094488188972
21
-3.7513255118110234
0
LINE
8
BLACK
6
CONTINUOUS
10
5.0110094488188972
20
-3.7513255118110234
11
5.0105685433070866
21
-3.7502611023622046
0
LINE
8
BLACK
6
CONTINUOUS
10
5.0105685433070866
20
-3.7502611023622046
11
5.0105118110236218
21
-3.7103149606299213
0
LINE
8
BLACK
6
CONTINUOUS
10
5.0105118110236218
20
-3.7103149606299213
11
5.0105685433070866
21
-3.7097388976377954
0
LINE
8
BLACK
6
CONTINUOUS
10
5.0105685433070866
20
-3.7097388976377954
11
5.0110094488188972
21
-3.7086744881889762
0
LINE
8
BLACK
6
CONTINUOUS
10
5.0110094488188972
20
-3.7086744881889762
11
5.0118240944881887
21
-3.7078598425196851
0
LINE
8
BLACK
6
CONTINUOUS
10
5.0118240944881887
20
-3.7078598425196851
11
5.0128885039370079
21
-3.7074189370078741
0
LINE
8
BLACK
6
CONTINUOUS
10
5.0128885039370079
20
-3.7074189370078741
11
5.0140406299212597
21
-3.7074189370078741
0
LINE
8
BLACK
6
CONTINUOUS
10
5.0140406299212597
20
-3.7074189370078741
11
5.0151050393700789
21
-3.7078598425196851
0
LINE
8
BLACK
6
CONTINUOUS
10
4.8941981102362204
20
-3.7226551574803151
11
4.8952625196850397
21
-3.7230960629921257
0
LINE
8
BLACK
6
CONTINUOUS
10
4.8952625196850397
20
-3.7230960629921257
11
4.8960771653543302
21
-3.7239107086614172
0
LINE
8
BLACK
6
CONTINUOUS
10
4.8960771653543302
20
-3.7239107086614172
11
4.8965180708661418
21
-3.724975118110236
0
LINE
8
BLACK
6
CONTINUOUS
10
4.8965180708661418
20
-3.724975118110236
11
4.8965180708661418
21
-3.7261272440944881
0
LINE
8
BLACK
6
CONTINUOUS
10
4.8965180708661418
20
-3.7261272440944881
11
4.8960771653543302
21
-3.7271916535433069
0
LINE
8
BLACK
6
CONTINUOUS
10
4.8960771653543302
20
-3.7271916535433069
11
4.8952625196850397
21
-3.7280062992125984
0
LINE
8
BLACK
6
CONTINUOUS
10
4.8952625196850397
20
-3.7280062992125984
11
4.8941981102362204
21
-3.7284472047244095
0
LINE
8
BLACK
6
CONTINUOUS
10
4.8941981102362204
20
-3.7284472047244095
11
4.8463779527559057
21
-3.7285039370078739
0
LINE
8
BLACK
6
CONTINUOUS
10
4.8463779527559057
20
-3.7285039370078739
11
4.8458018897637798
21
-3.7284472047244095
0
LINE
8
BLACK
6
CONTINUOUS
10
4.8458018897637798
20
-3.7284472047244095
11
4.8447374803149605
21
-3.7280062992125984
0
LINE
8
BLACK
6
CONTINUOUS
10
4.8447374803149605
20
-3.7280062992125984
11
4.8439228346456691
21
-3.7271916535433069
0
LINE
8
BLACK
6
CONTINUOUS
10
4.8439228346456691
20
-3.7271916535433069
11
4.8434819291338584
21
-3.7261272440944881
0
LINE
8
BLACK
6
CONTINUOUS
10
4.8434819291338584
20
-3.7261272440944881
11
4.8434819291338584
21
-3.724975118110236
0
LINE
8
BLACK
6
CONTINUOUS
10
4.8434819291338584
20
-3.724975118110236
11
4.8439228346456691
21
-3.7239107086614172
0
LINE
8
BLACK
6
CONTINUOUS
10
4.8439228346456691
20
-3.7239107086614172
11
4.8447374803149605
21
-3.7230960629921257
0
LINE
8
BLACK
6
CONTINUOUS
10
4.8447374803149605
20
-3.7230960629921257
11
4.8458018897637798
21
-3.7226551574803151
0
LINE
8
BLACK
6
CONTINUOUS
10
4.8458018897637798
20
-3.7226551574803151
11
4.8936220472440946
21
-3.7225984251968502
0
LINE
8
BLACK
6
CONTINUOUS
10
4.8936220472440946
20
-3.7225984251968502
11
4.8941981102362204
21
-3.7226551574803151
0
LINE
8
BLACK
6
CONTINUOUS
10
4.7541981102362207
20
-3.7176551574803147
11
4.7552625196850391
21
-3.7180960629921258
0
LINE
8
BLACK
6
CONTINUOUS
10
4.7552625196850391
20
-3.7180960629921258
11
4.7560771653543306
21
-3.7189107086614173
0
LINE
8
BLACK
6
CONTINUOUS
10
4.7560771653543306
20
-3.7189107086614173
11
4.7565180708661412
21
-3.7199751181102361
0
LINE
8
BLACK
6
CONTINUOUS
10
4.7565180708661412
20
-3.7199751181102361
11
4.7565180708661412
21
-3.7211272440944883
0
LINE
8
BLACK
6
CONTINUOUS
10
4.7565180708661412
20
-3.7211272440944883
11
4.7560771653543306
21
-3.7221916535433071
0
LINE
8
BLACK
6
CONTINUOUS
10
4.7560771653543306
20
-3.7221916535433071
11
4.7552625196850391
21
-3.7230062992125985
0
LINE
8
BLACK
6
CONTINUOUS
10
4.7552625196850391
20
-3.7230062992125985
11
4.7541981102362207
21
-3.7234472047244092
0
LINE
8
BLACK
6
CONTINUOUS
10
4.7541981102362207
20
-3.7234472047244092
11
4.7063779527559051
21
-3.723503937007874
0
LINE
8
BLACK
6
CONTINUOUS
10
4.7063779527559051
20
-3.723503937007874
11
4.7058018897637792
21
-3.7234472047244092
0
LINE
8
BLACK
6
CONTINUOUS
10
4.7058018897637792
20
-3.7234472047244092
11
4.7047374803149609
21
-3.7230062992125985
0
LINE
8
BLACK
6
CONTINUOUS
10
4.7047374803149609
20
-3.7230062992125985
11
4.7039228346456694
21
-3.7221916535433071
0
LINE
8
BLACK
6
CONTINUOUS
10
4.7039228346456694
20
-3.7221916535433071
11
4.7034819291338579
21
-3.7211272440944883
0
LINE
8
BLACK
6
CONTINUOUS
10
4.7034819291338579
20
-3.7211272440944883
11
4.7034819291338579
21
-3.7199751181102361
0
LINE
8
BLACK
6
CONTINUOUS
10
4.7034819291338579
20
-3.7199751181102361
11
4.7039228346456694
21
-3.7189107086614173
0
LINE
8
BLACK
6
CONTINUOUS
10
4.7039228346456694
20
-3.7189107086614173
11
4.7047374803149609
21
-3.7180960629921258
0
LINE
8
BLACK
6
CONTINUOUS
10
4.7047374803149609
20
-3.7180960629921258
11
4.7058018897637792
21
-3.7176551574803147
0
LINE
8
BLACK
6
CONTINUOUS
10
4.7058018897637792
20
-3.7176551574803147
11
4.753622047244094
21
-3.7175984251968504
0
LINE
8
BLACK
6
CONTINUOUS
10
4.753622047244094
20
-3.7175984251968504
11
4.7541981102362207
21
-3.7176551574803147
0
LINE
8
BLACK
6
CONTINUOUS
10
5.568254645669291
20
-3.3979385826771651
11
5.5690692913385824
21
-3.3987532283464565
0
LINE
8
BLACK
6
CONTINUOUS
10
5.5690692913385824
20
-3.3987532283464565
11
5.5695101968503939
21
-3.3998176377952753
0
LINE
8
BLACK
6
CONTINUOUS
10
5.5695101968503939
20
-3.3998176377952753
11
5.5695669291338579
21
-3.7192913385826771
0
LINE
8
BLACK
6
CONTINUOUS
10
5.5695669291338579
20
-3.7192913385826771
11
5.5695101968503939
21
-3.719867401574803
0
LINE
8
BLACK
6
CONTINUOUS
10
5.5695101968503939
20
-3.719867401574803
11
5.5690692913385824
21
-3.7209318110236218
0
LINE
8
BLACK
6
CONTINUOUS
10
5.5690692913385824
20
-3.7209318110236218
11
5.568254645669291
21
-3.7217464566929133
0
LINE
8
BLACK
6
CONTINUOUS
10
5.568254645669291
20
-3.7217464566929133
11
5.5671902362204726
21
-3.7221873622047243
0
LINE
8
BLACK
6
CONTINUOUS
10
5.5671902362204726
20
-3.7221873622047243
11
5.56603811023622
21
-3.7221873622047243
0
LINE
8
BLACK
6
CONTINUOUS
10
5.56603811023622
20
-3.7221873622047243
11
5.5649737007874016
21
-3.7217464566929133
0
LINE
8
BLACK
6
CONTINUOUS
10
5.5649737007874016
20
-3.7217464566929133
11
5.5641590551181102
21
-3.7209318110236218
0
LINE
8
BLACK
6
CONTINUOUS
10
5.5641590551181102
20
-3.7209318110236218
11
5.5637181496062995
21
-3.719867401574803
0
LINE
8
BLACK
6
CONTINUOUS
10
5.5637181496062995
20
-3.719867401574803
11
5.5636614173228347
21
-3.4003937007874017
0
LINE
8
BLACK
6
CONTINUOUS
10
5.5636614173228347
20
-3.4003937007874017
11
5.5637181496062995
21
-3.3998176377952753
0
LINE
8
BLACK
6
CONTINUOUS
10
5.5637181496062995
20
-3.3998176377952753
11
5.5641590551181102
21
-3.3987532283464565
0
LINE
8
BLACK
6
CONTINUOUS
10
5.5641590551181102
20
-3.3987532283464565
11
5.5649737007874016
21
-3.3979385826771651
0
LINE
8
BLACK
6
CONTINUOUS
10
5.5649737007874016
20
-3.3979385826771651
11
5.56603811023622
21
-3.3974976771653544
0
LINE
8
BLACK
6
CONTINUOUS
10
5.56603811023622
20
-3.3974976771653544
11
5.5671902362204726
21
-3.3974976771653544
0
LINE
8
BLACK
6
CONTINUOUS
10
5.5671902362204726
20
-3.3974976771653544
11
5.568254645669291
21
-3.3979385826771651
0
LINE
8
BLACK
6
CONTINUOUS
10
5.1934055118110232
20
-3.6997713385826771
11
5.1965477559055113
21
-3.7024080314960628
0
LINE
8
BLACK
6
CONTINUOUS
10
5.1965477559055113
20
-3.7024080314960628
11
5.1985987401574798
21
-3.7059603937007872
0
LINE
8
BLACK
6
CONTINUOUS
10
5.1985987401574798
20
-3.7059603937007872
11
5.1993110236220472
21
-3.71
0
LINE
8
BLACK
6
CONTINUOUS
10
5.1993110236220472
20
-3.71
11
5.1985987401574798
21
-3.7140396062992127
0
LINE
8
BLACK
6
CONTINUOUS
10
5.1985987401574798
20
-3.7140396062992127
11
5.1965477559055113
21
-3.7175919685039371
0
LINE
8
BLACK
6
CONTINUOUS
10
5.1965477559055113
20
-3.7175919685039371
11
5.1934055118110232
21
-3.7202286614173228
0
LINE
8
BLACK
6
CONTINUOUS
10
5.1934055118110232
20
-3.7202286614173228
11
5.1895509448818897
21
-3.7216315748031494
0
LINE
8
BLACK
6
CONTINUOUS
10
5.1895509448818897
20
-3.7216315748031494
11
5.1854490551181103
21
-3.7216315748031494
0
LINE
8
BLACK
6
CONTINUOUS
10
5.1854490551181103
20
-3.7216315748031494
11
5.1815944881889759
21
-3.7202286614173228
0
LINE
8
BLACK
6
CONTINUOUS
10
5.1815944881889759
20
-3.7202286614173228
11
5.1784522440944878
21
-3.7175919685039371
0
LINE
8
BLACK
6
CONTINUOUS
10
5.1784522440944878
20
-3.7175919685039371
11
5.1764012598425193
21
-3.7140396062992127
0
LINE
8
BLACK
6
CONTINUOUS
10
5.1764012598425193
20
-3.7140396062992127
11
5.1756889763779528
21
-3.71
0
LINE
8
BLACK
6
CONTINUOUS
10
5.1756889763779528
20
-3.71
11
5.1764012598425193
21
-3.7059603937007872
0
LINE
8
BLACK
6
CONTINUOUS
10
5.1764012598425193
20
-3.7059603937007872
11
5.1784522440944878
21
-3.7024080314960628
0
LINE
8
BLACK
6
CONTINUOUS
10
5.1784522440944878
20
-3.7024080314960628
11
5.1815944881889759
21
-3.6997713385826771
0
LINE
8
BLACK
6
CONTINUOUS
10
5.1815944881889759
20
-3.6997713385826771
11
5.1854490551181103
21
-3.6983684251968505
0
LINE
8
BLACK
6
CONTINUOUS
10
5.1854490551181103
20
-3.6983684251968505
11
5.1895509448818897
21
-3.6983684251968505
0
LINE
8
BLACK
6
CONTINUOUS
10
5.1895509448818897
20
-3.6983684251968505
11
5.1934055118110232
21
-3.6997713385826771
0
LINE
8
BLACK
6
CONTINUOUS
10
5.2359055118110236
20
-3.6997713385826771
11
5.2390477559055117
21
-3.7024080314960628
0
LINE
8
BLACK
6
CONTINUOUS
10
5.2390477559055117
20
-3.7024080314960628
11
5.2410987401574802
21
-3.7059603937007872
0
LINE
8
BLACK
6
CONTINUOUS
10
5.2410987401574802
20
-3.7059603937007872
11
5.2418110236220468
21
-3.71
0
LINE
8
BLACK
6
CONTINUOUS
10
5.2418110236220468
20
-3.71
11
5.2410987401574802
21
-3.7140396062992127
0
LINE
8
BLACK
6
CONTINUOUS
10
5.2410987401574802
20
-3.7140396062992127
11
5.2390477559055117
21
-3.7175919685039371
0
LINE
8
BLACK
6
CONTINUOUS
10
5.2390477559055117
20
-3.7175919685039371
11
5.2359055118110236
21
-3.7202286614173228
0
LINE
8
BLACK
6
CONTINUOUS
10
5.2359055118110236
20
-3.7202286614173228
11
5.2320509448818893
21
-3.7216315748031494
0
LINE
8
BLACK
6
CONTINUOUS
10
5.2320509448818893
20
-3.7216315748031494
11
5.2279490551181098
21
-3.7216315748031494
0
LINE
8
BLACK
6
CONTINUOUS
10
5.2279490551181098
20
-3.7216315748031494
11
5.2240944881889764
21
-3.7202286614173228
0
LINE
8
BLACK
6
CONTINUOUS
10
5.2240944881889764
20
-3.7202286614173228
11
5.2209522440944882
21
-3.7175919685039371
0
LINE
8
BLACK
6
CONTINUOUS
10
5.2209522440944882
20
-3.7175919685039371
11
5.2189012598425197
21
-3.7140396062992127
0
LINE
8
BLACK
6
CONTINUOUS
10
5.2189012598425197
20
-3.7140396062992127
11
5.2181889763779523
21
-3.71
0
LINE
8
BLACK
6
CONTINUOUS
10
5.2181889763779523
20
-3.71
11
5.2189012598425197
21
-3.7059603937007872
0
LINE
8
BLACK
6
CONTINUOUS
10
5.2189012598425197
20
-3.7059603937007872
11
5.2209522440944882
21
-3.7024080314960628
0
LINE
8
BLACK
6
CONTINUOUS
10
5.2209522440944882
20
-3.7024080314960628
11
5.2240944881889764
21
-3.6997713385826771
0
LINE
8
BLACK
6
CONTINUOUS
10
5.2240944881889764
20
-3.6997713385826771
11
5.2279490551181098
21
-3.6983684251968505
0
LINE
8
BLACK
6
CONTINUOUS
10
5.2279490551181098
20
-3.6983684251968505
11
5.2320509448818893
21
-3.6983684251968505
0
LINE
8
BLACK
6
CONTINUOUS
10
5.2320509448818893
20
-3.6983684251968505
11
5.2359055118110236
21
-3.6997713385826771
0
LINE
8
BLACK
6
CONTINUOUS
10
5.3950262992125984
20
-3.3979385826771651
11
5.3958409448818898
21
-3.3987532283464565
0
LINE
8
BLACK
6
CONTINUOUS
10
5.3958409448818898
20
-3.3987532283464565
11
5.3962818503937005
21
-3.3998176377952753
0
LINE
8
BLACK
6
CONTINUOUS
10
5.3962818503937005
20
-3.3998176377952753
11
5.3963385826771653
21
-3.7153543307086614
0
LINE
8
BLACK
6
CONTINUOUS
10
5.3963385826771653
20
-3.7153543307086614
11
5.3962818503937005
21
-3.7159303937007873
0
LINE
8
BLACK
6
CONTINUOUS
10
5.3962818503937005
20
-3.7159303937007873
11
5.3958409448818898
21
-3.7169948031496061
0
LINE
8
BLACK
6
CONTINUOUS
10
5.3958409448818898
20
-3.7169948031496061
11
5.3950262992125984
21
-3.7178094488188975
0
LINE
8
BLACK
6
CONTINUOUS
10
5.3950262992125984
20
-3.7178094488188975
11
5.3939618897637791
21
-3.7182503543307086
0
LINE
8
BLACK
6
CONTINUOUS
10
5.3939618897637791
20
-3.7182503543307086
11
5.3928097637795274
21
-3.7182503543307086
0
LINE
8
BLACK
6
CONTINUOUS
10
5.3928097637795274
20
-3.7182503543307086
11
5.3917453543307081
21
-3.7178094488188975
0
LINE
8
BLACK
6
CONTINUOUS
10
5.3917453543307081
20
-3.7178094488188975
11
5.3909307086614175
21
-3.7169948031496061
0
LINE
8
BLACK
6
CONTINUOUS
10
5.3909307086614175
20
-3.7169948031496061
11
5.390489803149606
21
-3.7159303937007873
0
LINE
8
BLACK
6
CONTINUOUS
10
5.390489803149606
20
-3.7159303937007873
11
5.3904330708661412
21
-3.4003937007874017
0
LINE
8
BLACK
6
CONTINUOUS
10
5.3904330708661412
20
-3.4003937007874017
11
5.390489803149606
21
-3.3998176377952753
0
LINE
8
BLACK
6
CONTINUOUS
10
5.390489803149606
20
-3.3998176377952753
11
5.3909307086614175
21
-3.3987532283464565
0
LINE
8
BLACK
6
CONTINUOUS
10
5.3909307086614175
20
-3.3987532283464565
11
5.3917453543307081
21
-3.3979385826771651
0
LINE
8
BLACK
6
CONTINUOUS
10
5.3917453543307081
20
-3.3979385826771651
11
5.3928097637795274
21
-3.3974976771653544
0
LINE
8
BLACK
6
CONTINUOUS
10
5.3928097637795274
20
-3.3974976771653544
11
5.3939618897637791
21
-3.3974976771653544
0
LINE
8
BLACK
6
CONTINUOUS
10
5.3939618897637791
20
-3.3974976771653544
11
5.3950262992125984
21
-3.3979385826771651
0
LINE
8
BLACK
6
CONTINUOUS
10
4.7541981102362207
20
-3.6865527952755905
11
4.7552625196850391
21
-3.6869937007874016
0
LINE
8
BLACK
6
CONTINUOUS
10
4.7552625196850391
20
-3.6869937007874016
11
4.7560771653543306
21
-3.6878083464566926
0
LINE
8
BLACK
6
CONTINUOUS
10
4.7560771653543306
20
-3.6878083464566926
11
4.7565180708661412
21
-3.6888727559055119
0
LINE
8
BLACK
6
CONTINUOUS
10
4.7565180708661412
20
-3.6888727559055119
11
4.7565180708661412
21
-3.6900248818897636
0
LINE
8
BLACK
6
CONTINUOUS
10
4.7565180708661412
20
-3.6900248818897636
11
4.7560771653543306
21
-3.6910892913385824
0
LINE
8
BLACK
6
CONTINUOUS
10
4.7560771653543306
20
-3.6910892913385824
11
4.7552625196850391
21
-3.6919039370078739
0
LINE
8
BLACK
6
CONTINUOUS
10
4.7552625196850391
20
-3.6919039370078739
11
4.7541981102362207
21
-3.692344842519685
0
LINE
8
BLACK
6
CONTINUOUS
10
4.7541981102362207
20
-3.692344842519685
11
4.7063779527559051
21
-3.6924015748031493
0
LINE
8
BLACK
6
CONTINUOUS
10
4.7063779527559051
20
-3.6924015748031493
11
4.7058018897637792
21
-3.692344842519685
0
LINE
8
BLACK
6
CONTINUOUS
10
4.7058018897637792
20
-3.692344842519685
11
4.7047374803149609
21
-3.6919039370078739
0
LINE
8
BLACK
6
CONTINUOUS
10
4.7047374803149609
20
-3.6919039370078739
11
4.7039228346456694
21
-3.6910892913385824
0
LINE
8
BLACK
6
CONTINUOUS
10
4.7039228346456694
20
-3.6910892913385824
11
4.7034819291338579
21
-3.6900248818897636
0
LINE
8
BLACK
6
CONTINUOUS
10
4.7034819291338579
20
-3.6900248818897636
11
4.7034819291338579
21
-3.6888727559055119
0
LINE
8
BLACK
6
CONTINUOUS
10
4.7034819291338579
20
-3.6888727559055119
11
4.7039228346456694
21
-3.6878083464566926
0
LINE
8
BLACK
6
CONTINUOUS
10
4.7039228346456694
20
-3.6878083464566926
11
4.7047374803149609
21
-3.6869937007874016
0
LINE
8
BLACK
6
CONTINUOUS
10
4.7047374803149609
20
-3.6869937007874016
11
4.7058018897637792
21
-3.6865527952755905
0
LINE
8
BLACK
6
CONTINUOUS
10
4.7058018897637792
20
-3.6865527952755905
11
4.753622047244094
21
-3.6864960629921257
0
LINE
8
BLACK
6
CONTINUOUS
10
4.753622047244094
20
-3.6864960629921257
11
4.7541981102362207
21
-3.6865527952755905
0
LINE
8
BLACK
6
CONTINUOUS
10
4.9027112204724412
20
-3.6555404330708661
11
4.9028598425196845
21
-3.6555404330708661
0
LINE
8
BLACK
6
CONTINUOUS
10
4.9028598425196845
20
-3.6555404330708661
11
4.9032584251968503
21
-3.6557055118110235
0
LINE
8
BLACK
6
CONTINUOUS
10
4.9032584251968503
20
-3.6557055118110235
11
4.9036718503937005
21
-3.6558302755905512
0
LINE
8
BLACK
6
CONTINUOUS
10
4.9036718503937005
20
-3.6558302755905512
11
4.9037869685039368
21
-3.6559244488188978
0
LINE
8
BLACK
6
CONTINUOUS
10
4.9037869685039368
20
-3.6559244488188978
11
4.9039242519685038
21
-3.6559813385826772
0
LINE
8
BLACK
6
CONTINUOUS
10
4.9039242519685038
20
-3.6559813385826772
11
4.9042292913385825
21
-3.6562863779527559
0
LINE
8
BLACK
6
CONTINUOUS
10
4.9042292913385825
20
-3.6562863779527559
11
4.9045635039370081
21
-3.6565598425196848
0
LINE
8
BLACK
6
CONTINUOUS
10
4.9045635039370081
20
-3.6565598425196848
11
4.9046337795275585
21
-3.6566908661417323
0
LINE
8
BLACK
6
CONTINUOUS
10
4.9046337795275585
20
-3.6566908661417323
11
4.904738937007874
21
-3.6567960236220474
0
LINE
8
BLACK
6
CONTINUOUS
10
4.904738937007874
20
-3.6567960236220474
11
4.9049040157480315
21
-3.6571946062992127
0
LINE
8
BLACK
6
CONTINUOUS
10
4.9049040157480315
20
-3.6571946062992127
11
4.9051081496062992
21
-3.6575750787401575
0
LINE
8
BLACK
6
CONTINUOUS
10
4.9051081496062992
20
-3.6575750787401575
11
4.905122913385827
21
-3.6577230708661417
0
LINE
8
BLACK
6
CONTINUOUS
10
4.905122913385827
20
-3.6577230708661417
11
4.9051798425196846
21
-3.6578604330708662
0
LINE
8
BLACK
6
CONTINUOUS
10
4.9051798425196846
20
-3.6578604330708662
11
4.9051798425196846
21
-3.6582919685039368
0
LINE
8
BLACK
6
CONTINUOUS
10
4.9051798425196846
20
-3.6582919685039368
11
4.9052227952755905
21
-3.6587214960629919
0
LINE
8
BLACK
6
CONTINUOUS
10
4.9052227952755905
20
-3.6587214960629919
11
4.9051798425196846
21
-3.6588638188976379
0
LINE
8
BLACK
6
CONTINUOUS
10
4.9051798425196846
20
-3.6588638188976379
11
4.9051798425196846
21
-3.6590125196850392
0
LINE
8
BLACK
6
CONTINUOUS
10
4.9051798425196846
20
-3.6590125196850392
11
4.9050146850393697
21
-3.659411181102362
0
LINE
8
BLACK
6
CONTINUOUS
10
4.9050146850393697
20
-3.659411181102362
11
4.90489
21
-3.6598244881889763
0
LINE
8
BLACK
6
CONTINUOUS
10
4.90489
20
-3.6598244881889763
11
4.9047958267716538
21
-3.6599395669291339
0
LINE
8
BLACK
6
CONTINUOUS
10
4.9047958267716538
20
-3.6599395669291339
11
4.904738937007874
21
-3.6600769291338584
0
LINE
8
BLACK
6
CONTINUOUS
10
4.904738937007874
20
-3.6600769291338584
11
4.9043750393700787
21
-3.6604537795275589
0
LINE
8
BLACK
6
CONTINUOUS
10
4.9043750393700787
20
-3.6604537795275589
11
4.9041604330708664
21
-3.6607161417322835
0
LINE
8
BLACK
6
CONTINUOUS
10
4.9041604330708664
20
-3.6607161417322835
11
4.9040802755905508
21
-3.6607590944881889
0
LINE
8
BLACK
6
CONTINUOUS
10
4.9040802755905508
20
-3.6607590944881889
11
4.9027489370078738
21
-3.6621381102362203
0
LINE
8
BLACK
6
CONTINUOUS
10
4.9027489370078738
20
-3.6621381102362203
11
4.9014380314960633
21
-3.6648397637795274
0
LINE
8
BLACK
6
CONTINUOUS
10
4.9014380314960633
20
-3.6648397637795274
11
4.9014835433070862
21
-3.6728214960629919
0
LINE
8
BLACK
6
CONTINUOUS
10
4.9014835433070862
20
-3.6728214960629919
11
4.9028773622047241
21
-3.6755282283464568
0
LINE
8
BLACK
6
CONTINUOUS
10
4.9028773622047241
20
-3.6755282283464568
11
4.9041107480314956
21
-3.6767189763779529
0
LINE
8
BLACK
6
CONTINUOUS
10
4.9041107480314956
20
-3.6767189763779529
11
4.9068123622047244
21
-3.6780298425196851
0
LINE
8
BLACK
6
CONTINUOUS
10
4.9068123622047244
20
-3.6780298425196851
11
4.9147940944881885
21
-3.6779843307086613
0
LINE
8
BLACK
6
CONTINUOUS
10
4.9147940944881885
20
-3.6779843307086613
11
4.9175008267716533
21
-3.6765904724409446
0
LINE
8
BLACK
6
CONTINUOUS
10
4.9175008267716533
20
-3.6765904724409446
11
4.9186916141732286
21
-3.6753571259842519
0
LINE
8
BLACK
6
CONTINUOUS
10
4.9186916141732286
20
-3.6753571259842519
11
4.9200024803149605
21
-3.6726555118110236
0
LINE
8
BLACK
6
CONTINUOUS
10
4.9200024803149605
20
-3.6726555118110236
11
4.9199569685039366
21
-3.664673779527559
0
LINE
8
BLACK
6
CONTINUOUS
10
4.9199569685039366
20
-3.664673779527559
11
4.9185631496062987
21
-3.6619670866141734
0
LINE
8
BLACK
6
CONTINUOUS
10
4.9185631496062987
20
-3.6619670866141734
11
4.9170688188976373
21
-3.660524409448819
0
LINE
8
BLACK
6
CONTINUOUS
10
4.9170688188976373
20
-3.660524409448819
11
4.9167015748031497
21
-3.6600769291338584
0
LINE
8
BLACK
6
CONTINUOUS
10
4.9167015748031497
20
-3.6600769291338584
11
4.9162606692913382
21
-3.6590125196850392
0
LINE
8
BLACK
6
CONTINUOUS
10
4.9162606692913382
20
-3.6590125196850392
11
4.9162606692913382
21
-3.6578604330708662
0
LINE
8
BLACK
6
CONTINUOUS
10
4.9162606692913382
20
-3.6578604330708662
11
4.916701535433071
21
-3.6567960236220474
0
LINE
8
BLACK
6
CONTINUOUS
10
4.916701535433071
20
-3.6567960236220474
11
4.9175162204724412
21
-3.6559813385826772
0
LINE
8
BLACK
6
CONTINUOUS
10
4.9175162204724412
20
-3.6559813385826772
11
4.9185806299212596
21
-3.6555404330708661
0
LINE
8
BLACK
6
CONTINUOUS
10
4.9185806299212596
20
-3.6555404330708661
11
4.9197327165354325
21
-3.6555404330708661
0
LINE
8
BLACK
6
CONTINUOUS
10
4.9197327165354325
20
-3.6555404330708661
11
4.9207971259842518
21
-3.6559812992125984
0
LINE
8
BLACK
6
CONTINUOUS
10
4.9207971259842518
20
-3.6559812992125984
11
4.9231193700787399
21
-3.6582232677165352
0
LINE
8
BLACK
6
CONTINUOUS
10
4.9231193700787399
20
-3.6582232677165352
11
4.9233051181102363
21
-3.6584496062992127
0
LINE
8
BLACK
6
CONTINUOUS
10
4.9233051181102363
20
-3.6584496062992127
11
4.9233641732283466
21
-3.6585008267716534
0
LINE
8
BLACK
6
CONTINUOUS
10
4.9233641732283466
20
-3.6585008267716534
11
4.92339279527559
21
-3.6585564566929132
0
LINE
8
BLACK
6
CONTINUOUS
10
4.92339279527559
20
-3.6585564566929132
11
4.9234866141732283
21
-3.6586707480314962
0
LINE
8
BLACK
6
CONTINUOUS
10
4.9234866141732283
20
-3.6586707480314962
11
4.9236302755905514
21
-3.6590175984251969
0
LINE
8
BLACK
6
CONTINUOUS
10
4.9236302755905514
20
-3.6590175984251969
11
4.9255472834645664
21
-3.6627402362204724
0
LINE
8
BLACK
6
CONTINUOUS
10
4.9255472834645664
20
-3.6627402362204724
11
4.9257541732283467
21
-3.6632808267716537
0
LINE
8
BLACK
6
CONTINUOUS
10
4.9257541732283467
20
-3.6632808267716537
11
4.9257616929133858
21
-3.6633866929133858
0
LINE
8
BLACK
6
CONTINUOUS
10
4.9257616929133858
20
-3.6633866929133858
11
4.9258022834645665
21
-3.6634846850393701
0
LINE
8
BLACK
6
CONTINUOUS
10
4.9258022834645665
20
-3.6634846850393701
11
4.9258051968503933
21
-3.6639992125984251
0
LINE
8
BLACK
6
CONTINUOUS
10
4.9258051968503933
20
-3.6639992125984251
11
4.9258358267716531
21
-3.6644300393700786
0
LINE
8
BLACK
6
CONTINUOUS
10
4.9258358267716531
20
-3.6644300393700786
11
4.9258081102362201
21
-3.6645130708661418
0
LINE
8
BLACK
6
CONTINUOUS
10
4.9258081102362201
20
-3.6645130708661418
11
4.9258590157480313
21
-3.6734345669291337
0
LINE
8
BLACK
6
CONTINUOUS
10
4.9258590157480313
20
-3.6734345669291337
11
4.9258022834645665
21
-3.6740106299212596
0
LINE
8
BLACK
6
CONTINUOUS
10
4.9258022834645665
20
-3.6740106299212596
11
4.9257616929133858
21
-3.6741085826771651
0
LINE
8
BLACK
6
CONTINUOUS
10
4.9257616929133858
20
-3.6741085826771651
11
4.9257541732283467
21
-3.6742144881889764
0
LINE
8
BLACK
6
CONTINUOUS
10
4.9257541732283467
20
-3.6742144881889764
11
4.9255058267716532
21
-3.6747262204724409
0
LINE
8
BLACK
6
CONTINUOUS
10
4.9255058267716532
20
-3.6747262204724409
11
4.9253613779527559
21
-3.6750750393700788
0
LINE
8
BLACK
6
CONTINUOUS
10
4.9253613779527559
20
-3.6750750393700788
11
4.9253132677165352
21
-3.6751231102362203
0
LINE
8
BLACK
6
CONTINUOUS
10
4.9253132677165352
20
-3.6751231102362203
11
4.9236725196850388
21
-3.6785046062992124
0
LINE
8
BLACK
6
CONTINUOUS
10
4.9236725196850388
20
-3.6785046062992124
11
4.9235164173228343
21
-3.6787525984251968
0
LINE
8
BLACK
6
CONTINUOUS
10
4.9235164173228343
20
-3.6787525984251968
11
4.9234866141732283
21
-3.678824566929134
0
LINE
8
BLACK
6
CONTINUOUS
10
4.9234866141732283
20
-3.678824566929134
11
4.9234420866141733
21
-3.6788706299212599
0
LINE
8
BLACK
6
CONTINUOUS
10
4.9234420866141733
20
-3.6788706299212599
11
4.9233641732283466
21
-3.6789944881889762
0
LINE
8
BLACK
6
CONTINUOUS
10
4.9233641732283466
20
-3.6789944881889762
11
4.9231083858267715
21
-3.6792162598425198
0
LINE
8
BLACK
6
CONTINUOUS
10
4.9231083858267715
20
-3.6792162598425198
11
4.9212445669291336
21
-3.6811468110236221
0
LINE
8
BLACK
6
CONTINUOUS
10
4.9212445669291336
20
-3.6811468110236221
11
4.9210182283464565
21
-3.6813325196850393
0
LINE
8
BLACK
6
CONTINUOUS
10
4.9210182283464565
20
-3.6813325196850393
11
4.9209670866141728
21
-3.6813915354330708
0
LINE
8
BLACK
6
CONTINUOUS
10
4.9209670866141728
20
-3.6813915354330708
11
4.9209114566929131
21
-3.6814201574803147
0
LINE
8
BLACK
6
CONTINUOUS
10
4.9209114566929131
20
-3.6814201574803147
11
4.9207971259842518
21
-3.6815140157480313
0
LINE
8
BLACK
6
CONTINUOUS
10
4.9207971259842518
20
-3.6815140157480313
11
4.9204501968503935
21
-3.6816576771653544
0
LINE
8
BLACK
6
CONTINUOUS
10
4.9204501968503935
20
-3.6816576771653544
11
4.9167276771653539
21
-3.683574645669291
0
LINE
8
BLACK
6
CONTINUOUS
10
4.9167276771653539
20
-3.683574645669291
11
4.9161870472440947
21
-3.683781535433071
0
LINE
8
BLACK
6
CONTINUOUS
10
4.9161870472440947
20
-3.683781535433071
11
4.9160812204724404
21
-3.6837890157480313
0
LINE
8
BLACK
6
CONTINUOUS
10
4.9160812204724404
20
-3.6837890157480313
11
4.9159832283464562
21
-3.6838296456692912
0
LINE
8
BLACK
6
CONTINUOUS
10
4.9159832283464562
20
-3.6838296456692912
11
4.9154686220472437
21
-3.683832559055118
0
LINE
8
BLACK
6
CONTINUOUS
10
4.9154686220472437
20
-3.683832559055118
11
4.9150378346456689
21
-3.6838631889763778
0
LINE
8
BLACK
6
CONTINUOUS
10
4.9150378346456689
20
-3.6838631889763778
11
4.9149547637795274
21
-3.6838354724409448
0
LINE
8
BLACK
6
CONTINUOUS
10
4.9149547637795274
20
-3.6838354724409448
11
4.9060333464566925
21
-3.683886377952756
0
LINE
8
BLACK
6
CONTINUOUS
10
4.9060333464566925
20
-3.683886377952756
11
4.9054572834645667
21
-3.6838296456692912
0
LINE
8
BLACK
6
CONTINUOUS
10
4.9054572834645667
20
-3.6838296456692912
11
4.9053592913385824
21
-3.6837890551181101
0
LINE
8
BLACK
6
CONTINUOUS
10
4.9053592913385824
20
-3.6837890551181101
11
4.9052534251968503
21
-3.683781535433071
0
LINE
8
BLACK
6
CONTINUOUS
10
4.9052534251968503
20
-3.683781535433071
11
4.904741653543307
21
-3.6835331889763778
0
LINE
8
BLACK
6
CONTINUOUS
10
4.904741653543307
20
-3.6835331889763778
11
4.9043928740157483
21
-3.6833887401574801
0
LINE
8
BLACK
6
CONTINUOUS
10
4.9043928740157483
20
-3.6833887401574801
11
4.9043447637795277
21
-3.6833406299212599
0
LINE
8
BLACK
6
CONTINUOUS
10
4.9043447637795277
20
-3.6833406299212599
11
4.9009633070866139
21
-3.6816998818897635
0
LINE
8
BLACK
6
CONTINUOUS
10
4.9009633070866139
20
-3.6816998818897635
11
4.9007152755905512
21
-3.681543779527559
0
LINE
8
BLACK
6
CONTINUOUS
10
4.9007152755905512
20
-3.681543779527559
11
4.9006433464566932
21
-3.6815139763779525
0
LINE
8
BLACK
6
CONTINUOUS
10
4.9006433464566932
20
-3.6815139763779525
11
4.900597244094488
21
-3.6814694488188975
0
LINE
8
BLACK
6
CONTINUOUS
10
4.900597244094488
20
-3.6814694488188975
11
4.90047342519685
21
-3.6813915354330708
0
LINE
8
BLACK
6
CONTINUOUS
10
4.90047342519685
20
-3.6813915354330708
11
4.9002516535433074
21
-3.6811358267716536
0
LINE
8
BLACK
6
CONTINUOUS
10
4.9002516535433074
20
-3.6811358267716536
11
4.8983211417322829
21
-3.6792720078740158
0
LINE
8
BLACK
6
CONTINUOUS
10
4.8983211417322829
20
-3.6792720078740158
11
4.8981353543307087
21
-3.6790456299212599
0
LINE
8
BLACK
6
CONTINUOUS
10
4.8981353543307087
20
-3.6790456299212599
11
4.8980763779527559
21
-3.6789944881889762
0
LINE
8
BLACK
6
CONTINUOUS
10
4.8980763779527559
20
-3.6789944881889762
11
4.8980477165354328
21
-3.6789388188976377
0
LINE
8
BLACK
6
CONTINUOUS
10
4.8980477165354328
20
-3.6789388188976377
11
4.8979539370078742
21
-3.678824566929134
0
LINE
8
BLACK
6
CONTINUOUS
10
4.8979539370078742
20
-3.678824566929134
11
4.897810275590551
21
-3.6784777559055115
0
LINE
8
BLACK
6
CONTINUOUS
10
4.897810275590551
20
-3.6784777559055115
11
4.8958932677165352
21
-3.6747550787401573
0
LINE
8
BLACK
6
CONTINUOUS
10
4.8958932677165352
20
-3.6747550787401573
11
4.8956863779527557
21
-3.6742144488188977
0
LINE
8
BLACK
6
CONTINUOUS
10
4.8956863779527557
20
-3.6742144488188977
11
4.8956788582677166
21
-3.6741086220472439
0
LINE
8
BLACK
6
CONTINUOUS
10
4.8956788582677166
20
-3.6741086220472439
11
4.8956382677165351
21
-3.6740106299212596
0
LINE
8
BLACK
6
CONTINUOUS
10
4.8956382677165351
20
-3.6740106299212596
11
4.8956353149606295
21
-3.6734960236220471
0
LINE
8
BLACK
6
CONTINUOUS
10
4.8956353149606295
20
-3.6734960236220471
11
4.8956047244094485
21
-3.6730652362204723
0
LINE
8
BLACK
6
CONTINUOUS
10
4.8956047244094485
20
-3.6730652362204723
11
4.8956324015748027
21
-3.6729821653543304
0
LINE
8
BLACK
6
CONTINUOUS
10
4.8956324015748027
20
-3.6729821653543304
11
4.8955815354330712
21
-3.664060748031496
0
LINE
8
BLACK
6
CONTINUOUS
10
4.8955815354330712
20
-3.664060748031496
11
4.8956382677165351
21
-3.6634846850393701
0
LINE
8
BLACK
6
CONTINUOUS
10
4.8956382677165351
20
-3.6634846850393701
11
4.8956788582677166
21
-3.6633866535433071
0
LINE
8
BLACK
6
CONTINUOUS
10
4.8956788582677166
20
-3.6633866535433071
11
4.8956863779527557
21
-3.663280866141732
0
LINE
8
BLACK
6
CONTINUOUS
10
4.8956863779527557
20
-3.663280866141732
11
4.8959345669291334
21
-3.6627692913385825
0
LINE
8
BLACK
6
CONTINUOUS
10
4.8959345669291334
20
-3.6627692913385825
11
4.8960791732283466
21
-3.6624202755905513
0
LINE
8
BLACK
6
CONTINUOUS
10
4.8960791732283466
20
-3.6624202755905513
11
4.8961272834645664
21
-3.6623721259842519
0
LINE
8
BLACK
6
CONTINUOUS
10
4.8961272834645664
20
-3.6623721259842519
11
4.8963258661417326
21
-3.6619628346456694
0
LINE
8
BLACK
6
CONTINUOUS
10
4.8963258661417326
20
-3.6619628346456694
11
4.8864417322834646
21
-3.662980433070866
0
LINE
8
BLACK
6
CONTINUOUS
10
4.8864417322834646
20
-3.662980433070866
11
4.8864889370078739
21
-3.6790588582677164
0
LINE
8
BLACK
6
CONTINUOUS
10
4.8864889370078739
20
-3.6790588582677164
11
4.8864322047244091
21
-3.6796349212598423
0
LINE
8
BLACK
6
CONTINUOUS
10
4.8864322047244091
20
-3.6796349212598423
11
4.8859912992125984
21
-3.6806993307086615
0
LINE
8
BLACK
6
CONTINUOUS
10
4.8859912992125984
20
-3.6806993307086615
11
4.885176653543307
21
-3.6815139763779525
0
LINE
8
BLACK
6
CONTINUOUS
10
4.885176653543307
20
-3.6815139763779525
11
4.8841122440944877
21
-3.6819548818897636
0
LINE
8
BLACK
6
CONTINUOUS
10
4.8841122440944877
20
-3.6819548818897636
11
4.882960118110236
21
-3.6819548818897636
0
LINE
8
BLACK
6
CONTINUOUS
10
4.882960118110236
20
-3.6819548818897636
11
4.8818957086614176
21
-3.6815139763779525
0
LINE
8
BLACK
6
CONTINUOUS
10
4.8818957086614176
20
-3.6815139763779525
11
4.8810810629921262
21
-3.6806993307086615
0
LINE
8
BLACK
6
CONTINUOUS
10
4.8810810629921262
20
-3.6806993307086615
11
4.8806401574803147
21
-3.6796349212598423
0
LINE
8
BLACK
6
CONTINUOUS
10
4.8806401574803147
20
-3.6796349212598423
11
4.8805834251968498
21
-3.6603112204724408
0
LINE
8
BLACK
6
CONTINUOUS
10
4.8805834251968498
20
-3.6603112204724408
11
4.88060437007874
21
-3.660098149606299
0
LINE
8
BLACK
6
CONTINUOUS
10
4.88060437007874
20
-3.660098149606299
11
4.8805972047244097
21
-3.6600261811023622
0
LINE
8
BLACK
6
CONTINUOUS
10
4.8805972047244097
20
-3.6600261811023622
11
4.8806183858267715
21
-3.6599558267716534
0
LINE
8
BLACK
6
CONTINUOUS
10
4.8806183858267715
20
-3.6599558267716534
11
4.8806401574803147
21
-3.659735157480315
0
LINE
8
BLACK
6
CONTINUOUS
10
4.8806401574803147
20
-3.659735157480315
11
4.8808052755905509
21
-3.6593364566929134
0
LINE
8
BLACK
6
CONTINUOUS
10
4.8808052755905509
20
-3.6593364566929134
11
4.8809300000000002
21
-3.6589231889763778
0
LINE
8
BLACK
6
CONTINUOUS
10
4.8809300000000002
20
-3.6589231889763778
11
4.8810241338582676
21
-3.6588080708661415
0
LINE
8
BLACK
6
CONTINUOUS
10
4.8810241338582676
20
-3.6588080708661415
11
4.8810810629921262
21
-3.6586707480314962
0
LINE
8
BLACK
6
CONTINUOUS
10
4.8810810629921262
20
-3.6586707480314962
11
4.8813862992125987
21
-3.6583654724409449
0
LINE
8
BLACK
6
CONTINUOUS
10
4.8813862992125987
20
-3.6583654724409449
11
4.8816595669291338
21
-3.6580315354330706
0
LINE
8
BLACK
6
CONTINUOUS
10
4.8816595669291338
20
-3.6580315354330706
11
4.8817905118110234
21
-3.6579612598425197
0
LINE
8
BLACK
6
CONTINUOUS
10
4.8817905118110234
20
-3.6579612598425197
11
4.8818957086614176
21
-3.6578561023622047
0
LINE
8
BLACK
6
CONTINUOUS
10
4.8818957086614176
20
-3.6578561023622047
11
4.8822944881889763
21
-3.657690905511811
0
LINE
8
BLACK
6
CONTINUOUS
10
4.8822944881889763
20
-3.657690905511811
11
4.8826748031496061
21
-3.6574868897637796
0
LINE
8
BLACK
6
CONTINUOUS
10
4.8826748031496061
20
-3.6574868897637796
11
4.8828241338582679
21
-3.6574714960629922
0
LINE
8
BLACK
6
CONTINUOUS
10
4.8828241338582679
20
-3.6574714960629922
11
4.882960118110236
21
-3.6574151968503936
0
LINE
8
BLACK
6
CONTINUOUS
10
4.882960118110236
20
-3.6574151968503936
11
4.8833711811023619
21
-3.6574151968503936
0
LINE
8
BLACK
6
CONTINUOUS
10
4.8833711811023619
20
-3.6574151968503936
11
4.9019899999999996
21
-3.6554983464566928
0
LINE
8
BLACK
6
CONTINUOUS
10
4.9019899999999996
20
-3.6554983464566928
11
4.902568858267716
21
-3.6554974803149607
0
LINE
8
BLACK
6
CONTINUOUS
10
4.902568858267716
20
-3.6554974803149607
11
4.9027112204724412
21
-3.6555404330708661
0
LINE
8
BLACK
6
CONTINUOUS
10
5.1934055118110232
20
-3.6522713385826773
11
5.1965477559055113
21
-3.6549080314960629
0
LINE
8
BLACK
6
CONTINUOUS
10
5.1965477559055113
20
-3.6549080314960629
11
5.1985987401574798
21
-3.6584603937007873
0
LINE
8
BLACK
6
CONTINUOUS
10
5.1985987401574798
20
-3.6584603937007873
11
5.1993110236220472
21
-3.6625000000000001
0
LINE
8
BLACK
6
CONTINUOUS
10
5.1993110236220472
20
-3.6625000000000001
11
5.1985987401574798
21
-3.6665396062992124
0
LINE
8
BLACK
6
CONTINUOUS
10
5.1985987401574798
20
-3.6665396062992124
11
5.1965477559055113
21
-3.6700919685039368
0
LINE
8
BLACK
6
CONTINUOUS
10
5.1965477559055113
20
-3.6700919685039368
11
5.1934055118110232
21
-3.6727286614173229
0
LINE
8
BLACK
6
CONTINUOUS
10
5.1934055118110232
20
-3.6727286614173229
11
5.1895509448818897
21
-3.6741315748031496
0
LINE
8
BLACK
6
CONTINUOUS
10
5.1895509448818897
20
-3.6741315748031496
11
5.1854490551181103
21
-3.6741315748031496
0
LINE
8
BLACK
6
CONTINUOUS
10
5.1854490551181103
20
-3.6741315748031496
11
5.1815944881889759
21
-3.6727286614173229
0
LINE
8
BLACK
6
CONTINUOUS
10
5.1815944881889759
20
-3.6727286614173229
11
5.1784522440944878
21
-3.6700919685039368
0
LINE
8
BLACK
6
CONTINUOUS
10
5.1784522440944878
20
-3.6700919685039368
11
5.1764012598425193
21
-3.6665396062992124
0
LINE
8
BLACK
6
CONTINUOUS
10
5.1764012598425193
20
-3.6665396062992124
11
5.1756889763779528
21
-3.6625000000000001
0
LINE
8
BLACK
6
CONTINUOUS
10
5.1756889763779528
20
-3.6625000000000001
11
5.1764012598425193
21
-3.6584603937007873
0
LINE
8
BLACK
6
CONTINUOUS
10
5.1764012598425193
20
-3.6584603937007873
11
5.1784522440944878
21
-3.6549080314960629
0
LINE
8
BLACK
6
CONTINUOUS
10
5.1784522440944878
20
-3.6549080314960629
11
5.1815944881889759
21
-3.6522713385826773
0
LINE
8
BLACK
6
CONTINUOUS
10
5.1815944881889759
20
-3.6522713385826773
11
5.1854490551181103
21
-3.6508684251968502
0
LINE
8
BLACK
6
CONTINUOUS
10
5.1854490551181103
20
-3.6508684251968502
11
5.1895509448818897
21
-3.6508684251968502
0
LINE
8
BLACK
6
CONTINUOUS
10
5.1895509448818897
20
-3.6508684251968502
11
5.1934055118110232
21
-3.6522713385826773
0
LINE
8
BLACK
6
CONTINUOUS
10
5.2384055118110231
20
-3.6522713385826773
11
5.2415477559055113
21
-3.6549080314960629
0
LINE
8
BLACK
6
CONTINUOUS
10
5.2415477559055113
20
-3.6549080314960629
11
5.2435987401574806
21
-3.6584603937007873
0
LINE
8
BLACK
6
CONTINUOUS
10
5.2435987401574806
20
-3.6584603937007873
11
5.2443110236220472
21
-3.6625000000000001
0
LINE
8
BLACK
6
CONTINUOUS
10
5.2443110236220472
20
-3.6625000000000001
11
5.2435987401574806
21
-3.6665396062992124
0
LINE
8
BLACK
6
CONTINUOUS
10
5.2435987401574806
20
-3.6665396062992124
11
5.2415477559055113
21
-3.6700919685039368
0
LINE
8
BLACK
6
CONTINUOUS
10
5.2415477559055113
20
-3.6700919685039368
11
5.2384055118110231
21
-3.6727286614173229
0
LINE
8
BLACK
6
CONTINUOUS
10
5.2384055118110231
20
-3.6727286614173229
11
5.2345509448818897
21
-3.6741315748031496
0
LINE
8
BLACK
6
CONTINUOUS
10
5.2345509448818897
20
-3.6741315748031496
11
5.2304490551181102
21
-3.6741315748031496
0
LINE
8
BLACK
6
CONTINUOUS
10
5.2304490551181102
20
-3.6741315748031496
11
5.2265944881889759
21
-3.6727286614173229
0
LINE
8
BLACK
6
CONTINUOUS
10
5.2265944881889759
20
-3.6727286614173229
11
5.2234522440944877
21
-3.6700919685039368
0
LINE
8
BLACK
6
CONTINUOUS
10
5.2234522440944877
20
-3.6700919685039368
11
5.2214012598425192
21
-3.6665396062992124
0
LINE
8
BLACK
6
CONTINUOUS
10
5.2214012598425192
20
-3.6665396062992124
11
5.2206889763779527
21
-3.6625000000000001
0
LINE
8
BLACK
6
CONTINUOUS
10
5.2206889763779527
20
-3.6625000000000001
11
5.2214012598425192
21
-3.6584603937007873
0
LINE
8
BLACK
6
CONTINUOUS
10
5.2214012598425192
20
-3.6584603937007873
11
5.2234522440944877
21
-3.6549080314960629
0
LINE
8
BLACK
6
CONTINUOUS
10
5.2234522440944877
20
-3.6549080314960629
11
5.2265944881889759
21
-3.6522713385826773
0
LINE
8
BLACK
6
CONTINUOUS
10
5.2265944881889759
20
-3.6522713385826773
11
5.2304490551181102
21
-3.6508684251968502
0
LINE
8
BLACK
6
CONTINUOUS
10
5.2304490551181102
20
-3.6508684251968502
11
5.2345509448818897
21
-3.6508684251968502
0
LINE
8
BLACK
6
CONTINUOUS
10
5.2345509448818897
20
-3.6508684251968502
11
5.2384055118110231
21
-3.6522713385826773
0
LINE
8
BLACK
6
CONTINUOUS
10
4.7981759055118109
20
-3.6278598425196851
11
4.7989905511811024
21
-3.6286744881889761
0
LINE
8
BLACK
6
CONTINUOUS
10
4.7989905511811024
20
-3.6286744881889761
11
4.799431456692913
21
-3.6297388976377953
0
LINE
8
BLACK
6
CONTINUOUS
10
4.799431456692913
20
-3.6297388976377953
11
4.7994881889763779
21
-3.6696850393700786
0
LINE
8
BLACK
6
CONTINUOUS
10
4.7994881889763779
20
-3.6696850393700786
11
4.799431456692913
21
-3.6702611023622045
0
LINE
8
BLACK
6
CONTINUOUS
10
4.799431456692913
20
-3.6702611023622045
11
4.7989905511811024
21
-3.6713255118110237
0
LINE
8
BLACK
6
CONTINUOUS
10
4.7989905511811024
20
-3.6713255118110237
11
4.7981759055118109
21
-3.6721401574803147
0
LINE
8
BLACK
6
CONTINUOUS
10
4.7981759055118109
20
-3.6721401574803147
11
4.7971114960629917
21
-3.6725810629921258
0
LINE
8
BLACK
6
CONTINUOUS
10
4.7971114960629917
20
-3.6725810629921258
11
4.79595937007874
21
-3.6725810629921258
0
LINE
8
BLACK
6
CONTINUOUS
10
4.79595937007874
20
-3.6725810629921258
11
4.7948949606299207
21
-3.6721401574803147
0
LINE
8
BLACK
6
CONTINUOUS
10
4.7948949606299207
20
-3.6721401574803147
11
4.7940803149606301
21
-3.6713255118110237
0
LINE
8
BLACK
6
CONTINUOUS
10
4.7940803149606301
20
-3.6713255118110237
11
4.7936394094488186
21
-3.6702611023622045
0
LINE
8
BLACK
6
CONTINUOUS
10
4.7936394094488186
20
-3.6702611023622045
11
4.7935826771653538
21
-3.6303149606299212
0
LINE
8
BLACK
6
CONTINUOUS
10
4.7935826771653538
20
-3.6303149606299212
11
4.7936394094488186
21
-3.6297388976377953
0
LINE
8
BLACK
6
CONTINUOUS
10
4.7936394094488186
20
-3.6297388976377953
11
4.7940803149606301
21
-3.6286744881889761
0
LINE
8
BLACK
6
CONTINUOUS
10
4.7940803149606301
20
-3.6286744881889761
11
4.7948949606299207
21
-3.6278598425196851
0
LINE
8
BLACK
6
CONTINUOUS
10
4.7948949606299207
20
-3.6278598425196851
11
4.79595937007874
21
-3.627418937007874
0
LINE
8
BLACK
6
CONTINUOUS
10
4.79595937007874
20
-3.627418937007874
11
4.7971114960629917
21
-3.627418937007874
0
LINE
8
BLACK
6
CONTINUOUS
10
4.7971114960629917
20
-3.627418937007874
11
4.7981759055118109
21
-3.6278598425196851
0
LINE
8
BLACK
6
CONTINUOUS
10
4.8651050393700785
20
-3.6278598425196851
11
4.86591968503937
21
-3.6286744881889761
0
LINE
8
BLACK
6
CONTINUOUS
10
4.86591968503937
20
-3.6286744881889761
11
4.8663605905511806
21
-3.6297388976377953
0
LINE
8
BLACK
6
CONTINUOUS
10
4.8663605905511806
20
-3.6297388976377953
11
4.8664173228346455
21
-3.6696850393700786
0
LINE
8
BLACK
6
CONTINUOUS
10
4.8664173228346455
20
-3.6696850393700786
11
4.8663605905511806
21
-3.6702611023622045
0
LINE
8
BLACK
6
CONTINUOUS
10
4.8663605905511806
20
-3.6702611023622045
11
4.86591968503937
21
-3.6713255118110237
0
LINE
8
BLACK
6
CONTINUOUS
10
4.86591968503937
20
-3.6713255118110237
11
4.8651050393700785
21
-3.6721401574803147
0
LINE
8
BLACK
6
CONTINUOUS
10
4.8651050393700785
20
-3.6721401574803147
11
4.8640406299212593
21
-3.6725810629921258
0
LINE
8
BLACK
6
CONTINUOUS
10
4.8640406299212593
20
-3.6725810629921258
11
4.8628885039370076
21
-3.6725810629921258
0
LINE
8
BLACK
6
CONTINUOUS
10
4.8628885039370076
20
-3.6725810629921258
11
4.8618240944881892
21
-3.6721401574803147
0
LINE
8
BLACK
6
CONTINUOUS
10
4.8618240944881892
20
-3.6721401574803147
11
4.8610094488188977
21
-3.6713255118110237
0
LINE
8
BLACK
6
CONTINUOUS
10
4.8610094488188977
20
-3.6713255118110237
11
4.8605685433070862
21
-3.6702611023622045
0
LINE
8
BLACK
6
CONTINUOUS
10
4.8605685433070862
20
-3.6702611023622045
11
4.8605118110236223
21
-3.6303149606299212
0
LINE
8
BLACK
6
CONTINUOUS
10
4.8605118110236223
20
-3.6303149606299212
11
4.8605685433070862
21
-3.6297388976377953
0
LINE
8
BLACK
6
CONTINUOUS
10
4.8605685433070862
20
-3.6297388976377953
11
4.8610094488188977
21
-3.6286744881889761
0
LINE
8
BLACK
6
CONTINUOUS
10
4.8610094488188977
20
-3.6286744881889761
11
4.8618240944881892
21
-3.6278598425196851
0
LINE
8
BLACK
6
CONTINUOUS
10
4.8618240944881892
20
-3.6278598425196851
11
4.8628885039370076
21
-3.627418937007874
0
LINE
8
BLACK
6
CONTINUOUS
10
4.8628885039370076
20
-3.627418937007874
11
4.8640406299212593
21
-3.627418937007874
0
LINE
8
BLACK
6
CONTINUOUS
10
4.8640406299212593
20
-3.627418937007874
11
4.8651050393700785
21
-3.6278598425196851
0
LINE
8
BLACK
6
CONTINUOUS
10
4.9061338582677161
20
-3.6161235039370077
11
4.9061768897637794
21
-3.6161171259842519
0
LINE
8
BLACK
6
CONTINUOUS
10
4.9061768897637794
20
-3.6161171259842519
11
4.9062505511811025
21
-3.6161349999999999
0
LINE
8
BLACK
6
CONTINUOUS
10
4.9062505511811025
20
-3.6161349999999999
11
4.9066094094488184
21
-3.6161703543307087
0
LINE
8
BLACK
6
CONTINUOUS
10
4.9066094094488184
20
-3.6161703543307087
11
4.9069112992125987
21
-3.6162953937007871
0
LINE
8
BLACK
6
CONTINUOUS
10
4.9069112992125987
20
-3.6162953937007871
11
4.9142485433070862
21
-3.6180765354330706
0
LINE
8
BLACK
6
CONTINUOUS
10
4.9142485433070862
20
-3.6180765354330706
11
4.9142910236220469
21
-3.6180916929133859
0
LINE
8
BLACK
6
CONTINUOUS
10
4.9142910236220469
20
-3.6180916929133859
11
4.9143122834645672
21
-3.6180932283464564
0
LINE
8
BLACK
6
CONTINUOUS
10
4.9143122834645672
20
-3.6180932283464564
11
4.9143598031496065
21
-3.6181162598425196
0
LINE
8
BLACK
6
CONTINUOUS
10
4.9143598031496065
20
-3.6181162598425196
11
4.9147936614173231
21
-3.6182712992125983
0
LINE
8
BLACK
6
CONTINUOUS
10
4.9147936614173231
20
-3.6182712992125983
11
4.9150106299212597
21
-3.618432086614173
0
LINE
8
BLACK
6
CONTINUOUS
10
4.9150106299212597
20
-3.618432086614173
11
4.9186024409448814
21
-3.6201748818897639
0
LINE
8
BLACK
6
CONTINUOUS
10
4.9186024409448814
20
-3.6201748818897639
11
4.91885031496063
21
-3.6203309055118109
0
LINE
8
BLACK
6
CONTINUOUS
10
4.91885031496063
20
-3.6203309055118109
11
4.9189223622047242
21
-3.6203607480314961
0
LINE
8
BLACK
6
CONTINUOUS
10
4.9189223622047242
20
-3.6203607480314961
11
4.918966456692913
21
-3.6204039763779527
0
LINE
8
BLACK
6
CONTINUOUS
10
4.918966456692913
20
-3.6204039763779527
11
4.9190923228346453
21
-3.6204832283464565
0
LINE
8
BLACK
6
CONTINUOUS
10
4.9190923228346453
20
-3.6204832283464565
11
4.919349133858268
21
-3.6207793700787403
0
LINE
8
BLACK
6
CONTINUOUS
10
4.919349133858268
20
-3.6207793700787403
11
4.9231194094488187
21
-3.6244775196850392
0
LINE
8
BLACK
6
CONTINUOUS
10
4.9231194094488187
20
-3.6244775196850392
11
4.9234866535433071
21
-3.624924960629921
0
LINE
8
BLACK
6
CONTINUOUS
10
4.9234866535433071
20
-3.624924960629921
11
4.9235272440944877
21
-3.625022992125984
0
LINE
8
BLACK
6
CONTINUOUS
10
4.9235272440944877
20
-3.625022992125984
11
4.9235967322834648
21
-3.6251031102362203
0
LINE
8
BLACK
6
CONTINUOUS
10
4.9235967322834648
20
-3.6251031102362203
11
4.9237717322834644
21
-3.6256132677165351
0
LINE
8
BLACK
6
CONTINUOUS
10
4.9237717322834644
20
-3.6256132677165351
11
4.9239275196850389
21
-3.6259893700787402
0
LINE
8
BLACK
6
CONTINUOUS
10
4.9239275196850389
20
-3.6259893700787402
11
4.9239275196850389
21
-3.6260673228346456
0
LINE
8
BLACK
6
CONTINUOUS
10
4.9239275196850389
20
-3.6260673228346456
11
4.9257074803149603
21
-3.6312559448818895
0
LINE
8
BLACK
6
CONTINUOUS
10
4.9257074803149603
20
-3.6312559448818895
11
4.925772401574803
21
-3.6315415748031494
0
LINE
8
BLACK
6
CONTINUOUS
10
4.925772401574803
20
-3.6315415748031494
11
4.9258022834645665
21
-3.6316136614173229
0
LINE
8
BLACK
6
CONTINUOUS
10
4.9258022834645665
20
-3.6316136614173229
11
4.9258030708661416
21
-3.6316764960629921
0
LINE
8
BLACK
6
CONTINUOUS
10
4.9258030708661416
20
-3.6316764960629921
11
4.9258358267716531
21
-3.6318203937007874
0
LINE
8
BLACK
6
CONTINUOUS
10
4.9258358267716531
20
-3.6318203937007874
11
4.9258097637795277
21
-3.6321865354330707
0
LINE
8
BLACK
6
CONTINUOUS
10
4.9258097637795277
20
-3.6321865354330707
11
4.9258590157480313
21
-3.6359392519685039
0
LINE
8
BLACK
6
CONTINUOUS
10
4.9258590157480313
20
-3.6359392519685039
11
4.9258302755905508
21
-3.6362308267716537
0
LINE
8
BLACK
6
CONTINUOUS
10
4.9258302755905508
20
-3.6362308267716537
11
4.9258358267716531
21
-3.6363085826771653
0
LINE
8
BLACK
6
CONTINUOUS
10
4.9258358267716531
20
-3.6363085826771653
11
4.9258168503937005
21
-3.6363671259842518
0
LINE
8
BLACK
6
CONTINUOUS
10
4.9258168503937005
20
-3.6363671259842518
11
4.9258022834645665
21
-3.6365153149606297
0
LINE
8
BLACK
6
CONTINUOUS
10
4.9258022834645665
20
-3.6365153149606297
11
4.9256496062992126
21
-3.6368838188976378
0
LINE
8
BLACK
6
CONTINUOUS
10
4.9256496062992126
20
-3.6368838188976378
11
4.9238327165354328
21
-3.642497283464567
0
LINE
8
BLACK
6
CONTINUOUS
10
4.9238327165354328
20
-3.642497283464567
11
4.9235967322834648
21
-3.6430258661417323
0
LINE
8
BLACK
6
CONTINUOUS
10
4.9235967322834648
20
-3.6430258661417323
11
4.9235271653543302
21
-3.6431060236220469
0
LINE
8
BLACK
6
CONTINUOUS
10
4.9235271653543302
20
-3.6431060236220469
11
4.9234866141732283
21
-3.6432040157480312
0
LINE
8
BLACK
6
CONTINUOUS
10
4.9234866141732283
20
-3.6432040157480312
11
4.9230498425196849
21
-3.6436563779527558
0
LINE
8
BLACK
6
CONTINUOUS
10
4.9230498425196849
20
-3.6436563779527558
11
4.9228418503937004
21
-3.643896220472441
0
LINE
8
BLACK
6
CONTINUOUS
10
4.9228418503937004
20
-3.643896220472441
11
4.9227963385826774
21
-3.6439189370078737
0
LINE
8
BLACK
6
CONTINUOUS
10
4.9227963385826774
20
-3.6439189370078737
11
4.9212445669291336
21
-3.6455262598425198
0
LINE
8
BLACK
6
CONTINUOUS
10
4.9212445669291336
20
-3.6455262598425198
11
4.9207971259842518
21
-3.645893464566929
0
LINE
8
BLACK
6
CONTINUOUS
10
4.9207971259842518
20
-3.645893464566929
11
4.9197327165354325
21
-3.6463343307086613
0
LINE
8
BLACK
6
CONTINUOUS
10
4.9197327165354325
20
-3.6463343307086613
11
4.9185806299212596
21
-3.6463343307086613
0
LINE
8
BLACK
6
CONTINUOUS
10
4.9185806299212596
20
-3.6463343307086613
11
4.9175162204724412
21
-3.6458934251968502
0
LINE
8
BLACK
6
CONTINUOUS
10
4.9175162204724412
20
-3.6458934251968502
11
4.916701535433071
21
-3.64507874015748
0
LINE
8
BLACK
6
CONTINUOUS
10
4.916701535433071
20
-3.64507874015748
11
4.9162606692913382
21
-3.6440143307086612
0
LINE
8
BLACK
6
CONTINUOUS
10
4.9162606692913382
20
-3.6440143307086612
11
4.9162606692913382
21
-3.6428622440944882
0
LINE
8
BLACK
6
CONTINUOUS
10
4.9162606692913382
20
-3.6428622440944882
11
4.9167015748031497
21
-3.6417978346456694
0
LINE
8
BLACK
6
CONTINUOUS
10
4.9167015748031497
20
-3.6417978346456694
11
4.9185142519685039
21
-3.6399202755905513
0
LINE
8
BLACK
6
CONTINUOUS
10
4.9185142519685039
20
-3.6399202755905513
11
4.9199948818897639
21
-3.6353457874015747
0
LINE
8
BLACK
6
CONTINUOUS
10
4.9199948818897639
20
-3.6353457874015747
11
4.9199580314960629
21
-3.6325355905511811
0
LINE
8
BLACK
6
CONTINUOUS
10
4.9199580314960629
20
-3.6325355905511811
11
4.9184281889763781
21
-3.6280761417322833
0
LINE
8
BLACK
6
CONTINUOUS
10
4.9184281889763781
20
-3.6280761417322833
11
4.9154468503937006
21
-3.6251518503937006
0
LINE
8
BLACK
6
CONTINUOUS
10
4.9154468503937006
20
-3.6251518503937006
11
4.9123047244094487
21
-3.6236272047244094
0
LINE
8
BLACK
6
CONTINUOUS
10
4.9123047244094487
20
-3.6236272047244094
11
4.9054888582677165
21
-3.6219726377952757
0
LINE
8
BLACK
6
CONTINUOUS
10
4.9054888582677165
20
-3.6219726377952757
11
4.9005765748031491
21
-3.6220175984251965
0
LINE
8
BLACK
6
CONTINUOUS
10
4.9005765748031491
20
-3.6220175984251965
11
4.8937486220472444
21
-3.6237742125984251
0
LINE
8
BLACK
6
CONTINUOUS
10
4.8937486220472444
20
-3.6237742125984251
11
4.8907905511811025
21
-3.6252974803149605
0
LINE
8
BLACK
6
CONTINUOUS
10
4.8907905511811025
20
-3.6252974803149605
11
4.8879248031496063
21
-3.6282190944881889
0
LINE
8
BLACK
6
CONTINUOUS
10
4.8879248031496063
20
-3.6282190944881889
11
4.8864475196850394
21
-3.6327831496062992
0
LINE
8
BLACK
6
CONTINUOUS
10
4.8864475196850394
20
-3.6327831496062992
11
4.8864843700787404
21
-3.635593307086614
0
LINE
8
BLACK
6
CONTINUOUS
10
4.8864843700787404
20
-3.635593307086614
11
4.8880066141732286
21
-3.6400306299212599
0
LINE
8
BLACK
6
CONTINUOUS
10
4.8880066141732286
20
-3.6400306299212599
11
4.8893736220472439
21
-3.6413503937007872
0
LINE
8
BLACK
6
CONTINUOUS
10
4.8893736220472439
20
-3.6413503937007872
11
4.8897408267716536
21
-3.6417978346456694
0
LINE
8
BLACK
6
CONTINUOUS
10
4.8897408267716536
20
-3.6417978346456694
11
4.8901817322834642
21
-3.6428622440944882
0
LINE
8
BLACK
6
CONTINUOUS
10
4.8901817322834642
20
-3.6428622440944882
11
4.8901817322834642
21
-3.6440143307086612
0
LINE
8
BLACK
6
CONTINUOUS
10
4.8901817322834642
20
-3.6440143307086612
11
4.8897408267716536
21
-3.64507874015748
0
LINE
8
BLACK
6
CONTINUOUS
10
4.8897408267716536
20
-3.64507874015748
11
4.8889261417322833
21
-3.6458934251968502
0
LINE
8
BLACK
6
CONTINUOUS
10
4.8889261417322833
20
-3.6458934251968502
11
4.8878617322834641
21
-3.6463343307086613
0
LINE
8
BLACK
6
CONTINUOUS
10
4.8878617322834641
20
-3.6463343307086613
11
4.8867096456692911
21
-3.6463343307086613
0
LINE
8
BLACK
6
CONTINUOUS
10
4.8867096456692911
20
-3.6463343307086613
11
4.8856452362204728
21
-3.6458934251968502
0
LINE
8
BLACK
6
CONTINUOUS
10
4.8856452362204728
20
-3.6458934251968502
11
4.8833230314960625
21
-3.6436514566929135
0
LINE
8
BLACK
6
CONTINUOUS
10
4.8833230314960625
20
-3.6436514566929135
11
4.8829558267716537
21
-3.6432040157480312
0
LINE
8
BLACK
6
CONTINUOUS
10
4.8829558267716537
20
-3.6432040157480312
11
4.8829151968503934
21
-3.6431059448818899
0
LINE
8
BLACK
6
CONTINUOUS
10
4.8829151968503934
20
-3.6431059448818899
11
4.8828457086614172
21
-3.6430258267716535
0
LINE
8
BLACK
6
CONTINUOUS
10
4.8828457086614172
20
-3.6430258267716535
11
4.8826706299212601
21
-3.6425155118110237
0
LINE
8
BLACK
6
CONTINUOUS
10
4.8826706299212601
20
-3.6425155118110237
11
4.8825149212598422
21
-3.6421395669291337
0
LINE
8
BLACK
6
CONTINUOUS
10
4.8825149212598422
20
-3.6421395669291337
11
4.8825149212598422
21
-3.6420615748031495
0
LINE
8
BLACK
6
CONTINUOUS
10
4.8825149212598422
20
-3.6420615748031495
11
4.8807349606299208
21
-3.6368729921259844
0
LINE
8
BLACK
6
CONTINUOUS
10
4.8807349606299208
20
-3.6368729921259844
11
4.8806700000000003
21
-3.6365874015748032
0
LINE
8
BLACK
6
CONTINUOUS
10
4.8806700000000003
20
-3.6365874015748032
11
4.8806401574803147
21
-3.6365153149606297
0
LINE
8
BLACK
6
CONTINUOUS
10
4.8806401574803147
20
-3.6365153149606297
11
4.8806393307086617
21
-3.636452401574803
0
LINE
8
BLACK
6
CONTINUOUS
10
4.8806393307086617
20
-3.636452401574803
11
4.8806066141732281
21
-3.6363085433070865
0
LINE
8
BLACK
6
CONTINUOUS
10
4.8806066141732281
20
-3.6363085433070865
11
4.8806326377952756
21
-3.6359423622047244
0
LINE
8
BLACK
6
CONTINUOUS
10
4.8806326377952756
20
-3.6359423622047244
11
4.8805834251968498
21
-3.6321897244094488
0
LINE
8
BLACK
6
CONTINUOUS
10
4.8805834251968498
20
-3.6321897244094488
11
4.8806121259842516
21
-3.631898149606299
0
LINE
8
BLACK
6
CONTINUOUS
10
4.8806121259842516
20
-3.631898149606299
11
4.8806066141732281
21
-3.6318204330708661
0
LINE
8
BLACK
6
CONTINUOUS
10
4.8806066141732281
20
-3.6318204330708661
11
4.8806255511811019
21
-3.6317618897637796
0
LINE
8
BLACK
6
CONTINUOUS
10
4.8806255511811019
20
-3.6317618897637796
11
4.8806401574803147
21
-3.6316136614173229
0
LINE
8
BLACK
6
CONTINUOUS
10
4.8806401574803147
20
-3.6316136614173229
11
4.8807928346456695
21
-3.6312449999999998
0
LINE
8
BLACK
6
CONTINUOUS
10
4.8807928346456695
20
-3.6312449999999998
11
4.8826097244094484
21
-3.6256316929133856
0
LINE
8
BLACK
6
CONTINUOUS
10
4.8826097244094484
20
-3.6256316929133856
11
4.8828457086614172
21
-3.6251031496062991
0
LINE
8
BLACK
6
CONTINUOUS
10
4.8828457086614172
20
-3.6251031496062991
11
4.8829151968503934
21
-3.625022992125984
0
LINE
8
BLACK
6
CONTINUOUS
10
4.8829151968503934
20
-3.625022992125984
11
4.8829558267716537
21
-3.624924960629921
0
LINE
8
BLACK
6
CONTINUOUS
10
4.8829558267716537
20
-3.624924960629921
11
4.883339606299212
21
-3.6245336614173227
0
LINE
8
BLACK
6
CONTINUOUS
10
4.883339606299212
20
-3.6245336614173227
11
4.8836005905511808
21
-3.6242327952755904
0
LINE
8
BLACK
6
CONTINUOUS
10
4.8836005905511808
20
-3.6242327952755904
11
4.8836676377952752
21
-3.6241992519685038
0
LINE
8
BLACK
6
CONTINUOUS
10
4.8836676377952752
20
-3.6241992519685038
11
4.8870725590551176
21
-3.6207279921259841
0
LINE
8
BLACK
6
CONTINUOUS
10
4.8870725590551176
20
-3.6207279921259841
11
4.8872989370078743
21
-3.6205421259842518
0
LINE
8
BLACK
6
CONTINUOUS
10
4.8872989370078743
20
-3.6205421259842518
11
4.8873500787401571
21
-3.6204832283464565
0
LINE
8
BLACK
6
CONTINUOUS
10
4.8873500787401571
20
-3.6204832283464565
11
4.8874055905511806
21
-3.6204546062992127
0
LINE
8
BLACK
6
CONTINUOUS
10
4.8874055905511806
20
-3.6204546062992127
11
4.8875200000000003
21
-3.6203607480314961
0
LINE
8
BLACK
6
CONTINUOUS
10
4.8875200000000003
20
-3.6203607480314961
11
4.8878670472440948
21
-3.6202169685039367
0
LINE
8
BLACK
6
CONTINUOUS
10
4.8878670472440948
20
-3.6202169685039367
11
4.8915894881889761
21
-3.6183001181102363
0
LINE
8
BLACK
6
CONTINUOUS
10
4.8915894881889761
20
-3.6183001181102363
11
4.8916315748031494
21
-3.6182839763779526
0
LINE
8
BLACK
6
CONTINUOUS
10
4.8916315748031494
20
-3.6182839763779526
11
4.8916487401574802
21
-3.6182712992125983
0
LINE
8
BLACK
6
CONTINUOUS
10
4.8916487401574802
20
-3.6182712992125983
11
4.8916976771653546
21
-3.6182587007874014
0
LINE
8
BLACK
6
CONTINUOUS
10
4.8916976771653546
20
-3.6182587007874014
11
4.8921300787401574
21
-3.6180932283464564
0
LINE
8
BLACK
6
CONTINUOUS
10
4.8921300787401574
20
-3.6180932283464564
11
4.8924212992125984
21
-3.6180725196850392
0
LINE
8
BLACK
6
CONTINUOUS
10
4.8924212992125984
20
-3.6180725196850392
11
4.8996929133858265
21
-3.6162017716535431
0
LINE
8
BLACK
6
CONTINUOUS
10
4.8996929133858265
20
-3.6162017716535431
11
4.8997927559055121
21
-3.6161869685039369
0
LINE
8
BLACK
6
CONTINUOUS
10
4.8997927559055121
20
-3.6161869685039369
11
4.899832992125984
21
-3.6161703543307087
0
LINE
8
BLACK
6
CONTINUOUS
10
4.899832992125984
20
-3.6161703543307087
11
4.899910196850394
21
-3.6161696456692911
0
LINE
8
BLACK
6
CONTINUOUS
10
4.899910196850394
20
-3.6161696456692911
11
4.9002655118110239
21
-3.6161171259842519
0
LINE
8
BLACK
6
CONTINUOUS
10
4.9002655118110239
20
-3.6161171259842519
11
4.9005774409448817
21
-3.6161635039370079
0
LINE
8
BLACK
6
CONTINUOUS
10
4.9005774409448817
20
-3.6161635039370079
11
4.9060333464566925
21
-3.6161136220472438
0
LINE
8
BLACK
6
CONTINUOUS
10
4.9060333464566925
20
-3.6161136220472438
11
4.9061338582677161
21
-3.6161235039370077
0
LINE
8
BLACK
6
CONTINUOUS
10
5.5381759055118112
20
-3.5828598425196851
11
5.5389905511811026
21
-3.5836744881889762
0
LINE
8
BLACK
6
CONTINUOUS
10
5.5389905511811026
20
-3.5836744881889762
11
5.5394314566929133
21
-3.5847388976377954
0
LINE
8
BLACK
6
CONTINUOUS
10
5.5394314566929133
20
-3.5847388976377954
11
5.5394881889763781
21
-3.6246850393700787
0
LINE
8
BLACK
6
CONTINUOUS
10
5.5394881889763781
20
-3.6246850393700787
11
5.5394314566929133
21
-3.6252611023622046
0
LINE
8
BLACK
6
CONTINUOUS
10
5.5394314566929133
20
-3.6252611023622046
11
5.5389905511811026
21
-3.6263255118110234
0
LINE
8
BLACK
6
CONTINUOUS
10
5.5389905511811026
20
-3.6263255118110234
11
5.5381759055118112
21
-3.6271401574803148
0
LINE
8
BLACK
6
CONTINUOUS
10
5.5381759055118112
20
-3.6271401574803148
11
5.5371114960629919
21
-3.6275810629921259
0
LINE
8
BLACK
6
CONTINUOUS
10
5.5371114960629919
20
-3.6275810629921259
11
5.5359593700787402
21
-3.6275810629921259
0
LINE
8
BLACK
6
CONTINUOUS
10
5.5359593700787402
20
-3.6275810629921259
11
5.5348949606299209
21
-3.6271401574803148
0
LINE
8
BLACK
6
CONTINUOUS
10
5.5348949606299209
20
-3.6271401574803148
11
5.5340803149606295
21
-3.6263255118110234
0
LINE
8
BLACK
6
CONTINUOUS
10
5.5340803149606295
20
-3.6263255118110234
11
5.5336394094488188
21
-3.6252611023622046
0
LINE
8
BLACK
6
CONTINUOUS
10
5.5336394094488188
20
-3.6252611023622046
11
5.533582677165354
21
-3.5853149606299213
0
LINE
8
BLACK
6
CONTINUOUS
10
5.533582677165354
20
-3.5853149606299213
11
5.5336394094488188
21
-3.5847388976377954
0
LINE
8
BLACK
6
CONTINUOUS
10
5.5336394094488188
20
-3.5847388976377954
11
5.5340803149606295
21
-3.5836744881889762
0
LINE
8
BLACK
6
CONTINUOUS
10
5.5340803149606295
20
-3.5836744881889762
11
5.5348949606299209
21
-3.5828598425196851
0
LINE
8
BLACK
6
CONTINUOUS
10
5.5348949606299209
20
-3.5828598425196851
11
5.5359593700787402
21
-3.5824189370078741
0
LINE
8
BLACK
6
CONTINUOUS
10
5.5359593700787402
20
-3.5824189370078741
11
5.5371114960629919
21
-3.5824189370078741
0
LINE
8
BLACK
6
CONTINUOUS
10
5.5371114960629919
20
-3.5824189370078741
11
5.5381759055118112
21
-3.5828598425196851
0
LINE
8
BLACK
6
CONTINUOUS
10
5.6051050393700788
20
-3.5828598425196851
11
5.6059196850393702
21
-3.5836744881889762
0
LINE
8
BLACK
6
CONTINUOUS
10
5.6059196850393702
20
-3.5836744881889762
11
5.6063605905511809
21
-3.5847388976377954
0
LINE
8
BLACK
6
CONTINUOUS
10
5.6063605905511809
20
-3.5847388976377954
11
5.6064173228346457
21
-3.6246850393700787
0
LINE
8
BLACK
6
CONTINUOUS
10
5.6064173228346457
20
-3.6246850393700787
11
5.6063605905511809
21
-3.6252611023622046
0
LINE
8
BLACK
6
CONTINUOUS
10
5.6063605905511809
20
-3.6252611023622046
11
5.6059196850393702
21
-3.6263255118110234
0
LINE
8
BLACK
6
CONTINUOUS
10
5.6059196850393702
20
-3.6263255118110234
11
5.6051050393700788
21
-3.6271401574803148
0
LINE
8
BLACK
6
CONTINUOUS
10
5.6051050393700788
20
-3.6271401574803148
11
5.6040406299212595
21
-3.6275810629921259
0
LINE
8
BLACK
6
CONTINUOUS
10
5.6040406299212595
20
-3.6275810629921259
11
5.6028885039370078
21
-3.6275810629921259
0
LINE
8
BLACK
6
CONTINUOUS
10
5.6028885039370078
20
-3.6275810629921259
11
5.6018240944881885
21
-3.6271401574803148
0
LINE
8
BLACK
6
CONTINUOUS
10
5.6018240944881885
20
-3.6271401574803148
11
5.601009448818898
21
-3.6263255118110234
0
LINE
8
BLACK
6
CONTINUOUS
10
5.601009448818898
20
-3.6263255118110234
11
5.6005685433070864
21
-3.6252611023622046
0
LINE
8
BLACK
6
CONTINUOUS
10
5.6005685433070864
20
-3.6252611023622046
11
5.6005118110236216
21
-3.5853149606299213
0
LINE
8
BLACK
6
CONTINUOUS
10
5.6005118110236216
20
-3.5853149606299213
11
5.6005685433070864
21
-3.5847388976377954
0
LINE
8
BLACK
6
CONTINUOUS
10
5.6005685433070864
20
-3.5847388976377954
11
5.601009448818898
21
-3.5836744881889762
0
LINE
8
BLACK
6
CONTINUOUS
10
5.601009448818898
20
-3.5836744881889762
11
5.6018240944881885
21
-3.5828598425196851
0
LINE
8
BLACK
6
CONTINUOUS
10
5.6018240944881885
20
-3.5828598425196851
11
5.6028885039370078
21
-3.5824189370078741
0
LINE
8
BLACK
6
CONTINUOUS
10
5.6028885039370078
20
-3.5824189370078741
11
5.6040406299212595
21
-3.5824189370078741
0
LINE
8
BLACK
6
CONTINUOUS
10
5.6040406299212595
20
-3.5824189370078741
11
5.6051050393700788
21
-3.5828598425196851
0
LINE
8
BLACK
6
CONTINUOUS
10
5.6131759055118113
20
-3.5828598425196851
11
5.6139905511811019
21
-3.5836744881889762
0
LINE
8
BLACK
6
CONTINUOUS
10
5.6139905511811019
20
-3.5836744881889762
11
5.6144314566929134
21
-3.5847388976377954
0
LINE
8
BLACK
6
CONTINUOUS
10
5.6144314566929134
20
-3.5847388976377954
11
5.6144881889763782
21
-3.6246850393700787
0
LINE
8
BLACK
6
CONTINUOUS
10
5.6144881889763782
20
-3.6246850393700787
11
5.6144314566929134
21
-3.6252611023622046
0
LINE
8
BLACK
6
CONTINUOUS
10
5.6144314566929134
20
-3.6252611023622046
11
5.6139905511811019
21
-3.6263255118110234
0
LINE
8
BLACK
6
CONTINUOUS
10
5.6139905511811019
20
-3.6263255118110234
11
5.6131759055118113
21
-3.6271401574803148
0
LINE
8
BLACK
6
CONTINUOUS
10
5.6131759055118113
20
-3.6271401574803148
11
5.6121114960629921
21
-3.6275810629921259
0
LINE
8
BLACK
6
CONTINUOUS
10
5.6121114960629921
20
-3.6275810629921259
11
5.6109593700787403
21
-3.6275810629921259
0
LINE
8
BLACK
6
CONTINUOUS
10
5.6109593700787403
20
-3.6275810629921259
11
5.6098949606299211
21
-3.6271401574803148
0
LINE
8
BLACK
6
CONTINUOUS
10
5.6098949606299211
20
-3.6271401574803148
11
5.6090803149606296
21
-3.6263255118110234
0
LINE
8
BLACK
6
CONTINUOUS
10
5.6090803149606296
20
-3.6263255118110234
11
5.608639409448819
21
-3.6252611023622046
0
LINE
8
BLACK
6
CONTINUOUS
10
5.608639409448819
20
-3.6252611023622046
11
5.6085826771653542
21
-3.5853149606299213
0
LINE
8
BLACK
6
CONTINUOUS
10
5.6085826771653542
20
-3.5853149606299213
11
5.608639409448819
21
-3.5847388976377954
0
LINE
8
BLACK
6
CONTINUOUS
10
5.608639409448819
20
-3.5847388976377954
11
5.6090803149606296
21
-3.5836744881889762
0
LINE
8
BLACK
6
CONTINUOUS
10
5.6090803149606296
20
-3.5836744881889762
11
5.6098949606299211
21
-3.5828598425196851
0
LINE
8
BLACK
6
CONTINUOUS
10
5.6098949606299211
20
-3.5828598425196851
11
5.6109593700787403
21
-3.5824189370078741
0
LINE
8
BLACK
6
CONTINUOUS
10
5.6109593700787403
20
-3.5824189370078741
11
5.6121114960629921
21
-3.5824189370078741
0
LINE
8
BLACK
6
CONTINUOUS
10
5.6121114960629921
20
-3.5824189370078741
11
5.6131759055118113
21
-3.5828598425196851
0
LINE
8
BLACK
6
CONTINUOUS
10
5.6801050393700789
20
-3.5828598425196851
11
5.6809196850393704
21
-3.5836744881889762
0
LINE
8
BLACK
6
CONTINUOUS
10
5.6809196850393704
20
-3.5836744881889762
11
5.681360590551181
21
-3.5847388976377954
0
LINE
8
BLACK
6
CONTINUOUS
10
5.681360590551181
20
-3.5847388976377954
11
5.6814173228346458
21
-3.6246850393700787
0
LINE
8
BLACK
6
CONTINUOUS
10
5.6814173228346458
20
-3.6246850393700787
11
5.681360590551181
21
-3.6252611023622046
0
LINE
8
BLACK
6
CONTINUOUS
10
5.681360590551181
20
-3.6252611023622046
11
5.6809196850393704
21
-3.6263255118110234
0
LINE
8
BLACK
6
CONTINUOUS
10
5.6809196850393704
20
-3.6263255118110234
11
5.6801050393700789
21
-3.6271401574803148
0
LINE
8
BLACK
6
CONTINUOUS
10
5.6801050393700789
20
-3.6271401574803148
11
5.6790406299212597
21
-3.6275810629921259
0
LINE
8
BLACK
6
CONTINUOUS
10
5.6790406299212597
20
-3.6275810629921259
11
5.6778885039370079
21
-3.6275810629921259
0
LINE
8
BLACK
6
CONTINUOUS
10
5.6778885039370079
20
-3.6275810629921259
11
5.6768240944881887
21
-3.6271401574803148
0
LINE
8
BLACK
6
CONTINUOUS
10
5.6768240944881887
20
-3.6271401574803148
11
5.6760094488188972
21
-3.6263255118110234
0
LINE
8
BLACK
6
CONTINUOUS
10
5.6760094488188972
20
-3.6263255118110234
11
5.6755685433070866
21
-3.6252611023622046
0
LINE
8
BLACK
6
CONTINUOUS
10
5.6755685433070866
20
-3.6252611023622046
11
5.6755118110236218
21
-3.5853149606299213
0
LINE
8
BLACK
6
CONTINUOUS
10
5.6755118110236218
20
-3.5853149606299213
11
5.6755685433070866
21
-3.5847388976377954
0
LINE
8
BLACK
6
CONTINUOUS
10
5.6755685433070866
20
-3.5847388976377954
11
5.6760094488188972
21
-3.5836744881889762
0
LINE
8
BLACK
6
CONTINUOUS
10
5.6760094488188972
20
-3.5836744881889762
11
5.6768240944881887
21
-3.5828598425196851
0
LINE
8
BLACK
6
CONTINUOUS
10
5.6768240944881887
20
-3.5828598425196851
11
5.6778885039370079
21
-3.5824189370078741
0
LINE
8
BLACK
6
CONTINUOUS
10
5.6778885039370079
20
-3.5824189370078741
11
5.6790406299212597
21
-3.5824189370078741
0
LINE
8
BLACK
6
CONTINUOUS
10
5.6790406299212597
20
-3.5824189370078741
11
5.6801050393700789
21
-3.5828598425196851
0
LINE
8
BLACK
6
CONTINUOUS
10
4.7541981102362207
20
-3.6176551574803151
11
4.7552625196850391
21
-3.6180960629921257
0
LINE
8
BLACK
6
CONTINUOUS
10
4.7552625196850391
20
-3.6180960629921257
11
4.7560771653543306
21
-3.6189107086614172
0
LINE
8
BLACK
6
CONTINUOUS
10
4.7560771653543306
20
-3.6189107086614172
11
4.7565180708661412
21
-3.619975118110236
0
LINE
8
BLACK
6
CONTINUOUS
10
4.7565180708661412
20
-3.619975118110236
11
4.7565180708661412
21
-3.6211272440944882
0
LINE
8
BLACK
6
CONTINUOUS
10
4.7565180708661412
20
-3.6211272440944882
11
4.7560771653543306
21
-3.622191653543307
0
LINE
8
BLACK
6
CONTINUOUS
10
4.7560771653543306
20
-3.622191653543307
11
4.7552625196850391
21
-3.6230062992125984
0
LINE
8
BLACK
6
CONTINUOUS
10
4.7552625196850391
20
-3.6230062992125984
11
4.7541981102362207
21
-3.6234472047244095
0
LINE
8
BLACK
6
CONTINUOUS
10
4.7541981102362207
20
-3.6234472047244095
11
4.7063779527559051
21
-3.6235039370078739
0
LINE
8
BLACK
6
CONTINUOUS
10
4.7063779527559051
20
-3.6235039370078739
11
4.7058018897637792
21
-3.6234472047244095
0
LINE
8
BLACK
6
CONTINUOUS
10
4.7058018897637792
20
-3.6234472047244095
11
4.7047374803149609
21
-3.6230062992125984
0
LINE
8
BLACK
6
CONTINUOUS
10
4.7047374803149609
20
-3.6230062992125984
11
4.7039228346456694
21
-3.622191653543307
0
LINE
8
BLACK
6
CONTINUOUS
10
4.7039228346456694
20
-3.622191653543307
11
4.7034819291338579
21
-3.6211272440944882
0
LINE
8
BLACK
6
CONTINUOUS
10
4.7034819291338579
20
-3.6211272440944882
11
4.7034819291338579
21
-3.619975118110236
0
LINE
8
BLACK
6
CONTINUOUS
10
4.7034819291338579
20
-3.619975118110236
11
4.7039228346456694
21
-3.6189107086614172
0
LINE
8
BLACK
6
CONTINUOUS
10
4.7039228346456694
20
-3.6189107086614172
11
4.7047374803149609
21
-3.6180960629921257
0
LINE
8
BLACK
6
CONTINUOUS
10
4.7047374803149609
20
-3.6180960629921257
11
4.7058018897637792
21
-3.6176551574803151
0
LINE
8
BLACK
6
CONTINUOUS
10
4.7058018897637792
20
-3.6176551574803151
11
4.753622047244094
21
-3.6175984251968503
0
LINE
8
BLACK
6
CONTINUOUS
10
4.753622047244094
20
-3.6175984251968503
11
4.7541981102362207
21
-3.6176551574803151
0
LINE
8
BLACK
6
CONTINUOUS
10
5.2922689763779527
20
-3.6057260236220472
11
5.2933333858267719
21
-3.6061669291338583
0
LINE
8
BLACK
6
CONTINUOUS
10
5.2933333858267719
20
-3.6061669291338583
11
5.2941480314960625
21
-3.6069815748031497
0
LINE
8
BLACK
6
CONTINUOUS
10
5.2941480314960625
20
-3.6069815748031497
11
5.294588937007874
21
-3.6080459842519685
0
LINE
8
BLACK
6
CONTINUOUS
10
5.294588937007874
20
-3.6080459842519685
11
5.2946194881889763
21
-3.6114311023622045
0
LINE
8
BLACK
6
CONTINUOUS
10
5.2946194881889763
20
-3.6114311023622045
11
5.3468110236220472
21
-3.6113779527559053
0
LINE
8
BLACK
6
CONTINUOUS
10
5.3468110236220472
20
-3.6113779527559053
11
5.3473870866141731
21
-3.6114346850393702
0
LINE
8
BLACK
6
CONTINUOUS
10
5.3473870866141731
20
-3.6114346850393702
11
5.3484514960629923
21
-3.6118755905511812
0
LINE
8
BLACK
6
CONTINUOUS
10
5.3484514960629923
20
-3.6118755905511812
11
5.3492661417322838
21
-3.6126902362204723
0
LINE
8
BLACK
6
CONTINUOUS
10
5.3492661417322838
20
-3.6126902362204723
11
5.3497070472440944
21
-3.6137546456692911
0
LINE
8
BLACK
6
CONTINUOUS
10
5.3497070472440944
20
-3.6137546456692911
11
5.3497070472440944
21
-3.6149067716535432
0
LINE
8
BLACK
6
CONTINUOUS
10
5.3497070472440944
20
-3.6149067716535432
11
5.3492661417322838
21
-3.615971181102362
0
LINE
8
BLACK
6
CONTINUOUS
10
5.3492661417322838
20
-3.615971181102362
11
5.3484514960629923
21
-3.6167858267716535
0
LINE
8
BLACK
6
CONTINUOUS
10
5.3484514960629923
20
-3.6167858267716535
11
5.3473870866141731
21
-3.6172267322834646
0
LINE
8
BLACK
6
CONTINUOUS
10
5.3473870866141731
20
-3.6172267322834646
11
5.2916929133858268
21
-3.617283464566929
0
LINE
8
BLACK
6
CONTINUOUS
10
5.2916929133858268
20
-3.617283464566929
11
5.2911168503937009
21
-3.6172267322834646
0
LINE
8
BLACK
6
CONTINUOUS
10
5.2911168503937009
20
-3.6172267322834646
11
5.2900524409448817
21
-3.6167858267716535
0
LINE
8
BLACK
6
CONTINUOUS
10
5.2900524409448817
20
-3.6167858267716535
11
5.2892377952755902
21
-3.615971181102362
0
LINE
8
BLACK
6
CONTINUOUS
10
5.2892377952755902
20
-3.615971181102362
11
5.2887968897637796
21
-3.6149067716535432
0
LINE
8
BLACK
6
CONTINUOUS
10
5.2887968897637796
20
-3.6149067716535432
11
5.2887662992125986
21
-3.6115192519685038
0
LINE
8
BLACK
6
CONTINUOUS
10
5.2887662992125986
20
-3.6115192519685038
11
5.1312349212598427
21
-3.6115737795275589
0
LINE
8
BLACK
6
CONTINUOUS
10
5.1312349212598427
20
-3.6115737795275589
11
5.1312598425196851
21
-3.6143307086614174
0
LINE
8
BLACK
6
CONTINUOUS
10
5.1312598425196851
20
-3.6143307086614174
11
5.1312031102362203
21
-3.6149067716535432
0
LINE
8
BLACK
6
CONTINUOUS
10
5.1312031102362203
20
-3.6149067716535432
11
5.1307622047244097
21
-3.615971181102362
0
LINE
8
BLACK
6
CONTINUOUS
10
5.1307622047244097
20
-3.615971181102362
11
5.1299475590551182
21
-3.6167858267716535
0
LINE
8
BLACK
6
CONTINUOUS
10
5.1299475590551182
20
-3.6167858267716535
11
5.128883149606299
21
-3.6172267322834646
0
LINE
8
BLACK
6
CONTINUOUS
10
5.128883149606299
20
-3.6172267322834646
11
5.1277310236220472
21
-3.6172267322834646
0
LINE
8
BLACK
6
CONTINUOUS
10
5.1277310236220472
20
-3.6172267322834646
11
5.126666614173228
21
-3.6167858267716535
0
LINE
8
BLACK
6
CONTINUOUS
10
5.126666614173228
20
-3.6167858267716535
11
5.1258519685039365
21
-3.615971181102362
0
LINE
8
BLACK
6
CONTINUOUS
10
5.1258519685039365
20
-3.615971181102362
11
5.1254110629921259
21
-3.6149067716535432
0
LINE
8
BLACK
6
CONTINUOUS
10
5.1254110629921259
20
-3.6149067716535432
11
5.1253543307086611
21
-3.6086220472440944
0
LINE
8
BLACK
6
CONTINUOUS
10
5.1253543307086611
20
-3.6086220472440944
11
5.1254110629921259
21
-3.6080459842519685
0
LINE
8
BLACK
6
CONTINUOUS
10
5.1254110629921259
20
-3.6080459842519685
11
5.1258519685039365
21
-3.6069815748031497
0
LINE
8
BLACK
6
CONTINUOUS
10
5.1258519685039365
20
-3.6069815748031497
11
5.126666614173228
21
-3.6061669291338583
0
LINE
8
BLACK
6
CONTINUOUS
10
5.126666614173228
20
-3.6061669291338583
11
5.1277310236220472
21
-3.6057260236220472
0
LINE
8
BLACK
6
CONTINUOUS
10
5.1277310236220472
20
-3.6057260236220472
11
5.2916929133858268
21
-3.6056692913385824
0
LINE
8
BLACK
6
CONTINUOUS
10
5.2916929133858268
20
-3.6056692913385824
11
5.2922689763779527
21
-3.6057260236220472
0
LINE
8
BLACK
6
CONTINUOUS
10
5.0552611023622047
20
-3.6105685433070867
11
5.0563255118110231
21
-3.6110094488188977
0
LINE
8
BLACK
6
CONTINUOUS
10
5.0563255118110231
20
-3.6110094488188977
11
5.0571401574803145
21
-3.6118240944881888
0
LINE
8
BLACK
6
CONTINUOUS
10
5.0571401574803145
20
-3.6118240944881888
11
5.0575810629921261
21
-3.612888503937008
0
LINE
8
BLACK
6
CONTINUOUS
10
5.0575810629921261
20
-3.612888503937008
11
5.0575810629921261
21
-3.6140406299212597
0
LINE
8
BLACK
6
CONTINUOUS
10
5.0575810629921261
20
-3.6140406299212597
11
5.0571401574803145
21
-3.6151050393700785
0
LINE
8
BLACK
6
CONTINUOUS
10
5.0571401574803145
20
-3.6151050393700785
11
5.0563255118110231
21
-3.61591968503937
0
LINE
8
BLACK
6
CONTINUOUS
10
5.0563255118110231
20
-3.61591968503937
11
5.0552611023622047
21
-3.6163605905511811
0
LINE
8
BLACK
6
CONTINUOUS
10
5.0552611023622047
20
-3.6163605905511811
11
5.0153149606299214
21
-3.6164173228346455
0
LINE
8
BLACK
6
CONTINUOUS
10
5.0153149606299214
20
-3.6164173228346455
11
5.0147388976377956
21
-3.6163605905511811
0
LINE
8
BLACK
6
CONTINUOUS
10
5.0147388976377956
20
-3.6163605905511811
11
5.0136744881889763
21
-3.61591968503937
0
LINE
8
BLACK
6
CONTINUOUS
10
5.0136744881889763
20
-3.61591968503937
11
5.0128598425196849
21
-3.6151050393700785
0
LINE
8
BLACK
6
CONTINUOUS
10
5.0128598425196849
20
-3.6151050393700785
11
5.0124189370078742
21
-3.6140406299212597
0
LINE
8
BLACK
6
CONTINUOUS
10
5.0124189370078742
20
-3.6140406299212597
11
5.0124189370078742
21
-3.612888503937008
0
LINE
8
BLACK
6
CONTINUOUS
10
5.0124189370078742
20
-3.612888503937008
11
5.0128598425196849
21
-3.6118240944881888
0
LINE
8
BLACK
6
CONTINUOUS
10
5.0128598425196849
20
-3.6118240944881888
11
5.0136744881889763
21
-3.6110094488188977
0
LINE
8
BLACK
6
CONTINUOUS
10
5.0136744881889763
20
-3.6110094488188977
11
5.0147388976377956
21
-3.6105685433070867
0
LINE
8
BLACK
6
CONTINUOUS
10
5.0147388976377956
20
-3.6105685433070867
11
5.0546850393700788
21
-3.6105118110236218
0
LINE
8
BLACK
6
CONTINUOUS
10
5.0546850393700788
20
-3.6105118110236218
11
5.0552611023622047
21
-3.6105685433070867
0
LINE
8
BLACK
6
CONTINUOUS
10
5.3819992519685034
20
-3.5995557086614172
11
5.3827340551181102
21
-3.5998600787401576
0
LINE
8
BLACK
6
CONTINUOUS
10
5.3827340551181102
20
-3.5998600787401576
11
5.382734094488189
21
-3.5998601181102363
0
LINE
8
BLACK
6
CONTINUOUS
10
5.382734094488189
20
-3.5998601181102363
11
5.3853546062992121
21
-3.6023469291338581
0
LINE
8
BLACK
6
CONTINUOUS
10
5.3853546062992121
20
-3.6023469291338581
11
5.3859666141732285
21
-3.6030927165354329
0
LINE
8
BLACK
6
CONTINUOUS
10
5.3859666141732285
20
-3.6030927165354329
11
5.3867014173228345
21
-3.6048666535433069
0
LINE
8
BLACK
6
CONTINUOUS
10
5.3867014173228345
20
-3.6048666535433069
11
5.3867014173228345
21
-3.6048666929133857
0
LINE
8
BLACK
6
CONTINUOUS
10
5.3867014173228345
20
-3.6048666929133857
11
5.3867014173228345
21
-3.6067868897637796
0
LINE
8
BLACK
6
CONTINUOUS
10
5.3867014173228345
20
-3.6067868897637796
11
5.3859665748031498
21
-3.6085609055118111
0
LINE
8
BLACK
6
CONTINUOUS
10
5.3859665748031498
20
-3.6085609055118111
11
5.3834798031496058
21
-3.611181377952756
0
LINE
8
BLACK
6
CONTINUOUS
10
5.3834798031496058
20
-3.611181377952756
11
5.382734251968504
21
-3.6117931889763777
0
LINE
8
BLACK
6
CONTINUOUS
10
5.382734251968504
20
-3.6117931889763777
11
5.3827340551181102
21
-3.6117934251968502
0
LINE
8
BLACK
6
CONTINUOUS
10
5.3827340551181102
20
-3.6117934251968502
11
5.381479645669291
21
-3.6123129921259842
0
LINE
8
BLACK
6
CONTINUOUS
10
5.381479645669291
20
-3.6123129921259842
11
5.3809600787401575
21
-3.6125282283464566
0
LINE
8
BLACK
6
CONTINUOUS
10
5.3809600787401575
20
-3.6125282283464566
11
5.3809600393700787
21
-3.6125282283464566
0
LINE
8
BLACK
6
CONTINUOUS
10
5.3809600393700787
20
-3.6125282283464566
11
5.3790398818897636
21
-3.6125282283464566
0
LINE
8
BLACK
6
CONTINUOUS
10
5.3790398818897636
20
-3.6125282283464566
11
5.3790398425196848
21
-3.6125282283464566
0
LINE
8
BLACK
6
CONTINUOUS
10
5.3790398425196848
20
-3.6125282283464566
11
5.3783050393700789
21
-3.6122238188976379
0
LINE
8
BLACK
6
CONTINUOUS
10
5.3783050393700789
20
-3.6122238188976379
11
5.3772658661417321
21
-3.6117934251968502
0
LINE
8
BLACK
6
CONTINUOUS
10
5.3772658661417321
20
-3.6117934251968502
11
5.3772658267716533
21
-3.6117933858267715
0
LINE
8
BLACK
6
CONTINUOUS
10
5.3772658267716533
20
-3.6117933858267715
11
5.3746453543307089
21
-3.6093066141732284
0
LINE
8
BLACK
6
CONTINUOUS
10
5.3746453543307089
20
-3.6093066141732284
11
5.3740335039370075
21
-3.6085610629921261
0
LINE
8
BLACK
6
CONTINUOUS
10
5.3740335039370075
20
-3.6085610629921261
11
5.3740333464566925
21
-3.6085609055118111
0
LINE
8
BLACK
6
CONTINUOUS
10
5.3740333464566925
20
-3.6085609055118111
11
5.3732985039370078
21
-3.6067869291338583
0
LINE
8
BLACK
6
CONTINUOUS
10
5.3732985039370078
20
-3.6067869291338583
11
5.3732985039370078
21
-3.6048667322834644
0
LINE
8
BLACK
6
CONTINUOUS
10
5.3732985039370078
20
-3.6048667322834644
11
5.3732985039370078
21
-3.6048666929133857
0
LINE
8
BLACK
6
CONTINUOUS
10
5.3732985039370078
20
-3.6048666929133857
11
5.3732985039370078
21
-3.6048666535433069
0
LINE
8
BLACK
6
CONTINUOUS
10
5.3732985039370078
20
-3.6048666535433069
11
5.3737289370078738
21
-3.6038274803149606
0
LINE
8
BLACK
6
CONTINUOUS
10
5.3737289370078738
20
-3.6038274803149606
11
5.3740333070866138
21
-3.6030927165354329
0
LINE
8
BLACK
6
CONTINUOUS
10
5.3740333070866138
20
-3.6030927165354329
11
5.3765200787401577
21
-3.6004721653543306
0
LINE
8
BLACK
6
CONTINUOUS
10
5.3765200787401577
20
-3.6004721653543306
11
5.3772657874015746
21
-3.5998601181102363
0
LINE
8
BLACK
6
CONTINUOUS
10
5.3772657874015746
20
-3.5998601181102363
11
5.3790398031496061
21
-3.5991252755905512
0
LINE
8
BLACK
6
CONTINUOUS
10
5.3790398031496061
20
-3.5991252755905512
11
5.38096
21
-3.5991252755905512
0
LINE
8
BLACK
6
CONTINUOUS
10
5.38096
20
-3.5991252755905512
11
5.3809600393700787
21
-3.5991252755905512
0
LINE
8
BLACK
6
CONTINUOUS
10
5.3809600393700787
20
-3.5991252755905512
11
5.3809601181102362
21
-3.5991252755905512
0
LINE
8
BLACK
6
CONTINUOUS
10
5.3809601181102362
20
-3.5991252755905512
11
5.3819992519685034
21
-3.5995557086614172
0
LINE
8
BLACK
6
CONTINUOUS
10
4.7265152755905513
20
-3.5656401574803147
11
4.7266132677165356
21
-3.5656807480314958
0
LINE
8
BLACK
6
CONTINUOUS
10
4.7266132677165356
20
-3.5656807480314958
11
4.7267190944881889
21
-3.5656882677165354
0
LINE
8
BLACK
6
CONTINUOUS
10
4.7267190944881889
20
-3.5656882677165354
11
4.7272306299212596
21
-3.5659364566929135
0
LINE
8
BLACK
6
CONTINUOUS
10
4.7272306299212596
20
-3.5659364566929135
11
4.7275796850393697
21
-3.5660810629921258
0
LINE
8
BLACK
6
CONTINUOUS
10
4.7275796850393697
20
-3.5660810629921258
11
4.7276277952755903
21
-3.5661291732283464
0
LINE
8
BLACK
6
CONTINUOUS
10
4.7276277952755903
20
-3.5661291732283464
11
4.7310092519685041
21
-3.5677699212598424
0
LINE
8
BLACK
6
CONTINUOUS
10
4.7310092519685041
20
-3.5677699212598424
11
4.731257244094488
21
-3.5679259842519686
0
LINE
8
BLACK
6
CONTINUOUS
10
4.731257244094488
20
-3.5679259842519686
11
4.7313292125984248
21
-3.5679558267716533
0
LINE
8
BLACK
6
CONTINUOUS
10
4.7313292125984248
20
-3.5679558267716533
11
4.7313752755905512
21
-3.5680003149606296
0
LINE
8
BLACK
6
CONTINUOUS
10
4.7313752755905512
20
-3.5680003149606296
11
4.7314991338582679
21
-3.5680782677165355
0
LINE
8
BLACK
6
CONTINUOUS
10
4.7314991338582679
20
-3.5680782677165355
11
4.7317208661417318
21
-3.5683339370078739
0
LINE
8
BLACK
6
CONTINUOUS
10
4.7317208661417318
20
-3.5683339370078739
11
4.7336514173228341
21
-3.5701977952755906
0
LINE
8
BLACK
6
CONTINUOUS
10
4.7336514173228341
20
-3.5701977952755906
11
4.7340186220472438
21
-3.5706452362204724
0
LINE
8
BLACK
6
CONTINUOUS
10
4.7340186220472438
20
-3.5706452362204724
11
4.7344595275590553
21
-3.5717096456692912
0
LINE
8
BLACK
6
CONTINUOUS
10
4.7344595275590553
20
-3.5717096456692912
11
4.7344595275590553
21
-3.5728617322834646
0
LINE
8
BLACK
6
CONTINUOUS
10
4.7344595275590553
20
-3.5728617322834646
11
4.7340186220472438
21
-3.5739261417322834
0
LINE
8
BLACK
6
CONTINUOUS
10
4.7340186220472438
20
-3.5739261417322834
11
4.7332039370078736
21
-3.5747408267716536
0
LINE
8
BLACK
6
CONTINUOUS
10
4.7332039370078736
20
-3.5747408267716536
11
4.7321395275590552
21
-3.5751817322834647
0
LINE
8
BLACK
6
CONTINUOUS
10
4.7321395275590552
20
-3.5751817322834647
11
4.7309874409448822
21
-3.5751817322834647
0
LINE
8
BLACK
6
CONTINUOUS
10
4.7309874409448822
20
-3.5751817322834647
11
4.729923031496063
21
-3.5747408267716536
0
LINE
8
BLACK
6
CONTINUOUS
10
4.729923031496063
20
-3.5747408267716536
11
4.7278618110236224
21
-3.5727508267716535
0
LINE
8
BLACK
6
CONTINUOUS
10
4.7278618110236224
20
-3.5727508267716535
11
4.7251601574803148
21
-3.5714399212598424
0
LINE
8
BLACK
6
CONTINUOUS
10
4.7251601574803148
20
-3.5714399212598424
11
4.7171784251968507
21
-3.5714854330708659
0
LINE
8
BLACK
6
CONTINUOUS
10
4.7171784251968507
20
-3.5714854330708659
11
4.7144716929133859
21
-3.5728792519685038
0
LINE
8
BLACK
6
CONTINUOUS
10
4.7144716929133859
20
-3.5728792519685038
11
4.7132809842519681
21
-3.5741125984251969
0
LINE
8
BLACK
6
CONTINUOUS
10
4.7132809842519681
20
-3.5741125984251969
11
4.7119798425196846
21
-3.5767940944881889
0
LINE
8
BLACK
6
CONTINUOUS
10
4.7119798425196846
20
-3.5767940944881889
11
4.712014527559055
21
-3.5794388188976378
0
LINE
8
BLACK
6
CONTINUOUS
10
4.712014527559055
20
-3.5794388188976378
11
4.7135522440944877
21
-3.5839212204724409
0
LINE
8
BLACK
6
CONTINUOUS
10
4.7135522440944877
20
-3.5839212204724409
11
4.7355261811023617
21
-3.6058183464566929
0
LINE
8
BLACK
6
CONTINUOUS
10
4.7355261811023617
20
-3.6058183464566929
11
4.7358934251968501
21
-3.6062657874015747
0
LINE
8
BLACK
6
CONTINUOUS
10
4.7358934251968501
20
-3.6062657874015747
11
4.7363342913385829
21
-3.6073302362204722
0
LINE
8
BLACK
6
CONTINUOUS
10
4.7363342913385829
20
-3.6073302362204722
11
4.7363342913385829
21
-3.6084823228346457
0
LINE
8
BLACK
6
CONTINUOUS
10
4.7363342913385829
20
-3.6084823228346457
11
4.7358933858267713
21
-3.6095467322834645
0
LINE
8
BLACK
6
CONTINUOUS
10
4.7358933858267713
20
-3.6095467322834645
11
4.7350787401574799
21
-3.6103614173228347
0
LINE
8
BLACK
6
CONTINUOUS
10
4.7350787401574799
20
-3.6103614173228347
11
4.7344806299212596
21
-3.6106091338582678
0
LINE
8
BLACK
6
CONTINUOUS
10
4.7344806299212596
20
-3.6106091338582678
11
4.7340143307086615
21
-3.610802283464567
0
LINE
8
BLACK
6
CONTINUOUS
10
4.7340143307086615
20
-3.610802283464567
11
4.7090663385826774
21
-3.6108590157480314
0
LINE
8
BLACK
6
CONTINUOUS
10
4.7090663385826774
20
-3.6108590157480314
11
4.7084902755905507
21
-3.610802283464567
0
LINE
8
BLACK
6
CONTINUOUS
10
4.7084902755905507
20
-3.610802283464567
11
4.7074258661417323
21
-3.6103613779527559
0
LINE
8
BLACK
6
CONTINUOUS
10
4.7074258661417323
20
-3.6103613779527559
11
4.7066112204724408
21
-3.6095467322834645
0
LINE
8
BLACK
6
CONTINUOUS
10
4.7066112204724408
20
-3.6095467322834645
11
4.7061703149606302
21
-3.6084823228346457
0
LINE
8
BLACK
6
CONTINUOUS
10
4.7061703149606302
20
-3.6084823228346457
11
4.7061703149606302
21
-3.6073301968503935
0
LINE
8
BLACK
6
CONTINUOUS
10
4.7061703149606302
20
-3.6073301968503935
11
4.7066112204724408
21
-3.6062657874015747
0
LINE
8
BLACK
6
CONTINUOUS
10
4.7066112204724408
20
-3.6062657874015747
11
4.7074258661417323
21
-3.6054511417322832
0
LINE
8
BLACK
6
CONTINUOUS
10
4.7074258661417323
20
-3.6054511417322832
11
4.7084902755905507
21
-3.6050102362204726
0
LINE
8
BLACK
6
CONTINUOUS
10
4.7084902755905507
20
-3.6050102362204726
11
4.726387007874016
21
-3.6049695275590552
0
LINE
8
BLACK
6
CONTINUOUS
10
4.726387007874016
20
-3.6049695275590552
11
4.7088531889763781
21
-3.5874969685039368
0
LINE
8
BLACK
6
CONTINUOUS
10
4.7088531889763781
20
-3.5874969685039368
11
4.7084859842519684
21
-3.587049527559055
0
LINE
8
BLACK
6
CONTINUOUS
10
4.7084859842519684
20
-3.587049527559055
11
4.708445354330709
21
-3.5869514566929133
0
LINE
8
BLACK
6
CONTINUOUS
10
4.708445354330709
20
-3.5869514566929133
11
4.7083758661417319
21
-3.5868713385826769
0
LINE
8
BLACK
6
CONTINUOUS
10
4.7083758661417319
20
-3.5868713385826769
11
4.7082007874015748
21
-3.5863610236220471
0
LINE
8
BLACK
6
CONTINUOUS
10
4.7082007874015748
20
-3.5863610236220471
11
4.7080450787401578
21
-3.5859850787401575
0
LINE
8
BLACK
6
CONTINUOUS
10
4.7080450787401578
20
-3.5859850787401575
11
4.7080450787401578
21
-3.5859070866141733
0
LINE
8
BLACK
6
CONTINUOUS
10
4.7080450787401578
20
-3.5859070866141733
11
4.7062651181102364
21
-3.5807185039370077
0
LINE
8
BLACK
6
CONTINUOUS
10
4.7062651181102364
20
-3.5807185039370077
11
4.7062001574803149
21
-3.5804329133858266
0
LINE
8
BLACK
6
CONTINUOUS
10
4.7062001574803149
20
-3.5804329133858266
11
4.7061703149606302
21
-3.5803608267716536
0
LINE
8
BLACK
6
CONTINUOUS
10
4.7061703149606302
20
-3.5803608267716536
11
4.7061694881889764
21
-3.5802979133858268
0
LINE
8
BLACK
6
CONTINUOUS
10
4.7061694881889764
20
-3.5802979133858268
11
4.7061367716535436
21
-3.5801540551181104
0
LINE
8
BLACK
6
CONTINUOUS
10
4.7061367716535436
20
-3.5801540551181104
11
4.7061627952755902
21
-3.5797878740157478
0
LINE
8
BLACK
6
CONTINUOUS
10
4.7061627952755902
20
-3.5797878740157478
11
4.7061135826771654
21
-3.5760352362204721
0
LINE
8
BLACK
6
CONTINUOUS
10
4.7061135826771654
20
-3.5760352362204721
11
4.7061703149606302
21
-3.5754591732283463
0
LINE
8
BLACK
6
CONTINUOUS
10
4.7061703149606302
20
-3.5754591732283463
11
4.7062109055118109
21
-3.5753611417322833
0
LINE
8
BLACK
6
CONTINUOUS
10
4.7062109055118109
20
-3.5753611417322833
11
4.70621842519685
21
-3.5752553543307086
0
LINE
8
BLACK
6
CONTINUOUS
10
4.70621842519685
20
-3.5752553543307086
11
4.7064666141732285
21
-3.5747437795275592
0
LINE
8
BLACK
6
CONTINUOUS
10
4.7064666141732285
20
-3.5747437795275592
11
4.7066112204724408
21
-3.5743947637795275
0
LINE
8
BLACK
6
CONTINUOUS
10
4.7066112204724408
20
-3.5743947637795275
11
4.7066593307086615
21
-3.5743466141732281
0
LINE
8
BLACK
6
CONTINUOUS
10
4.7066593307086615
20
-3.5743466141732281
11
4.708300078740157
21
-3.5709651968503935
0
LINE
8
BLACK
6
CONTINUOUS
10
4.708300078740157
20
-3.5709651968503935
11
4.7084561417322837
21
-3.5707171653543308
0
LINE
8
BLACK
6
CONTINUOUS
10
4.7084561417322837
20
-3.5707171653543308
11
4.7084859842519684
21
-3.5706452362204724
0
LINE
8
BLACK
6
CONTINUOUS
10
4.7084859842519684
20
-3.5706452362204724
11
4.7085304724409447
21
-3.5705991338582677
0
LINE
8
BLACK
6
CONTINUOUS
10
4.7085304724409447
20
-3.5705991338582677
11
4.7086084251968501
21
-3.5704753149606296
0
LINE
8
BLACK
6
CONTINUOUS
10
4.7086084251968501
20
-3.5704753149606296
11
4.708864094488189
21
-3.5702535433070866
0
LINE
8
BLACK
6
CONTINUOUS
10
4.708864094488189
20
-3.5702535433070866
11
4.7107279527559056
21
-3.568323031496063
0
LINE
8
BLACK
6
CONTINUOUS
10
4.7107279527559056
20
-3.568323031496063
11
4.7109542913385827
21
-3.5681372440944883
0
LINE
8
BLACK
6
CONTINUOUS
10
4.7109542913385827
20
-3.5681372440944883
11
4.7110054724409451
21
-3.5680782677165355
0
LINE
8
BLACK
6
CONTINUOUS
10
4.7110054724409451
20
-3.5680782677165355
11
4.7110611023622049
21
-3.5680496062992124
0
LINE
8
BLACK
6
CONTINUOUS
10
4.7110611023622049
20
-3.5680496062992124
11
4.7111753937007874
21
-3.5679558267716533
0
LINE
8
BLACK
6
CONTINUOUS
10
4.7111753937007874
20
-3.5679558267716533
11
4.7115222440944882
21
-3.5678121259842519
0
LINE
8
BLACK
6
CONTINUOUS
10
4.7115222440944882
20
-3.5678121259842519
11
4.7152448818897641
21
-3.5658951574803148
0
LINE
8
BLACK
6
CONTINUOUS
10
4.7152448818897641
20
-3.5658951574803148
11
4.7157854724409445
21
-3.5656882677165354
0
LINE
8
BLACK
6
CONTINUOUS
10
4.7157854724409445
20
-3.5656882677165354
11
4.7158913385826766
21
-3.5656807086614171
0
LINE
8
BLACK
6
CONTINUOUS
10
4.7158913385826766
20
-3.5656807086614171
11
4.7159893307086609
21
-3.5656401574803147
0
LINE
8
BLACK
6
CONTINUOUS
10
4.7159893307086609
20
-3.5656401574803147
11
4.7165038582677168
21
-3.5656372047244091
0
LINE
8
BLACK
6
CONTINUOUS
10
4.7165038582677168
20
-3.5656372047244091
11
4.7169346850393703
21
-3.5656066141732281
0
LINE
8
BLACK
6
CONTINUOUS
10
4.7169346850393703
20
-3.5656066141732281
11
4.717017716535433
21
-3.5656342913385828
0
LINE
8
BLACK
6
CONTINUOUS
10
4.717017716535433
20
-3.5656342913385828
11
4.7259392125984254
21
-3.5655834251968503
0
LINE
8
BLACK
6
CONTINUOUS
10
4.7259392125984254
20
-3.5655834251968503
11
4.7265152755905513
21
-3.5656401574803147
0
LINE
8
BLACK
6
CONTINUOUS
10
4.7696348818897638
20
-3.5656401574803147
11
4.7706992913385822
21
-3.5660810629921258
0
LINE
8
BLACK
6
CONTINUOUS
10
4.7706992913385822
20
-3.5660810629921258
11
4.7715139370078736
21
-3.5668957086614173
0
LINE
8
BLACK
6
CONTINUOUS
10
4.7715139370078736
20
-3.5668957086614173
11
4.7719548425196852
21
-3.5679601181102361
0
LINE
8
BLACK
6
CONTINUOUS
10
4.7719548425196852
20
-3.5679601181102361
11
4.7720115748031491
21
-3.6079062598425198
0
LINE
8
BLACK
6
CONTINUOUS
10
4.7720115748031491
20
-3.6079062598425198
11
4.7719548425196852
21
-3.6084823228346457
0
LINE
8
BLACK
6
CONTINUOUS
10
4.7719548425196852
20
-3.6084823228346457
11
4.7715139370078736
21
-3.6095467322834645
0
LINE
8
BLACK
6
CONTINUOUS
10
4.7715139370078736
20
-3.6095467322834645
11
4.7706992913385822
21
-3.6103613779527559
0
LINE
8
BLACK
6
CONTINUOUS
10
4.7706992913385822
20
-3.6103613779527559
11
4.7696348818897638
21
-3.610802283464567
0
LINE
8
BLACK
6
CONTINUOUS
10
4.7696348818897638
20
-3.610802283464567
11
4.7684827559055121
21
-3.610802283464567
0
LINE
8
BLACK
6
CONTINUOUS
10
4.7684827559055121
20
-3.610802283464567
11
4.7674183464566928
21
-3.6103613779527559
0
LINE
8
BLACK
6
CONTINUOUS
10
4.7674183464566928
20
-3.6103613779527559
11
4.7666037007874014
21
-3.6095467322834645
0
LINE
8
BLACK
6
CONTINUOUS
10
4.7666037007874014
20
-3.6095467322834645
11
4.7661627952755907
21
-3.6084823228346457
0
LINE
8
BLACK
6
CONTINUOUS
10
4.7661627952755907
20
-3.6084823228346457
11
4.7661394488188975
21
-3.5920673228346458
0
LINE
8
BLACK
6
CONTINUOUS
10
4.7661394488188975
20
-3.5920673228346458
11
4.7611774803149602
21
-3.5920853937007875
0
LINE
8
BLACK
6
CONTINUOUS
10
4.7611774803149602
20
-3.5920853937007875
11
4.7489806299212596
21
-3.6095995669291336
0
LINE
8
BLACK
6
CONTINUOUS
10
4.7489806299212596
20
-3.6095995669291336
11
4.7486038188976378
21
-3.6100389370078738
0
LINE
8
BLACK
6
CONTINUOUS
10
4.7486038188976378
20
-3.6100389370078738
11
4.7476322047244093
21
-3.6106581102362205
0
LINE
8
BLACK
6
CONTINUOUS
10
4.7476322047244093
20
-3.6106581102362205
11
4.7464976771653546
21
-3.6108583070866143
0
LINE
8
BLACK
6
CONTINUOUS
10
4.7464976771653546
20
-3.6108583070866143
11
4.7453728346456696
21
-3.6106091338582678
0
LINE
8
BLACK
6
CONTINUOUS
10
4.7453728346456696
20
-3.6106091338582678
11
4.7444289763779528
21
-3.6099484251968503
0
LINE
8
BLACK
6
CONTINUOUS
10
4.7444289763779528
20
-3.6099484251968503
11
4.7438098031496061
21
-3.6089768110236218
0
LINE
8
BLACK
6
CONTINUOUS
10
4.7438098031496061
20
-3.6089768110236218
11
4.7436096062992128
21
-3.6078422834645667
0
LINE
8
BLACK
6
CONTINUOUS
10
4.7436096062992128
20
-3.6078422834645667
11
4.7438587795275593
21
-3.6067174409448817
0
LINE
8
BLACK
6
CONTINUOUS
10
4.7438587795275593
20
-3.6067174409448817
11
4.7540324015748032
21
-3.5921085433070865
0
LINE
8
BLACK
6
CONTINUOUS
10
4.7540324015748032
20
-3.5921085433070865
11
4.7534846456692916
21
-3.5920546062992127
0
LINE
8
BLACK
6
CONTINUOUS
10
4.7534846456692916
20
-3.5920546062992127
11
4.7533866535433074
21
-3.5920140157480316
0
LINE
8
BLACK
6
CONTINUOUS
10
4.7533866535433074
20
-3.5920140157480316
11
4.7532807874015743
21
-3.592006496062992
0
LINE
8
BLACK
6
CONTINUOUS
10
4.7532807874015743
20
-3.592006496062992
11
4.7527690157480311
21
-3.5917581496062989
0
LINE
8
BLACK
6
CONTINUOUS
10
4.7527690157480311
20
-3.5917581496062989
11
4.7524202362204724
21
-3.5916137007874016
0
LINE
8
BLACK
6
CONTINUOUS
10
4.7524202362204724
20
-3.5916137007874016
11
4.7523721259842517
21
-3.591565590551181
0
LINE
8
BLACK
6
CONTINUOUS
10
4.7523721259842517
20
-3.591565590551181
11
4.7489906692913388
21
-3.589924842519685
0
LINE
8
BLACK
6
CONTINUOUS
10
4.7489906692913388
20
-3.589924842519685
11
4.7487426377952753
21
-3.58976874015748
0
LINE
8
BLACK
6
CONTINUOUS
10
4.7487426377952753
20
-3.58976874015748
11
4.7486707086614173
21
-3.5897389370078741
0
LINE
8
BLACK
6
CONTINUOUS
10
4.7486707086614173
20
-3.5897389370078741
11
4.7486246062992121
21
-3.589694409448819
0
LINE
8
BLACK
6
CONTINUOUS
10
4.7486246062992121
20
-3.589694409448819
11
4.748500787401575
21
-3.5896164960629919
0
LINE
8
BLACK
6
CONTINUOUS
10
4.748500787401575
20
-3.5896164960629919
11
4.7482790157480315
21
-3.5893607874015747
0
LINE
8
BLACK
6
CONTINUOUS
10
4.7482790157480315
20
-3.5893607874015747
11
4.7463485039370079
21
-3.5874969685039368
0
LINE
8
BLACK
6
CONTINUOUS
10
4.7463485039370079
20
-3.5874969685039368
11
4.7461627165354328
21
-3.587270590551181
0
LINE
8
BLACK
6
CONTINUOUS
10
4.7461627165354328
20
-3.587270590551181
11
4.7461037401574799
21
-3.5872194488188978
0
LINE
8
BLACK
6
CONTINUOUS
10
4.7461037401574799
20
-3.5872194488188978
11
4.7460750787401578
21
-3.5871637795275588
0
LINE
8
BLACK
6
CONTINUOUS
10
4.7460750787401578
20
-3.5871637795275588
11
4.7459812992125983
21
-3.587049527559055
0
LINE
8
BLACK
6
CONTINUOUS
10
4.7459812992125983
20
-3.587049527559055
11
4.7458376377952751
21
-3.586702716535433
0
LINE
8
BLACK
6
CONTINUOUS
10
4.7458376377952751
20
-3.586702716535433
11
4.7439206299212593
21
-3.5829800393700788
0
LINE
8
BLACK
6
CONTINUOUS
10
4.7439206299212593
20
-3.5829800393700788
11
4.7437137401574798
21
-3.5824394094488188
0
LINE
8
BLACK
6
CONTINUOUS
10
4.7437137401574798
20
-3.5824394094488188
11
4.7437062204724407
21
-3.5823335826771654
0
LINE
8
BLACK
6
CONTINUOUS
10
4.7437062204724407
20
-3.5823335826771654
11
4.7436656299212601
21
-3.5822355905511811
0
LINE
8
BLACK
6
CONTINUOUS
10
4.7436656299212601
20
-3.5822355905511811
11
4.7436606299212594
21
-3.5816923228346456
0
LINE
8
BLACK
6
CONTINUOUS
10
4.7436606299212594
20
-3.5816923228346456
11
4.7436320866141735
21
-3.5812901968503934
0
LINE
8
BLACK
6
CONTINUOUS
10
4.7436320866141735
20
-3.5812901968503934
11
4.7436562992125983
21
-3.5812174803149603
0
LINE
8
BLACK
6
CONTINUOUS
10
4.7436562992125983
20
-3.5812174803149603
11
4.7436088976377953
21
-3.5760352362204721
0
LINE
8
BLACK
6
CONTINUOUS
10
4.7436088976377953
20
-3.5760352362204721
11
4.7436656299212601
21
-3.5754591732283463
0
LINE
8
BLACK
6
CONTINUOUS
10
4.7436656299212601
20
-3.5754591732283463
11
4.7437062204724407
21
-3.5753611417322833
0
LINE
8
BLACK
6
CONTINUOUS
10
4.7437062204724407
20
-3.5753611417322833
11
4.7437137401574798
21
-3.5752553543307086
0
LINE
8
BLACK
6
CONTINUOUS
10
4.7437137401574798
20
-3.5752553543307086
11
4.7439619291338584
21
-3.5747437795275592
0
LINE
8
BLACK
6
CONTINUOUS
10
4.7439619291338584
20
-3.5747437795275592
11
4.7441065354330707
21
-3.5743947637795275
0
LINE
8
BLACK
6
CONTINUOUS
10
4.7441065354330707
20
-3.5743947637795275
11
4.7441546456692913
21
-3.5743466141732281
0
LINE
8
BLACK
6
CONTINUOUS
10
4.7441546456692913
20
-3.5743466141732281
11
4.7457953937007877
21
-3.5709651968503935
0
LINE
8
BLACK
6
CONTINUOUS
10
4.7457953937007877
20
-3.5709651968503935
11
4.7459514566929135
21
-3.5707171653543308
0
LINE
8
BLACK
6
CONTINUOUS
10
4.7459514566929135
20
-3.5707171653543308
11
4.7459812992125983
21
-3.5706452362204724
0
LINE
8
BLACK
6
CONTINUOUS
10
4.7459812992125983
20
-3.5706452362204724
11
4.7460257874015745
21
-3.5705991338582677
0
LINE
8
BLACK
6
CONTINUOUS
10
4.7460257874015745
20
-3.5705991338582677
11
4.7461037401574799
21
-3.5704753149606296
0
LINE
8
BLACK
6
CONTINUOUS
10
4.7461037401574799
20
-3.5704753149606296
11
4.7463594094488188
21
-3.5702535433070866
0
LINE
8
BLACK
6
CONTINUOUS
10
4.7463594094488188
20
-3.5702535433070866
11
4.7482232677165355
21
-3.568323031496063
0
LINE
8
BLACK
6
CONTINUOUS
10
4.7482232677165355
20
-3.568323031496063
11
4.7484496062992125
21
-3.5681372440944883
0
LINE
8
BLACK
6
CONTINUOUS
10
4.7484496062992125
20
-3.5681372440944883
11
4.748500787401575
21
-3.5680782677165355
0
LINE
8
BLACK
6
CONTINUOUS
10
4.748500787401575
20
-3.5680782677165355
11
4.7485564173228347
21
-3.5680496062992124
0
LINE
8
BLACK
6
CONTINUOUS
10
4.7485564173228347
20
-3.5680496062992124
11
4.7486707086614173
21
-3.5679558267716533
0
LINE
8
BLACK
6
CONTINUOUS
10
4.7486707086614173
20
-3.5679558267716533
11
4.749017559055118
21
-3.5678121259842519
0
LINE
8
BLACK
6
CONTINUOUS
10
4.749017559055118
20
-3.5678121259842519
11
4.752740196850394
21
-3.5658951574803148
0
LINE
8
BLACK
6
CONTINUOUS
10
4.752740196850394
20
-3.5658951574803148
11
4.7532807874015743
21
-3.5656882677165354
0
LINE
8
BLACK
6
CONTINUOUS
10
4.7532807874015743
20
-3.5656882677165354
11
4.7533866535433074
21
-3.5656807086614171
0
LINE
8
BLACK
6
CONTINUOUS
10
4.7533866535433074
20
-3.5656807086614171
11
4.7534846456692916
21
-3.5656401574803147
0
LINE
8
BLACK
6
CONTINUOUS
10
4.7534846456692916
20
-3.5656401574803147
11
4.7539834645669288
21
-3.5656383070866142
0
LINE
8
BLACK
6
CONTINUOUS
10
4.7539834645669288
20
-3.5656383070866142
11
4.7544300000000002
21
-3.5656066141732281
0
LINE
8
BLACK
6
CONTINUOUS
10
4.7544300000000002
20
-3.5656066141732281
11
4.7545192913385828
21
-3.5656363779527558
0
LINE
8
BLACK
6
CONTINUOUS
10
4.7545192913385828
20
-3.5656363779527558
11
4.7690588188976379
21
-3.5655834251968503
0
LINE
8
BLACK
6
CONTINUOUS
10
4.7690588188976379
20
-3.5655834251968503
11
4.7696348818897638
21
-3.5656401574803147
0
LINE
8
BLACK
6
CONTINUOUS
10
4.7546712598425191
20
-3.5714866929133859
11
4.7519670078740157
21
-3.5728792519685038
0
LINE
8
BLACK
6
CONTINUOUS
10
4.7519670078740157
20
-3.5728792519685038
11
4.7507762992125979
21
-3.5741125984251969
0
LINE
8
BLACK
6
CONTINUOUS
10
4.7507762992125979
20
-3.5741125984251969
11
4.7494699606299209
21
-3.576804803149606
0
LINE
8
BLACK
6
CONTINUOUS
10
4.7494699606299209
20
-3.576804803149606
11
4.7495087401574798
21
-3.581042283464567
0
LINE
8
BLACK
6
CONTINUOUS
10
4.7495087401574798
20
-3.581042283464567
11
4.7509047244094491
21
-3.5837531889763778
0
LINE
8
BLACK
6
CONTINUOUS
10
4.7509047244094491
20
-3.5837531889763778
11
4.7521381102362206
21
-3.5849439370078739
0
LINE
8
BLACK
6
CONTINUOUS
10
4.7521381102362206
20
-3.5849439370078739
11
4.7548454330708658
21
-3.5862575984251968
0
LINE
8
BLACK
6
CONTINUOUS
10
4.7548454330708658
20
-3.5862575984251968
11
4.7595566141732286
21
-3.5862404330708659
0
LINE
8
BLACK
6
CONTINUOUS
10
4.7595566141732286
20
-3.5862404330708659
11
4.7597489763779528
21
-3.5862064960629922
0
LINE
8
BLACK
6
CONTINUOUS
10
4.7597489763779528
20
-3.5862064960629922
11
4.7598965748031494
21
-3.5862391732283463
0
LINE
8
BLACK
6
CONTINUOUS
10
4.7598965748031494
20
-3.5862391732283463
11
4.7661311417322834
21
-3.5862164566929131
0
LINE
8
BLACK
6
CONTINUOUS
10
4.7661311417322834
20
-3.5862164566929131
11
4.7661101574803144
21
-3.5714450393700785
0
LINE
8
BLACK
6
CONTINUOUS
10
4.7661101574803144
20
-3.5714450393700785
11
4.7546712598425191
21
-3.5714866929133859
0
LINE
8
BLACK
6
CONTINUOUS
10
4.9431017716535433
20
-3.5606121259842518
11
4.9431795275590549
21
-3.5606066141732282
0
LINE
8
BLACK
6
CONTINUOUS
10
4.9431795275590549
20
-3.5606066141732282
11
4.9432380314960627
21
-3.5606255511811025
0
LINE
8
BLACK
6
CONTINUOUS
10
4.9432380314960627
20
-3.5606255511811025
11
4.9433862992125981
21
-3.5606401574803148
0
LINE
8
BLACK
6
CONTINUOUS
10
4.9433862992125981
20
-3.5606401574803148
11
4.9437549212598428
21
-3.5607928346456692
0
LINE
8
BLACK
6
CONTINUOUS
10
4.9437549212598428
20
-3.5607928346456692
11
4.9493682677165349
21
-3.5626097244094486
0
LINE
8
BLACK
6
CONTINUOUS
10
4.9493682677165349
20
-3.5626097244094486
11
4.9498968110236223
21
-3.5628457086614174
0
LINE
8
BLACK
6
CONTINUOUS
10
4.9498968110236223
20
-3.5628457086614174
11
4.9499769291338582
21
-3.5629151968503936
0
LINE
8
BLACK
6
CONTINUOUS
10
4.9499769291338582
20
-3.5629151968503936
11
4.950075
21
-3.5629558267716535
0
LINE
8
BLACK
6
CONTINUOUS
10
4.950075
20
-3.5629558267716535
11
4.9504662598425195
21
-3.5633396062992126
0
LINE
8
BLACK
6
CONTINUOUS
10
4.9504662598425195
20
-3.5633396062992126
11
4.950767165354331
21
-3.5636005905511809
0
LINE
8
BLACK
6
CONTINUOUS
10
4.950767165354331
20
-3.5636005905511809
11
4.9508006692913389
21
-3.5636676377952754
0
LINE
8
BLACK
6
CONTINUOUS
10
4.9508006692913389
20
-3.5636676377952754
11
4.9542719685039369
21
-3.5670725590551182
0
LINE
8
BLACK
6
CONTINUOUS
10
4.9542719685039369
20
-3.5670725590551182
11
4.9544577952755908
21
-3.567298937007874
0
LINE
8
BLACK
6
CONTINUOUS
10
4.9544577952755908
20
-3.567298937007874
11
4.9545167322834649
21
-3.5673500787401573
0
LINE
8
BLACK
6
CONTINUOUS
10
4.9545167322834649
20
-3.5673500787401573
11
4.9545453149606296
21
-3.5674055905511812
0
LINE
8
BLACK
6
CONTINUOUS
10
4.9545453149606296
20
-3.5674055905511812
11
4.9546392125984253
21
-3.56752
0
LINE
8
BLACK
6
CONTINUOUS
10
4.9546392125984253
20
-3.56752
11
4.9547829527559051
21
-3.5678670472440945
0
LINE
8
BLACK
6
CONTINUOUS
10
4.9547829527559051
20
-3.5678670472440945
11
4.9566998425196847
21
-3.5715894881889763
0
LINE
8
BLACK
6
CONTINUOUS
10
4.9566998425196847
20
-3.5715894881889763
11
4.95671594488189
21
-3.5716315748031495
0
LINE
8
BLACK
6
CONTINUOUS
10
4.95671594488189
20
-3.5716315748031495
11
4.9567286614173227
21
-3.5716487401574804
0
LINE
8
BLACK
6
CONTINUOUS
10
4.9567286614173227
20
-3.5716487401574804
11
4.9567412204724413
21
-3.5716976771653544
0
LINE
8
BLACK
6
CONTINUOUS
10
4.9567412204724413
20
-3.5716976771653544
11
4.9569067322834641
21
-3.5721300787401575
0
LINE
8
BLACK
6
CONTINUOUS
10
4.9569067322834641
20
-3.5721300787401575
11
4.956927401574803
21
-3.5724212992125985
0
LINE
8
BLACK
6
CONTINUOUS
10
4.956927401574803
20
-3.5724212992125985
11
4.9587981889763775
21
-3.5796929133858266
0
LINE
8
BLACK
6
CONTINUOUS
10
4.9587981889763775
20
-3.5796929133858266
11
4.9588129527559053
21
-3.5797927559055118
0
LINE
8
BLACK
6
CONTINUOUS
10
4.9588129527559053
20
-3.5797927559055118
11
4.9588296062992123
21
-3.5798329921259842
0
LINE
8
BLACK
6
CONTINUOUS
10
4.9588296062992123
20
-3.5798329921259842
11
4.9588302755905511
21
-3.5799101968503937
0
LINE
8
BLACK
6
CONTINUOUS
10
4.9588302755905511
20
-3.5799101968503937
11
4.958882834645669
21
-3.5802655118110236
0
LINE
8
BLACK
6
CONTINUOUS
10
4.958882834645669
20
-3.5802655118110236
11
4.9588364173228348
21
-3.5805774409448818
0
LINE
8
BLACK
6
CONTINUOUS
10
4.9588364173228348
20
-3.5805774409448818
11
4.9588863385826771
21
-3.5860333464566927
0
LINE
8
BLACK
6
CONTINUOUS
10
4.9588863385826771
20
-3.5860333464566927
11
4.9588764173228341
21
-3.5861338582677162
0
LINE
8
BLACK
6
CONTINUOUS
10
4.9588764173228341
20
-3.5861338582677162
11
4.958882834645669
21
-3.5861768897637796
0
LINE
8
BLACK
6
CONTINUOUS
10
4.958882834645669
20
-3.5861768897637796
11
4.9588649212598428
21
-3.5862505511811023
0
LINE
8
BLACK
6
CONTINUOUS
10
4.9588649212598428
20
-3.5862505511811023
11
4.9588296062992123
21
-3.586609409448819
0
LINE
8
BLACK
6
CONTINUOUS
10
4.9588296062992123
20
-3.586609409448819
11
4.9587045275590551
21
-3.5869112992125984
0
LINE
8
BLACK
6
CONTINUOUS
10
4.9587045275590551
20
-3.5869112992125984
11
4.9569234251968499
21
-3.5942485433070863
0
LINE
8
BLACK
6
CONTINUOUS
10
4.9569234251968499
20
-3.5942485433070863
11
4.9569082283464567
21
-3.5942910236220471
0
LINE
8
BLACK
6
CONTINUOUS
10
4.9569082283464567
20
-3.5942910236220471
11
4.9569067322834641
21
-3.5943123228346456
0
LINE
8
BLACK
6
CONTINUOUS
10
4.9569067322834641
20
-3.5943123228346456
11
4.9568835826771656
21
-3.5943599606299212
0
LINE
8
BLACK
6
CONTINUOUS
10
4.9568835826771656
20
-3.5943599606299212
11
4.9567286614173227
21
-3.5947936614173228
0
LINE
8
BLACK
6
CONTINUOUS
10
4.9567286614173227
20
-3.5947936614173228
11
4.9565679133858263
21
-3.5950105905511811
0
LINE
8
BLACK
6
CONTINUOUS
10
4.9565679133858263
20
-3.5950105905511811
11
4.9548250787401571
21
-3.598602440944882
0
LINE
8
BLACK
6
CONTINUOUS
10
4.9548250787401571
20
-3.598602440944882
11
4.9546690157480313
21
-3.5988503149606297
0
LINE
8
BLACK
6
CONTINUOUS
10
4.9546690157480313
20
-3.5988503149606297
11
4.9546392125984253
21
-3.5989223622047244
0
LINE
8
BLACK
6
CONTINUOUS
10
4.9546392125984253
20
-3.5989223622047244
11
4.9545959448818895
21
-3.5989664566929132
0
LINE
8
BLACK
6
CONTINUOUS
10
4.9545959448818895
20
-3.5989664566929132
11
4.9545167322834649
21
-3.5990923228346454
0
LINE
8
BLACK
6
CONTINUOUS
10
4.9545167322834649
20
-3.5990923228346454
11
4.9542205511811019
21
-3.5993491338582677
0
LINE
8
BLACK
6
CONTINUOUS
10
4.9542205511811019
20
-3.5993491338582677
11
4.9505224409448818
21
-3.6031194094488188
0
LINE
8
BLACK
6
CONTINUOUS
10
4.9505224409448818
20
-3.6031194094488188
11
4.950075
21
-3.6034866141732285
0
LINE
8
BLACK
6
CONTINUOUS
10
4.950075
20
-3.6034866141732285
11
4.9499769291338582
21
-3.6035272047244096
0
LINE
8
BLACK
6
CONTINUOUS
10
4.9499769291338582
20
-3.6035272047244096
11
4.9498968110236223
21
-3.6035967322834646
0
LINE
8
BLACK
6
CONTINUOUS
10
4.9498968110236223
20
-3.6035967322834646
11
4.9493866535433071
21
-3.6037717322834646
0
LINE
8
BLACK
6
CONTINUOUS
10
4.9493866535433071
20
-3.6037717322834646
11
4.9490105905511808
21
-3.6039275196850391
0
LINE
8
BLACK
6
CONTINUOUS
10
4.9490105905511808
20
-3.6039275196850391
11
4.9489325590551179
21
-3.6039275196850391
0
LINE
8
BLACK
6
CONTINUOUS
10
4.9489325590551179
20
-3.6039275196850391
11
4.9437439763779523
21
-3.6057074803149605
0
LINE
8
BLACK
6
CONTINUOUS
10
4.9437439763779523
20
-3.6057074803149605
11
4.9434583858267711
21
-3.6057724015748032
0
LINE
8
BLACK
6
CONTINUOUS
10
4.9434583858267711
20
-3.6057724015748032
11
4.9433862992125981
21
-3.6058022834645667
0
LINE
8
BLACK
6
CONTINUOUS
10
4.9433862992125981
20
-3.6058022834645667
11
4.9433233858267718
21
-3.6058030708661417
0
LINE
8
BLACK
6
CONTINUOUS
10
4.9433233858267718
20
-3.6058030708661417
11
4.9431795275590549
21
-3.6058358267716533
0
LINE
8
BLACK
6
CONTINUOUS
10
4.9431795275590549
20
-3.6058358267716533
11
4.9428133464566928
21
-3.6058097637795274
0
LINE
8
BLACK
6
CONTINUOUS
10
4.9428133464566928
20
-3.6058097637795274
11
4.9390607086614171
21
-3.6058590157480315
0
LINE
8
BLACK
6
CONTINUOUS
10
4.9390607086614171
20
-3.6058590157480315
11
4.9387690944881886
21
-3.6058302755905509
0
LINE
8
BLACK
6
CONTINUOUS
10
4.9387690944881886
20
-3.6058302755905509
11
4.9386913779527557
21
-3.6058358267716533
0
LINE
8
BLACK
6
CONTINUOUS
10
4.9386913779527557
20
-3.6058358267716533
11
4.9386327952755904
21
-3.6058168503937007
0
LINE
8
BLACK
6
CONTINUOUS
10
4.9386327952755904
20
-3.6058168503937007
11
4.9384846456692912
21
-3.6058022834645667
0
LINE
8
BLACK
6
CONTINUOUS
10
4.9384846456692912
20
-3.6058022834645667
11
4.9381161023622049
21
-3.6056496062992127
0
LINE
8
BLACK
6
CONTINUOUS
10
4.9381161023622049
20
-3.6056496062992127
11
4.9325026771653544
21
-3.6038327165354329
0
LINE
8
BLACK
6
CONTINUOUS
10
4.9325026771653544
20
-3.6038327165354329
11
4.9319740944881891
21
-3.6035967322834646
0
LINE
8
BLACK
6
CONTINUOUS
10
4.9319740944881891
20
-3.6035967322834646
11
4.9318938976377948
21
-3.6035271653543308
0
LINE
8
BLACK
6
CONTINUOUS
10
4.9318938976377948
20
-3.6035271653543308
11
4.9317959448818893
21
-3.6034866141732285
0
LINE
8
BLACK
6
CONTINUOUS
10
4.9317959448818893
20
-3.6034866141732285
11
4.9313435433070865
21
-3.6030498425196851
0
LINE
8
BLACK
6
CONTINUOUS
10
4.9313435433070865
20
-3.6030498425196851
11
4.9311037401574804
21
-3.6028418503937005
0
LINE
8
BLACK
6
CONTINUOUS
10
4.9311037401574804
20
-3.6028418503937005
11
4.9310809842519685
21
-3.6027963385826771
0
LINE
8
BLACK
6
CONTINUOUS
10
4.9310809842519685
20
-3.6027963385826771
11
4.9294737007874012
21
-3.6012445669291338
0
LINE
8
BLACK
6
CONTINUOUS
10
4.9294737007874012
20
-3.6012445669291338
11
4.9291064960629924
21
-3.6007971259842519
0
LINE
8
BLACK
6
CONTINUOUS
10
4.9291064960629924
20
-3.6007971259842519
11
4.9286656299212597
21
-3.5997327165354331
0
LINE
8
BLACK
6
CONTINUOUS
10
4.9286656299212597
20
-3.5997327165354331
11
4.9286656299212597
21
-3.5985806299212597
0
LINE
8
BLACK
6
CONTINUOUS
10
4.9286656299212597
20
-3.5985806299212597
11
4.9291065354330703
21
-3.5975162204724409
0
LINE
8
BLACK
6
CONTINUOUS
10
4.9291065354330703
20
-3.5975162204724409
11
4.9299212204724405
21
-3.5967015354330707
0
LINE
8
BLACK
6
CONTINUOUS
10
4.9299212204724405
20
-3.5967015354330707
11
4.9309856299212598
21
-3.5962606692913384
0
LINE
8
BLACK
6
CONTINUOUS
10
4.9309856299212598
20
-3.5962606692913384
11
4.9321377165354328
21
-3.5962606692913384
0
LINE
8
BLACK
6
CONTINUOUS
10
4.9321377165354328
20
-3.5962606692913384
11
4.933202125984252
21
-3.5967015748031494
0
LINE
8
BLACK
6
CONTINUOUS
10
4.933202125984252
20
-3.5967015748031494
11
4.9350796456692914
21
-3.5985142519685041
0
LINE
8
BLACK
6
CONTINUOUS
10
4.9350796456692914
20
-3.5985142519685041
11
4.9396541338582676
21
-3.5999948818897636
0
LINE
8
BLACK
6
CONTINUOUS
10
4.9396541338582676
20
-3.5999948818897636
11
4.9424642913385828
21
-3.5999580314960631
0
LINE
8
BLACK
6
CONTINUOUS
10
4.9424642913385828
20
-3.5999580314960631
11
4.9469238188976377
21
-3.5984281889763778
0
LINE
8
BLACK
6
CONTINUOUS
10
4.9469238188976377
20
-3.5984281889763778
11
4.9498481102362204
21
-3.5954468503937007
0
LINE
8
BLACK
6
CONTINUOUS
10
4.9498481102362204
20
-3.5954468503937007
11
4.9513727165354329
21
-3.5923047244094488
0
LINE
8
BLACK
6
CONTINUOUS
10
4.9513727165354329
20
-3.5923047244094488
11
4.953027283464567
21
-3.5854888582677162
0
LINE
8
BLACK
6
CONTINUOUS
10
4.953027283464567
20
-3.5854888582677162
11
4.9529823228346457
21
-3.5805765748031497
0
LINE
8
BLACK
6
CONTINUOUS
10
4.9529823228346457
20
-3.5805765748031497
11
4.9512257086614175
21
-3.5737486220472441
0
LINE
8
BLACK
6
CONTINUOUS
10
4.9512257086614175
20
-3.5737486220472441
11
4.9497024409448818
21
-3.5707905511811022
0
LINE
8
BLACK
6
CONTINUOUS
10
4.9497024409448818
20
-3.5707905511811022
11
4.9467808267716533
21
-3.567924803149606
0
LINE
8
BLACK
6
CONTINUOUS
10
4.9467808267716533
20
-3.567924803149606
11
4.942216771653543
21
-3.5664475196850391
0
LINE
8
BLACK
6
CONTINUOUS
10
4.942216771653543
20
-3.5664475196850391
11
4.9394065748031499
21
-3.5664843700787401
0
LINE
8
BLACK
6
CONTINUOUS
10
4.9394065748031499
20
-3.5664843700787401
11
4.9349693307086611
21
-3.5680065748031495
0
LINE
8
BLACK
6
CONTINUOUS
10
4.9349693307086611
20
-3.5680065748031495
11
4.9336495669291338
21
-3.5693736220472441
0
LINE
8
BLACK
6
CONTINUOUS
10
4.9336495669291338
20
-3.5693736220472441
11
4.933202125984252
21
-3.5697408267716533
0
LINE
8
BLACK
6
CONTINUOUS
10
4.933202125984252
20
-3.5697408267716533
11
4.932137677165354
21
-3.5701817322834644
0
LINE
8
BLACK
6
CONTINUOUS
10
4.932137677165354
20
-3.5701817322834644
11
4.9309856299212598
21
-3.5701817322834644
0
LINE
8
BLACK
6
CONTINUOUS
10
4.9309856299212598
20
-3.5701817322834644
11
4.9299211811023618
21
-3.5697408267716533
0
LINE
8
BLACK
6
CONTINUOUS
10
4.9299211811023618
20
-3.5697408267716533
11
4.9291065354330703
21
-3.5689261811023623
0
LINE
8
BLACK
6
CONTINUOUS
10
4.9291065354330703
20
-3.5689261811023623
11
4.9286656299212597
21
-3.5678617322834647
0
LINE
8
BLACK
6
CONTINUOUS
10
4.9286656299212597
20
-3.5678617322834647
11
4.9286656299212597
21
-3.56670968503937
0
LINE
8
BLACK
6
CONTINUOUS
10
4.9286656299212597
20
-3.56670968503937
11
4.9291065354330703
21
-3.5656452362204725
0
LINE
8
BLACK
6
CONTINUOUS
10
4.9291065354330703
20
-3.5656452362204725
11
4.9313485039370075
21
-3.5633230314960631
0
LINE
8
BLACK
6
CONTINUOUS
10
4.9313485039370075
20
-3.5633230314960631
11
4.9317959448818893
21
-3.5629558267716535
0
LINE
8
BLACK
6
CONTINUOUS
10
4.9317959448818893
20
-3.5629558267716535
11
4.9318938976377948
21
-3.5629152362204723
0
LINE
8
BLACK
6
CONTINUOUS
10
4.9318938976377948
20
-3.5629152362204723
11
4.9319740944881891
21
-3.5628457086614174
0
LINE
8
BLACK
6
CONTINUOUS
10
4.9319740944881891
20
-3.5628457086614174
11
4.9324844488188972
21
-3.5626705905511811
0
LINE
8
BLACK
6
CONTINUOUS
10
4.9324844488188972
20
-3.5626705905511811
11
4.9328603543307086
21
-3.5625149212598424
0
LINE
8
BLACK
6
CONTINUOUS
10
4.9328603543307086
20
-3.5625149212598424
11
4.9329383464566927
21
-3.5625149212598424
0
LINE
8
BLACK
6
CONTINUOUS
10
4.9329383464566927
20
-3.5625149212598424
11
4.9381269291338583
21
-3.560734960629921
0
LINE
8
BLACK
6
CONTINUOUS
10
4.9381269291338583
20
-3.560734960629921
11
4.9384125590551182
21
-3.56067
0
LINE
8
BLACK
6
CONTINUOUS
10
4.9384125590551182
20
-3.56067
11
4.9384846456692912
21
-3.5606401574803148
0
LINE
8
BLACK
6
CONTINUOUS
10
4.9384846456692912
20
-3.5606401574803148
11
4.9385474803149609
21
-3.5606393307086615
0
LINE
8
BLACK
6
CONTINUOUS
10
4.9385474803149609
20
-3.5606393307086615
11
4.9386913779527557
21
-3.5606066141732282
0
LINE
8
BLACK
6
CONTINUOUS
10
4.9386913779527557
20
-3.5606066141732282
11
4.939057519685039
21
-3.5606326377952757
0
LINE
8
BLACK
6
CONTINUOUS
10
4.939057519685039
20
-3.5606326377952757
11
4.9428102362204722
21
-3.5605834251968504
0
LINE
8
BLACK
6
CONTINUOUS
10
4.9428102362204722
20
-3.5605834251968504
11
4.9431017716535433
21
-3.5606121259842518
0
LINE
8
BLACK
6
CONTINUOUS
10
4.9190143307086611
20
-3.5606401574803148
11
4.9200787401574804
21
-3.5610810629921259
0
LINE
8
BLACK
6
CONTINUOUS
10
4.9200787401574804
20
-3.5610810629921259
11
4.9208933858267718
21
-3.5618957086614174
0
LINE
8
BLACK
6
CONTINUOUS
10
4.9208933858267718
20
-3.5618957086614174
11
4.9213342913385825
21
-3.5629601181102362
0
LINE
8
BLACK
6
CONTINUOUS
10
4.9213342913385825
20
-3.5629601181102362
11
4.9213342913385825
21
-3.5641122440944879
0
LINE
8
BLACK
6
CONTINUOUS
10
4.9213342913385825
20
-3.5641122440944879
11
4.9208933858267718
21
-3.5651766535433072
0
LINE
8
BLACK
6
CONTINUOUS
10
4.9208933858267718
20
-3.5651766535433072
11
4.9200787401574804
21
-3.5659912992125982
0
LINE
8
BLACK
6
CONTINUOUS
10
4.9200787401574804
20
-3.5659912992125982
11
4.9190143307086611
21
-3.5664322047244092
0
LINE
8
BLACK
6
CONTINUOUS
10
4.9190143307086611
20
-3.5664322047244092
11
4.89661094488189
21
-3.5664795669291336
0
LINE
8
BLACK
6
CONTINUOUS
10
4.89661094488189
20
-3.5664795669291336
11
4.9117784645669289
21
-3.6017431102362205
0
LINE
8
BLACK
6
CONTINUOUS
10
4.9117784645669289
20
-3.6017431102362205
11
4.9119532283464569
21
-3.6022949212598423
0
LINE
8
BLACK
6
CONTINUOUS
10
4.9119532283464569
20
-3.6022949212598423
11
4.9119672834645671
21
-3.603446968503937
0
LINE
8
BLACK
6
CONTINUOUS
10
4.9119672834645671
20
-3.603446968503937
11
4.9115394094488192
21
-3.6045166535433069
0
LINE
8
BLACK
6
CONTINUOUS
10
4.9115394094488192
20
-3.6045166535433069
11
4.9107347244094486
21
-3.6053411811023621
0
LINE
8
BLACK
6
CONTINUOUS
10
4.9107347244094486
20
-3.6053411811023621
11
4.9096757480314963
21
-3.6057950393700788
0
LINE
8
BLACK
6
CONTINUOUS
10
4.9096757480314963
20
-3.6057950393700788
11
4.9085237401574799
21
-3.6058090551181103
0
LINE
8
BLACK
6
CONTINUOUS
10
4.9085237401574799
20
-3.6058090551181103
11
4.9074540551181105
21
-3.6053811811023619
0
LINE
8
BLACK
6
CONTINUOUS
10
4.9074540551181105
20
-3.6053811811023619
11
4.906629488188976
21
-3.604576535433071
0
LINE
8
BLACK
6
CONTINUOUS
10
4.906629488188976
20
-3.604576535433071
11
4.889477559055118
21
-3.5646993307086614
0
LINE
8
BLACK
6
CONTINUOUS
10
4.889477559055118
20
-3.5646993307086614
11
4.8893027952755901
21
-3.5641474803149604
0
LINE
8
BLACK
6
CONTINUOUS
10
4.8893027952755901
20
-3.5641474803149604
11
4.8893025590551176
21
-3.5641291732283462
0
LINE
8
BLACK
6
CONTINUOUS
10
4.8893025590551176
20
-3.5641291732283462
11
4.8892955511811023
21
-3.5641122440944879
0
LINE
8
BLACK
6
CONTINUOUS
10
4.8892955511811023
20
-3.5641122440944879
11
4.8892955511811023
21
-3.5635537007874016
0
LINE
8
BLACK
6
CONTINUOUS
10
4.8892955511811023
20
-3.5635537007874016
11
4.8892887401574798
21
-3.5629954724409449
0
LINE
8
BLACK
6
CONTINUOUS
10
4.8892887401574798
20
-3.5629954724409449
11
4.8892955511811023
21
-3.5629784251968504
0
LINE
8
BLACK
6
CONTINUOUS
10
4.8892955511811023
20
-3.5629784251968504
11
4.8892955511811023
21
-3.5629601181102362
0
LINE
8
BLACK
6
CONTINUOUS
10
4.8892955511811023
20
-3.5629601181102362
11
4.8895089763779529
21
-3.5624447637795273
0
LINE
8
BLACK
6
CONTINUOUS
10
4.8895089763779529
20
-3.5624447637795273
11
4.8897166141732287
21
-3.5619257874015746
0
LINE
8
BLACK
6
CONTINUOUS
10
4.8897166141732287
20
-3.5619257874015746
11
4.8897294094488188
21
-3.5619126377952757
0
LINE
8
BLACK
6
CONTINUOUS
10
4.8897294094488188
20
-3.5619126377952757
11
4.8897364566929129
21
-3.5618957086614174
0
LINE
8
BLACK
6
CONTINUOUS
10
4.8897364566929129
20
-3.5618957086614174
11
4.8901309055118105
21
-3.561501220472441
0
LINE
8
BLACK
6
CONTINUOUS
10
4.8901309055118105
20
-3.561501220472441
11
4.8905212992125984
21
-3.561101220472441
0
LINE
8
BLACK
6
CONTINUOUS
10
4.8905212992125984
20
-3.561101220472441
11
4.8905381496062992
21
-3.5610939763779528
0
LINE
8
BLACK
6
CONTINUOUS
10
4.8905381496062992
20
-3.5610939763779528
11
4.8905511023622044
21
-3.5610810629921259
0
LINE
8
BLACK
6
CONTINUOUS
10
4.8905511023622044
20
-3.5610810629921259
11
4.8910668503937007
21
-3.5608674015748032
0
LINE
8
BLACK
6
CONTINUOUS
10
4.8910668503937007
20
-3.5608674015748032
11
4.8915802755905506
21
-3.5606474015748031
0
LINE
8
BLACK
6
CONTINUOUS
10
4.8915802755905506
20
-3.5606474015748031
11
4.8915985433070865
21
-3.5606471653543306
0
LINE
8
BLACK
6
CONTINUOUS
10
4.8915985433070865
20
-3.5606471653543306
11
4.8916155118110236
21
-3.5606401574803148
0
LINE
8
BLACK
6
CONTINUOUS
10
4.8916155118110236
20
-3.5606401574803148
11
4.892291141732283
21
-3.5606387007874014
0
LINE
8
BLACK
6
CONTINUOUS
10
4.892291141732283
20
-3.5606387007874014
11
4.892732283464567
21
-3.5606333464566928
0
LINE
8
BLACK
6
CONTINUOUS
10
4.892732283464567
20
-3.5606333464566928
11
4.892743346456693
21
-3.5606377559055118
0
LINE
8
BLACK
6
CONTINUOUS
10
4.892743346456693
20
-3.5606377559055118
11
4.9184382677165353
21
-3.5605834251968504
0
LINE
8
BLACK
6
CONTINUOUS
10
4.9184382677165353
20
-3.5605834251968504
11
4.9190143307086611
21
-3.5606401574803148
0
LINE
8
BLACK
6
CONTINUOUS
10
5.189664330708661
20
-3.5478448818897639
11
5.189953622047244
21
-3.5478448818897639
0
LINE
8
BLACK
6
CONTINUOUS
10
5.189953622047244
20
-3.5478448818897639
11
5.190223700787401
21
-3.5479567322834646
0
LINE
8
BLACK
6
CONTINUOUS
10
5.190223700787401
20
-3.5479567322834646
11
5.1905103543307085
21
-3.5480140944881891
0
LINE
8
BLACK
6
CONTINUOUS
10
5.1905103543307085
20
-3.5480140944881891
11
5.1907507086614171
21
-3.5481750393700788
0
LINE
8
BLACK
6
CONTINUOUS
10
5.1907507086614171
20
-3.5481750393700788
11
5.1910180314960632
21
-3.5482857874015745
0
LINE
8
BLACK
6
CONTINUOUS
10
5.1910180314960632
20
-3.5482857874015745
11
5.1912247244094489
21
-3.5484924803149607
0
LINE
8
BLACK
6
CONTINUOUS
10
5.1912247244094489
20
-3.5484924803149607
11
5.1914676377952755
21
-3.5486551574803147
0
LINE
8
BLACK
6
CONTINUOUS
10
5.1914676377952755
20
-3.5486551574803147
11
5.1916364960629924
21
-3.5489042519685037
0
LINE
8
BLACK
6
CONTINUOUS
10
5.1916364960629924
20
-3.5489042519685037
11
5.1918326771653538
21
-3.549100433070866
0
LINE
8
BLACK
6
CONTINUOUS
10
5.1918326771653538
20
-3.549100433070866
11
5.1919319291338581
21
-3.5493400787401574
0
LINE
8
BLACK
6
CONTINUOUS
10
5.1919319291338581
20
-3.5493400787401574
11
5.1955505905511812
21
-3.5546781496062994
0
LINE
8
BLACK
6
CONTINUOUS
10
5.1955505905511812
20
-3.5546781496062994
11
5.1987116535433069
21
-3.5577787795275588
0
LINE
8
BLACK
6
CONTINUOUS
10
5.1987116535433069
20
-3.5577787795275588
11
5.201946653543307
21
-3.5593484645669289
0
LINE
8
BLACK
6
CONTINUOUS
10
5.201946653543307
20
-3.5593484645669289
11
5.2024365354330708
21
-3.559656811023622
0
LINE
8
BLACK
6
CONTINUOUS
10
5.2024365354330708
20
-3.559656811023622
11
5.2031913779527557
21
-3.5605272047244094
0
LINE
8
BLACK
6
CONTINUOUS
10
5.2031913779527557
20
-3.5605272047244094
11
5.2035557086614173
21
-3.561620157480315
0
LINE
8
BLACK
6
CONTINUOUS
10
5.2035557086614173
20
-3.561620157480315
11
5.20347405511811
21
-3.56276937007874
0
LINE
8
BLACK
6
CONTINUOUS
10
5.20347405511811
20
-3.56276937007874
11
5.2029587795275587
21
-3.5637998818897638
0
LINE
8
BLACK
6
CONTINUOUS
10
5.2029587795275587
20
-3.5637998818897638
11
5.20208842519685
21
-3.5645547244094486
0
LINE
8
BLACK
6
CONTINUOUS
10
5.20208842519685
20
-3.5645547244094486
11
5.2009954330708661
21
-3.5649190551181102
0
LINE
8
BLACK
6
CONTINUOUS
10
5.2009954330708661
20
-3.5649190551181102
11
5.1998462204724412
21
-3.564837401574803
0
LINE
8
BLACK
6
CONTINUOUS
10
5.1998462204724412
20
-3.564837401574803
11
5.1955561023622048
21
-3.562755748031496
0
LINE
8
BLACK
6
CONTINUOUS
10
5.1955561023622048
20
-3.562755748031496
11
5.195308267716535
21
-3.5625997244094489
0
LINE
8
BLACK
6
CONTINUOUS
10
5.195308267716535
20
-3.5625997244094489
11
5.1952361417322832
21
-3.5625698818897638
0
LINE
8
BLACK
6
CONTINUOUS
10
5.1952361417322832
20
-3.5625698818897638
11
5.1951919291338582
21
-3.5625265354330709
0
LINE
8
BLACK
6
CONTINUOUS
10
5.1951919291338582
20
-3.5625265354330709
11
5.1950662204724409
21
-3.5624474015748029
0
LINE
8
BLACK
6
CONTINUOUS
10
5.1950662204724409
20
-3.5624474015748029
11
5.1948095275590553
21
-3.5621514173228346
0
LINE
8
BLACK
6
CONTINUOUS
10
5.1948095275590553
20
-3.5621514173228346
11
5.192287086614173
21
-3.5596771653543304
0
LINE
8
BLACK
6
CONTINUOUS
10
5.192287086614173
20
-3.5596771653543304
11
5.1923261417322832
21
-3.5871786220472441
0
LINE
8
BLACK
6
CONTINUOUS
10
5.1923261417322832
20
-3.5871786220472441
11
5.2006261417322834
21
-3.5871582283464565
0
LINE
8
BLACK
6
CONTINUOUS
10
5.2006261417322834
20
-3.5871582283464565
11
5.2012022047244093
21
-3.5872149606299213
0
LINE
8
BLACK
6
CONTINUOUS
10
5.2012022047244093
20
-3.5872149606299213
11
5.2022666141732286
21
-3.5876558661417324
0
LINE
8
BLACK
6
CONTINUOUS
10
5.2022666141732286
20
-3.5876558661417324
11
5.2030812598425191
21
-3.5884705118110234
0
LINE
8
BLACK
6
CONTINUOUS
10
5.2030812598425191
20
-3.5884705118110234
11
5.2035221653543307
21
-3.5895349212598426
0
LINE
8
BLACK
6
CONTINUOUS
10
5.2035221653543307
20
-3.5895349212598426
11
5.2035221653543307
21
-3.5906870472440944
0
LINE
8
BLACK
6
CONTINUOUS
10
5.2035221653543307
20
-3.5906870472440944
11
5.2030812598425191
21
-3.5917514566929132
0
LINE
8
BLACK
6
CONTINUOUS
10
5.2030812598425191
20
-3.5917514566929132
11
5.2022666141732286
21
-3.5925661023622046
0
LINE
8
BLACK
6
CONTINUOUS
10
5.2022666141732286
20
-3.5925661023622046
11
5.2012022047244093
21
-3.5930070078740157
0
LINE
8
BLACK
6
CONTINUOUS
10
5.2012022047244093
20
-3.5930070078740157
11
5.1781289763779528
21
-3.5930637401574801
0
LINE
8
BLACK
6
CONTINUOUS
10
5.1781289763779528
20
-3.5930637401574801
11
5.1775529133858269
21
-3.5930070078740157
0
LINE
8
BLACK
6
CONTINUOUS
10
5.1775529133858269
20
-3.5930070078740157
11
5.1764885039370077
21
-3.5925661023622046
0
LINE
8
BLACK
6
CONTINUOUS
10
5.1764885039370077
20
-3.5925661023622046
11
5.1756738582677162
21
-3.5917514566929132
0
LINE
8
BLACK
6
CONTINUOUS
10
5.1756738582677162
20
-3.5917514566929132
11
5.1752329527559056
21
-3.5906870472440944
0
LINE
8
BLACK
6
CONTINUOUS
10
5.1752329527559056
20
-3.5906870472440944
11
5.1752329527559056
21
-3.5895349212598426
0
LINE
8
BLACK
6
CONTINUOUS
10
5.1752329527559056
20
-3.5895349212598426
11
5.1756738582677162
21
-3.5884705118110234
0
LINE
8
BLACK
6
CONTINUOUS
10
5.1756738582677162
20
-3.5884705118110234
11
5.1764885039370077
21
-3.5876558661417324
0
LINE
8
BLACK
6
CONTINUOUS
10
5.1764885039370077
20
-3.5876558661417324
11
5.1775529133858269
21
-3.5872149606299213
0
LINE
8
BLACK
6
CONTINUOUS
10
5.1775529133858269
20
-3.5872149606299213
11
5.1864765354330711
21
-3.587192992125984
0
LINE
8
BLACK
6
CONTINUOUS
10
5.1864765354330711
20
-3.587192992125984
11
5.1864248031496061
21
-3.5507409055118111
0
LINE
8
BLACK
6
CONTINUOUS
10
5.1864248031496061
20
-3.5507409055118111
11
5.1864249999999998
21
-3.5507388188976376
0
LINE
8
BLACK
6
CONTINUOUS
10
5.1864249999999998
20
-3.5507388188976376
11
5.1864248031496061
21
-3.5507377952755905
0
LINE
8
BLACK
6
CONTINUOUS
10
5.1864248031496061
20
-3.5507377952755905
11
5.1864253937007874
21
-3.5507347637795275
0
LINE
8
BLACK
6
CONTINUOUS
10
5.1864253937007874
20
-3.5507347637795275
11
5.1864815354330709
21
-3.5501648425196848
0
LINE
8
BLACK
6
CONTINUOUS
10
5.1864815354330709
20
-3.5501648425196848
11
5.1865933858267717
21
-3.5498947244094485
0
LINE
8
BLACK
6
CONTINUOUS
10
5.1865933858267717
20
-3.5498947244094485
11
5.1866507480314956
21
-3.5496081102362202
0
LINE
8
BLACK
6
CONTINUOUS
10
5.1866507480314956
20
-3.5496081102362202
11
5.1868116929133858
21
-3.5493677165354329
0
LINE
8
BLACK
6
CONTINUOUS
10
5.1868116929133858
20
-3.5493677165354329
11
5.1869224409448815
21
-3.549100433070866
0
LINE
8
BLACK
6
CONTINUOUS
10
5.1869224409448815
20
-3.549100433070866
11
5.1871291338582672
21
-3.5488937007874015
0
LINE
8
BLACK
6
CONTINUOUS
10
5.1871291338582672
20
-3.5488937007874015
11
5.1872918110236217
21
-3.5486508267716537
0
LINE
8
BLACK
6
CONTINUOUS
10
5.1872918110236217
20
-3.5486508267716537
11
5.187532519685039
21
-3.5484903149606297
0
LINE
8
BLACK
6
CONTINUOUS
10
5.187532519685039
20
-3.5484903149606297
11
5.187737086614173
21
-3.5482857874015745
0
LINE
8
BLACK
6
CONTINUOUS
10
5.187737086614173
20
-3.5482857874015745
11
5.1880071653543309
21
-3.548173897637795
0
LINE
8
BLACK
6
CONTINUOUS
10
5.1880071653543309
20
-3.548173897637795
11
5.1882504330708663
21
-3.5480117322834643
0
LINE
8
BLACK
6
CONTINUOUS
10
5.1882504330708663
20
-3.5480117322834643
11
5.1885342125984248
21
-3.5479555905511808
0
LINE
8
BLACK
6
CONTINUOUS
10
5.1885342125984248
20
-3.5479555905511808
11
5.1888014960629922
21
-3.5478448818897639
0
LINE
8
BLACK
6
CONTINUOUS
10
5.1888014960629922
20
-3.5478448818897639
11
5.1890938976377949
21
-3.5478448818897639
0
LINE
8
BLACK
6
CONTINUOUS
10
5.1890938976377949
20
-3.5478448818897639
11
5.1893806692913387
21
-3.5477881496062991
0
LINE
8
BLACK
6
CONTINUOUS
10
5.1893806692913387
20
-3.5477881496062991
11
5.189664330708661
21
-3.5478448818897639
0
LINE
8
BLACK
6
CONTINUOUS
10
5.2191395275590553
20
-3.5482857874015745
11
5.2199541732283468
21
-3.549100433070866
0
LINE
8
BLACK
6
CONTINUOUS
10
5.2199541732283468
20
-3.549100433070866
11
5.2203950787401574
21
-3.5501648425196848
0
LINE
8
BLACK
6
CONTINUOUS
10
5.2203950787401574
20
-3.5501648425196848
11
5.2204507086614171
21
-3.5820035433070867
0
LINE
8
BLACK
6
CONTINUOUS
10
5.2204507086614171
20
-3.5820035433070867
11
5.2218421653543308
21
-3.5847055511811021
0
LINE
8
BLACK
6
CONTINUOUS
10
5.2218421653543308
20
-3.5847055511811021
11
5.2230755118110235
21
-3.585896338582677
0
LINE
8
BLACK
6
CONTINUOUS
10
5.2230755118110235
20
-3.585896338582677
11
5.2257735039370079
21
-3.5872054330708663
0
LINE
8
BLACK
6
CONTINUOUS
10
5.2257735039370079
20
-3.5872054330708663
11
5.2318825196850396
21
-3.5871625196850392
0
LINE
8
BLACK
6
CONTINUOUS
10
5.2318825196850396
20
-3.5871625196850392
11
5.2345907874015749
21
-3.5857678740157479
0
LINE
8
BLACK
6
CONTINUOUS
10
5.2345907874015749
20
-3.5857678740157479
11
5.2357815748031493
21
-3.5845344488188977
0
LINE
8
BLACK
6
CONTINUOUS
10
5.2357815748031493
20
-3.5845344488188977
11
5.2370977952755906
21
-3.5818218110236222
0
LINE
8
BLACK
6
CONTINUOUS
10
5.2370977952755906
20
-3.5818218110236222
11
5.2370434645669288
21
-3.5507409055118111
0
LINE
8
BLACK
6
CONTINUOUS
10
5.2370434645669288
20
-3.5507409055118111
11
5.2371001968503936
21
-3.5501648425196848
0
LINE
8
BLACK
6
CONTINUOUS
10
5.2371001968503936
20
-3.5501648425196848
11
5.2375411023622043
21
-3.549100433070866
0
LINE
8
BLACK
6
CONTINUOUS
10
5.2375411023622043
20
-3.549100433070866
11
5.2383557480314957
21
-3.5482857874015745
0
LINE
8
BLACK
6
CONTINUOUS
10
5.2383557480314957
20
-3.5482857874015745
11
5.239420157480315
21
-3.5478448818897639
0
LINE
8
BLACK
6
CONTINUOUS
10
5.239420157480315
20
-3.5478448818897639
11
5.2405722834645667
21
-3.5478448818897639
0
LINE
8
BLACK
6
CONTINUOUS
10
5.2405722834645667
20
-3.5478448818897639
11
5.241636692913386
21
-3.5482857874015745
0
LINE
8
BLACK
6
CONTINUOUS
10
5.241636692913386
20
-3.5482857874015745
11
5.2424513385826774
21
-3.549100433070866
0
LINE
8
BLACK
6
CONTINUOUS
10
5.2424513385826774
20
-3.549100433070866
11
5.2428922440944881
21
-3.5501648425196848
0
LINE
8
BLACK
6
CONTINUOUS
10
5.2428922440944881
20
-3.5501648425196848
11
5.2429489763779529
21
-3.5826118897637795
0
LINE
8
BLACK
6
CONTINUOUS
10
5.2429489763779529
20
-3.5826118897637795
11
5.2428922440944881
21
-3.5831879527559054
0
LINE
8
BLACK
6
CONTINUOUS
10
5.2428922440944881
20
-3.5831879527559054
11
5.2428516535433074
21
-3.5832859055118109
0
LINE
8
BLACK
6
CONTINUOUS
10
5.2428516535433074
20
-3.5832859055118109
11
5.2428441338582674
21
-3.5833918110236218
0
LINE
8
BLACK
6
CONTINUOUS
10
5.2428441338582674
20
-3.5833918110236218
11
5.2425957874015747
21
-3.5839035433070867
0
LINE
8
BLACK
6
CONTINUOUS
10
5.2425957874015747
20
-3.5839035433070867
11
5.2424513385826774
21
-3.5842523622047242
0
LINE
8
BLACK
6
CONTINUOUS
10
5.2424513385826774
20
-3.5842523622047242
11
5.2424032283464568
21
-3.5843004330708661
0
LINE
8
BLACK
6
CONTINUOUS
10
5.2424032283464568
20
-3.5843004330708661
11
5.2407624803149604
21
-3.5876819291338582
0
LINE
8
BLACK
6
CONTINUOUS
10
5.2407624803149604
20
-3.5876819291338582
11
5.2406064173228346
21
-3.5879298031496063
0
LINE
8
BLACK
6
CONTINUOUS
10
5.2406064173228346
20
-3.5879298031496063
11
5.2405766141732286
21
-3.5880018503937006
0
LINE
8
BLACK
6
CONTINUOUS
10
5.2405766141732286
20
-3.5880018503937006
11
5.2405320472440939
21
-3.5880479527559053
0
LINE
8
BLACK
6
CONTINUOUS
10
5.2405320472440939
20
-3.5880479527559053
11
5.2404541338582673
21
-3.588171811023622
0
LINE
8
BLACK
6
CONTINUOUS
10
5.2404541338582673
20
-3.588171811023622
11
5.2401984645669293
21
-3.5883935039370076
0
LINE
8
BLACK
6
CONTINUOUS
10
5.2401984645669293
20
-3.5883935039370076
11
5.2383346456692914
21
-3.5903240944881887
0
LINE
8
BLACK
6
CONTINUOUS
10
5.2383346456692914
20
-3.5903240944881887
11
5.2381082677165356
21
-3.5905098425196851
0
LINE
8
BLACK
6
CONTINUOUS
10
5.2381082677165356
20
-3.5905098425196851
11
5.2380570866141731
21
-3.5905688976377954
0
LINE
8
BLACK
6
CONTINUOUS
10
5.2380570866141731
20
-3.5905688976377954
11
5.2380014173228346
21
-3.5905975196850393
0
LINE
8
BLACK
6
CONTINUOUS
10
5.2380014173228346
20
-3.5905975196850393
11
5.2378871653543309
21
-3.5906913385826771
0
LINE
8
BLACK
6
CONTINUOUS
10
5.2378871653543309
20
-3.5906913385826771
11
5.2375402755905514
21
-3.5908349999999998
0
LINE
8
BLACK
6
CONTINUOUS
10
5.2375402755905514
20
-3.5908349999999998
11
5.2338176771653542
21
-3.5927520078740156
0
LINE
8
BLACK
6
CONTINUOUS
10
5.2338176771653542
20
-3.5927520078740156
11
5.2332770472440941
21
-3.5929588976377951
0
LINE
8
BLACK
6
CONTINUOUS
10
5.2332770472440941
20
-3.5929588976377951
11
5.2331712204724408
21
-3.5929663779527559
0
LINE
8
BLACK
6
CONTINUOUS
10
5.2331712204724408
20
-3.5929663779527559
11
5.2330732283464565
21
-3.5930070078740157
0
LINE
8
BLACK
6
CONTINUOUS
10
5.2330732283464565
20
-3.5930070078740157
11
5.2325479921259843
21
-3.5930106692913384
0
LINE
8
BLACK
6
CONTINUOUS
10
5.2325479921259843
20
-3.5930106692913384
11
5.2321278346456692
21
-3.5930405511811023
0
LINE
8
BLACK
6
CONTINUOUS
10
5.2321278346456692
20
-3.5930405511811023
11
5.2320487795275588
21
-3.5930141732283465
0
LINE
8
BLACK
6
CONTINUOUS
10
5.2320487795275588
20
-3.5930141732283465
11
5.2249981102362204
21
-3.5930637401574801
0
LINE
8
BLACK
6
CONTINUOUS
10
5.2249981102362204
20
-3.5930637401574801
11
5.2244220472440945
21
-3.5930070078740157
0
LINE
8
BLACK
6
CONTINUOUS
10
5.2244220472440945
20
-3.5930070078740157
11
5.2243240551181103
21
-3.5929664173228346
0
LINE
8
BLACK
6
CONTINUOUS
10
5.2243240551181103
20
-3.5929664173228346
11
5.2242181889763781
21
-3.5929588976377951
0
LINE
8
BLACK
6
CONTINUOUS
10
5.2242181889763781
20
-3.5929588976377951
11
5.2237064173228349
21
-3.5927105511811024
0
LINE
8
BLACK
6
CONTINUOUS
10
5.2237064173228349
20
-3.5927105511811024
11
5.2233576377952753
21
-3.5925661023622046
0
LINE
8
BLACK
6
CONTINUOUS
10
5.2233576377952753
20
-3.5925661023622046
11
5.2233095275590546
21
-3.592517992125984
0
LINE
8
BLACK
6
CONTINUOUS
10
5.2233095275590546
20
-3.592517992125984
11
5.2199280708661417
21
-3.5908772440944881
0
LINE
8
BLACK
6
CONTINUOUS
10
5.2199280708661417
20
-3.5908772440944881
11
5.2196800393700782
21
-3.5907211417322835
0
LINE
8
BLACK
6
CONTINUOUS
10
5.2196800393700782
20
-3.5907211417322835
11
5.2196081102362202
21
-3.5906913385826771
0
LINE
8
BLACK
6
CONTINUOUS
10
5.2196081102362202
20
-3.5906913385826771
11
5.2195620078740159
21
-3.590646811023622
0
LINE
8
BLACK
6
CONTINUOUS
10
5.2195620078740159
20
-3.590646811023622
11
5.2194381889763779
21
-3.5905688976377954
0
LINE
8
BLACK
6
CONTINUOUS
10
5.2194381889763779
20
-3.5905688976377954
11
5.2192163779527556
21
-3.5903131102362202
0
LINE
8
BLACK
6
CONTINUOUS
10
5.2192163779527556
20
-3.5903131102362202
11
5.2172858661417321
21
-3.5884492913385828
0
LINE
8
BLACK
6
CONTINUOUS
10
5.2172858661417321
20
-3.5884492913385828
11
5.2171001181102357
21
-3.5882229527559053
0
LINE
8
BLACK
6
CONTINUOUS
10
5.2171001181102357
20
-3.5882229527559053
11
5.2170411417322837
21
-3.588171811023622
0
LINE
8
BLACK
6
CONTINUOUS
10
5.2170411417322837
20
-3.588171811023622
11
5.2170124803149607
21
-3.5881161811023623
0
LINE
8
BLACK
6
CONTINUOUS
10
5.2170124803149607
20
-3.5881161811023623
11
5.2169186614173224
21
-3.5880018503937006
0
LINE
8
BLACK
6
CONTINUOUS
10
5.2169186614173224
20
-3.5880018503937006
11
5.2167749606299214
21
-3.5876549212598423
0
LINE
8
BLACK
6
CONTINUOUS
10
5.2167749606299214
20
-3.5876549212598423
11
5.2148580314960631
21
-3.5839324015748031
0
LINE
8
BLACK
6
CONTINUOUS
10
5.2148580314960631
20
-3.5839324015748031
11
5.2146511417322836
21
-3.5833917716535431
0
LINE
8
BLACK
6
CONTINUOUS
10
5.2146511417322836
20
-3.5833917716535431
11
5.2146436220472436
21
-3.5832859448818897
0
LINE
8
BLACK
6
CONTINUOUS
10
5.2146436220472436
20
-3.5832859448818897
11
5.214603031496063
21
-3.5831879527559054
0
LINE
8
BLACK
6
CONTINUOUS
10
5.214603031496063
20
-3.5831879527559054
11
5.2146021653543304
21
-3.5827026771653543
0
LINE
8
BLACK
6
CONTINUOUS
10
5.2146021653543304
20
-3.5827026771653543
11
5.2145694881889764
21
-3.5822425590551181
0
LINE
8
BLACK
6
CONTINUOUS
10
5.2145694881889764
20
-3.5822425590551181
11
5.2146011811023625
21
-3.5821473622047244
0
LINE
8
BLACK
6
CONTINUOUS
10
5.2146011811023625
20
-3.5821473622047244
11
5.2145462992125982
21
-3.5507409055118111
0
LINE
8
BLACK
6
CONTINUOUS
10
5.2145462992125982
20
-3.5507409055118111
11
5.214603031496063
21
-3.5501648425196848
0
LINE
8
BLACK
6
CONTINUOUS
10
5.214603031496063
20
-3.5501648425196848
11
5.2150439370078736
21
-3.549100433070866
0
LINE
8
BLACK
6
CONTINUOUS
10
5.2150439370078736
20
-3.549100433070866
11
5.2158585826771651
21
-3.5482857874015745
0
LINE
8
BLACK
6
CONTINUOUS
10
5.2158585826771651
20
-3.5482857874015745
11
5.2169229921259843
21
-3.5478448818897639
0
LINE
8
BLACK
6
CONTINUOUS
10
5.2169229921259843
20
-3.5478448818897639
11
5.2180751181102361
21
-3.5478448818897639
0
LINE
8
BLACK
6
CONTINUOUS
10
5.2180751181102361
20
-3.5478448818897639
11
5.2191395275590553
21
-3.5482857874015745
0
LINE
8
BLACK
6
CONTINUOUS
10
5.3356016929133858
20
-3.4956401574803149
11
5.335890984251968
21
-3.4956401574803149
0
LINE
8
BLACK
6
CONTINUOUS
10
5.335890984251968
20
-3.4956401574803149
11
5.3361610629921259
21
-3.4957520078740156
0
LINE
8
BLACK
6
CONTINUOUS
10
5.3361610629921259
20
-3.4957520078740156
11
5.3364477165354334
21
-3.49580937007874
0
LINE
8
BLACK
6
CONTINUOUS
10
5.3364477165354334
20
-3.49580937007874
11
5.3366880708661419
21
-3.4959703149606298
0
LINE
8
BLACK
6
CONTINUOUS
10
5.3366880708661419
20
-3.4959703149606298
11
5.3369553937007872
21
-3.496081062992126
0
LINE
8
BLACK
6
CONTINUOUS
10
5.3369553937007872
20
-3.496081062992126
11
5.3371620866141729
21
-3.4962877559055117
0
LINE
8
BLACK
6
CONTINUOUS
10
5.3371620866141729
20
-3.4962877559055117
11
5.3374049999999995
21
-3.4964504330708661
0
LINE
8
BLACK
6
CONTINUOUS
10
5.3374049999999995
20
-3.4964504330708661
11
5.3375738582677164
21
-3.4966995275590551
0
LINE
8
BLACK
6
CONTINUOUS
10
5.3375738582677164
20
-3.4966995275590551
11
5.3377700393700787
21
-3.4968957086614174
0
LINE
8
BLACK
6
CONTINUOUS
10
5.3377700393700787
20
-3.4968957086614174
11
5.3378692913385821
21
-3.4971353543307084
0
LINE
8
BLACK
6
CONTINUOUS
10
5.3378692913385821
20
-3.4971353543307084
11
5.3414879527559052
21
-3.5024734251968503
0
LINE
8
BLACK
6
CONTINUOUS
10
5.3414879527559052
20
-3.5024734251968503
11
5.3446490157480318
21
-3.5055740551181103
0
LINE
8
BLACK
6
CONTINUOUS
10
5.3446490157480318
20
-3.5055740551181103
11
5.347884015748031
21
-3.5071437401574803
0
LINE
8
BLACK
6
CONTINUOUS
10
5.347884015748031
20
-3.5071437401574803
11
5.3483738976377948
21
-3.507452086614173
0
LINE
8
BLACK
6
CONTINUOUS
10
5.3483738976377948
20
-3.507452086614173
11
5.3491287401574805
21
-3.5083224803149604
0
LINE
8
BLACK
6
CONTINUOUS
10
5.3491287401574805
20
-3.5083224803149604
11
5.3494930708661412
21
-3.509415433070866
0
LINE
8
BLACK
6
CONTINUOUS
10
5.3494930708661412
20
-3.509415433070866
11
5.3494114173228349
21
-3.5105646456692914
0
LINE
8
BLACK
6
CONTINUOUS
10
5.3494114173228349
20
-3.5105646456692914
11
5.3488961417322836
21
-3.5115951574803148
0
LINE
8
BLACK
6
CONTINUOUS
10
5.3488961417322836
20
-3.5115951574803148
11
5.3480257874015749
21
-3.5123500000000001
0
LINE
8
BLACK
6
CONTINUOUS
10
5.3480257874015749
20
-3.5123500000000001
11
5.3469327952755901
21
-3.5127143307086612
0
LINE
8
BLACK
6
CONTINUOUS
10
5.3469327952755901
20
-3.5127143307086612
11
5.3457835826771651
21
-3.5126326771653544
0
LINE
8
BLACK
6
CONTINUOUS
10
5.3457835826771651
20
-3.5126326771653544
11
5.3414934645669288
21
-3.510551023622047
0
LINE
8
BLACK
6
CONTINUOUS
10
5.3414934645669288
20
-3.510551023622047
11
5.3412456299212598
21
-3.5103949999999999
0
LINE
8
BLACK
6
CONTINUOUS
10
5.3412456299212598
20
-3.5103949999999999
11
5.3411735039370081
21
-3.5103651574803147
0
LINE
8
BLACK
6
CONTINUOUS
10
5.3411735039370081
20
-3.5103651574803147
11
5.3411292913385822
21
-3.5103218110236218
0
LINE
8
BLACK
6
CONTINUOUS
10
5.3411292913385822
20
-3.5103218110236218
11
5.3410035826771649
21
-3.5102426771653543
0
LINE
8
BLACK
6
CONTINUOUS
10
5.3410035826771649
20
-3.5102426771653543
11
5.3407468897637793
21
-3.5099466929133856
0
LINE
8
BLACK
6
CONTINUOUS
10
5.3407468897637793
20
-3.5099466929133856
11
5.3382244488188979
21
-3.5074724409448819
0
LINE
8
BLACK
6
CONTINUOUS
10
5.3382244488188979
20
-3.5074724409448819
11
5.3382635039370081
21
-3.5349738976377951
0
LINE
8
BLACK
6
CONTINUOUS
10
5.3382635039370081
20
-3.5349738976377951
11
5.3465635039370074
21
-3.5349535039370079
0
LINE
8
BLACK
6
CONTINUOUS
10
5.3465635039370074
20
-3.5349535039370079
11
5.3471395669291342
21
-3.5350102362204723
0
LINE
8
BLACK
6
CONTINUOUS
10
5.3471395669291342
20
-3.5350102362204723
11
5.3482039763779525
21
-3.5354511417322834
0
LINE
8
BLACK
6
CONTINUOUS
10
5.3482039763779525
20
-3.5354511417322834
11
5.349018622047244
21
-3.5362657874015748
0
LINE
8
BLACK
6
CONTINUOUS
10
5.349018622047244
20
-3.5362657874015748
11
5.3494595275590546
21
-3.5373301968503936
0
LINE
8
BLACK
6
CONTINUOUS
10
5.3494595275590546
20
-3.5373301968503936
11
5.3494595275590546
21
-3.5384823228346458
0
LINE
8
BLACK
6
CONTINUOUS
10
5.3494595275590546
20
-3.5384823228346458
11
5.349018622047244
21
-3.5395467322834646
0
LINE
8
BLACK
6
CONTINUOUS
10
5.349018622047244
20
-3.5395467322834646
11
5.3482039763779525
21
-3.5403613779527556
0
LINE
8
BLACK
6
CONTINUOUS
10
5.3482039763779525
20
-3.5403613779527556
11
5.3471395669291342
21
-3.5408022834645667
0
LINE
8
BLACK
6
CONTINUOUS
10
5.3471395669291342
20
-3.5408022834645667
11
5.3256912992125987
21
-3.5408550000000001
0
LINE
8
BLACK
6
CONTINUOUS
10
5.3256912992125987
20
-3.5408550000000001
11
5.3256912992125987
21
-3.5415603149606301
0
LINE
8
BLACK
6
CONTINUOUS
10
5.3256912992125987
20
-3.5415603149606301
11
5.3252503937007871
21
-3.5426247244094489
0
LINE
8
BLACK
6
CONTINUOUS
10
5.3252503937007871
20
-3.5426247244094489
11
5.3244357480314957
21
-3.5434393700787399
0
LINE
8
BLACK
6
CONTINUOUS
10
5.3244357480314957
20
-3.5434393700787399
11
5.3233713385826773
21
-3.543880275590551
0
LINE
8
BLACK
6
CONTINUOUS
10
5.3233713385826773
20
-3.543880275590551
11
5.0559544488188974
21
-3.5439266141732282
0
LINE
8
BLACK
6
CONTINUOUS
10
5.0559544488188974
20
-3.5439266141732282
11
5.0563255118110231
21
-3.5440803149606297
0
LINE
8
BLACK
6
CONTINUOUS
10
5.0563255118110231
20
-3.5440803149606297
11
5.0571401574803145
21
-3.5448949606299212
0
LINE
8
BLACK
6
CONTINUOUS
10
5.0571401574803145
20
-3.5448949606299212
11
5.0575810629921261
21
-3.54595937007874
0
LINE
8
BLACK
6
CONTINUOUS
10
5.0575810629921261
20
-3.54595937007874
11
5.0575810629921261
21
-3.5471114960629921
0
LINE
8
BLACK
6
CONTINUOUS
10
5.0575810629921261
20
-3.5471114960629921
11
5.0571401574803145
21
-3.5481759055118109
0
LINE
8
BLACK
6
CONTINUOUS
10
5.0571401574803145
20
-3.5481759055118109
11
5.0563255118110231
21
-3.5489905511811024
0
LINE
8
BLACK
6
CONTINUOUS
10
5.0563255118110231
20
-3.5489905511811024
11
5.0552611023622047
21
-3.5494314566929135
0
LINE
8
BLACK
6
CONTINUOUS
10
5.0552611023622047
20
-3.5494314566929135
11
5.0153149606299214
21
-3.5494881889763779
0
LINE
8
BLACK
6
CONTINUOUS
10
5.0153149606299214
20
-3.5494881889763779
11
5.0147388976377956
21
-3.5494314566929135
0
LINE
8
BLACK
6
CONTINUOUS
10
5.0147388976377956
20
-3.5494314566929135
11
5.0136744881889763
21
-3.5489905511811024
0
LINE
8
BLACK
6
CONTINUOUS
10
5.0136744881889763
20
-3.5489905511811024
11
5.0128598425196849
21
-3.5481759055118109
0
LINE
8
BLACK
6
CONTINUOUS
10
5.0128598425196849
20
-3.5481759055118109
11
5.0124189370078742
21
-3.5471114960629921
0
LINE
8
BLACK
6
CONTINUOUS
10
5.0124189370078742
20
-3.5471114960629921
11
5.0124189370078742
21
-3.54595937007874
0
LINE
8
BLACK
6
CONTINUOUS
10
5.0124189370078742
20
-3.54595937007874
11
5.0128598425196849
21
-3.5448949606299212
0
LINE
8
BLACK
6
CONTINUOUS
10
5.0128598425196849
20
-3.5448949606299212
11
5.0136744881889763
21
-3.5440803149606297
0
LINE
8
BLACK
6
CONTINUOUS
10
5.0136744881889763
20
-3.5440803149606297
11
5.0140279527559057
21
-3.5439338582677165
0
LINE
8
BLACK
6
CONTINUOUS
10
5.0140279527559057
20
-3.5439338582677165
11
4.996023622047244
21
-3.5439370078740158
0
LINE
8
BLACK
6
CONTINUOUS
10
4.996023622047244
20
-3.5439370078740158
11
4.9954475590551182
21
-3.543880275590551
0
LINE
8
BLACK
6
CONTINUOUS
10
4.9954475590551182
20
-3.543880275590551
11
4.9943831496062989
21
-3.5434393700787399
0
LINE
8
BLACK
6
CONTINUOUS
10
4.9943831496062989
20
-3.5434393700787399
11
4.9935685039370075
21
-3.5426247244094489
0
LINE
8
BLACK
6
CONTINUOUS
10
4.9935685039370075
20
-3.5426247244094489
11
4.9931275984251968
21
-3.5415603149606301
0
LINE
8
BLACK
6
CONTINUOUS
10
4.9931275984251968
20
-3.5415603149606301
11
4.9931275984251968
21
-3.5404081889763779
0
LINE
8
BLACK
6
CONTINUOUS
10
4.9931275984251968
20
-3.5404081889763779
11
4.9935685039370075
21
-3.5393437795275591
0
LINE
8
BLACK
6
CONTINUOUS
10
4.9935685039370075
20
-3.5393437795275591
11
4.9943831496062989
21
-3.5385291338582676
0
LINE
8
BLACK
6
CONTINUOUS
10
4.9943831496062989
20
-3.5385291338582676
11
4.9954475590551182
21
-3.5380882283464565
0
LINE
8
BLACK
6
CONTINUOUS
10
4.9954475590551182
20
-3.5380882283464565
11
5.3211703149606295
21
-3.5380317716535434
0
LINE
8
BLACK
6
CONTINUOUS
10
5.3211703149606295
20
-3.5380317716535434
11
5.3211703149606295
21
-3.5373301968503936
0
LINE
8
BLACK
6
CONTINUOUS
10
5.3211703149606295
20
-3.5373301968503936
11
5.3216112204724411
21
-3.5362657874015748
0
LINE
8
BLACK
6
CONTINUOUS
10
5.3216112204724411
20
-3.5362657874015748
11
5.3224258661417325
21
-3.5354511417322834
0
LINE
8
BLACK
6
CONTINUOUS
10
5.3224258661417325
20
-3.5354511417322834
11
5.3234902755905509
21
-3.5350102362204723
0
LINE
8
BLACK
6
CONTINUOUS
10
5.3234902755905509
20
-3.5350102362204723
11
5.3324138976377951
21
-3.5349882677165354
0
LINE
8
BLACK
6
CONTINUOUS
10
5.3324138976377951
20
-3.5349882677165354
11
5.3323621653543309
21
-3.4985361811023621
0
LINE
8
BLACK
6
CONTINUOUS
10
5.3323621653543309
20
-3.4985361811023621
11
5.3323623622047247
21
-3.4985340944881891
0
LINE
8
BLACK
6
CONTINUOUS
10
5.3323623622047247
20
-3.4985340944881891
11
5.3323621653543309
21
-3.4985330708661415
0
LINE
8
BLACK
6
CONTINUOUS
10
5.3323621653543309
20
-3.4985330708661415
11
5.3323627559055113
21
-3.4985300393700784
0
LINE
8
BLACK
6
CONTINUOUS
10
5.3323627559055113
20
-3.4985300393700784
11
5.3324188976377949
21
-3.4979601181102362
0
LINE
8
BLACK
6
CONTINUOUS
10
5.3324188976377949
20
-3.4979601181102362
11
5.3325307480314956
21
-3.49769
0
LINE
8
BLACK
6
CONTINUOUS
10
5.3325307480314956
20
-3.49769
11
5.3325881102362205
21
-3.4974033858267717
0
LINE
8
BLACK
6
CONTINUOUS
10
5.3325881102362205
20
-3.4974033858267717
11
5.3327490551181098
21
-3.4971629921259844
0
LINE
8
BLACK
6
CONTINUOUS
10
5.3327490551181098
20
-3.4971629921259844
11
5.3328598031496064
21
-3.4968957086614174
0
LINE
8
BLACK
6
CONTINUOUS
10
5.3328598031496064
20
-3.4968957086614174
11
5.3330664960629921
21
-3.4966889763779525
0
LINE
8
BLACK
6
CONTINUOUS
10
5.3330664960629921
20
-3.4966889763779525
11
5.3332291732283466
21
-3.4964461023622047
0
LINE
8
BLACK
6
CONTINUOUS
10
5.3332291732283466
20
-3.4964461023622047
11
5.3334698818897639
21
-3.4962855905511812
0
LINE
8
BLACK
6
CONTINUOUS
10
5.3334698818897639
20
-3.4962855905511812
11
5.3336744488188979
21
-3.496081062992126
0
LINE
8
BLACK
6
CONTINUOUS
10
5.3336744488188979
20
-3.496081062992126
11
5.3339445275590549
21
-3.4959691732283464
0
LINE
8
BLACK
6
CONTINUOUS
10
5.3339445275590549
20
-3.4959691732283464
11
5.3341877952755903
21
-3.4958070078740158
0
LINE
8
BLACK
6
CONTINUOUS
10
5.3341877952755903
20
-3.4958070078740158
11
5.3344715748031497
21
-3.4957508661417322
0
LINE
8
BLACK
6
CONTINUOUS
10
5.3344715748031497
20
-3.4957508661417322
11
5.3347388582677162
21
-3.4956401574803149
0
LINE
8
BLACK
6
CONTINUOUS
10
5.3347388582677162
20
-3.4956401574803149
11
5.3350312598425198
21
-3.4956401574803149
0
LINE
8
BLACK
6
CONTINUOUS
10
5.3350312598425198
20
-3.4956401574803149
11
5.3353180314960627
21
-3.4955834251968505
0
LINE
8
BLACK
6
CONTINUOUS
10
5.3353180314960627
20
-3.4955834251968505
11
5.3356016929133858
21
-3.4956401574803149
0
LINE
8
BLACK
6
CONTINUOUS
10
4.9352217322834644
20
-3.3724583070866143
11
4.9362861417322836
21
-3.372899212598425
0
LINE
8
BLACK
6
CONTINUOUS
10
4.9362861417322836
20
-3.372899212598425
11
4.9371007874015751
21
-3.3737138582677164
0
LINE
8
BLACK
6
CONTINUOUS
10
4.9371007874015751
20
-3.3737138582677164
11
4.9375416929133857
21
-3.3747782677165352
0
LINE
8
BLACK
6
CONTINUOUS
10
4.9375416929133857
20
-3.3747782677165352
11
4.9375984251968505
21
-3.5446456692913384
0
LINE
8
BLACK
6
CONTINUOUS
10
4.9375984251968505
20
-3.5446456692913384
11
4.9375416929133857
21
-3.5452217322834643
0
LINE
8
BLACK
6
CONTINUOUS
10
4.9375416929133857
20
-3.5452217322834643
11
4.9371007874015751
21
-3.5462861417322835
0
LINE
8
BLACK
6
CONTINUOUS
10
4.9371007874015751
20
-3.5462861417322835
11
4.9362861417322836
21
-3.5471007874015745
0
LINE
8
BLACK
6
CONTINUOUS
10
4.9362861417322836
20
-3.5471007874015745
11
4.9352217322834644
21
-3.5475416929133856
0
LINE
8
BLACK
6
CONTINUOUS
10
4.9352217322834644
20
-3.5475416929133856
11
4.7653543307086617
21
-3.5475984251968504
0
LINE
8
BLACK
6
CONTINUOUS
10
4.7653543307086617
20
-3.5475984251968504
11
4.7647782677165349
21
-3.5475416929133856
0
LINE
8
BLACK
6
CONTINUOUS
10
4.7647782677165349
20
-3.5475416929133856
11
4.7637138582677165
21
-3.5471007874015745
0
LINE
8
BLACK
6
CONTINUOUS
10
4.7637138582677165
20
-3.5471007874015745
11
4.7628992125984251
21
-3.5462861417322835
0
LINE
8
BLACK
6
CONTINUOUS
10
4.7628992125984251
20
-3.5462861417322835
11
4.7624583070866144
21
-3.5452217322834643
0
LINE
8
BLACK
6
CONTINUOUS
10
4.7624583070866144
20
-3.5452217322834643
11
4.7624015748031496
21
-3.3753543307086615
0
LINE
8
BLACK
6
CONTINUOUS
10
4.7624015748031496
20
-3.3753543307086615
11
4.7624583070866144
21
-3.3747782677165352
0
LINE
8
BLACK
6
CONTINUOUS
10
4.7624583070866144
20
-3.3747782677165352
11
4.7628992125984251
21
-3.3737138582677164
0
LINE
8
BLACK
6
CONTINUOUS
10
4.7628992125984251
20
-3.3737138582677164
11
4.7637138582677165
21
-3.372899212598425
0
LINE
8
BLACK
6
CONTINUOUS
10
4.7637138582677165
20
-3.372899212598425
11
4.7647782677165349
21
-3.3724583070866143
0
LINE
8
BLACK
6
CONTINUOUS
10
4.7647782677165349
20
-3.3724583070866143
11
4.9346456692913385
21
-3.3724015748031495
0
LINE
8
BLACK
6
CONTINUOUS
10
4.9346456692913385
20
-3.3724015748031495
11
4.9352217322834644
21
-3.3724583070866143
0
LINE
8
BLACK
6
CONTINUOUS
10
4.7682514960629918
20
-3.3783061023622047
11
4.7683061023622049
21
-3.541748464566929
0
LINE
8
BLACK
6
CONTINUOUS
10
4.7683061023622049
20
-3.541748464566929
11
4.9317484645669287
21
-3.5416938582677164
0
LINE
8
BLACK
6
CONTINUOUS
10
4.9317484645669287
20
-3.5416938582677164
11
4.9316938582677166
21
-3.3782514960629921
0
LINE
8
BLACK
6
CONTINUOUS
10
4.9316938582677166
20
-3.3782514960629921
11
4.7682514960629918
21
-3.3783061023622047
0
LINE
8
BLACK
6
CONTINUOUS
10
5.384634881889764
20
-3.4956401574803149
11
5.3856992913385824
21
-3.496081062992126
0
LINE
8
BLACK
6
CONTINUOUS
10
5.3856992913385824
20
-3.496081062992126
11
5.3865139370078738
21
-3.4968957086614174
0
LINE
8
BLACK
6
CONTINUOUS
10
5.3865139370078738
20
-3.4968957086614174
11
5.3869548425196845
21
-3.4979601181102362
0
LINE
8
BLACK
6
CONTINUOUS
10
5.3869548425196845
20
-3.4979601181102362
11
5.3870115748031493
21
-3.5379062598425195
0
LINE
8
BLACK
6
CONTINUOUS
10
5.3870115748031493
20
-3.5379062598425195
11
5.3869548425196845
21
-3.5384823228346458
0
LINE
8
BLACK
6
CONTINUOUS
10
5.3869548425196845
20
-3.5384823228346458
11
5.3865139370078738
21
-3.5395467322834646
0
LINE
8
BLACK
6
CONTINUOUS
10
5.3865139370078738
20
-3.5395467322834646
11
5.3856992913385824
21
-3.5403613779527556
0
LINE
8
BLACK
6
CONTINUOUS
10
5.3856992913385824
20
-3.5403613779527556
11
5.384634881889764
21
-3.5408022834645667
0
LINE
8
BLACK
6
CONTINUOUS
10
5.384634881889764
20
-3.5408022834645667
11
5.3746849999999995
21
-3.5408590157480315
0
LINE
8
BLACK
6
CONTINUOUS
10
5.3746849999999995
20
-3.5408590157480315
11
5.3743933858267718
21
-3.540830275590551
0
LINE
8
BLACK
6
CONTINUOUS
10
5.3743933858267718
20
-3.540830275590551
11
5.3743156692913381
21
-3.5408358267716533
0
LINE
8
BLACK
6
CONTINUOUS
10
5.3743156692913381
20
-3.5408358267716533
11
5.3742570866141728
21
-3.5408168503937008
0
LINE
8
BLACK
6
CONTINUOUS
10
5.3742570866141728
20
-3.5408168503937008
11
5.3741089370078736
21
-3.5408022834645667
0
LINE
8
BLACK
6
CONTINUOUS
10
5.3741089370078736
20
-3.5408022834645667
11
5.3737403937007873
21
-3.5406496062992123
0
LINE
8
BLACK
6
CONTINUOUS
10
5.3737403937007873
20
-3.5406496062992123
11
5.3681269685039368
21
-3.538832716535433
0
LINE
8
BLACK
6
CONTINUOUS
10
5.3681269685039368
20
-3.538832716535433
11
5.3675983858267715
21
-3.5385967322834646
0
LINE
8
BLACK
6
CONTINUOUS
10
5.3675983858267715
20
-3.5385967322834646
11
5.3675182677165356
21
-3.5385272440944879
0
LINE
8
BLACK
6
CONTINUOUS
10
5.3675182677165356
20
-3.5385272440944879
11
5.3674202362204726
21
-3.5384866535433068
0
LINE
8
BLACK
6
CONTINUOUS
10
5.3674202362204726
20
-3.5384866535433068
11
5.3670289763779531
21
-3.5381028740157481
0
LINE
8
BLACK
6
CONTINUOUS
10
5.3670289763779531
20
-3.5381028740157481
11
5.3667280314960628
21
-3.5378418503937006
0
LINE
8
BLACK
6
CONTINUOUS
10
5.3667280314960628
20
-3.5378418503937006
11
5.3666944881889762
21
-3.5377747637795274
0
LINE
8
BLACK
6
CONTINUOUS
10
5.3666944881889762
20
-3.5377747637795274
11
5.3632232677165357
21
-3.534369842519685
0
LINE
8
BLACK
6
CONTINUOUS
10
5.3632232677165357
20
-3.534369842519685
11
5.3630374803149605
21
-3.5341434645669292
0
LINE
8
BLACK
6
CONTINUOUS
10
5.3630374803149605
20
-3.5341434645669292
11
5.3629785039370077
21
-3.5340923228346455
0
LINE
8
BLACK
6
CONTINUOUS
10
5.3629785039370077
20
-3.5340923228346455
11
5.3629498425196847
21
-3.5340366929133857
0
LINE
8
BLACK
6
CONTINUOUS
10
5.3629498425196847
20
-3.5340366929133857
11
5.3628560236220473
21
-3.5339223622047244
0
LINE
8
BLACK
6
CONTINUOUS
10
5.3628560236220473
20
-3.5339223622047244
11
5.3627123228346454
21
-3.5335754330708662
0
LINE
8
BLACK
6
CONTINUOUS
10
5.3627123228346454
20
-3.5335754330708662
11
5.3607953937007871
21
-3.5298529133858265
0
LINE
8
BLACK
6
CONTINUOUS
10
5.3607953937007871
20
-3.5298529133858265
11
5.3607792519685038
21
-3.5298107874015745
0
LINE
8
BLACK
6
CONTINUOUS
10
5.3607792519685038
20
-3.5298107874015745
11
5.3607665748031499
21
-3.5297936614173229
0
LINE
8
BLACK
6
CONTINUOUS
10
5.3607665748031499
20
-3.5297936614173229
11
5.3607539370078738
21
-3.5297446456692914
0
LINE
8
BLACK
6
CONTINUOUS
10
5.3607539370078738
20
-3.5297446456692914
11
5.3605885039370076
21
-3.5293122834645669
0
LINE
8
BLACK
6
CONTINUOUS
10
5.3605885039370076
20
-3.5293122834645669
11
5.3605677952755908
21
-3.5290210629921259
0
LINE
8
BLACK
6
CONTINUOUS
10
5.3605677952755908
20
-3.5290210629921259
11
5.3586970472440942
21
-3.5217494881889762
0
LINE
8
BLACK
6
CONTINUOUS
10
5.3586970472440942
20
-3.5217494881889762
11
5.3586822440944877
21
-3.5216496062992126
0
LINE
8
BLACK
6
CONTINUOUS
10
5.3586822440944877
20
-3.5216496062992126
11
5.3586656299212594
21
-3.5216094094488186
0
LINE
8
BLACK
6
CONTINUOUS
10
5.3586656299212594
20
-3.5216094094488186
11
5.3586649212598427
21
-3.5215321653543308
0
LINE
8
BLACK
6
CONTINUOUS
10
5.3586649212598427
20
-3.5215321653543308
11
5.3586124015748027
21
-3.5211768897637796
0
LINE
8
BLACK
6
CONTINUOUS
10
5.3586124015748027
20
-3.5211768897637796
11
5.3586587795275591
21
-3.5208649212598426
0
LINE
8
BLACK
6
CONTINUOUS
10
5.3586587795275591
20
-3.5208649212598426
11
5.3586088976377955
21
-3.5154090551181101
0
LINE
8
BLACK
6
CONTINUOUS
10
5.3586088976377955
20
-3.5154090551181101
11
5.3586187795275588
21
-3.5153085039370078
0
LINE
8
BLACK
6
CONTINUOUS
10
5.3586187795275588
20
-3.5153085039370078
11
5.3586124015748027
21
-3.5152655118110236
0
LINE
8
BLACK
6
CONTINUOUS
10
5.3586124015748027
20
-3.5152655118110236
11
5.3586302755905511
21
-3.5151918110236218
0
LINE
8
BLACK
6
CONTINUOUS
10
5.3586302755905511
20
-3.5151918110236218
11
5.3586656299212594
21
-3.5148329921259842
0
LINE
8
BLACK
6
CONTINUOUS
10
5.3586656299212594
20
-3.5148329921259842
11
5.3587906692913387
21
-3.514531062992126
0
LINE
8
BLACK
6
CONTINUOUS
10
5.3587906692913387
20
-3.514531062992126
11
5.3605718110236218
21
-3.5071938582677165
0
LINE
8
BLACK
6
CONTINUOUS
10
5.3605718110236218
20
-3.5071938582677165
11
5.3605869685039371
21
-3.5071513385826769
0
LINE
8
BLACK
6
CONTINUOUS
10
5.3605869685039371
20
-3.5071513385826769
11
5.3605885039370076
21
-3.5071301181102363
0
LINE
8
BLACK
6
CONTINUOUS
10
5.3605885039370076
20
-3.5071301181102363
11
5.3606115354330708
21
-3.5070825590551182
0
LINE
8
BLACK
6
CONTINUOUS
10
5.3606115354330708
20
-3.5070825590551182
11
5.3607665748031499
21
-3.5066487401574804
0
LINE
8
BLACK
6
CONTINUOUS
10
5.3607665748031499
20
-3.5066487401574804
11
5.3609273622047242
21
-3.5064317322834646
0
LINE
8
BLACK
6
CONTINUOUS
10
5.3609273622047242
20
-3.5064317322834646
11
5.3626701574803146
21
-3.5028399606299212
0
LINE
8
BLACK
6
CONTINUOUS
10
5.3626701574803146
20
-3.5028399606299212
11
5.3628262204724404
21
-3.5025919291338581
0
LINE
8
BLACK
6
CONTINUOUS
10
5.3628262204724404
20
-3.5025919291338581
11
5.362856062992126
21
-3.5025200000000001
0
LINE
8
BLACK
6
CONTINUOUS
10
5.362856062992126
20
-3.5025200000000001
11
5.3628992519685035
21
-3.5024759055118109
0
LINE
8
BLACK
6
CONTINUOUS
10
5.3628992519685035
20
-3.5024759055118109
11
5.3629785039370077
21
-3.5023500787401574
0
LINE
8
BLACK
6
CONTINUOUS
10
5.3629785039370077
20
-3.5023500787401574
11
5.3632746850393698
21
-3.502093188976378
0
LINE
8
BLACK
6
CONTINUOUS
10
5.3632746850393698
20
-3.502093188976378
11
5.3669727952755908
21
-3.4983230314960627
0
LINE
8
BLACK
6
CONTINUOUS
10
5.3669727952755908
20
-3.4983230314960627
11
5.3674202362204726
21
-3.4979557874015748
0
LINE
8
BLACK
6
CONTINUOUS
10
5.3674202362204726
20
-3.4979557874015748
11
5.3675182677165356
21
-3.4979151574803149
0
LINE
8
BLACK
6
CONTINUOUS
10
5.3675182677165356
20
-3.4979151574803149
11
5.3675983858267715
21
-3.4978457086614174
0
LINE
8
BLACK
6
CONTINUOUS
10
5.3675983858267715
20
-3.4978457086614174
11
5.3681087007874018
21
-3.4976706299212599
0
LINE
8
BLACK
6
CONTINUOUS
10
5.3681087007874018
20
-3.4976706299212599
11
5.3684846850393697
21
-3.4975149212598424
0
LINE
8
BLACK
6
CONTINUOUS
10
5.3684846850393697
20
-3.4975149212598424
11
5.3685626377952751
21
-3.4975149212598424
0
LINE
8
BLACK
6
CONTINUOUS
10
5.3685626377952751
20
-3.4975149212598424
11
5.3737512204724407
21
-3.4957349606299211
0
LINE
8
BLACK
6
CONTINUOUS
10
5.3737512204724407
20
-3.4957349606299211
11
5.3740368503937006
21
-3.4956700000000001
0
LINE
8
BLACK
6
CONTINUOUS
10
5.3740368503937006
20
-3.4956700000000001
11
5.3741089370078736
21
-3.4956401574803149
0
LINE
8
BLACK
6
CONTINUOUS
10
5.3741089370078736
20
-3.4956401574803149
11
5.3741696456692916
21
-3.4956398031496061
0
LINE
8
BLACK
6
CONTINUOUS
10
5.3741696456692916
20
-3.4956398031496061
11
5.3743156692913381
21
-3.4956066141732283
0
LINE
8
BLACK
6
CONTINUOUS
10
5.3743156692913381
20
-3.4956066141732283
11
5.374737125984252
21
-3.4956365748031497
0
LINE
8
BLACK
6
CONTINUOUS
10
5.374737125984252
20
-3.4956365748031497
11
5.3840588188976373
21
-3.4955834251968505
0
LINE
8
BLACK
6
CONTINUOUS
10
5.3840588188976373
20
-3.4955834251968505
11
5.384634881889764
21
-3.4956401574803149
0
LINE
8
BLACK
6
CONTINUOUS
10
5.3750232677165357
20
-3.5014870078740157
11
5.3705714566929137
21
-3.5030142125984249
0
LINE
8
BLACK
6
CONTINUOUS
10
5.3705714566929137
20
-3.5030142125984249
11
5.3676470866141734
21
-3.5059955118110238
0
LINE
8
BLACK
6
CONTINUOUS
10
5.3676470866141734
20
-3.5059955118110238
11
5.3661224803149601
21
-3.5091376377952757
0
LINE
8
BLACK
6
CONTINUOUS
10
5.3661224803149601
20
-3.5091376377952757
11
5.3644679133858268
21
-3.5159535039370078
0
LINE
8
BLACK
6
CONTINUOUS
10
5.3644679133858268
20
-3.5159535039370078
11
5.3645128740157482
21
-3.5208657874015747
0
LINE
8
BLACK
6
CONTINUOUS
10
5.3645128740157482
20
-3.5208657874015747
11
5.3662694881889763
21
-3.5276937401574804
0
LINE
8
BLACK
6
CONTINUOUS
10
5.3662694881889763
20
-3.5276937401574804
11
5.3677927952755908
21
-3.5306518897637793
0
LINE
8
BLACK
6
CONTINUOUS
10
5.3677927952755908
20
-3.5306518897637793
11
5.3707143700787396
21
-3.5335176377952755
0
LINE
8
BLACK
6
CONTINUOUS
10
5.3707143700787396
20
-3.5335176377952755
11
5.3753047637795275
21
-3.5350033858267715
0
LINE
8
BLACK
6
CONTINUOUS
10
5.3753047637795275
20
-3.5350033858267715
11
5.3811577952755902
21
-3.5349700393700787
0
LINE
8
BLACK
6
CONTINUOUS
10
5.3811577952755902
20
-3.5349700393700787
11
5.3811101968503934
21
-3.5014522834645669
0
LINE
8
BLACK
6
CONTINUOUS
10
5.3811101968503934
20
-3.5014522834645669
11
5.3750232677165357
21
-3.5014870078740157
0
LINE
8
BLACK
6
CONTINUOUS
10
5.6005646456692908
20
-3.4905885433070867
11
5.6015951574803147
21
-3.4911038188976375
0
LINE
8
BLACK
6
CONTINUOUS
10
5.6015951574803147
20
-3.4911038188976375
11
5.6023499999999995
21
-3.4919741732283462
0
LINE
8
BLACK
6
CONTINUOUS
10
5.6023499999999995
20
-3.4919741732283462
11
5.6027143307086611
21
-3.4930671653543306
0
LINE
8
BLACK
6
CONTINUOUS
10
5.6027143307086611
20
-3.4930671653543306
11
5.6026326771653538
21
-3.494216377952756
0
LINE
8
BLACK
6
CONTINUOUS
10
5.6026326771653538
20
-3.494216377952756
11
5.6005510236220468
21
-3.4985064960629919
0
LINE
8
BLACK
6
CONTINUOUS
10
5.6005510236220468
20
-3.4985064960629919
11
5.6003949999999998
21
-3.4987542913385825
0
LINE
8
BLACK
6
CONTINUOUS
10
5.6003949999999998
20
-3.4987542913385825
11
5.600365157480315
21
-3.4988264566929135
0
LINE
8
BLACK
6
CONTINUOUS
10
5.600365157480315
20
-3.4988264566929135
11
5.6003218110236217
21
-3.4988706299212597
0
LINE
8
BLACK
6
CONTINUOUS
10
5.6003218110236217
20
-3.4988706299212597
11
5.6002426771653546
21
-3.4989963779527558
0
LINE
8
BLACK
6
CONTINUOUS
10
5.6002426771653546
20
-3.4989963779527558
11
5.5999466929133854
21
-3.499253031496063
0
LINE
8
BLACK
6
CONTINUOUS
10
5.5999466929133854
20
-3.499253031496063
11
5.5974724409448822
21
-3.5017754724409449
0
LINE
8
BLACK
6
CONTINUOUS
10
5.5974724409448822
20
-3.5017754724409449
11
5.624973897637795
21
-3.5017364173228347
0
LINE
8
BLACK
6
CONTINUOUS
10
5.624973897637795
20
-3.5017364173228347
11
5.6249535039370073
21
-3.4934364566929133
0
LINE
8
BLACK
6
CONTINUOUS
10
5.6249535039370073
20
-3.4934364566929133
11
5.6250102362204721
21
-3.4928603937007874
0
LINE
8
BLACK
6
CONTINUOUS
10
5.6250102362204721
20
-3.4928603937007874
11
5.6254511417322837
21
-3.4917959842519686
0
LINE
8
BLACK
6
CONTINUOUS
10
5.6254511417322837
20
-3.4917959842519686
11
5.6262657874015742
21
-3.4909813385826771
0
LINE
8
BLACK
6
CONTINUOUS
10
5.6262657874015742
20
-3.4909813385826771
11
5.6273301968503935
21
-3.490540433070866
0
LINE
8
BLACK
6
CONTINUOUS
10
5.6273301968503935
20
-3.490540433070866
11
5.6284823228346452
21
-3.490540433070866
0
LINE
8
BLACK
6
CONTINUOUS
10
5.6284823228346452
20
-3.490540433070866
11
5.6295467322834645
21
-3.4909813385826771
0
LINE
8
BLACK
6
CONTINUOUS
10
5.6295467322834645
20
-3.4909813385826771
11
5.6303613779527559
21
-3.4917959842519686
0
LINE
8
BLACK
6
CONTINUOUS
10
5.6303613779527559
20
-3.4917959842519686
11
5.6308022834645666
21
-3.4928603937007874
0
LINE
8
BLACK
6
CONTINUOUS
10
5.6308022834645666
20
-3.4928603937007874
11
5.6308590157480314
21
-3.5159336220472439
0
LINE
8
BLACK
6
CONTINUOUS
10
5.6308590157480314
20
-3.5159336220472439
11
5.6308022834645666
21
-3.5165096850393698
0
LINE
8
BLACK
6
CONTINUOUS
10
5.6308022834645666
20
-3.5165096850393698
11
5.6303613779527559
21
-3.517574094488189
0
LINE
8
BLACK
6
CONTINUOUS
10
5.6303613779527559
20
-3.517574094488189
11
5.6295467322834645
21
-3.51838874015748
0
LINE
8
BLACK
6
CONTINUOUS
10
5.6295467322834645
20
-3.51838874015748
11
5.6284823228346452
21
-3.5188296456692911
0
LINE
8
BLACK
6
CONTINUOUS
10
5.6284823228346452
20
-3.5188296456692911
11
5.6273301968503935
21
-3.5188296456692911
0
LINE
8
BLACK
6
CONTINUOUS
10
5.6273301968503935
20
-3.5188296456692911
11
5.6262657874015742
21
-3.51838874015748
0
LINE
8
BLACK
6
CONTINUOUS
10
5.6262657874015742
20
-3.51838874015748
11
5.6254511417322837
21
-3.517574094488189
0
LINE
8
BLACK
6
CONTINUOUS
10
5.6254511417322837
20
-3.517574094488189
11
5.6250102362204721
21
-3.5165096850393698
0
LINE
8
BLACK
6
CONTINUOUS
10
5.6250102362204721
20
-3.5165096850393698
11
5.6249882677165353
21
-3.5075860236220473
0
LINE
8
BLACK
6
CONTINUOUS
10
5.6249882677165353
20
-3.5075860236220473
11
5.5885361811023619
21
-3.5076377952755906
0
LINE
8
BLACK
6
CONTINUOUS
10
5.5885361811023619
20
-3.5076377952755906
11
5.5885340944881889
21
-3.5076375590551181
0
LINE
8
BLACK
6
CONTINUOUS
10
5.5885340944881889
20
-3.5076375590551181
11
5.5885330708661414
21
-3.5076377952755906
0
LINE
8
BLACK
6
CONTINUOUS
10
5.5885330708661414
20
-3.5076377952755906
11
5.5885300393700783
21
-3.5076371653543306
0
LINE
8
BLACK
6
CONTINUOUS
10
5.5885300393700783
20
-3.5076371653543306
11
5.5879601181102361
21
-3.5075810629921258
0
LINE
8
BLACK
6
CONTINUOUS
10
5.5879601181102361
20
-3.5075810629921258
11
5.5876900000000003
21
-3.5074691732283463
0
LINE
8
BLACK
6
CONTINUOUS
10
5.5876900000000003
20
-3.5074691732283463
11
5.5874033858267715
21
-3.5074118503937006
0
LINE
8
BLACK
6
CONTINUOUS
10
5.5874033858267715
20
-3.5074118503937006
11
5.5871629921259842
21
-3.5072508661417321
0
LINE
8
BLACK
6
CONTINUOUS
10
5.5871629921259842
20
-3.5072508661417321
11
5.5868957086614168
21
-3.5071401574803147
0
LINE
8
BLACK
6
CONTINUOUS
10
5.5868957086614168
20
-3.5071401574803147
11
5.5866889763779524
21
-3.5069334251968503
0
LINE
8
BLACK
6
CONTINUOUS
10
5.5866889763779524
20
-3.5069334251968503
11
5.5864461023622045
21
-3.5067707874015746
0
LINE
8
BLACK
6
CONTINUOUS
10
5.5864461023622045
20
-3.5067707874015746
11
5.5862855905511806
21
-3.5065300393700785
0
LINE
8
BLACK
6
CONTINUOUS
10
5.5862855905511806
20
-3.5065300393700785
11
5.5860810629921263
21
-3.5063255118110237
0
LINE
8
BLACK
6
CONTINUOUS
10
5.5860810629921263
20
-3.5063255118110237
11
5.5859691732283467
21
-3.5060553937007874
0
LINE
8
BLACK
6
CONTINUOUS
10
5.5859691732283467
20
-3.5060553937007874
11
5.5858070078740152
21
-3.5058121653543308
0
LINE
8
BLACK
6
CONTINUOUS
10
5.5858070078740152
20
-3.5058121653543308
11
5.5857508661417326
21
-3.5055283464566926
0
LINE
8
BLACK
6
CONTINUOUS
10
5.5857508661417326
20
-3.5055283464566926
11
5.5856401574803147
21
-3.5052611023622045
0
LINE
8
BLACK
6
CONTINUOUS
10
5.5856401574803147
20
-3.5052611023622045
11
5.5856401574803147
21
-3.5049687007874013
0
LINE
8
BLACK
6
CONTINUOUS
10
5.5856401574803147
20
-3.5049687007874013
11
5.5855834251968499
21
-3.504681929133858
0
LINE
8
BLACK
6
CONTINUOUS
10
5.5855834251968499
20
-3.504681929133858
11
5.5856401574803147
21
-3.5043982677165353
0
LINE
8
BLACK
6
CONTINUOUS
10
5.5856401574803147
20
-3.5043982677165353
11
5.5856401574803147
21
-3.5041089763779527
0
LINE
8
BLACK
6
CONTINUOUS
10
5.5856401574803147
20
-3.5041089763779527
11
5.5857520078740155
21
-3.5038388582677165
0
LINE
8
BLACK
6
CONTINUOUS
10
5.5857520078740155
20
-3.5038388582677165
11
5.5858093700787403
21
-3.5035522440944882
0
LINE
8
BLACK
6
CONTINUOUS
10
5.5858093700787403
20
-3.5035522440944882
11
5.5859703149606297
21
-3.5033118503937009
0
LINE
8
BLACK
6
CONTINUOUS
10
5.5859703149606297
20
-3.5033118503937009
11
5.5860810629921263
21
-3.5030445669291339
0
LINE
8
BLACK
6
CONTINUOUS
10
5.5860810629921263
20
-3.5030445669291339
11
5.586287755905512
21
-3.502837834645669
0
LINE
8
BLACK
6
CONTINUOUS
10
5.586287755905512
20
-3.502837834645669
11
5.5864504330708664
21
-3.5025949606299212
0
LINE
8
BLACK
6
CONTINUOUS
10
5.5864504330708664
20
-3.5025949606299212
11
5.5866995275590554
21
-3.502426062992126
0
LINE
8
BLACK
6
CONTINUOUS
10
5.5866995275590554
20
-3.502426062992126
11
5.5868957086614168
21
-3.5022299212598424
0
LINE
8
BLACK
6
CONTINUOUS
10
5.5868957086614168
20
-3.5022299212598424
11
5.5871353543307087
21
-3.5021306299212598
0
LINE
8
BLACK
6
CONTINUOUS
10
5.5871353543307087
20
-3.5021306299212598
11
5.5924734251968502
21
-3.4985119685039368
0
LINE
8
BLACK
6
CONTINUOUS
10
5.5924734251968502
20
-3.4985119685039368
11
5.5955740551181101
21
-3.495350905511811
0
LINE
8
BLACK
6
CONTINUOUS
10
5.5955740551181101
20
-3.495350905511811
11
5.5971437401574802
21
-3.4921159448818897
0
LINE
8
BLACK
6
CONTINUOUS
10
5.5971437401574802
20
-3.4921159448818897
11
5.5974520866141733
21
-3.4916260629921259
0
LINE
8
BLACK
6
CONTINUOUS
10
5.5974520866141733
20
-3.4916260629921259
11
5.5983224803149607
21
-3.490871220472441
0
LINE
8
BLACK
6
CONTINUOUS
10
5.5983224803149607
20
-3.490871220472441
11
5.5994154330708659
21
-3.4905068897637794
0
LINE
8
BLACK
6
CONTINUOUS
10
5.5994154330708659
20
-3.4905068897637794
11
5.6005646456692908
21
-3.4905885433070867
0
LINE
8
BLACK
6
CONTINUOUS
10
4.7255646456692908
20
-3.4618390157480312
11
4.7265951574803147
21
-3.4623542913385825
0
LINE
8
BLACK
6
CONTINUOUS
10
4.7265951574803147
20
-3.4623542913385825
11
4.7273499999999995
21
-3.4632246456692912
0
LINE
8
BLACK
6
CONTINUOUS
10
4.7273499999999995
20
-3.4632246456692912
11
4.7277143307086611
21
-3.4643176377952756
0
LINE
8
BLACK
6
CONTINUOUS
10
4.7277143307086611
20
-3.4643176377952756
11
4.7276326771653538
21
-3.4654668503937005
0
LINE
8
BLACK
6
CONTINUOUS
10
4.7276326771653538
20
-3.4654668503937005
11
4.7255510236220468
21
-3.4697569685039369
0
LINE
8
BLACK
6
CONTINUOUS
10
4.7255510236220468
20
-3.4697569685039369
11
4.7253949999999998
21
-3.4700047637795275
0
LINE
8
BLACK
6
CONTINUOUS
10
4.7253949999999998
20
-3.4700047637795275
11
4.725365157480315
21
-3.470076929133858
0
LINE
8
BLACK
6
CONTINUOUS
10
4.725365157480315
20
-3.470076929133858
11
4.7253218110236217
21
-3.4701211023622047
0
LINE
8
BLACK
6
CONTINUOUS
10
4.7253218110236217
20
-3.4701211023622047
11
4.7252426771653546
21
-3.4702468503937007
0
LINE
8
BLACK
6
CONTINUOUS
10
4.7252426771653546
20
-3.4702468503937007
11
4.7249466929133854
21
-3.470503503937008
0
LINE
8
BLACK
6
CONTINUOUS
10
4.7249466929133854
20
-3.470503503937008
11
4.7224724409448822
21
-3.4730259448818899
0
LINE
8
BLACK
6
CONTINUOUS
10
4.7224724409448822
20
-3.4730259448818899
11
4.749973897637795
21
-3.4729868897637792
0
LINE
8
BLACK
6
CONTINUOUS
10
4.749973897637795
20
-3.4729868897637792
11
4.7499535039370073
21
-3.4646869291338582
0
LINE
8
BLACK
6
CONTINUOUS
10
4.7499535039370073
20
-3.4646869291338582
11
4.7500102362204721
21
-3.4641108661417324
0
LINE
8
BLACK
6
CONTINUOUS
10
4.7500102362204721
20
-3.4641108661417324
11
4.7504511417322837
21
-3.4630464566929131
0
LINE
8
BLACK
6
CONTINUOUS
10
4.7504511417322837
20
-3.4630464566929131
11
4.7512657874015751
21
-3.4622318110236221
0
LINE
8
BLACK
6
CONTINUOUS
10
4.7512657874015751
20
-3.4622318110236221
11
4.7523301968503935
21
-3.461790905511811
0
LINE
8
BLACK
6
CONTINUOUS
10
4.7523301968503935
20
-3.461790905511811
11
4.7534823228346452
21
-3.461790905511811
0
LINE
8
BLACK
6
CONTINUOUS
10
4.7534823228346452
20
-3.461790905511811
11
4.7545467322834645
21
-3.4622318110236221
0
LINE
8
BLACK
6
CONTINUOUS
10
4.7545467322834645
20
-3.4622318110236221
11
4.7553613779527559
21
-3.4630464566929131
0
LINE
8
BLACK
6
CONTINUOUS
10
4.7553613779527559
20
-3.4630464566929131
11
4.7558022834645666
21
-3.4641108661417324
0
LINE
8
BLACK
6
CONTINUOUS
10
4.7558022834645666
20
-3.4641108661417324
11
4.7558590157480314
21
-3.4871840944881889
0
LINE
8
BLACK
6
CONTINUOUS
10
4.7558590157480314
20
-3.4871840944881889
11
4.7558022834645666
21
-3.4877601574803148
0
LINE
8
BLACK
6
CONTINUOUS
10
4.7558022834645666
20
-3.4877601574803148
11
4.7553613779527559
21
-3.4888245669291336
0
LINE
8
BLACK
6
CONTINUOUS
10
4.7553613779527559
20
-3.4888245669291336
11
4.7545467322834645
21
-3.489639212598425
0
LINE
8
BLACK
6
CONTINUOUS
10
4.7545467322834645
20
-3.489639212598425
11
4.7534823228346452
21
-3.4900801181102361
0
LINE
8
BLACK
6
CONTINUOUS
10
4.7534823228346452
20
-3.4900801181102361
11
4.7523301968503935
21
-3.4900801181102361
0
LINE
8
BLACK
6
CONTINUOUS
10
4.7523301968503935
20
-3.4900801181102361
11
4.7512657874015751
21
-3.489639212598425
0
LINE
8
BLACK
6
CONTINUOUS
10
4.7512657874015751
20
-3.489639212598425
11
4.7504511417322837
21
-3.4888245669291336
0
LINE
8
BLACK
6
CONTINUOUS
10
4.7504511417322837
20
-3.4888245669291336
11
4.7500102362204721
21
-3.4877601574803148
0
LINE
8
BLACK
6
CONTINUOUS
10
4.7500102362204721
20
-3.4877601574803148
11
4.7499882677165353
21
-3.4788364960629918
0
LINE
8
BLACK
6
CONTINUOUS
10
4.7499882677165353
20
-3.4788364960629918
11
4.7135361811023619
21
-3.4788882677165351
0
LINE
8
BLACK
6
CONTINUOUS
10
4.7135361811023619
20
-3.4788882677165351
11
4.7135340944881889
21
-3.4788880314960631
0
LINE
8
BLACK
6
CONTINUOUS
10
4.7135340944881889
20
-3.4788880314960631
11
4.7135330708661414
21
-3.4788882677165351
0
LINE
8
BLACK
6
CONTINUOUS
10
4.7135330708661414
20
-3.4788882677165351
11
4.7135300393700783
21
-3.4788876377952755
0
LINE
8
BLACK
6
CONTINUOUS
10
4.7135300393700783
20
-3.4788876377952755
11
4.7129601181102361
21
-3.4788315354330708
0
LINE
8
BLACK
6
CONTINUOUS
10
4.7129601181102361
20
-3.4788315354330708
11
4.7126900000000003
21
-3.4787196456692913
0
LINE
8
BLACK
6
CONTINUOUS
10
4.7126900000000003
20
-3.4787196456692913
11
4.7124033858267715
21
-3.4786623228346456
0
LINE
8
BLACK
6
CONTINUOUS
10
4.7124033858267715
20
-3.4786623228346456
11
4.7121629921259842
21
-3.4785013385826771
0
LINE
8
BLACK
6
CONTINUOUS
10
4.7121629921259842
20
-3.4785013385826771
11
4.7118957086614168
21
-3.4783906299212597
0
LINE
8
BLACK
6
CONTINUOUS
10
4.7118957086614168
20
-3.4783906299212597
11
4.7116889763779524
21
-3.4781838976377952
0
LINE
8
BLACK
6
CONTINUOUS
10
4.7116889763779524
20
-3.4781838976377952
11
4.7114461023622045
21
-3.4780212598425195
0
LINE
8
BLACK
6
CONTINUOUS
10
4.7114461023622045
20
-3.4780212598425195
11
4.7112855905511806
21
-3.4777805118110234
0
LINE
8
BLACK
6
CONTINUOUS
10
4.7112855905511806
20
-3.4777805118110234
11
4.7110810629921263
21
-3.4775759842519682
0
LINE
8
BLACK
6
CONTINUOUS
10
4.7110810629921263
20
-3.4775759842519682
11
4.7109691732283467
21
-3.477305866141732
0
LINE
8
BLACK
6
CONTINUOUS
10
4.7109691732283467
20
-3.477305866141732
11
4.7108070078740161
21
-3.4770626377952754
0
LINE
8
BLACK
6
CONTINUOUS
10
4.7108070078740161
20
-3.4770626377952754
11
4.7107508661417326
21
-3.4767788188976376
0
LINE
8
BLACK
6
CONTINUOUS
10
4.7107508661417326
20
-3.4767788188976376
11
4.7106401574803147
21
-3.4765115748031494
0
LINE
8
BLACK
6
CONTINUOUS
10
4.7106401574803147
20
-3.4765115748031494
11
4.7106401574803147
21
-3.4762191732283463
0
LINE
8
BLACK
6
CONTINUOUS
10
4.7106401574803147
20
-3.4762191732283463
11
4.7105834251968499
21
-3.475932401574803
0
LINE
8
BLACK
6
CONTINUOUS
10
4.7105834251968499
20
-3.475932401574803
11
4.7106401574803147
21
-3.4756487401574803
0
LINE
8
BLACK
6
CONTINUOUS
10
4.7106401574803147
20
-3.4756487401574803
11
4.7106401574803147
21
-3.4753594488188977
0
LINE
8
BLACK
6
CONTINUOUS
10
4.7106401574803147
20
-3.4753594488188977
11
4.7107520078740155
21
-3.4750893307086614
0
LINE
8
BLACK
6
CONTINUOUS
10
4.7107520078740155
20
-3.4750893307086614
11
4.7108093700787403
21
-3.4748027165354332
0
LINE
8
BLACK
6
CONTINUOUS
10
4.7108093700787403
20
-3.4748027165354332
11
4.7109703149606297
21
-3.4745623228346454
0
LINE
8
BLACK
6
CONTINUOUS
10
4.7109703149606297
20
-3.4745623228346454
11
4.7110810629921263
21
-3.4742950393700784
0
LINE
8
BLACK
6
CONTINUOUS
10
4.7110810629921263
20
-3.4742950393700784
11
4.711287755905512
21
-3.474088307086614
0
LINE
8
BLACK
6
CONTINUOUS
10
4.711287755905512
20
-3.474088307086614
11
4.7114504330708664
21
-3.4738454330708661
0
LINE
8
BLACK
6
CONTINUOUS
10
4.7114504330708664
20
-3.4738454330708661
11
4.7116995275590554
21
-3.473676535433071
0
LINE
8
BLACK
6
CONTINUOUS
10
4.7116995275590554
20
-3.473676535433071
11
4.7118957086614168
21
-3.4734803937007874
0
LINE
8
BLACK
6
CONTINUOUS
10
4.7118957086614168
20
-3.4734803937007874
11
4.7121353543307087
21
-3.4733811023622048
0
LINE
8
BLACK
6
CONTINUOUS
10
4.7121353543307087
20
-3.4733811023622048
11
4.7174734251968502
21
-3.4697624409448817
0
LINE
8
BLACK
6
CONTINUOUS
10
4.7174734251968502
20
-3.4697624409448817
11
4.7205740551181101
21
-3.466601377952756
0
LINE
8
BLACK
6
CONTINUOUS
10
4.7205740551181101
20
-3.466601377952756
11
4.7221437401574802
21
-3.4633664173228347
0
LINE
8
BLACK
6
CONTINUOUS
10
4.7221437401574802
20
-3.4633664173228347
11
4.7224520866141733
21
-3.4628765354330708
0
LINE
8
BLACK
6
CONTINUOUS
10
4.7224520866141733
20
-3.4628765354330708
11
4.7233224803149607
21
-3.4621216929133856
0
LINE
8
BLACK
6
CONTINUOUS
10
4.7233224803149607
20
-3.4621216929133856
11
4.7244154330708659
21
-3.4617573622047244
0
LINE
8
BLACK
6
CONTINUOUS
10
4.7244154330708659
20
-3.4617573622047244
11
4.7255646456692908
21
-3.4618390157480312
0
LINE
8
BLACK
6
CONTINUOUS
10
5.6111338582677162
20
-3.4511235039370076
11
5.6111768897637795
21
-3.4511171259842519
0
LINE
8
BLACK
6
CONTINUOUS
10
5.6111768897637795
20
-3.4511171259842519
11
5.6112505511811026
21
-3.4511349999999998
0
LINE
8
BLACK
6
CONTINUOUS
10
5.6112505511811026
20
-3.4511349999999998
11
5.6116094094488185
21
-3.4511703543307086
0
LINE
8
BLACK
6
CONTINUOUS
10
5.6116094094488185
20
-3.4511703543307086
11
5.6119112992125979
21
-3.4512953937007875
0
LINE
8
BLACK
6
CONTINUOUS
10
5.6119112992125979
20
-3.4512953937007875
11
5.6192485433070862
21
-3.4530765354330706
0
LINE
8
BLACK
6
CONTINUOUS
10
5.6192485433070862
20
-3.4530765354330706
11
5.619291023622047
21
-3.4530916929133859
0
LINE
8
BLACK
6
CONTINUOUS
10
5.619291023622047
20
-3.4530916929133859
11
5.6193122834645672
21
-3.4530932283464568
0
LINE
8
BLACK
6
CONTINUOUS
10
5.6193122834645672
20
-3.4530932283464568
11
5.6193598031496066
21
-3.4531162598425196
0
LINE
8
BLACK
6
CONTINUOUS
10
5.6193598031496066
20
-3.4531162598425196
11
5.6197936614173223
21
-3.4532712992125982
0
LINE
8
BLACK
6
CONTINUOUS
10
5.6197936614173223
20
-3.4532712992125982
11
5.6200106299212598
21
-3.453432086614173
0
LINE
8
BLACK
6
CONTINUOUS
10
5.6200106299212598
20
-3.453432086614173
11
5.6236024409448815
21
-3.4551748818897638
0
LINE
8
BLACK
6
CONTINUOUS
10
5.6236024409448815
20
-3.4551748818897638
11
5.62385031496063
21
-3.4553309055118109
0
LINE
8
BLACK
6
CONTINUOUS
10
5.62385031496063
20
-3.4553309055118109
11
5.6239223622047243
21
-3.4553607480314961
0
LINE
8
BLACK
6
CONTINUOUS
10
5.6239223622047243
20
-3.4553607480314961
11
5.6239664566929131
21
-3.4554039763779527
0
LINE
8
BLACK
6
CONTINUOUS
10
5.6239664566929131
20
-3.4554039763779527
11
5.6240923228346453
21
-3.4554832283464565
0
LINE
8
BLACK
6
CONTINUOUS
10
5.6240923228346453
20
-3.4554832283464565
11
5.6243491338582672
21
-3.4557793700787403
0
LINE
8
BLACK
6
CONTINUOUS
10
5.6243491338582672
20
-3.4557793700787403
11
5.6281194094488187
21
-3.4594775196850391
0
LINE
8
BLACK
6
CONTINUOUS
10
5.6281194094488187
20
-3.4594775196850391
11
5.6284866535433071
21
-3.4599249606299214
0
LINE
8
BLACK
6
CONTINUOUS
10
5.6284866535433071
20
-3.4599249606299214
11
5.6285272440944878
21
-3.460022992125984
0
LINE
8
BLACK
6
CONTINUOUS
10
5.6285272440944878
20
-3.460022992125984
11
5.628596732283464
21
-3.4601031102362203
0
LINE
8
BLACK
6
CONTINUOUS
10
5.628596732283464
20
-3.4601031102362203
11
5.6287717322834645
21
-3.4606132677165355
0
LINE
8
BLACK
6
CONTINUOUS
10
5.6287717322834645
20
-3.4606132677165355
11
5.628927519685039
21
-3.4609893700787402
0
LINE
8
BLACK
6
CONTINUOUS
10
5.628927519685039
20
-3.4609893700787402
11
5.628927519685039
21
-3.4610673228346456
0
LINE
8
BLACK
6
CONTINUOUS
10
5.628927519685039
20
-3.4610673228346456
11
5.6307074803149604
21
-3.4662559448818895
0
LINE
8
BLACK
6
CONTINUOUS
10
5.6307074803149604
20
-3.4662559448818895
11
5.6307724015748031
21
-3.4665415748031494
0
LINE
8
BLACK
6
CONTINUOUS
10
5.6307724015748031
20
-3.4665415748031494
11
5.6308022834645666
21
-3.4666136614173229
0
LINE
8
BLACK
6
CONTINUOUS
10
5.6308022834645666
20
-3.4666136614173229
11
5.6308030708661416
21
-3.4666764960629921
0
LINE
8
BLACK
6
CONTINUOUS
10
5.6308030708661416
20
-3.4666764960629921
11
5.6308358267716532
21
-3.4668203937007873
0
LINE
8
BLACK
6
CONTINUOUS
10
5.6308358267716532
20
-3.4668203937007873
11
5.6308097637795278
21
-3.4671865354330706
0
LINE
8
BLACK
6
CONTINUOUS
10
5.6308097637795278
20
-3.4671865354330706
11
5.6308590157480314
21
-3.4709392519685038
0
LINE
8
BLACK
6
CONTINUOUS
10
5.6308590157480314
20
-3.4709392519685038
11
5.6308302755905508
21
-3.4712308267716536
0
LINE
8
BLACK
6
CONTINUOUS
10
5.6308302755905508
20
-3.4712308267716536
11
5.6308358267716532
21
-3.4713085826771652
0
LINE
8
BLACK
6
CONTINUOUS
10
5.6308358267716532
20
-3.4713085826771652
11
5.6308168503937006
21
-3.4713671259842518
0
LINE
8
BLACK
6
CONTINUOUS
10
5.6308168503937006
20
-3.4713671259842518
11
5.6308022834645666
21
-3.4715153149606297
0
LINE
8
BLACK
6
CONTINUOUS
10
5.6308022834645666
20
-3.4715153149606297
11
5.6306496062992126
21
-3.4718838188976378
0
LINE
8
BLACK
6
CONTINUOUS
10
5.6306496062992126
20
-3.4718838188976378
11
5.6288327165354328
21
-3.477497283464567
0
LINE
8
BLACK
6
CONTINUOUS
10
5.6288327165354328
20
-3.477497283464567
11
5.628596732283464
21
-3.4780258661417323
0
LINE
8
BLACK
6
CONTINUOUS
10
5.628596732283464
20
-3.4780258661417323
11
5.6285271653543303
21
-3.4781060236220473
0
LINE
8
BLACK
6
CONTINUOUS
10
5.6285271653543303
20
-3.4781060236220473
11
5.6284866141732284
21
-3.4782040157480316
0
LINE
8
BLACK
6
CONTINUOUS
10
5.6284866141732284
20
-3.4782040157480316
11
5.628049842519685
21
-3.4786563779527557
0
LINE
8
BLACK
6
CONTINUOUS
10
5.628049842519685
20
-3.4786563779527557
11
5.6278418503937004
21
-3.478896220472441
0
LINE
8
BLACK
6
CONTINUOUS
10
5.6278418503937004
20
-3.478896220472441
11
5.6277963385826775
21
-3.4789189370078741
0
LINE
8
BLACK
6
CONTINUOUS
10
5.6277963385826775
20
-3.4789189370078741
11
5.6262445669291337
21
-3.4805262598425197
0
LINE
8
BLACK
6
CONTINUOUS
10
5.6262445669291337
20
-3.4805262598425197
11
5.6257971259842519
21
-3.4808934645669289
0
LINE
8
BLACK
6
CONTINUOUS
10
5.6257971259842519
20
-3.4808934645669289
11
5.6247327165354326
21
-3.4813343307086613
0
LINE
8
BLACK
6
CONTINUOUS
10
5.6247327165354326
20
-3.4813343307086613
11
5.6235806299212596
21
-3.4813343307086613
0
LINE
8
BLACK
6
CONTINUOUS
10
5.6235806299212596
20
-3.4813343307086613
11
5.6225162204724404
21
-3.4808934251968502
0
LINE
8
BLACK
6
CONTINUOUS
10
5.6225162204724404
20
-3.4808934251968502
11
5.6217015354330711
21
-3.4800787401574804
0
LINE
8
BLACK
6
CONTINUOUS
10
5.6217015354330711
20
-3.4800787401574804
11
5.6212606692913383
21
-3.4790143307086612
0
LINE
8
BLACK
6
CONTINUOUS
10
5.6212606692913383
20
-3.4790143307086612
11
5.6212606692913383
21
-3.4778622440944882
0
LINE
8
BLACK
6
CONTINUOUS
10
5.6212606692913383
20
-3.4778622440944882
11
5.6217015748031498
21
-3.4767978346456694
0
LINE
8
BLACK
6
CONTINUOUS
10
5.6217015748031498
20
-3.4767978346456694
11
5.623514251968504
21
-3.4749202755905513
0
LINE
8
BLACK
6
CONTINUOUS
10
5.623514251968504
20
-3.4749202755905513
11
5.6249948818897639
21
-3.4703457874015746
0
LINE
8
BLACK
6
CONTINUOUS
10
5.6249948818897639
20
-3.4703457874015746
11
5.624958031496063
21
-3.4675355905511811
0
LINE
8
BLACK
6
CONTINUOUS
10
5.624958031496063
20
-3.4675355905511811
11
5.6234281889763782
21
-3.4630761417322833
0
LINE
8
BLACK
6
CONTINUOUS
10
5.6234281889763782
20
-3.4630761417322833
11
5.6204468503937006
21
-3.4601518503937005
0
LINE
8
BLACK
6
CONTINUOUS
10
5.6204468503937006
20
-3.4601518503937005
11
5.6173047244094487
21
-3.4586272047244093
0
LINE
8
BLACK
6
CONTINUOUS
10
5.6173047244094487
20
-3.4586272047244093
11
5.6104888582677166
21
-3.4569726377952756
0
LINE
8
BLACK
6
CONTINUOUS
10
5.6104888582677166
20
-3.4569726377952756
11
5.6055765748031492
21
-3.457017598425197
0
LINE
8
BLACK
6
CONTINUOUS
10
5.6055765748031492
20
-3.457017598425197
11
5.5987486220472436
21
-3.4587742125984251
0
LINE
8
BLACK
6
CONTINUOUS
10
5.5987486220472436
20
-3.4587742125984251
11
5.5957905511811026
21
-3.4602974803149604
0
LINE
8
BLACK
6
CONTINUOUS
10
5.5957905511811026
20
-3.4602974803149604
11
5.5929248031496064
21
-3.4632190944881889
0
LINE
8
BLACK
6
CONTINUOUS
10
5.5929248031496064
20
-3.4632190944881889
11
5.5914475196850395
21
-3.4677831496062992
0
LINE
8
BLACK
6
CONTINUOUS
10
5.5914475196850395
20
-3.4677831496062992
11
5.5914843700787404
21
-3.470593307086614
0
LINE
8
BLACK
6
CONTINUOUS
10
5.5914843700787404
20
-3.470593307086614
11
5.5930066141732286
21
-3.4750306299212599
0
LINE
8
BLACK
6
CONTINUOUS
10
5.5930066141732286
20
-3.4750306299212599
11
5.594373622047244
21
-3.4763503937007871
0
LINE
8
BLACK
6
CONTINUOUS
10
5.594373622047244
20
-3.4763503937007871
11
5.5947408267716536
21
-3.4767978346456694
0
LINE
8
BLACK
6
CONTINUOUS
10
5.5947408267716536
20
-3.4767978346456694
11
5.5951817322834643
21
-3.4778622440944882
0
LINE
8
BLACK
6
CONTINUOUS
10
5.5951817322834643
20
-3.4778622440944882
11
5.5951817322834643
21
-3.4790143307086612
0
LINE
8
BLACK
6
CONTINUOUS
10
5.5951817322834643
20
-3.4790143307086612
11
5.5947408267716536
21
-3.4800787401574804
0
LINE
8
BLACK
6
CONTINUOUS
10
5.5947408267716536
20
-3.4800787401574804
11
5.5939261417322834
21
-3.4808934251968502
0
LINE
8
BLACK
6
CONTINUOUS
10
5.5939261417322834
20
-3.4808934251968502
11
5.5928617322834642
21
-3.4813343307086613
0
LINE
8
BLACK
6
CONTINUOUS
10
5.5928617322834642
20
-3.4813343307086613
11
5.5917096456692912
21
-3.4813343307086613
0
LINE
8
BLACK
6
CONTINUOUS
10
5.5917096456692912
20
-3.4813343307086613
11
5.5906452362204719
21
-3.4808934251968502
0
LINE
8
BLACK
6
CONTINUOUS
10
5.5906452362204719
20
-3.4808934251968502
11
5.5883230314960626
21
-3.4786514566929134
0
LINE
8
BLACK
6
CONTINUOUS
10
5.5883230314960626
20
-3.4786514566929134
11
5.5879558267716538
21
-3.4782040157480316
0
LINE
8
BLACK
6
CONTINUOUS
10
5.5879558267716538
20
-3.4782040157480316
11
5.5879151968503935
21
-3.4781059448818898
0
LINE
8
BLACK
6
CONTINUOUS
10
5.5879151968503935
20
-3.4781059448818898
11
5.5878457086614173
21
-3.4780258267716535
0
LINE
8
BLACK
6
CONTINUOUS
10
5.5878457086614173
20
-3.4780258267716535
11
5.5876706299212593
21
-3.4775155118110237
0
LINE
8
BLACK
6
CONTINUOUS
10
5.5876706299212593
20
-3.4775155118110237
11
5.5875149212598423
21
-3.4771395669291336
0
LINE
8
BLACK
6
CONTINUOUS
10
5.5875149212598423
20
-3.4771395669291336
11
5.5875149212598423
21
-3.4770615748031495
0
LINE
8
BLACK
6
CONTINUOUS
10
5.5875149212598423
20
-3.4770615748031495
11
5.5857349606299209
21
-3.4718729921259843
0
LINE
8
BLACK
6
CONTINUOUS
10
5.5857349606299209
20
-3.4718729921259843
11
5.5856699999999995
21
-3.4715874015748032
0
LINE
8
BLACK
6
CONTINUOUS
10
5.5856699999999995
20
-3.4715874015748032
11
5.5856401574803147
21
-3.4715153149606297
0
LINE
8
BLACK
6
CONTINUOUS
10
5.5856401574803147
20
-3.4715153149606297
11
5.5856393307086609
21
-3.4714524015748029
0
LINE
8
BLACK
6
CONTINUOUS
10
5.5856393307086609
20
-3.4714524015748029
11
5.5856066141732281
21
-3.4713085433070865
0
LINE
8
BLACK
6
CONTINUOUS
10
5.5856066141732281
20
-3.4713085433070865
11
5.5856326377952756
21
-3.4709423622047244
0
LINE
8
BLACK
6
CONTINUOUS
10
5.5856326377952756
20
-3.4709423622047244
11
5.5855834251968499
21
-3.4671897244094487
0
LINE
8
BLACK
6
CONTINUOUS
10
5.5855834251968499
20
-3.4671897244094487
11
5.5856121259842517
21
-3.4668981496062989
0
LINE
8
BLACK
6
CONTINUOUS
10
5.5856121259842517
20
-3.4668981496062989
11
5.5856066141732281
21
-3.4668204330708661
0
LINE
8
BLACK
6
CONTINUOUS
10
5.5856066141732281
20
-3.4668204330708661
11
5.5856255511811019
21
-3.4667618897637795
0
LINE
8
BLACK
6
CONTINUOUS
10
5.5856255511811019
20
-3.4667618897637795
11
5.5856401574803147
21
-3.4666136614173229
0
LINE
8
BLACK
6
CONTINUOUS
10
5.5856401574803147
20
-3.4666136614173229
11
5.5857928346456696
21
-3.4662449999999998
0
LINE
8
BLACK
6
CONTINUOUS
10
5.5857928346456696
20
-3.4662449999999998
11
5.5876097244094485
21
-3.4606316929133856
0
LINE
8
BLACK
6
CONTINUOUS
10
5.5876097244094485
20
-3.4606316929133856
11
5.5878457086614173
21
-3.4601031496062991
0
LINE
8
BLACK
6
CONTINUOUS
10
5.5878457086614173
20
-3.4601031496062991
11
5.5879151968503935
21
-3.460022992125984
0
LINE
8
BLACK
6
CONTINUOUS
10
5.5879151968503935
20
-3.460022992125984
11
5.5879558267716538
21
-3.4599249606299214
0
LINE
8
BLACK
6
CONTINUOUS
10
5.5879558267716538
20
-3.4599249606299214
11
5.5883396062992121
21
-3.4595336614173227
0
LINE
8
BLACK
6
CONTINUOUS
10
5.5883396062992121
20
-3.4595336614173227
11
5.5886005905511809
21
-3.4592327952755904
0
LINE
8
BLACK
6
CONTINUOUS
10
5.5886005905511809
20
-3.4592327952755904
11
5.5886676377952753
21
-3.4591992519685038
0
LINE
8
BLACK
6
CONTINUOUS
10
5.5886676377952753
20
-3.4591992519685038
11
5.5920725590551177
21
-3.455727992125984
0
LINE
8
BLACK
6
CONTINUOUS
10
5.5920725590551177
20
-3.455727992125984
11
5.5922989370078735
21
-3.4555421259842518
0
LINE
8
BLACK
6
CONTINUOUS
10
5.5922989370078735
20
-3.4555421259842518
11
5.5923500787401572
21
-3.4554832283464565
0
LINE
8
BLACK
6
CONTINUOUS
10
5.5923500787401572
20
-3.4554832283464565
11
5.5924055905511807
21
-3.4554546062992126
0
LINE
8
BLACK
6
CONTINUOUS
10
5.5924055905511807
20
-3.4554546062992126
11
5.5925199999999995
21
-3.4553607480314961
0
LINE
8
BLACK
6
CONTINUOUS
10
5.5925199999999995
20
-3.4553607480314961
11
5.592867047244094
21
-3.4552169685039371
0
LINE
8
BLACK
6
CONTINUOUS
10
5.592867047244094
20
-3.4552169685039371
11
5.5965894881889762
21
-3.4533001181102363
0
LINE
8
BLACK
6
CONTINUOUS
10
5.5965894881889762
20
-3.4533001181102363
11
5.5966315748031494
21
-3.4532839763779526
0
LINE
8
BLACK
6
CONTINUOUS
10
5.5966315748031494
20
-3.4532839763779526
11
5.5966487401574803
21
-3.4532712992125982
0
LINE
8
BLACK
6
CONTINUOUS
10
5.5966487401574803
20
-3.4532712992125982
11
5.5966976771653538
21
-3.4532587007874014
0
LINE
8
BLACK
6
CONTINUOUS
10
5.5966976771653538
20
-3.4532587007874014
11
5.5971300787401574
21
-3.4530932283464568
0
LINE
8
BLACK
6
CONTINUOUS
10
5.5971300787401574
20
-3.4530932283464568
11
5.5974212992125985
21
-3.4530725196850391
0
LINE
8
BLACK
6
CONTINUOUS
10
5.5974212992125985
20
-3.4530725196850391
11
5.6046929133858265
21
-3.451201771653543
0
LINE
8
BLACK
6
CONTINUOUS
10
5.6046929133858265
20
-3.451201771653543
11
5.6047927559055113
21
-3.4511869685039369
0
LINE
8
BLACK
6
CONTINUOUS
10
5.6047927559055113
20
-3.4511869685039369
11
5.6048329921259841
21
-3.4511703543307086
0
LINE
8
BLACK
6
CONTINUOUS
10
5.6048329921259841
20
-3.4511703543307086
11
5.6049101968503932
21
-3.4511696456692911
0
LINE
8
BLACK
6
CONTINUOUS
10
5.6049101968503932
20
-3.4511696456692911
11
5.6052655118110231
21
-3.4511171259842519
0
LINE
8
BLACK
6
CONTINUOUS
10
5.6052655118110231
20
-3.4511171259842519
11
5.6055774409448818
21
-3.4511635039370079
0
LINE
8
BLACK
6
CONTINUOUS
10
5.6055774409448818
20
-3.4511635039370079
11
5.6110333464566926
21
-3.4511136220472438
0
LINE
8
BLACK
6
CONTINUOUS
10
5.6110333464566926
20
-3.4511136220472438
11
5.6111338582677162
21
-3.4511235039370076
0
LINE
8
BLACK
6
CONTINUOUS
10
4.7534823228346452
20
-3.4317946456692914
11
4.7545467322834645
21
-3.4322355511811025
0
LINE
8
BLACK
6
CONTINUOUS
10
4.7545467322834645
20
-3.4322355511811025
11
4.7553613779527559
21
-3.4330501968503935
0
LINE
8
BLACK
6
CONTINUOUS
10
4.7553613779527559
20
-3.4330501968503935
11
4.7558022834645666
21
-3.4341146062992127
0
LINE
8
BLACK
6
CONTINUOUS
10
4.7558022834645666
20
-3.4341146062992127
11
4.7558590157480314
21
-3.4534383070866141
0
LINE
8
BLACK
6
CONTINUOUS
10
4.7558590157480314
20
-3.4534383070866141
11
4.7558022834645666
21
-3.45401437007874
0
LINE
8
BLACK
6
CONTINUOUS
10
4.7558022834645666
20
-3.45401437007874
11
4.7553613779527559
21
-3.4550787795275588
0
LINE
8
BLACK
6
CONTINUOUS
10
4.7553613779527559
20
-3.4550787795275588
11
4.7545467322834645
21
-3.4558934251968503
0
LINE
8
BLACK
6
CONTINUOUS
10
4.7545467322834645
20
-3.4558934251968503
11
4.7534823228346452
21
-3.4563343307086614
0
LINE
8
BLACK
6
CONTINUOUS
10
4.7534823228346452
20
-3.4563343307086614
11
4.7523301968503935
21
-3.4563343307086614
0
LINE
8
BLACK
6
CONTINUOUS
10
4.7523301968503935
20
-3.4563343307086614
11
4.7512657874015751
21
-3.4558934251968503
0
LINE
8
BLACK
6
CONTINUOUS
10
4.7512657874015751
20
-3.4558934251968503
11
4.7504511417322837
21
-3.4550787795275588
0
LINE
8
BLACK
6
CONTINUOUS
10
4.7504511417322837
20
-3.4550787795275588
11
4.7500102362204721
21
-3.45401437007874
0
LINE
8
BLACK
6
CONTINUOUS
10
4.7500102362204721
20
-3.45401437007874
11
4.7499620078740152
21
-3.4375916535433069
0
LINE
8
BLACK
6
CONTINUOUS
10
4.7499620078740152
20
-3.4375916535433069
11
4.7135361811023619
21
-3.4376434251968502
0
LINE
8
BLACK
6
CONTINUOUS
10
4.7135361811023619
20
-3.4376434251968502
11
4.7129601181102361
21
-3.4375866929133858
0
LINE
8
BLACK
6
CONTINUOUS
10
4.7129601181102361
20
-3.4375866929133858
11
4.7118957086614168
21
-3.4371457874015747
0
LINE
8
BLACK
6
CONTINUOUS
10
4.7118957086614168
20
-3.4371457874015747
11
4.7110810629921263
21
-3.4363311417322833
0
LINE
8
BLACK
6
CONTINUOUS
10
4.7110810629921263
20
-3.4363311417322833
11
4.7106401574803147
21
-3.4352667322834645
0
LINE
8
BLACK
6
CONTINUOUS
10
4.7106401574803147
20
-3.4352667322834645
11
4.7106401574803147
21
-3.4341146062992127
0
LINE
8
BLACK
6
CONTINUOUS
10
4.7106401574803147
20
-3.4341146062992127
11
4.7110810629921263
21
-3.4330501968503935
0
LINE
8
BLACK
6
CONTINUOUS
10
4.7110810629921263
20
-3.4330501968503935
11
4.7118957086614168
21
-3.4322355511811025
0
LINE
8
BLACK
6
CONTINUOUS
10
4.7118957086614168
20
-3.4322355511811025
11
4.7129601181102361
21
-3.4317946456692914
0
LINE
8
BLACK
6
CONTINUOUS
10
4.7129601181102361
20
-3.4317946456692914
11
4.7529062598425194
21
-3.4317379133858266
0
LINE
8
BLACK
6
CONTINUOUS
10
4.7529062598425194
20
-3.4317379133858266
11
4.7534823228346452
21
-3.4317946456692914
0
LINE
8
BLACK
6
CONTINUOUS
10
4.8899461417322829
20
-3.3074583070866139
11
4.8910105511811022
21
-3.307899212598425
0
LINE
8
BLACK
6
CONTINUOUS
10
4.8910105511811022
20
-3.307899212598425
11
4.8918251968503936
21
-3.3087138582677165
0
LINE
8
BLACK
6
CONTINUOUS
10
4.8918251968503936
20
-3.3087138582677165
11
4.8922661023622043
21
-3.3097782677165353
0
LINE
8
BLACK
6
CONTINUOUS
10
4.8922661023622043
20
-3.3097782677165353
11
4.8922661023622043
21
-3.3109303937007875
0
LINE
8
BLACK
6
CONTINUOUS
10
4.8922661023622043
20
-3.3109303937007875
11
4.8918251968503936
21
-3.3119948031496063
0
LINE
8
BLACK
6
CONTINUOUS
10
4.8918251968503936
20
-3.3119948031496063
11
4.8910105511811022
21
-3.3128094488188977
0
LINE
8
BLACK
6
CONTINUOUS
10
4.8910105511811022
20
-3.3128094488188977
11
4.8899461417322829
21
-3.3132503543307088
0
LINE
8
BLACK
6
CONTINUOUS
10
4.8899461417322829
20
-3.3132503543307088
11
4.8106299212598422
21
-3.3133070866141732
0
LINE
8
BLACK
6
CONTINUOUS
10
4.8106299212598422
20
-3.3133070866141732
11
4.8100538582677164
21
-3.3132503543307088
0
LINE
8
BLACK
6
CONTINUOUS
10
4.8100538582677164
20
-3.3132503543307088
11
4.8089894488188971
21
-3.3128094488188977
0
LINE
8
BLACK
6
CONTINUOUS
10
4.8089894488188971
20
-3.3128094488188977
11
4.8081748031496065
21
-3.3119948031496063
0
LINE
8
BLACK
6
CONTINUOUS
10
4.8081748031496065
20
-3.3119948031496063
11
4.807733897637795
21
-3.3109303937007875
0
LINE
8
BLACK
6
CONTINUOUS
10
4.807733897637795
20
-3.3109303937007875
11
4.807733897637795
21
-3.3097782677165353
0
LINE
8
BLACK
6
CONTINUOUS
10
4.807733897637795
20
-3.3097782677165353
11
4.8081748031496065
21
-3.3087138582677165
0
LINE
8
BLACK
6
CONTINUOUS
10
4.8081748031496065
20
-3.3087138582677165
11
4.8089894488188971
21
-3.307899212598425
0
LINE
8
BLACK
6
CONTINUOUS
10
4.8089894488188971
20
-3.307899212598425
11
4.8100538582677164
21
-3.3074583070866139
0
LINE
8
BLACK
6
CONTINUOUS
10
4.8100538582677164
20
-3.3074583070866139
11
4.8893700787401571
21
-3.3074015748031496
0
LINE
8
BLACK
6
CONTINUOUS
10
4.8893700787401571
20
-3.3074015748031496
11
4.8899461417322829
21
-3.3074583070866139
0
LINE
8
BLACK
6
CONTINUOUS
10
5.3233713385826773
20
-3.2861197244094487
11
5.3244357480314957
21
-3.2865606299212597
0
LINE
8
BLACK
6
CONTINUOUS
10
5.3244357480314957
20
-3.2865606299212597
11
5.3252503937007871
21
-3.2873752755905512
0
LINE
8
BLACK
6
CONTINUOUS
10
5.3252503937007871
20
-3.2873752755905512
11
5.3256912992125987
21
-3.28843968503937
0
LINE
8
BLACK
6
CONTINUOUS
10
5.3256912992125987
20
-3.28843968503937
11
5.3256912992125987
21
-3.2895918110236222
0
LINE
8
BLACK
6
CONTINUOUS
10
5.3256912992125987
20
-3.2895918110236222
11
5.3252503937007871
21
-3.290656220472441
0
LINE
8
BLACK
6
CONTINUOUS
10
5.3252503937007871
20
-3.290656220472441
11
5.3244357480314957
21
-3.291470866141732
0
LINE
8
BLACK
6
CONTINUOUS
10
5.3244357480314957
20
-3.291470866141732
11
5.3233713385826773
21
-3.2919117716535431
0
LINE
8
BLACK
6
CONTINUOUS
10
5.3233713385826773
20
-3.2919117716535431
11
4.996023622047244
21
-3.2919685039370079
0
LINE
8
BLACK
6
CONTINUOUS
10
4.996023622047244
20
-3.2919685039370079
11
4.9954475590551182
21
-3.2919117716535431
0
LINE
8
BLACK
6
CONTINUOUS
10
4.9954475590551182
20
-3.2919117716535431
11
4.9943831496062989
21
-3.291470866141732
0
LINE
8
BLACK
6
CONTINUOUS
10
4.9943831496062989
20
-3.291470866141732
11
4.9935685039370075
21
-3.290656220472441
0
LINE
8
BLACK
6
CONTINUOUS
10
4.9935685039370075
20
-3.290656220472441
11
4.9931275984251968
21
-3.2895918110236222
0
LINE
8
BLACK
6
CONTINUOUS
10
4.9931275984251968
20
-3.2895918110236222
11
4.9931275984251968
21
-3.28843968503937
0
LINE
8
BLACK
6
CONTINUOUS
10
4.9931275984251968
20
-3.28843968503937
11
4.9935685039370075
21
-3.2873752755905512
0
LINE
8
BLACK
6
CONTINUOUS
10
4.9935685039370075
20
-3.2873752755905512
11
4.9943831496062989
21
-3.2865606299212597
0
LINE
8
BLACK
6
CONTINUOUS
10
4.9943831496062989
20
-3.2865606299212597
11
4.9954475590551182
21
-3.2861197244094487
0
LINE
8
BLACK
6
CONTINUOUS
10
4.9954475590551182
20
-3.2861197244094487
11
5.3227952755905514
21
-3.2860629921259843
0
LINE
8
BLACK
6
CONTINUOUS
10
5.3227952755905514
20
-3.2860629921259843
11
5.3233713385826773
21
-3.2861197244094487
0
LINE
8
BLACK
6
CONTINUOUS
10
5.288686299212598
20
-3.2740331102362203
11
5.2897507086614173
21
-3.2744740157480314
0
LINE
8
BLACK
6
CONTINUOUS
10
5.2897507086614173
20
-3.2744740157480314
11
5.2905653543307087
21
-3.2752886614173229
0
LINE
8
BLACK
6
CONTINUOUS
10
5.2905653543307087
20
-3.2752886614173229
11
5.2910062598425194
21
-3.2763530708661417
0
LINE
8
BLACK
6
CONTINUOUS
10
5.2910062598425194
20
-3.2763530708661417
11
5.2910062598425194
21
-3.2775051968503934
0
LINE
8
BLACK
6
CONTINUOUS
10
5.2910062598425194
20
-3.2775051968503934
11
5.2905653543307087
21
-3.2785696062992127
0
LINE
8
BLACK
6
CONTINUOUS
10
5.2905653543307087
20
-3.2785696062992127
11
5.2897507086614173
21
-3.2793842519685037
0
LINE
8
BLACK
6
CONTINUOUS
10
5.2897507086614173
20
-3.2793842519685037
11
5.288686299212598
21
-3.2798251574803148
0
LINE
8
BLACK
6
CONTINUOUS
10
5.288686299212598
20
-3.2798251574803148
11
5.032204724409449
21
-3.2798818897637796
0
LINE
8
BLACK
6
CONTINUOUS
10
5.032204724409449
20
-3.2798818897637796
11
5.0316286614173231
21
-3.2798251574803148
0
LINE
8
BLACK
6
CONTINUOUS
10
5.0316286614173231
20
-3.2798251574803148
11
5.0305642519685039
21
-3.2793842519685037
0
LINE
8
BLACK
6
CONTINUOUS
10
5.0305642519685039
20
-3.2793842519685037
11
5.0297496062992124
21
-3.2785696062992127
0
LINE
8
BLACK
6
CONTINUOUS
10
5.0297496062992124
20
-3.2785696062992127
11
5.0293087007874018
21
-3.2775051968503934
0
LINE
8
BLACK
6
CONTINUOUS
10
5.0293087007874018
20
-3.2775051968503934
11
5.0293087007874018
21
-3.2763530708661417
0
LINE
8
BLACK
6
CONTINUOUS
10
5.0293087007874018
20
-3.2763530708661417
11
5.0297496062992124
21
-3.2752886614173229
0
LINE
8
BLACK
6
CONTINUOUS
10
5.0297496062992124
20
-3.2752886614173229
11
5.0305642519685039
21
-3.2744740157480314
0
LINE
8
BLACK
6
CONTINUOUS
10
5.0305642519685039
20
-3.2744740157480314
11
5.0316286614173231
21
-3.2740331102362203
0
LINE
8
BLACK
6
CONTINUOUS
10
5.0316286614173231
20
-3.2740331102362203
11
5.2881102362204722
21
-3.273976377952756
0
LINE
8
BLACK
6
CONTINUOUS
10
5.2881102362204722
20
-3.273976377952756
11
5.288686299212598
21
-3.2740331102362203
0
LINE
8
BLACK
6
CONTINUOUS
10
5.3925853543307083
20
-3.0769937007874013
11
5.3933999999999997
21
-3.0778083464566928
0
LINE
8
BLACK
6
CONTINUOUS
10
5.3933999999999997
20
-3.0778083464566928
11
5.3938409055118113
21
-3.0788727559055116
0
LINE
8
BLACK
6
CONTINUOUS
10
5.3938409055118113
20
-3.0788727559055116
11
5.3938976377952752
21
-3.2408661417322833
0
LINE
8
BLACK
6
CONTINUOUS
10
5.3938976377952752
20
-3.2408661417322833
11
5.3938409055118113
21
-3.2414422047244096
0
LINE
8
BLACK
6
CONTINUOUS
10
5.3938409055118113
20
-3.2414422047244096
11
5.3933999999999997
21
-3.2425066141732284
0
LINE
8
BLACK
6
CONTINUOUS
10
5.3933999999999997
20
-3.2425066141732284
11
5.3925853543307083
21
-3.2433212598425194
0
LINE
8
BLACK
6
CONTINUOUS
10
5.3925853543307083
20
-3.2433212598425194
11
5.3915209448818899
21
-3.2437621653543305
0
LINE
8
BLACK
6
CONTINUOUS
10
5.3915209448818899
20
-3.2437621653543305
11
5.3903688188976373
21
-3.2437621653543305
0
LINE
8
BLACK
6
CONTINUOUS
10
5.3903688188976373
20
-3.2437621653543305
11
5.3893044094488189
21
-3.2433212598425194
0
LINE
8
BLACK
6
CONTINUOUS
10
5.3893044094488189
20
-3.2433212598425194
11
5.3884897637795275
21
-3.2425066141732284
0
LINE
8
BLACK
6
CONTINUOUS
10
5.3884897637795275
20
-3.2425066141732284
11
5.3880488582677168
21
-3.2414422047244096
0
LINE
8
BLACK
6
CONTINUOUS
10
5.3880488582677168
20
-3.2414422047244096
11
5.387992125984252
21
-3.0794488188976379
0
LINE
8
BLACK
6
CONTINUOUS
10
5.387992125984252
20
-3.0794488188976379
11
5.3880488582677168
21
-3.0788727559055116
0
LINE
8
BLACK
6
CONTINUOUS
10
5.3880488582677168
20
-3.0788727559055116
11
5.3884897637795275
21
-3.0778083464566928
0
LINE
8
BLACK
6
CONTINUOUS
10
5.3884897637795275
20
-3.0778083464566928
11
5.3893044094488189
21
-3.0769937007874013
0
LINE
8
BLACK
6
CONTINUOUS
10
5.3893044094488189
20
-3.0769937007874013
11
5.3903688188976373
21
-3.0765527952755907
0
LINE
8
BLACK
6
CONTINUOUS
10
5.3903688188976373
20
-3.0765527952755907
11
5.3915209448818899
21
-3.0765527952755907
0
LINE
8
BLACK
6
CONTINUOUS
10
5.3915209448818899
20
-3.0765527952755907
11
5.3925853543307083
21
-3.0769937007874013
0
LINE
8
BLACK
6
CONTINUOUS
10
5.5106955905511814
20
-3.0769937007874013
11
5.511510236220472
21
-3.0778083464566928
0
LINE
8
BLACK
6
CONTINUOUS
10
5.511510236220472
20
-3.0778083464566928
11
5.5119511417322835
21
-3.0788727559055116
0
LINE
8
BLACK
6
CONTINUOUS
10
5.5119511417322835
20
-3.0788727559055116
11
5.5120078740157483
21
-3.2408661417322833
0
LINE
8
BLACK
6
CONTINUOUS
10
5.5120078740157483
20
-3.2408661417322833
11
5.5119511417322835
21
-3.2414422047244096
0
LINE
8
BLACK
6
CONTINUOUS
10
5.5119511417322835
20
-3.2414422047244096
11
5.511510236220472
21
-3.2425066141732284
0
LINE
8
BLACK
6
CONTINUOUS
10
5.511510236220472
20
-3.2425066141732284
11
5.5106955905511814
21
-3.2433212598425194
0
LINE
8
BLACK
6
CONTINUOUS
10
5.5106955905511814
20
-3.2433212598425194
11
5.5096311811023622
21
-3.2437621653543305
0
LINE
8
BLACK
6
CONTINUOUS
10
5.5096311811023622
20
-3.2437621653543305
11
5.5084790551181104
21
-3.2437621653543305
0
LINE
8
BLACK
6
CONTINUOUS
10
5.5084790551181104
20
-3.2437621653543305
11
5.5074146456692912
21
-3.2433212598425194
0
LINE
8
BLACK
6
CONTINUOUS
10
5.5074146456692912
20
-3.2433212598425194
11
5.5065999999999997
21
-3.2425066141732284
0
LINE
8
BLACK
6
CONTINUOUS
10
5.5065999999999997
20
-3.2425066141732284
11
5.5061590944881891
21
-3.2414422047244096
0
LINE
8
BLACK
6
CONTINUOUS
10
5.5061590944881891
20
-3.2414422047244096
11
5.5061023622047243
21
-3.0794488188976379
0
LINE
8
BLACK
6
CONTINUOUS
10
5.5061023622047243
20
-3.0794488188976379
11
5.5061590944881891
21
-3.0788727559055116
0
LINE
8
BLACK
6
CONTINUOUS
10
5.5061590944881891
20
-3.0788727559055116
11
5.5065999999999997
21
-3.0778083464566928
0
LINE
8
BLACK
6
CONTINUOUS
10
5.5065999999999997
20
-3.0778083464566928
11
5.5074146456692912
21
-3.0769937007874013
0
LINE
8
BLACK
6
CONTINUOUS
10
5.5074146456692912
20
-3.0769937007874013
11
5.5084790551181104
21
-3.0765527952755907
0
LINE
8
BLACK
6
CONTINUOUS
10
5.5084790551181104
20
-3.0765527952755907
11
5.5096311811023622
21
-3.0765527952755907
0
LINE
8
BLACK
6
CONTINUOUS
10
5.5096311811023622
20
-3.0765527952755907
11
5.5106955905511814
21
-3.0769937007874013
0
LINE
8
BLACK
6
CONTINUOUS
10
5.6505646456692915
20
-3.2143361811023623
11
5.6515951574803145
21
-3.2148514566929132
0
LINE
8
BLACK
6
CONTINUOUS
10
5.6515951574803145
20
-3.2148514566929132
11
5.6523500000000002
21
-3.2157218110236219
0
LINE
8
BLACK
6
CONTINUOUS
10
5.6523500000000002
20
-3.2157218110236219
11
5.6527143307086609
21
-3.2168148031496062
0
LINE
8
BLACK
6
CONTINUOUS
10
5.6527143307086609
20
-3.2168148031496062
11
5.6526326771653546
21
-3.2179640157480316
0
LINE
8
BLACK
6
CONTINUOUS
10
5.6526326771653546
20
-3.2179640157480316
11
5.6505510236220475
21
-3.2222541338582675
0
LINE
8
BLACK
6
CONTINUOUS
10
5.6505510236220475
20
-3.2222541338582675
11
5.6503949999999996
21
-3.2225019291338581
0
LINE
8
BLACK
6
CONTINUOUS
10
5.6503949999999996
20
-3.2225019291338581
11
5.6503651574803149
21
-3.2225740944881891
0
LINE
8
BLACK
6
CONTINUOUS
10
5.6503651574803149
20
-3.2225740944881891
11
5.6503218110236215
21
-3.2226182677165354
0
LINE
8
BLACK
6
CONTINUOUS
10
5.6503218110236215
20
-3.2226182677165354
11
5.6502426771653544
21
-3.2227440157480314
0
LINE
8
BLACK
6
CONTINUOUS
10
5.6502426771653544
20
-3.2227440157480314
11
5.6499466929133861
21
-3.2230006692913387
0
LINE
8
BLACK
6
CONTINUOUS
10
5.6499466929133861
20
-3.2230006692913387
11
5.647472440944882
21
-3.2255231102362205
0
LINE
8
BLACK
6
CONTINUOUS
10
5.647472440944882
20
-3.2255231102362205
11
5.6749738976377948
21
-3.2254840551181103
0
LINE
8
BLACK
6
CONTINUOUS
10
5.6749738976377948
20
-3.2254840551181103
11
5.674953503937008
21
-3.2171840944881889
0
LINE
8
BLACK
6
CONTINUOUS
10
5.674953503937008
20
-3.2171840944881889
11
5.675010236220472
21
-3.216608031496063
0
LINE
8
BLACK
6
CONTINUOUS
10
5.675010236220472
20
-3.216608031496063
11
5.6754511417322835
21
-3.2155436220472442
0
LINE
8
BLACK
6
CONTINUOUS
10
5.6754511417322835
20
-3.2155436220472442
11
5.6762657874015749
21
-3.2147289763779527
0
LINE
8
BLACK
6
CONTINUOUS
10
5.6762657874015749
20
-3.2147289763779527
11
5.6773301968503933
21
-3.2142880708661417
0
LINE
8
BLACK
6
CONTINUOUS
10
5.6773301968503933
20
-3.2142880708661417
11
5.6784823228346459
21
-3.2142880708661417
0
LINE
8
BLACK
6
CONTINUOUS
10
5.6784823228346459
20
-3.2142880708661417
11
5.6795467322834643
21
-3.2147289763779527
0
LINE
8
BLACK
6
CONTINUOUS
10
5.6795467322834643
20
-3.2147289763779527
11
5.6803613779527558
21
-3.2155436220472442
0
LINE
8
BLACK
6
CONTINUOUS
10
5.6803613779527558
20
-3.2155436220472442
11
5.6808022834645664
21
-3.216608031496063
0
LINE
8
BLACK
6
CONTINUOUS
10
5.6808022834645664
20
-3.216608031496063
11
5.6808590157480312
21
-3.2396812598425195
0
LINE
8
BLACK
6
CONTINUOUS
10
5.6808590157480312
20
-3.2396812598425195
11
5.6808022834645664
21
-3.2402573228346454
0
LINE
8
BLACK
6
CONTINUOUS
10
5.6808022834645664
20
-3.2402573228346454
11
5.6803613779527558
21
-3.2413217322834647
0
LINE
8
BLACK
6
CONTINUOUS
10
5.6803613779527558
20
-3.2413217322834647
11
5.6795467322834643
21
-3.2421363779527557
0
LINE
8
BLACK
6
CONTINUOUS
10
5.6795467322834643
20
-3.2421363779527557
11
5.6784823228346459
21
-3.2425772834645668
0
LINE
8
BLACK
6
CONTINUOUS
10
5.6784823228346459
20
-3.2425772834645668
11
5.6773301968503933
21
-3.2425772834645668
0
LINE
8
BLACK
6
CONTINUOUS
10
5.6773301968503933
20
-3.2425772834645668
11
5.6762657874015749
21
-3.2421363779527557
0
LINE
8
BLACK
6
CONTINUOUS
10
5.6762657874015749
20
-3.2421363779527557
11
5.6754511417322835
21
-3.2413217322834647
0
LINE
8
BLACK
6
CONTINUOUS
10
5.6754511417322835
20
-3.2413217322834647
11
5.675010236220472
21
-3.2402573228346454
0
LINE
8
BLACK
6
CONTINUOUS
10
5.675010236220472
20
-3.2402573228346454
11
5.6749882677165351
21
-3.2313336614173229
0
LINE
8
BLACK
6
CONTINUOUS
10
5.6749882677165351
20
-3.2313336614173229
11
5.6385361811023618
21
-3.2313854330708662
0
LINE
8
BLACK
6
CONTINUOUS
10
5.6385361811023618
20
-3.2313854330708662
11
5.6385340944881888
21
-3.2313851968503937
0
LINE
8
BLACK
6
CONTINUOUS
10
5.6385340944881888
20
-3.2313851968503937
11
5.6385330708661412
21
-3.2313854330708662
0
LINE
8
BLACK
6
CONTINUOUS
10
5.6385330708661412
20
-3.2313854330708662
11
5.638530039370079
21
-3.2313848031496062
0
LINE
8
BLACK
6
CONTINUOUS
10
5.638530039370079
20
-3.2313848031496062
11
5.6379601181102359
21
-3.2313287007874014
0
LINE
8
BLACK
6
CONTINUOUS
10
5.6379601181102359
20
-3.2313287007874014
11
5.6376900000000001
21
-3.2312168110236219
0
LINE
8
BLACK
6
CONTINUOUS
10
5.6376900000000001
20
-3.2312168110236219
11
5.6374033858267714
21
-3.2311594881889762
0
LINE
8
BLACK
6
CONTINUOUS
10
5.6374033858267714
20
-3.2311594881889762
11
5.637162992125984
21
-3.2309985039370077
0
LINE
8
BLACK
6
CONTINUOUS
10
5.637162992125984
20
-3.2309985039370077
11
5.6368957086614175
21
-3.2308877952755903
0
LINE
8
BLACK
6
CONTINUOUS
10
5.6368957086614175
20
-3.2308877952755903
11
5.6366889763779522
21
-3.2306810629921259
0
LINE
8
BLACK
6
CONTINUOUS
10
5.6366889763779522
20
-3.2306810629921259
11
5.6364461023622043
21
-3.2305184251968502
0
LINE
8
BLACK
6
CONTINUOUS
10
5.6364461023622043
20
-3.2305184251968502
11
5.6362855905511813
21
-3.2302776771653541
0
LINE
8
BLACK
6
CONTINUOUS
10
5.6362855905511813
20
-3.2302776771653541
11
5.6360810629921261
21
-3.2300731496062993
0
LINE
8
BLACK
6
CONTINUOUS
10
5.6360810629921261
20
-3.2300731496062993
11
5.6359691732283466
21
-3.2298030314960631
0
LINE
8
BLACK
6
CONTINUOUS
10
5.6359691732283466
20
-3.2298030314960631
11
5.6358070078740159
21
-3.2295598031496064
0
LINE
8
BLACK
6
CONTINUOUS
10
5.6358070078740159
20
-3.2295598031496064
11
5.6357508661417324
21
-3.2292759842519683
0
LINE
8
BLACK
6
CONTINUOUS
10
5.6357508661417324
20
-3.2292759842519683
11
5.6356401574803145
21
-3.2290087401574801
0
LINE
8
BLACK
6
CONTINUOUS
10
5.6356401574803145
20
-3.2290087401574801
11
5.6356401574803145
21
-3.2287163385826769
0
LINE
8
BLACK
6
CONTINUOUS
10
5.6356401574803145
20
-3.2287163385826769
11
5.6355834251968506
21
-3.2284295669291336
0
LINE
8
BLACK
6
CONTINUOUS
10
5.6355834251968506
20
-3.2284295669291336
11
5.6356401574803145
21
-3.2281459055118109
0
LINE
8
BLACK
6
CONTINUOUS
10
5.6356401574803145
20
-3.2281459055118109
11
5.6356401574803145
21
-3.2278566141732283
0
LINE
8
BLACK
6
CONTINUOUS
10
5.6356401574803145
20
-3.2278566141732283
11
5.6357520078740153
21
-3.2275864960629921
0
LINE
8
BLACK
6
CONTINUOUS
10
5.6357520078740153
20
-3.2275864960629921
11
5.6358093700787402
21
-3.2272998818897638
0
LINE
8
BLACK
6
CONTINUOUS
10
5.6358093700787402
20
-3.2272998818897638
11
5.6359703149606295
21
-3.2270594881889765
0
LINE
8
BLACK
6
CONTINUOUS
10
5.6359703149606295
20
-3.2270594881889765
11
5.6360810629921261
21
-3.2267922047244095
0
LINE
8
BLACK
6
CONTINUOUS
10
5.6360810629921261
20
-3.2267922047244095
11
5.6362877559055118
21
-3.2265854724409446
0
LINE
8
BLACK
6
CONTINUOUS
10
5.6362877559055118
20
-3.2265854724409446
11
5.6364504330708662
21
-3.2263425984251968
0
LINE
8
BLACK
6
CONTINUOUS
10
5.6364504330708662
20
-3.2263425984251968
11
5.6366995275590552
21
-3.2261737007874016
0
LINE
8
BLACK
6
CONTINUOUS
10
5.6366995275590552
20
-3.2261737007874016
11
5.6368957086614175
21
-3.2259775590551181
0
LINE
8
BLACK
6
CONTINUOUS
10
5.6368957086614175
20
-3.2259775590551181
11
5.6371353543307086
21
-3.2258782677165354
0
LINE
8
BLACK
6
CONTINUOUS
10
5.6371353543307086
20
-3.2258782677165354
11
5.64247342519685
21
-3.2222596062992124
0
LINE
8
BLACK
6
CONTINUOUS
10
5.64247342519685
20
-3.2222596062992124
11
5.6455740551181099
21
-3.2190985433070867
0
LINE
8
BLACK
6
CONTINUOUS
10
5.6455740551181099
20
-3.2190985433070867
11
5.64714374015748
21
-3.2158635826771653
0
LINE
8
BLACK
6
CONTINUOUS
10
5.64714374015748
20
-3.2158635826771653
11
5.6474520866141731
21
-3.2153737007874015
0
LINE
8
BLACK
6
CONTINUOUS
10
5.6474520866141731
20
-3.2153737007874015
11
5.6483224803149605
21
-3.2146188582677167
0
LINE
8
BLACK
6
CONTINUOUS
10
5.6483224803149605
20
-3.2146188582677167
11
5.6494154330708657
21
-3.2142545275590551
0
LINE
8
BLACK
6
CONTINUOUS
10
5.6494154330708657
20
-3.2142545275590551
11
5.6505646456692915
21
-3.2143361811023623
0
LINE
8
BLACK
6
CONTINUOUS
10
4.8899461417322829
20
-3.2267496456692912
11
4.8910105511811022
21
-3.2271905511811023
0
LINE
8
BLACK
6
CONTINUOUS
10
4.8910105511811022
20
-3.2271905511811023
11
4.8918251968503936
21
-3.2280051968503938
0
LINE
8
BLACK
6
CONTINUOUS
10
4.8918251968503936
20
-3.2280051968503938
11
4.8922661023622043
21
-3.2290696062992126
0
LINE
8
BLACK
6
CONTINUOUS
10
4.8922661023622043
20
-3.2290696062992126
11
4.8922661023622043
21
-3.2302217322834643
0
LINE
8
BLACK
6
CONTINUOUS
10
4.8922661023622043
20
-3.2302217322834643
11
4.8918251968503936
21
-3.2312861417322836
0
LINE
8
BLACK
6
CONTINUOUS
10
4.8918251968503936
20
-3.2312861417322836
11
4.8910105511811022
21
-3.2321007874015746
0
LINE
8
BLACK
6
CONTINUOUS
10
4.8910105511811022
20
-3.2321007874015746
11
4.8899461417322829
21
-3.2325416929133857
0
LINE
8
BLACK
6
CONTINUOUS
10
4.8899461417322829
20
-3.2325416929133857
11
4.8106299212598422
21
-3.2325984251968505
0
LINE
8
BLACK
6
CONTINUOUS
10
4.8106299212598422
20
-3.2325984251968505
11
4.8100538582677164
21
-3.2325416929133857
0
LINE
8
BLACK
6
CONTINUOUS
10
4.8100538582677164
20
-3.2325416929133857
11
4.8089894488188971
21
-3.2321007874015746
0
LINE
8
BLACK
6
CONTINUOUS
10
4.8089894488188971
20
-3.2321007874015746
11
4.8081748031496065
21
-3.2312861417322836
0
LINE
8
BLACK
6
CONTINUOUS
10
4.8081748031496065
20
-3.2312861417322836
11
4.807733897637795
21
-3.2302217322834643
0
LINE
8
BLACK
6
CONTINUOUS
10
4.807733897637795
20
-3.2302217322834643
11
4.807733897637795
21
-3.2290696062992126
0
LINE
8
BLACK
6
CONTINUOUS
10
4.807733897637795
20
-3.2290696062992126
11
4.8081748031496065
21
-3.2280051968503938
0
LINE
8
BLACK
6
CONTINUOUS
10
4.8081748031496065
20
-3.2280051968503938
11
4.8089894488188971
21
-3.2271905511811023
0
LINE
8
BLACK
6
CONTINUOUS
10
4.8089894488188971
20
-3.2271905511811023
11
4.8100538582677164
21
-3.2267496456692912
0
LINE
8
BLACK
6
CONTINUOUS
10
4.8100538582677164
20
-3.2267496456692912
11
4.8893700787401571
21
-3.2266929133858269
0
LINE
8
BLACK
6
CONTINUOUS
10
4.8893700787401571
20
-3.2266929133858269
11
4.8899461417322829
21
-3.2267496456692912
0
LINE
8
BLACK
6
CONTINUOUS
10
5.551286141732283
20
-3.1431748031496061
11
5.5521007874015744
21
-3.1439894488188975
0
LINE
8
BLACK
6
CONTINUOUS
10
5.5521007874015744
20
-3.1439894488188975
11
5.552541692913386
21
-3.1450538582677163
0
LINE
8
BLACK
6
CONTINUOUS
10
5.552541692913386
20
-3.1450538582677163
11
5.5525984251968499
21
-3.2243700787401575
0
LINE
8
BLACK
6
CONTINUOUS
10
5.5525984251968499
20
-3.2243700787401575
11
5.552541692913386
21
-3.2249461417322833
0
LINE
8
BLACK
6
CONTINUOUS
10
5.552541692913386
20
-3.2249461417322833
11
5.5521007874015744
21
-3.2260105511811021
0
LINE
8
BLACK
6
CONTINUOUS
10
5.5521007874015744
20
-3.2260105511811021
11
5.551286141732283
21
-3.2268251968503936
0
LINE
8
BLACK
6
CONTINUOUS
10
5.551286141732283
20
-3.2268251968503936
11
5.5502217322834646
21
-3.2272661023622047
0
LINE
8
BLACK
6
CONTINUOUS
10
5.5502217322834646
20
-3.2272661023622047
11
5.5490696062992129
21
-3.2272661023622047
0
LINE
8
BLACK
6
CONTINUOUS
10
5.5490696062992129
20
-3.2272661023622047
11
5.5480051968503936
21
-3.2268251968503936
0
LINE
8
BLACK
6
CONTINUOUS
10
5.5480051968503936
20
-3.2268251968503936
11
5.5471905511811022
21
-3.2260105511811021
0
LINE
8
BLACK
6
CONTINUOUS
10
5.5471905511811022
20
-3.2260105511811021
11
5.5467496456692915
21
-3.2249461417322833
0
LINE
8
BLACK
6
CONTINUOUS
10
5.5467496456692915
20
-3.2249461417322833
11
5.5466929133858267
21
-3.1456299212598426
0
LINE
8
BLACK
6
CONTINUOUS
10
5.5466929133858267
20
-3.1456299212598426
11
5.5467496456692915
21
-3.1450538582677163
0
LINE
8
BLACK
6
CONTINUOUS
10
5.5467496456692915
20
-3.1450538582677163
11
5.5471905511811022
21
-3.1439894488188975
0
LINE
8
BLACK
6
CONTINUOUS
10
5.5471905511811022
20
-3.1439894488188975
11
5.5480051968503936
21
-3.1431748031496061
0
LINE
8
BLACK
6
CONTINUOUS
10
5.5480051968503936
20
-3.1431748031496061
11
5.5490696062992129
21
-3.1427338976377954
0
LINE
8
BLACK
6
CONTINUOUS
10
5.5490696062992129
20
-3.1427338976377954
11
5.5502217322834646
21
-3.1427338976377954
0
LINE
8
BLACK
6
CONTINUOUS
10
5.5502217322834646
20
-3.1427338976377954
11
5.551286141732283
21
-3.1431748031496061
0
LINE
8
BLACK
6
CONTINUOUS
10
5.6319948031496061
20
-3.1431748031496061
11
5.6328094488188976
21
-3.1439894488188975
0
LINE
8
BLACK
6
CONTINUOUS
10
5.6328094488188976
20
-3.1439894488188975
11
5.6332503543307082
21
-3.1450538582677163
0
LINE
8
BLACK
6
CONTINUOUS
10
5.6332503543307082
20
-3.1450538582677163
11
5.633307086614173
21
-3.2243700787401575
0
LINE
8
BLACK
6
CONTINUOUS
10
5.633307086614173
20
-3.2243700787401575
11
5.6332503543307082
21
-3.2249461417322833
0
LINE
8
BLACK
6
CONTINUOUS
10
5.6332503543307082
20
-3.2249461417322833
11
5.6328094488188976
21
-3.2260105511811021
0
LINE
8
BLACK
6
CONTINUOUS
10
5.6328094488188976
20
-3.2260105511811021
11
5.6319948031496061
21
-3.2268251968503936
0
LINE
8
BLACK
6
CONTINUOUS
10
5.6319948031496061
20
-3.2268251968503936
11
5.6309303937007869
21
-3.2272661023622047
0
LINE
8
BLACK
6
CONTINUOUS
10
5.6309303937007869
20
-3.2272661023622047
11
5.6297782677165351
21
-3.2272661023622047
0
LINE
8
BLACK
6
CONTINUOUS
10
5.6297782677165351
20
-3.2272661023622047
11
5.6287138582677168
21
-3.2268251968503936
0
LINE
8
BLACK
6
CONTINUOUS
10
5.6287138582677168
20
-3.2268251968503936
11
5.6278992125984253
21
-3.2260105511811021
0
LINE
8
BLACK
6
CONTINUOUS
10
5.6278992125984253
20
-3.2260105511811021
11
5.6274583070866138
21
-3.2249461417322833
0
LINE
8
BLACK
6
CONTINUOUS
10
5.6274583070866138
20
-3.2249461417322833
11
5.6274015748031498
21
-3.1456299212598426
0
LINE
8
BLACK
6
CONTINUOUS
10
5.6274015748031498
20
-3.1456299212598426
11
5.6274583070866138
21
-3.1450538582677163
0
LINE
8
BLACK
6
CONTINUOUS
10
5.6274583070866138
20
-3.1450538582677163
11
5.6278992125984253
21
-3.1439894488188975
0
LINE
8
BLACK
6
CONTINUOUS
10
5.6278992125984253
20
-3.1439894488188975
11
5.6287138582677168
21
-3.1431748031496061
0
LINE
8
BLACK
6
CONTINUOUS
10
5.6287138582677168
20
-3.1431748031496061
11
5.6297782677165351
21
-3.1427338976377954
0
LINE
8
BLACK
6
CONTINUOUS
10
5.6297782677165351
20
-3.1427338976377954
11
5.6309303937007869
21
-3.1427338976377954
0
LINE
8
BLACK
6
CONTINUOUS
10
5.6309303937007869
20
-3.1427338976377954
11
5.6319948031496061
21
-3.1431748031496061
0
LINE
8
BLACK
6
CONTINUOUS
10
5.3506464173228343
20
-3.1942412204724411
11
5.3506894488188976
21
-3.1942348425196849
0
LINE
8
BLACK
6
CONTINUOUS
10
5.3506894488188976
20
-3.1942348425196849
11
5.3507631102362208
21
-3.1942527165354329
0
LINE
8
BLACK
6
CONTINUOUS
10
5.3507631102362208
20
-3.1942527165354329
11
5.3511219685039366
21
-3.1942880708661416
0
LINE
8
BLACK
6
CONTINUOUS
10
5.3511219685039366
20
-3.1942880708661416
11
5.351423858267716
21
-3.1944131102362205
0
LINE
8
BLACK
6
CONTINUOUS
10
5.351423858267716
20
-3.1944131102362205
11
5.3587611023622044
21
-3.196194251968504
0
LINE
8
BLACK
6
CONTINUOUS
10
5.3587611023622044
20
-3.196194251968504
11
5.3588035826771652
21
-3.1962094094488189
0
LINE
8
BLACK
6
CONTINUOUS
10
5.3588035826771652
20
-3.1962094094488189
11
5.3588248425196845
21
-3.1962109448818898
0
LINE
8
BLACK
6
CONTINUOUS
10
5.3588248425196845
20
-3.1962109448818898
11
5.3588723622047238
21
-3.1962339763779526
0
LINE
8
BLACK
6
CONTINUOUS
10
5.3588723622047238
20
-3.1962339763779526
11
5.3593062204724404
21
-3.1963890157480312
0
LINE
8
BLACK
6
CONTINUOUS
10
5.3593062204724404
20
-3.1963890157480312
11
5.3595231889763779
21
-3.196549803149606
0
LINE
8
BLACK
6
CONTINUOUS
10
5.3595231889763779
20
-3.196549803149606
11
5.3631149999999996
21
-3.1982925984251969
0
LINE
8
BLACK
6
CONTINUOUS
10
5.3631149999999996
20
-3.1982925984251969
11
5.3633628740157482
21
-3.1984486220472439
0
LINE
8
BLACK
6
CONTINUOUS
10
5.3633628740157482
20
-3.1984486220472439
11
5.3634349212598424
21
-3.1984784645669291
0
LINE
8
BLACK
6
CONTINUOUS
10
5.3634349212598424
20
-3.1984784645669291
11
5.3634810236220467
21
-3.1985229921259841
0
LINE
8
BLACK
6
CONTINUOUS
10
5.3634810236220467
20
-3.1985229921259841
11
5.3636048818897635
21
-3.1986009448818895
0
LINE
8
BLACK
6
CONTINUOUS
10
5.3636048818897635
20
-3.1986009448818895
11
5.3638265748031495
21
-3.1988565748031497
0
LINE
8
BLACK
6
CONTINUOUS
10
5.3638265748031495
20
-3.1988565748031497
11
5.3657571653543306
21
-3.2007204330708663
0
LINE
8
BLACK
6
CONTINUOUS
10
5.3657571653543306
20
-3.2007204330708663
11
5.365942913385827
21
-3.2009467716535434
0
LINE
8
BLACK
6
CONTINUOUS
10
5.365942913385827
20
-3.2009467716535434
11
5.3660019685039373
21
-3.2009979921259841
0
LINE
8
BLACK
6
CONTINUOUS
10
5.3660019685039373
20
-3.2009979921259841
11
5.3660305905511807
21
-3.2010536220472439
0
LINE
8
BLACK
6
CONTINUOUS
10
5.3660305905511807
20
-3.2010536220472439
11
5.366124409448819
21
-3.2011679133858268
0
LINE
8
BLACK
6
CONTINUOUS
10
5.366124409448819
20
-3.2011679133858268
11
5.3662680708661412
21
-3.2015147637795276
0
LINE
8
BLACK
6
CONTINUOUS
10
5.3662680708661412
20
-3.2015147637795276
11
5.368185078740157
21
-3.2052374015748031
0
LINE
8
BLACK
6
CONTINUOUS
10
5.368185078740157
20
-3.2052374015748031
11
5.3683919685039365
21
-3.2057779921259844
0
LINE
8
BLACK
6
CONTINUOUS
10
5.3683919685039365
20
-3.2057779921259844
11
5.3683994881889765
21
-3.2058838582677165
0
LINE
8
BLACK
6
CONTINUOUS
10
5.3683994881889765
20
-3.2058838582677165
11
5.3684400787401572
21
-3.2059818503937008
0
LINE
8
BLACK
6
CONTINUOUS
10
5.3684400787401572
20
-3.2059818503937008
11
5.3684476771653546
21
-3.2065622047244093
0
LINE
8
BLACK
6
CONTINUOUS
10
5.3684476771653546
20
-3.2065622047244093
11
5.3684736220472438
21
-3.2069272047244093
0
LINE
8
BLACK
6
CONTINUOUS
10
5.3684736220472438
20
-3.2069272047244093
11
5.3684532677165357
21
-3.2069882283464568
0
LINE
8
BLACK
6
CONTINUOUS
10
5.3684532677165357
20
-3.2069882283464568
11
5.368496811023622
21
-3.2103074409448817
0
LINE
8
BLACK
6
CONTINUOUS
10
5.368496811023622
20
-3.2103074409448817
11
5.3684400787401572
21
-3.2108835039370076
0
LINE
8
BLACK
6
CONTINUOUS
10
5.3684400787401572
20
-3.2108835039370076
11
5.3683994881889765
21
-3.2109814566929131
0
LINE
8
BLACK
6
CONTINUOUS
10
5.3683994881889765
20
-3.2109814566929131
11
5.3683919685039365
21
-3.2110873622047245
0
LINE
8
BLACK
6
CONTINUOUS
10
5.3683919685039365
20
-3.2110873622047245
11
5.3681436220472438
21
-3.2115990944881889
0
LINE
8
BLACK
6
CONTINUOUS
10
5.3681436220472438
20
-3.2115990944881889
11
5.3679991732283465
21
-3.2119479133858269
0
LINE
8
BLACK
6
CONTINUOUS
10
5.3679991732283465
20
-3.2119479133858269
11
5.3679510629921259
21
-3.2119959842519683
0
LINE
8
BLACK
6
CONTINUOUS
10
5.3679510629921259
20
-3.2119959842519683
11
5.3663103149606295
21
-3.2153774803149604
0
LINE
8
BLACK
6
CONTINUOUS
10
5.3663103149606295
20
-3.2153774803149604
11
5.366154212598425
21
-3.2156254724409448
0
LINE
8
BLACK
6
CONTINUOUS
10
5.366154212598425
20
-3.2156254724409448
11
5.366124409448819
21
-3.215697440944882
0
LINE
8
BLACK
6
CONTINUOUS
10
5.366124409448819
20
-3.215697440944882
11
5.3660798818897639
21
-3.2157435039370079
0
LINE
8
BLACK
6
CONTINUOUS
10
5.3660798818897639
20
-3.2157435039370079
11
5.3660019685039373
21
-3.2158673622047242
0
LINE
8
BLACK
6
CONTINUOUS
10
5.3660019685039373
20
-3.2158673622047242
11
5.3657461811023621
21
-3.2160891338582678
0
LINE
8
BLACK
6
CONTINUOUS
10
5.3657461811023621
20
-3.2160891338582678
11
5.3638823622047243
21
-3.2180196850393701
0
LINE
8
BLACK
6
CONTINUOUS
10
5.3638823622047243
20
-3.2180196850393701
11
5.3636560236220472
21
-3.2182053937007873
0
LINE
8
BLACK
6
CONTINUOUS
10
5.3636560236220472
20
-3.2182053937007873
11
5.3636048818897635
21
-3.2182644094488189
0
LINE
8
BLACK
6
CONTINUOUS
10
5.3636048818897635
20
-3.2182644094488189
11
5.3635492519685037
21
-3.2182930314960627
0
LINE
8
BLACK
6
CONTINUOUS
10
5.3635492519685037
20
-3.2182930314960627
11
5.3634349212598424
21
-3.2183868897637793
0
LINE
8
BLACK
6
CONTINUOUS
10
5.3634349212598424
20
-3.2183868897637793
11
5.3630879921259842
21
-3.2185305511811024
0
LINE
8
BLACK
6
CONTINUOUS
10
5.3630879921259842
20
-3.2185305511811024
11
5.3593654724409445
21
-3.2204475196850395
0
LINE
8
BLACK
6
CONTINUOUS
10
5.3593654724409445
20
-3.2204475196850395
11
5.3593233464566925
21
-3.220463622047244
0
LINE
8
BLACK
6
CONTINUOUS
10
5.3593233464566925
20
-3.220463622047244
11
5.3593062204724404
21
-3.2204763385826771
0
LINE
8
BLACK
6
CONTINUOUS
10
5.3593062204724404
20
-3.2204763385826771
11
5.3592572047244094
21
-3.220488937007874
0
LINE
8
BLACK
6
CONTINUOUS
10
5.3592572047244094
20
-3.220488937007874
11
5.3588248425196845
21
-3.220654409448819
0
LINE
8
BLACK
6
CONTINUOUS
10
5.3588248425196845
20
-3.220654409448819
11
5.3585336220472444
21
-3.2206750787401575
0
LINE
8
BLACK
6
CONTINUOUS
10
5.3585336220472444
20
-3.2206750787401575
11
5.3512620472440942
21
-3.2225458661417323
0
LINE
8
BLACK
6
CONTINUOUS
10
5.3512620472440942
20
-3.2225458661417323
11
5.3511621653543306
21
-3.2225606299212597
0
LINE
8
BLACK
6
CONTINUOUS
10
5.3511621653543306
20
-3.2225606299212597
11
5.3511219685039366
21
-3.2225772834645667
0
LINE
8
BLACK
6
CONTINUOUS
10
5.3511219685039366
20
-3.2225772834645667
11
5.3510465748031493
21
-3.2225776771653543
0
LINE
8
BLACK
6
CONTINUOUS
10
5.3510465748031493
20
-3.2225776771653543
11
5.3506894488188976
21
-3.2226305118110234
0
LINE
8
BLACK
6
CONTINUOUS
10
5.3506894488188976
20
-3.2226305118110234
11
5.3503608661417319
21
-3.2225816141732282
0
LINE
8
BLACK
6
CONTINUOUS
10
5.3503608661417319
20
-3.2225816141732282
11
5.341172086614173
21
-3.2226340157480315
0
LINE
8
BLACK
6
CONTINUOUS
10
5.341172086614173
20
-3.2226340157480315
11
5.3410715354330707
21
-3.222624094488189
0
LINE
8
BLACK
6
CONTINUOUS
10
5.3410715354330707
20
-3.222624094488189
11
5.3410285433070861
21
-3.2226305118110234
0
LINE
8
BLACK
6
CONTINUOUS
10
5.3410285433070861
20
-3.2226305118110234
11
5.3409548425196851
21
-3.2226125984251968
0
LINE
8
BLACK
6
CONTINUOUS
10
5.3409548425196851
20
-3.2226125984251968
11
5.3405960236220471
21
-3.2225772834645667
0
LINE
8
BLACK
6
CONTINUOUS
10
5.3405960236220471
20
-3.2225772834645667
11
5.3402940944881889
21
-3.2224522047244095
0
LINE
8
BLACK
6
CONTINUOUS
10
5.3402940944881889
20
-3.2224522047244095
11
5.3329568897637794
21
-3.2206711023622048
0
LINE
8
BLACK
6
CONTINUOUS
10
5.3329568897637794
20
-3.2206711023622048
11
5.3329143700787398
21
-3.2206559055118111
0
LINE
8
BLACK
6
CONTINUOUS
10
5.3329143700787398
20
-3.2206559055118111
11
5.3328931102362205
21
-3.220654409448819
0
LINE
8
BLACK
6
CONTINUOUS
10
5.3328931102362205
20
-3.220654409448819
11
5.3328454330708661
21
-3.2206312598425195
0
LINE
8
BLACK
6
CONTINUOUS
10
5.3328454330708661
20
-3.2206312598425195
11
5.3324117716535433
21
-3.2204763385826771
0
LINE
8
BLACK
6
CONTINUOUS
10
5.3324117716535433
20
-3.2204763385826771
11
5.3321948031496058
21
-3.2203155905511811
0
LINE
8
BLACK
6
CONTINUOUS
10
5.3321948031496058
20
-3.2203155905511811
11
5.3286029921259841
21
-3.218572755905512
0
LINE
8
BLACK
6
CONTINUOUS
10
5.3286029921259841
20
-3.218572755905512
11
5.3283549606299214
21
-3.218416653543307
0
LINE
8
BLACK
6
CONTINUOUS
10
5.3283549606299214
20
-3.218416653543307
11
5.3282830314960625
21
-3.2183868503937005
0
LINE
8
BLACK
6
CONTINUOUS
10
5.3282830314960625
20
-3.2183868503937005
11
5.3282369291338583
21
-3.2183423228346455
0
LINE
8
BLACK
6
CONTINUOUS
10
5.3282369291338583
20
-3.2183423228346455
11
5.3281131102362203
21
-3.2182644094488189
0
LINE
8
BLACK
6
CONTINUOUS
10
5.3281131102362203
20
-3.2182644094488189
11
5.3278913385826767
21
-3.2180087007874016
0
LINE
8
BLACK
6
CONTINUOUS
10
5.3278913385826767
20
-3.2180087007874016
11
5.3259608267716532
21
-3.2161448818897638
0
LINE
8
BLACK
6
CONTINUOUS
10
5.3259608267716532
20
-3.2161448818897638
11
5.3257750393700789
21
-3.215918503937008
0
LINE
8
BLACK
6
CONTINUOUS
10
5.3257750393700789
20
-3.215918503937008
11
5.3257160629921261
21
-3.2158673622047242
0
LINE
8
BLACK
6
CONTINUOUS
10
5.3257160629921261
20
-3.2158673622047242
11
5.325687401574803
21
-3.2158116929133858
0
LINE
8
BLACK
6
CONTINUOUS
10
5.325687401574803
20
-3.2158116929133858
11
5.3255936220472444
21
-3.215697440944882
0
LINE
8
BLACK
6
CONTINUOUS
10
5.3255936220472444
20
-3.215697440944882
11
5.3254499606299213
21
-3.21535062992126
0
LINE
8
BLACK
6
CONTINUOUS
10
5.3254499606299213
20
-3.21535062992126
11
5.3235329527559054
21
-3.2116279527559053
0
LINE
8
BLACK
6
CONTINUOUS
10
5.3235329527559054
20
-3.2116279527559053
11
5.323326062992126
21
-3.2110873228346457
0
LINE
8
BLACK
6
CONTINUOUS
10
5.323326062992126
20
-3.2110873228346457
11
5.3233185433070869
21
-3.2109814960629919
0
LINE
8
BLACK
6
CONTINUOUS
10
5.3233185433070869
20
-3.2109814960629919
11
5.3232779527559053
21
-3.2108835039370076
0
LINE
8
BLACK
6
CONTINUOUS
10
5.3232779527559053
20
-3.2108835039370076
11
5.32327031496063
21
-3.2103030314960628
0
LINE
8
BLACK
6
CONTINUOUS
10
5.32327031496063
20
-3.2103030314960628
11
5.3232444094488187
21
-3.2099381102362203
0
LINE
8
BLACK
6
CONTINUOUS
10
5.3232444094488187
20
-3.2099381102362203
11
5.3232647244094489
21
-3.2098770472440945
0
LINE
8
BLACK
6
CONTINUOUS
10
5.3232647244094489
20
-3.2098770472440945
11
5.3232212204724405
21
-3.2065579133858266
0
LINE
8
BLACK
6
CONTINUOUS
10
5.3232212204724405
20
-3.2065579133858266
11
5.3232779527559053
21
-3.2059818503937008
0
LINE
8
BLACK
6
CONTINUOUS
10
5.3232779527559053
20
-3.2059818503937008
11
5.3233185433070869
21
-3.2058838188976377
0
LINE
8
BLACK
6
CONTINUOUS
10
5.3233185433070869
20
-3.2058838188976377
11
5.323326062992126
21
-3.2057780314960631
0
LINE
8
BLACK
6
CONTINUOUS
10
5.323326062992126
20
-3.2057780314960631
11
5.3235742519685036
21
-3.2052664566929132
0
LINE
8
BLACK
6
CONTINUOUS
10
5.3235742519685036
20
-3.2052664566929132
11
5.3237188582677168
21
-3.204917440944882
0
LINE
8
BLACK
6
CONTINUOUS
10
5.3237188582677168
20
-3.204917440944882
11
5.3237669685039366
21
-3.2048692913385826
0
LINE
8
BLACK
6
CONTINUOUS
10
5.3237669685039366
20
-3.2048692913385826
11
5.325407716535433
21
-3.201487874015748
0
LINE
8
BLACK
6
CONTINUOUS
10
5.325407716535433
20
-3.201487874015748
11
5.3255637795275588
21
-3.2012398425196849
0
LINE
8
BLACK
6
CONTINUOUS
10
5.3255637795275588
20
-3.2012398425196849
11
5.3255936220472444
21
-3.2011679133858268
0
LINE
8
BLACK
6
CONTINUOUS
10
5.3255936220472444
20
-3.2011679133858268
11
5.3256381102362207
21
-3.2011218110236221
0
LINE
8
BLACK
6
CONTINUOUS
10
5.3256381102362207
20
-3.2011218110236221
11
5.3257160629921261
21
-3.2009979921259841
0
LINE
8
BLACK
6
CONTINUOUS
10
5.3257160629921261
20
-3.2009979921259841
11
5.3259717322834641
21
-3.200776220472441
0
LINE
8
BLACK
6
CONTINUOUS
10
5.3259717322834641
20
-3.200776220472441
11
5.3278355905511807
21
-3.198845708661417
0
LINE
8
BLACK
6
CONTINUOUS
10
5.3278355905511807
20
-3.198845708661417
11
5.3280619291338578
21
-3.1986599212598423
0
LINE
8
BLACK
6
CONTINUOUS
10
5.3280619291338578
20
-3.1986599212598423
11
5.3281131102362203
21
-3.1986009448818895
0
LINE
8
BLACK
6
CONTINUOUS
10
5.3281131102362203
20
-3.1986009448818895
11
5.32816874015748
21
-3.1985722834645669
0
LINE
8
BLACK
6
CONTINUOUS
10
5.32816874015748
20
-3.1985722834645669
11
5.3282830314960625
21
-3.1984785039370078
0
LINE
8
BLACK
6
CONTINUOUS
10
5.3282830314960625
20
-3.1984785039370078
11
5.3286298818897633
21
-3.1983348031496064
0
LINE
8
BLACK
6
CONTINUOUS
10
5.3286298818897633
20
-3.1983348031496064
11
5.3323525196850392
21
-3.1964178346456693
0
LINE
8
BLACK
6
CONTINUOUS
10
5.3323525196850392
20
-3.1964178346456693
11
5.3323946062992125
21
-3.1964016929133856
0
LINE
8
BLACK
6
CONTINUOUS
10
5.3323946062992125
20
-3.1964016929133856
11
5.3324117716535433
21
-3.1963890157480312
0
LINE
8
BLACK
6
CONTINUOUS
10
5.3324117716535433
20
-3.1963890157480312
11
5.3324607086614169
21
-3.1963764173228344
0
LINE
8
BLACK
6
CONTINUOUS
10
5.3324607086614169
20
-3.1963764173228344
11
5.3328931102362205
21
-3.1962109448818898
0
LINE
8
BLACK
6
CONTINUOUS
10
5.3328931102362205
20
-3.1962109448818898
11
5.3331843307086615
21
-3.1961902362204722
0
LINE
8
BLACK
6
CONTINUOUS
10
5.3331843307086615
20
-3.1961902362204722
11
5.3404559448818896
21
-3.1943194881889765
0
LINE
8
BLACK
6
CONTINUOUS
10
5.3404559448818896
20
-3.1943194881889765
11
5.3405557874015743
21
-3.1943046850393699
0
LINE
8
BLACK
6
CONTINUOUS
10
5.3405557874015743
20
-3.1943046850393699
11
5.3405960236220471
21
-3.1942880708661416
0
LINE
8
BLACK
6
CONTINUOUS
10
5.3405960236220471
20
-3.1942880708661416
11
5.3406713779527557
21
-3.1942876377952754
0
LINE
8
BLACK
6
CONTINUOUS
10
5.3406713779527557
20
-3.1942876377952754
11
5.3410285433070861
21
-3.1942348425196849
0
LINE
8
BLACK
6
CONTINUOUS
10
5.3410285433070861
20
-3.1942348425196849
11
5.3413570866141731
21
-3.1942837007874014
0
LINE
8
BLACK
6
CONTINUOUS
10
5.3413570866141731
20
-3.1942837007874014
11
5.3505459055118108
21
-3.1942313385826773
0
LINE
8
BLACK
6
CONTINUOUS
10
5.3505459055118108
20
-3.1942313385826773
11
5.3506464173228343
21
-3.1942412204724411
0
LINE
8
BLACK
6
CONTINUOUS
10
5.3413373228346455
20
-3.2001359055118108
11
5.3345116535433066
21
-3.2018919291338581
0
LINE
8
BLACK
6
CONTINUOUS
10
5.3345116535433066
20
-3.2018919291338581
11
5.331579330708661
21
-3.2034019291338582
0
LINE
8
BLACK
6
CONTINUOUS
10
5.331579330708661
20
-3.2034019291338582
11
5.3303886220472441
21
-3.2046352755905509
0
LINE
8
BLACK
6
CONTINUOUS
10
5.3303886220472441
20
-3.2046352755905509
11
5.3290874803149606
21
-3.2073167716535433
0
LINE
8
BLACK
6
CONTINUOUS
10
5.3290874803149606
20
-3.2073167716535433
11
5.3291185433070867
21
-3.2096853149606299
0
LINE
8
BLACK
6
CONTINUOUS
10
5.3291185433070867
20
-3.2096853149606299
11
5.3305170472440944
21
-3.2124011023622048
0
LINE
8
BLACK
6
CONTINUOUS
10
5.3305170472440944
20
-3.2124011023622048
11
5.3317504330708658
21
-3.2135918503937009
0
LINE
8
BLACK
6
CONTINUOUS
10
5.3317504330708658
20
-3.2135918503937009
11
5.3349006692913381
21
-3.2151203937007873
0
LINE
8
BLACK
6
CONTINUOUS
10
5.3349006692913381
20
-3.2151203937007873
11
5.3417320866141731
21
-3.2167787401574803
0
LINE
8
BLACK
6
CONTINUOUS
10
5.3417320866141731
20
-3.2167787401574803
11
5.3503806299212595
21
-3.2167294094488188
0
LINE
8
BLACK
6
CONTINUOUS
10
5.3503806299212595
20
-3.2167294094488188
11
5.3572062992125984
21
-3.2149733858267715
0
LINE
8
BLACK
6
CONTINUOUS
10
5.3572062992125984
20
-3.2149733858267715
11
5.360138622047244
21
-3.2134633464566926
0
LINE
8
BLACK
6
CONTINUOUS
10
5.360138622047244
20
-3.2134633464566926
11
5.3613294094488184
21
-3.2122299999999999
0
LINE
8
BLACK
6
CONTINUOUS
10
5.3613294094488184
20
-3.2122299999999999
11
5.3626305118110231
21
-3.2095485433070867
0
LINE
8
BLACK
6
CONTINUOUS
10
5.3626305118110231
20
-3.2095485433070867
11
5.3625994488188979
21
-3.2071800000000001
0
LINE
8
BLACK
6
CONTINUOUS
10
5.3625994488188979
20
-3.2071800000000001
11
5.3612009448818894
21
-3.204464251968504
0
LINE
8
BLACK
6
CONTINUOUS
10
5.3612009448818894
20
-3.204464251968504
11
5.3599675590551179
21
-3.2032735039370079
0
LINE
8
BLACK
6
CONTINUOUS
10
5.3599675590551179
20
-3.2032735039370079
11
5.3568172834645669
21
-3.2017449212598423
0
LINE
8
BLACK
6
CONTINUOUS
10
5.3568172834645669
20
-3.2017449212598423
11
5.3499858661417319
21
-3.2000865748031497
0
LINE
8
BLACK
6
CONTINUOUS
10
5.3499858661417319
20
-3.2000865748031497
11
5.3413373228346455
21
-3.2001359055118108
0
LINE
8
BLACK
6
CONTINUOUS
10
5.6505646456692915
20
-3.176840866141732
11
5.6515951574803145
21
-3.1773561417322833
0
LINE
8
BLACK
6
CONTINUOUS
10
5.6515951574803145
20
-3.1773561417322833
11
5.6523500000000002
21
-3.178226496062992
0
LINE
8
BLACK
6
CONTINUOUS
10
5.6523500000000002
20
-3.178226496062992
11
5.6527143307086609
21
-3.1793194881889764
0
LINE
8
BLACK
6
CONTINUOUS
10
5.6527143307086609
20
-3.1793194881889764
11
5.6526326771653546
21
-3.1804687007874013
0
LINE
8
BLACK
6
CONTINUOUS
10
5.6526326771653546
20
-3.1804687007874013
11
5.6505510236220475
21
-3.1847588188976377
0
LINE
8
BLACK
6
CONTINUOUS
10
5.6505510236220475
20
-3.1847588188976377
11
5.6503949999999996
21
-3.1850066141732283
0
LINE
8
BLACK
6
CONTINUOUS
10
5.6503949999999996
20
-3.1850066141732283
11
5.6503651574803149
21
-3.1850787795275588
0
LINE
8
BLACK
6
CONTINUOUS
10
5.6503651574803149
20
-3.1850787795275588
11
5.6503218110236215
21
-3.1851229527559055
0
LINE
8
BLACK
6
CONTINUOUS
10
5.6503218110236215
20
-3.1851229527559055
11
5.6502426771653544
21
-3.1852487007874015
0
LINE
8
BLACK
6
CONTINUOUS
10
5.6502426771653544
20
-3.1852487007874015
11
5.6499466929133861
21
-3.1855053543307088
0
LINE
8
BLACK
6
CONTINUOUS
10
5.6499466929133861
20
-3.1855053543307088
11
5.647472440944882
21
-3.1880277952755907
0
LINE
8
BLACK
6
CONTINUOUS
10
5.647472440944882
20
-3.1880277952755907
11
5.6749738976377948
21
-3.1879887401574805
0
LINE
8
BLACK
6
CONTINUOUS
10
5.6749738976377948
20
-3.1879887401574805
11
5.674953503937008
21
-3.179688779527559
0
LINE
8
BLACK
6
CONTINUOUS
10
5.674953503937008
20
-3.179688779527559
11
5.675010236220472
21
-3.1791127165354331
0
LINE
8
BLACK
6
CONTINUOUS
10
5.675010236220472
20
-3.1791127165354331
11
5.6754511417322835
21
-3.1780483070866139
0
LINE
8
BLACK
6
CONTINUOUS
10
5.6754511417322835
20
-3.1780483070866139
11
5.6762657874015749
21
-3.1772336614173229
0
LINE
8
BLACK
6
CONTINUOUS
10
5.6762657874015749
20
-3.1772336614173229
11
5.6773301968503933
21
-3.1767927559055118
0
LINE
8
BLACK
6
CONTINUOUS
10
5.6773301968503933
20
-3.1767927559055118
11
5.6784823228346459
21
-3.1767927559055118
0
LINE
8
BLACK
6
CONTINUOUS
10
5.6784823228346459
20
-3.1767927559055118
11
5.6795467322834643
21
-3.1772336614173229
0
LINE
8
BLACK
6
CONTINUOUS
10
5.6795467322834643
20
-3.1772336614173229
11
5.6803613779527558
21
-3.1780483070866139
0
LINE
8
BLACK
6
CONTINUOUS
10
5.6803613779527558
20
-3.1780483070866139
11
5.6808022834645664
21
-3.1791127165354331
0
LINE
8
BLACK
6
CONTINUOUS
10
5.6808022834645664
20
-3.1791127165354331
11
5.6808590157480312
21
-3.2021859448818897
0
LINE
8
BLACK
6
CONTINUOUS
10
5.6808590157480312
20
-3.2021859448818897
11
5.6808022834645664
21
-3.2027620078740155
0
LINE
8
BLACK
6
CONTINUOUS
10
5.6808022834645664
20
-3.2027620078740155
11
5.6803613779527558
21
-3.2038264173228344
0
LINE
8
BLACK
6
CONTINUOUS
10
5.6803613779527558
20
-3.2038264173228344
11
5.6795467322834643
21
-3.2046410629921258
0
LINE
8
BLACK
6
CONTINUOUS
10
5.6795467322834643
20
-3.2046410629921258
11
5.6784823228346459
21
-3.2050819685039369
0
LINE
8
BLACK
6
CONTINUOUS
10
5.6784823228346459
20
-3.2050819685039369
11
5.6773301968503933
21
-3.2050819685039369
0
LINE
8
BLACK
6
CONTINUOUS
10
5.6773301968503933
20
-3.2050819685039369
11
5.6762657874015749
21
-3.2046410629921258
0
LINE
8
BLACK
6
CONTINUOUS
10
5.6762657874015749
20
-3.2046410629921258
11
5.6754511417322835
21
-3.2038264173228344
0
LINE
8
BLACK
6
CONTINUOUS
10
5.6754511417322835
20
-3.2038264173228344
11
5.675010236220472
21
-3.2027620078740155
0
LINE
8
BLACK
6
CONTINUOUS
10
5.675010236220472
20
-3.2027620078740155
11
5.6749882677165351
21
-3.1938383464566926
0
LINE
8
BLACK
6
CONTINUOUS
10
5.6749882677165351
20
-3.1938383464566926
11
5.6385361811023618
21
-3.1938901181102359
0
LINE
8
BLACK
6
CONTINUOUS
10
5.6385361811023618
20
-3.1938901181102359
11
5.6385340944881888
21
-3.1938898818897639
0
LINE
8
BLACK
6
CONTINUOUS
10
5.6385340944881888
20
-3.1938898818897639
11
5.6385330708661412
21
-3.1938901181102359
0
LINE
8
BLACK
6
CONTINUOUS
10
5.6385330708661412
20
-3.1938901181102359
11
5.638530039370079
21
-3.1938894881889763
0
LINE
8
BLACK
6
CONTINUOUS
10
5.638530039370079
20
-3.1938894881889763
11
5.6379601181102359
21
-3.1938333858267716
0
LINE
8
BLACK
6
CONTINUOUS
10
5.6379601181102359
20
-3.1938333858267716
11
5.6376900000000001
21
-3.193721496062992
0
LINE
8
BLACK
6
CONTINUOUS
10
5.6376900000000001
20
-3.193721496062992
11
5.6374033858267714
21
-3.1936641732283464
0
LINE
8
BLACK
6
CONTINUOUS
10
5.6374033858267714
20
-3.1936641732283464
11
5.637162992125984
21
-3.1935031889763779
0
LINE
8
BLACK
6
CONTINUOUS
10
5.637162992125984
20
-3.1935031889763779
11
5.6368957086614175
21
-3.1933924803149605
0
LINE
8
BLACK
6
CONTINUOUS
10
5.6368957086614175
20
-3.1933924803149605
11
5.6366889763779522
21
-3.193185748031496
0
LINE
8
BLACK
6
CONTINUOUS
10
5.6366889763779522
20
-3.193185748031496
11
5.6364461023622043
21
-3.1930231102362203
0
LINE
8
BLACK
6
CONTINUOUS
10
5.6364461023622043
20
-3.1930231102362203
11
5.6362855905511813
21
-3.1927823622047242
0
LINE
8
BLACK
6
CONTINUOUS
10
5.6362855905511813
20
-3.1927823622047242
11
5.6360810629921261
21
-3.192577834645669
0
LINE
8
BLACK
6
CONTINUOUS
10
5.6360810629921261
20
-3.192577834645669
11
5.6359691732283466
21
-3.1923077165354332
0
LINE
8
BLACK
6
CONTINUOUS
10
5.6359691732283466
20
-3.1923077165354332
11
5.6358070078740159
21
-3.1920644881889761
0
LINE
8
BLACK
6
CONTINUOUS
10
5.6358070078740159
20
-3.1920644881889761
11
5.6357508661417324
21
-3.1917806692913384
0
LINE
8
BLACK
6
CONTINUOUS
10
5.6357508661417324
20
-3.1917806692913384
11
5.6356401574803145
21
-3.1915134251968502
0
LINE
8
BLACK
6
CONTINUOUS
10
5.6356401574803145
20
-3.1915134251968502
11
5.6356401574803145
21
-3.1912210236220471
0
LINE
8
BLACK
6
CONTINUOUS
10
5.6356401574803145
20
-3.1912210236220471
11
5.6355834251968506
21
-3.1909342519685038
0
LINE
8
BLACK
6
CONTINUOUS
10
5.6355834251968506
20
-3.1909342519685038
11
5.6356401574803145
21
-3.1906505905511811
0
LINE
8
BLACK
6
CONTINUOUS
10
5.6356401574803145
20
-3.1906505905511811
11
5.6356401574803145
21
-3.1903612992125985
0
LINE
8
BLACK
6
CONTINUOUS
10
5.6356401574803145
20
-3.1903612992125985
11
5.6357520078740153
21
-3.1900911811023622
0
LINE
8
BLACK
6
CONTINUOUS
10
5.6357520078740153
20
-3.1900911811023622
11
5.6358093700787402
21
-3.1898045669291339
0
LINE
8
BLACK
6
CONTINUOUS
10
5.6358093700787402
20
-3.1898045669291339
11
5.6359703149606295
21
-3.1895641732283462
0
LINE
8
BLACK
6
CONTINUOUS
10
5.6359703149606295
20
-3.1895641732283462
11
5.6360810629921261
21
-3.1892968897637797
0
LINE
8
BLACK
6
CONTINUOUS
10
5.6360810629921261
20
-3.1892968897637797
11
5.6362877559055118
21
-3.1890901574803148
0
LINE
8
BLACK
6
CONTINUOUS
10
5.6362877559055118
20
-3.1890901574803148
11
5.6364504330708662
21
-3.1888472834645669
0
LINE
8
BLACK
6
CONTINUOUS
10
5.6364504330708662
20
-3.1888472834645669
11
5.6366995275590552
21
-3.1886783858267718
0
LINE
8
BLACK
6
CONTINUOUS
10
5.6366995275590552
20
-3.1886783858267718
11
5.6368957086614175
21
-3.1884822440944882
0
LINE
8
BLACK
6
CONTINUOUS
10
5.6368957086614175
20
-3.1884822440944882
11
5.6371353543307086
21
-3.1883829527559056
0
LINE
8
BLACK
6
CONTINUOUS
10
5.6371353543307086
20
-3.1883829527559056
11
5.64247342519685
21
-3.1847642913385825
0
LINE
8
BLACK
6
CONTINUOUS
10
5.64247342519685
20
-3.1847642913385825
11
5.6455740551181099
21
-3.1816032283464568
0
LINE
8
BLACK
6
CONTINUOUS
10
5.6455740551181099
20
-3.1816032283464568
11
5.64714374015748
21
-3.1783682677165355
0
LINE
8
BLACK
6
CONTINUOUS
10
5.64714374015748
20
-3.1783682677165355
11
5.6474520866141731
21
-3.1778783858267716
0
LINE
8
BLACK
6
CONTINUOUS
10
5.6474520866141731
20
-3.1778783858267716
11
5.6483224803149605
21
-3.1771235433070864
0
LINE
8
BLACK
6
CONTINUOUS
10
5.6483224803149605
20
-3.1771235433070864
11
5.6494154330708657
21
-3.1767592125984252
0
LINE
8
BLACK
6
CONTINUOUS
10
5.6494154330708657
20
-3.1767592125984252
11
5.6505646456692915
21
-3.176840866141732
0
LINE
8
BLACK
6
CONTINUOUS
10
4.8346405118110232
20
-3.1550889763779528
11
4.8347385039370074
21
-3.1551295669291339
0
LINE
8
BLACK
6
CONTINUOUS
10
4.8347385039370074
20
-3.1551295669291339
11
4.8348443307086617
21
-3.155137086614173
0
LINE
8
BLACK
6
CONTINUOUS
10
4.8348443307086617
20
-3.155137086614173
11
4.8353558661417324
21
-3.1553852755905512
0
LINE
8
BLACK
6
CONTINUOUS
10
4.8353558661417324
20
-3.1553852755905512
11
4.8357049212598424
21
-3.1555298818897639
0
LINE
8
BLACK
6
CONTINUOUS
10
4.8357049212598424
20
-3.1555298818897639
11
4.8357530314960631
21
-3.1555779921259841
0
LINE
8
BLACK
6
CONTINUOUS
10
4.8357530314960631
20
-3.1555779921259841
11
4.839134488188976
21
-3.1572187401574801
0
LINE
8
BLACK
6
CONTINUOUS
10
4.839134488188976
20
-3.1572187401574801
11
4.8393824803149608
21
-3.1573748031496063
0
LINE
8
BLACK
6
CONTINUOUS
10
4.8393824803149608
20
-3.1573748031496063
11
4.8394544488188975
21
-3.1574046456692915
0
LINE
8
BLACK
6
CONTINUOUS
10
4.8394544488188975
20
-3.1574046456692915
11
4.8395005118110239
21
-3.1574491338582678
0
LINE
8
BLACK
6
CONTINUOUS
10
4.8395005118110239
20
-3.1574491338582678
11
4.8396243700787398
21
-3.1575270866141731
0
LINE
8
BLACK
6
CONTINUOUS
10
4.8396243700787398
20
-3.1575270866141731
11
4.8398461023622046
21
-3.1577827559055116
0
LINE
8
BLACK
6
CONTINUOUS
10
4.8398461023622046
20
-3.1577827559055116
11
4.8417766535433069
21
-3.1596466141732282
0
LINE
8
BLACK
6
CONTINUOUS
10
4.8417766535433069
20
-3.1596466141732282
11
4.8419624015748033
21
-3.1598729527559053
0
LINE
8
BLACK
6
CONTINUOUS
10
4.8419624015748033
20
-3.1598729527559053
11
4.8420214173228349
21
-3.1599241338582678
0
LINE
8
BLACK
6
CONTINUOUS
10
4.8420214173228349
20
-3.1599241338582678
11
4.8420500393700783
21
-3.1599797637795275
0
LINE
8
BLACK
6
CONTINUOUS
10
4.8420500393700783
20
-3.1599797637795275
11
4.8421438582677165
21
-3.16009405511811
0
LINE
8
BLACK
6
CONTINUOUS
10
4.8421438582677165
20
-3.16009405511811
11
4.8422875196850397
21
-3.1604409055118108
0
LINE
8
BLACK
6
CONTINUOUS
10
4.8422875196850397
20
-3.1604409055118108
11
4.8442045275590546
21
-3.1641635433070867
0
LINE
8
BLACK
6
CONTINUOUS
10
4.8442045275590546
20
-3.1641635433070867
11
4.844411417322835
21
-3.1647041338582675
0
LINE
8
BLACK
6
CONTINUOUS
10
4.844411417322835
20
-3.1647041338582675
11
4.8444189370078741
21
-3.1648100000000001
0
LINE
8
BLACK
6
CONTINUOUS
10
4.8444189370078741
20
-3.1648100000000001
11
4.8444595275590547
21
-3.1649079921259844
0
LINE
8
BLACK
6
CONTINUOUS
10
4.8444595275590547
20
-3.1649079921259844
11
4.8444624409448815
21
-3.1654225196850394
0
LINE
8
BLACK
6
CONTINUOUS
10
4.8444624409448815
20
-3.1654225196850394
11
4.8444930708661413
21
-3.1658533464566929
0
LINE
8
BLACK
6
CONTINUOUS
10
4.8444930708661413
20
-3.1658533464566929
11
4.8444653543307084
21
-3.1659363779527556
0
LINE
8
BLACK
6
CONTINUOUS
10
4.8444653543307084
20
-3.1659363779527556
11
4.8445162598425195
21
-3.174857874015748
0
LINE
8
BLACK
6
CONTINUOUS
10
4.8445162598425195
20
-3.174857874015748
11
4.8444595275590547
21
-3.1754339370078739
0
LINE
8
BLACK
6
CONTINUOUS
10
4.8444595275590547
20
-3.1754339370078739
11
4.8444189370078741
21
-3.1755318897637794
0
LINE
8
BLACK
6
CONTINUOUS
10
4.8444189370078741
20
-3.1755318897637794
11
4.844411417322835
21
-3.1756377952755903
0
LINE
8
BLACK
6
CONTINUOUS
10
4.844411417322835
20
-3.1756377952755903
11
4.8441630708661414
21
-3.1761495275590552
0
LINE
8
BLACK
6
CONTINUOUS
10
4.8441630708661414
20
-3.1761495275590552
11
4.8440186220472441
21
-3.1764983464566927
0
LINE
8
BLACK
6
CONTINUOUS
10
4.8440186220472441
20
-3.1764983464566927
11
4.8439705118110234
21
-3.1765464173228346
0
LINE
8
BLACK
6
CONTINUOUS
10
4.8439705118110234
20
-3.1765464173228346
11
4.8423297637795271
21
-3.1799279133858267
0
LINE
8
BLACK
6
CONTINUOUS
10
4.8423297637795271
20
-3.1799279133858267
11
4.8421736614173225
21
-3.1801759055118111
0
LINE
8
BLACK
6
CONTINUOUS
10
4.8421736614173225
20
-3.1801759055118111
11
4.8421438582677165
21
-3.1802478740157478
0
LINE
8
BLACK
6
CONTINUOUS
10
4.8421438582677165
20
-3.1802478740157478
11
4.8420993307086615
21
-3.1802939370078738
0
LINE
8
BLACK
6
CONTINUOUS
10
4.8420993307086615
20
-3.1802939370078738
11
4.8420214173228349
21
-3.1804177952755905
0
LINE
8
BLACK
6
CONTINUOUS
10
4.8420214173228349
20
-3.1804177952755905
11
4.8417657086614172
21
-3.1806395275590549
0
LINE
8
BLACK
6
CONTINUOUS
10
4.8417657086614172
20
-3.1806395275590549
11
4.8399018897637793
21
-3.1825700787401576
0
LINE
8
BLACK
6
CONTINUOUS
10
4.8399018897637793
20
-3.1825700787401576
11
4.8396755118110235
21
-3.1827558267716536
0
LINE
8
BLACK
6
CONTINUOUS
10
4.8396755118110235
20
-3.1827558267716536
11
4.8396243700787398
21
-3.1828148425196852
0
LINE
8
BLACK
6
CONTINUOUS
10
4.8396243700787398
20
-3.1828148425196852
11
4.8395687007874013
21
-3.182843464566929
0
LINE
8
BLACK
6
CONTINUOUS
10
4.8395687007874013
20
-3.182843464566929
11
4.8394544488188975
21
-3.1829372834645668
0
LINE
8
BLACK
6
CONTINUOUS
10
4.8394544488188975
20
-3.1829372834645668
11
4.8391076377952755
21
-3.1830809055118108
0
LINE
8
BLACK
6
CONTINUOUS
10
4.8391076377952755
20
-3.1830809055118108
11
4.8353849606299208
21
-3.1849979527559054
0
LINE
8
BLACK
6
CONTINUOUS
10
4.8353849606299208
20
-3.1849979527559054
11
4.8348443307086617
21
-3.1852048425196848
0
LINE
8
BLACK
6
CONTINUOUS
10
4.8348443307086617
20
-3.1852048425196848
11
4.8347385039370074
21
-3.1852123228346456
0
LINE
8
BLACK
6
CONTINUOUS
10
4.8347385039370074
20
-3.1852123228346456
11
4.8346405118110232
21
-3.1852529527559055
0
LINE
8
BLACK
6
CONTINUOUS
10
4.8346405118110232
20
-3.1852529527559055
11
4.834115275590551
21
-3.1852566141732281
0
LINE
8
BLACK
6
CONTINUOUS
10
4.834115275590551
20
-3.1852566141732281
11
4.8336951181102359
21
-3.1852864960629921
0
LINE
8
BLACK
6
CONTINUOUS
10
4.8336951181102359
20
-3.1852864960629921
11
4.8336160629921263
21
-3.1852601181102362
0
LINE
8
BLACK
6
CONTINUOUS
10
4.8336160629921263
20
-3.1852601181102362
11
4.8265653937007871
21
-3.1853096850393698
0
LINE
8
BLACK
6
CONTINUOUS
10
4.8265653937007871
20
-3.1853096850393698
11
4.8259893307086612
21
-3.1852529527559055
0
LINE
8
BLACK
6
CONTINUOUS
10
4.8259893307086612
20
-3.1852529527559055
11
4.8258913385826769
21
-3.1852123622047244
0
LINE
8
BLACK
6
CONTINUOUS
10
4.8258913385826769
20
-3.1852123622047244
11
4.8257854724409448
21
-3.1852048425196848
0
LINE
8
BLACK
6
CONTINUOUS
10
4.8257854724409448
20
-3.1852048425196848
11
4.8252737007874016
21
-3.1849564960629921
0
LINE
8
BLACK
6
CONTINUOUS
10
4.8252737007874016
20
-3.1849564960629921
11
4.8249249212598428
21
-3.1848120472440944
0
LINE
8
BLACK
6
CONTINUOUS
10
4.8249249212598428
20
-3.1848120472440944
11
4.8248768110236222
21
-3.1847639370078737
0
LINE
8
BLACK
6
CONTINUOUS
10
4.8248768110236222
20
-3.1847639370078737
11
4.8229176377952756
21
-3.1838133070866141
0
LINE
8
BLACK
6
CONTINUOUS
10
4.8229176377952756
20
-3.1838133070866141
11
4.8237115354330706
21
-3.1868991338582675
0
LINE
8
BLACK
6
CONTINUOUS
10
4.8237115354330706
20
-3.1868991338582675
11
4.8270904330708664
21
-3.1918835039370079
0
LINE
8
BLACK
6
CONTINUOUS
10
4.8270904330708664
20
-3.1918835039370079
11
4.8283923228346453
21
-3.1931404330708659
0
LINE
8
BLACK
6
CONTINUOUS
10
4.8283923228346453
20
-3.1931404330708659
11
4.8310903149606297
21
-3.1944495275590552
0
LINE
8
BLACK
6
CONTINUOUS
10
4.8310903149606297
20
-3.1944495275590552
11
4.8378139763779524
21
-3.1944023228346454
0
LINE
8
BLACK
6
CONTINUOUS
10
4.8378139763779524
20
-3.1944023228346454
11
4.8383900393700783
21
-3.1944590551181102
0
LINE
8
BLACK
6
CONTINUOUS
10
4.8383900393700783
20
-3.1944590551181102
11
4.8394544488188975
21
-3.1948999606299213
0
LINE
8
BLACK
6
CONTINUOUS
10
4.8394544488188975
20
-3.1948999606299213
11
4.840269094488189
21
-3.1957146062992123
0
LINE
8
BLACK
6
CONTINUOUS
10
4.840269094488189
20
-3.1957146062992123
11
4.8407099999999996
21
-3.1967790157480316
0
LINE
8
BLACK
6
CONTINUOUS
10
4.8407099999999996
20
-3.1967790157480316
11
4.8407099999999996
21
-3.1979311417322833
0
LINE
8
BLACK
6
CONTINUOUS
10
4.8407099999999996
20
-3.1979311417322833
11
4.840269094488189
21
-3.1989955511811021
0
LINE
8
BLACK
6
CONTINUOUS
10
4.840269094488189
20
-3.1989955511811021
11
4.8394544488188975
21
-3.1998101968503936
0
LINE
8
BLACK
6
CONTINUOUS
10
4.8394544488188975
20
-3.1998101968503936
11
4.8383900393700783
21
-3.2002511023622047
0
LINE
8
BLACK
6
CONTINUOUS
10
4.8383900393700783
20
-3.2002511023622047
11
4.8303149212598422
21
-3.200307834645669
0
LINE
8
BLACK
6
CONTINUOUS
10
4.8303149212598422
20
-3.200307834645669
11
4.8297388582677163
21
-3.2002511023622047
0
LINE
8
BLACK
6
CONTINUOUS
10
4.8297388582677163
20
-3.2002511023622047
11
4.829640866141732
21
-3.2002105118110236
0
LINE
8
BLACK
6
CONTINUOUS
10
4.829640866141732
20
-3.2002105118110236
11
4.8295349999999999
21
-3.200202992125984
0
LINE
8
BLACK
6
CONTINUOUS
10
4.8295349999999999
20
-3.200202992125984
11
4.8290232283464567
21
-3.1999546456692913
0
LINE
8
BLACK
6
CONTINUOUS
10
4.8290232283464567
20
-3.1999546456692913
11
4.828674448818898
21
-3.1998101968503936
0
LINE
8
BLACK
6
CONTINUOUS
10
4.828674448818898
20
-3.1998101968503936
11
4.8286263385826773
21
-3.1997620866141729
0
LINE
8
BLACK
6
CONTINUOUS
10
4.8286263385826773
20
-3.1997620866141729
11
4.8252448818897635
21
-3.198121338582677
0
LINE
8
BLACK
6
CONTINUOUS
10
4.8252448818897635
20
-3.198121338582677
11
4.8249968503937009
21
-3.1979652362204725
0
LINE
8
BLACK
6
CONTINUOUS
10
4.8249968503937009
20
-3.1979652362204725
11
4.8249249212598428
21
-3.197935433070866
0
LINE
8
BLACK
6
CONTINUOUS
10
4.8249249212598428
20
-3.197935433070866
11
4.8248788188976377
21
-3.197890905511811
0
LINE
8
BLACK
6
CONTINUOUS
10
4.8248788188976377
20
-3.197890905511811
11
4.8247549999999997
21
-3.1978129921259844
0
LINE
8
BLACK
6
CONTINUOUS
10
4.8247549999999997
20
-3.1978129921259844
11
4.8245331889763783
21
-3.1975572047244092
0
LINE
8
BLACK
6
CONTINUOUS
10
4.8245331889763783
20
-3.1975572047244092
11
4.8226026771653538
21
-3.1956933858267718
0
LINE
8
BLACK
6
CONTINUOUS
10
4.8226026771653538
20
-3.1956933858267718
11
4.8226013779527559
21
-3.1956918110236221
0
LINE
8
BLACK
6
CONTINUOUS
10
4.8226013779527559
20
-3.1956918110236221
11
4.8226005511811021
21
-3.1956912598425196
0
LINE
8
BLACK
6
CONTINUOUS
10
4.8226005511811021
20
-3.1956912598425196
11
4.8225987401574804
21
-3.1956885826771653
0
LINE
8
BLACK
6
CONTINUOUS
10
4.8225987401574804
20
-3.1956885826771653
11
4.8222354724409451
21
-3.1952459448818895
0
LINE
8
BLACK
6
CONTINUOUS
10
4.8222354724409451
20
-3.1952459448818895
11
4.822136181102362
21
-3.1950062598425197
0
LINE
8
BLACK
6
CONTINUOUS
10
4.822136181102362
20
-3.1950062598425197
11
4.8184842519685036
21
-3.1896191338582676
0
LINE
8
BLACK
6
CONTINUOUS
10
4.8184842519685036
20
-3.1896191338582676
11
4.8183146850393701
21
-3.1893010629921261
0
LINE
8
BLACK
6
CONTINUOUS
10
4.8183146850393701
20
-3.1893010629921261
11
4.8182712598425192
21
-3.1892424803149604
0
LINE
8
BLACK
6
CONTINUOUS
10
4.8182712598425192
20
-3.1892424803149604
11
4.8182598818897633
21
-3.1891983070866141
0
LINE
8
BLACK
6
CONTINUOUS
10
4.8182598818897633
20
-3.1891983070866141
11
4.8182119291338585
21
-3.1891083464566927
0
LINE
8
BLACK
6
CONTINUOUS
10
4.8182119291338585
20
-3.1891083464566927
11
4.8181293307086612
21
-3.1886907874015749
0
LINE
8
BLACK
6
CONTINUOUS
10
4.8181293307086612
20
-3.1886907874015749
11
4.8162017322834645
21
-3.1811983070866141
0
LINE
8
BLACK
6
CONTINUOUS
10
4.8162017322834645
20
-3.1811983070866141
11
4.8161869291338579
21
-3.1810984251968502
0
LINE
8
BLACK
6
CONTINUOUS
10
4.8161869291338579
20
-3.1810984251968502
11
4.8161703149606296
21
-3.1810582283464566
0
LINE
8
BLACK
6
CONTINUOUS
10
4.8161703149606296
20
-3.1810582283464566
11
4.8161700393700784
21
-3.1809839370078739
0
LINE
8
BLACK
6
CONTINUOUS
10
4.8161700393700784
20
-3.1809839370078739
11
4.8161170866141729
21
-3.1806257086614171
0
LINE
8
BLACK
6
CONTINUOUS
10
4.8161170866141729
20
-3.1806257086614171
11
4.8161674803149603
21
-3.1802868503937005
0
LINE
8
BLACK
6
CONTINUOUS
10
4.8161674803149603
20
-3.1802868503937005
11
4.8161468897637798
21
-3.1746311023622047
0
LINE
8
BLACK
6
CONTINUOUS
10
4.8161468897637798
20
-3.1746311023622047
11
4.816136771653543
21
-3.1744885433070866
0
LINE
8
BLACK
6
CONTINUOUS
10
4.816136771653543
20
-3.1744885433070866
11
4.8161462598425198
21
-3.1744599999999998
0
LINE
8
BLACK
6
CONTINUOUS
10
4.8161462598425198
20
-3.1744599999999998
11
4.8161135826771648
21
-3.1654840551181103
0
LINE
8
BLACK
6
CONTINUOUS
10
4.8161135826771648
20
-3.1654840551181103
11
4.8161703149606296
21
-3.1649079921259844
0
LINE
8
BLACK
6
CONTINUOUS
10
4.8161703149606296
20
-3.1649079921259844
11
4.8162109055118112
21
-3.1648099606299214
0
LINE
8
BLACK
6
CONTINUOUS
10
4.8162109055118112
20
-3.1648099606299214
11
4.8162184251968503
21
-3.1647041732283463
0
LINE
8
BLACK
6
CONTINUOUS
10
4.8162184251968503
20
-3.1647041732283463
11
4.816466614173228
21
-3.1641925984251968
0
LINE
8
BLACK
6
CONTINUOUS
10
4.816466614173228
20
-3.1641925984251968
11
4.8166112204724412
21
-3.1638435826771651
0
LINE
8
BLACK
6
CONTINUOUS
10
4.8166112204724412
20
-3.1638435826771651
11
4.8166593307086609
21
-3.1637954330708662
0
LINE
8
BLACK
6
CONTINUOUS
10
4.8166593307086609
20
-3.1637954330708662
11
4.8183000787401573
21
-3.1604140157480316
0
LINE
8
BLACK
6
CONTINUOUS
10
4.8183000787401573
20
-3.1604140157480316
11
4.8184561417322831
21
-3.1601659842519685
0
LINE
8
BLACK
6
CONTINUOUS
10
4.8184561417322831
20
-3.1601659842519685
11
4.8184859842519687
21
-3.16009405511811
0
LINE
8
BLACK
6
CONTINUOUS
10
4.8184859842519687
20
-3.16009405511811
11
4.818530472440945
21
-3.1600479527559053
0
LINE
8
BLACK
6
CONTINUOUS
10
4.818530472440945
20
-3.1600479527559053
11
4.8186084251968504
21
-3.1599241338582678
0
LINE
8
BLACK
6
CONTINUOUS
10
4.8186084251968504
20
-3.1599241338582678
11
4.8188640944881893
21
-3.1597023622047242
0
LINE
8
BLACK
6
CONTINUOUS
10
4.8188640944881893
20
-3.1597023622047242
11
4.820727952755905
21
-3.1577718503937007
0
LINE
8
BLACK
6
CONTINUOUS
10
4.820727952755905
20
-3.1577718503937007
11
4.820954291338583
21
-3.157586062992126
0
LINE
8
BLACK
6
CONTINUOUS
10
4.820954291338583
20
-3.157586062992126
11
4.8210054724409446
21
-3.1575270866141731
0
LINE
8
BLACK
6
CONTINUOUS
10
4.8210054724409446
20
-3.1575270866141731
11
4.8210611023622043
21
-3.1574984251968505
0
LINE
8
BLACK
6
CONTINUOUS
10
4.8210611023622043
20
-3.1574984251968505
11
4.8211753937007868
21
-3.1574046456692915
0
LINE
8
BLACK
6
CONTINUOUS
10
4.8211753937007868
20
-3.1574046456692915
11
4.8215222440944885
21
-3.1572609448818896
0
LINE
8
BLACK
6
CONTINUOUS
10
4.8215222440944885
20
-3.1572609448818896
11
4.8252448818897635
21
-3.1553439763779525
0
LINE
8
BLACK
6
CONTINUOUS
10
4.8252448818897635
20
-3.1553439763779525
11
4.8257854724409448
21
-3.155137086614173
0
LINE
8
BLACK
6
CONTINUOUS
10
4.8257854724409448
20
-3.155137086614173
11
4.8258913385826769
21
-3.1551295275590552
0
LINE
8
BLACK
6
CONTINUOUS
10
4.8258913385826769
20
-3.1551295275590552
11
4.8259893307086612
21
-3.1550889763779528
0
LINE
8
BLACK
6
CONTINUOUS
10
4.8259893307086612
20
-3.1550889763779528
11
4.8265144881889759
21
-3.155085275590551
0
LINE
8
BLACK
6
CONTINUOUS
10
4.8265144881889759
20
-3.155085275590551
11
4.8269346850393697
21
-3.1550554330708662
0
LINE
8
BLACK
6
CONTINUOUS
10
4.8269346850393697
20
-3.1550554330708662
11
4.8270137007874014
21
-3.1550817716535433
0
LINE
8
BLACK
6
CONTINUOUS
10
4.8270137007874014
20
-3.1550817716535433
11
4.8340644488188973
21
-3.155032244094488
0
LINE
8
BLACK
6
CONTINUOUS
10
4.8340644488188973
20
-3.155032244094488
11
4.8346405118110232
21
-3.1550889763779528
0
LINE
8
BLACK
6
CONTINUOUS
10
4.8271800000000002
20
-3.1609334251968502
11
4.8244716929133853
21
-3.1623280708661419
0
LINE
8
BLACK
6
CONTINUOUS
10
4.8244716929133853
20
-3.1623280708661419
11
4.8232809842519684
21
-3.1635614173228346
0
LINE
8
BLACK
6
CONTINUOUS
10
4.8232809842519684
20
-3.1635614173228346
11
4.8219672834645664
21
-3.166268779527559
0
LINE
8
BLACK
6
CONTINUOUS
10
4.8219672834645664
20
-3.166268779527559
11
4.8219962204724407
21
-3.1742072047244094
0
LINE
8
BLACK
6
CONTINUOUS
10
4.8219962204724407
20
-3.1742072047244094
11
4.8234094094488187
21
-3.1769515354330706
0
LINE
8
BLACK
6
CONTINUOUS
10
4.8234094094488187
20
-3.1769515354330706
11
4.8246427952755901
21
-3.1781422834645667
0
LINE
8
BLACK
6
CONTINUOUS
10
4.8246427952755901
20
-3.1781422834645667
11
4.8273407874015746
21
-3.179451377952756
0
LINE
8
BLACK
6
CONTINUOUS
10
4.8273407874015746
20
-3.179451377952756
11
4.8334498031496063
21
-3.1794084645669289
0
LINE
8
BLACK
6
CONTINUOUS
10
4.8334498031496063
20
-3.1794084645669289
11
4.8361581102362203
21
-3.1780138188976377
0
LINE
8
BLACK
6
CONTINUOUS
10
4.8361581102362203
20
-3.1780138188976377
11
4.837348858267716
21
-3.1767804330708662
0
LINE
8
BLACK
6
CONTINUOUS
10
4.837348858267716
20
-3.1767804330708662
11
4.8386597244094487
21
-3.1740788188976379
0
LINE
8
BLACK
6
CONTINUOUS
10
4.8386597244094487
20
-3.1740788188976379
11
4.8386142125984248
21
-3.1660970866141733
0
LINE
8
BLACK
6
CONTINUOUS
10
4.8386142125984248
20
-3.1660970866141733
11
4.8372203937007869
21
-3.1633903543307085
0
LINE
8
BLACK
6
CONTINUOUS
10
4.8372203937007869
20
-3.1633903543307085
11
4.8359870472440942
21
-3.1621996456692911
0
LINE
8
BLACK
6
CONTINUOUS
10
4.8359870472440942
20
-3.1621996456692911
11
4.833289015748031
21
-3.1608905118110235
0
LINE
8
BLACK
6
CONTINUOUS
10
4.833289015748031
20
-3.1608905118110235
11
4.8271800000000002
21
-3.1609334251968502
0
LINE
8
BLACK
6
CONTINUOUS
10
4.8681017716535431
20
-3.1550609448818898
11
4.8681795275590547
21
-3.1550554330708662
0
LINE
8
BLACK
6
CONTINUOUS
10
4.8681795275590547
20
-3.1550554330708662
11
4.8682380314960625
21
-3.15507437007874
0
LINE
8
BLACK
6
CONTINUOUS
10
4.8682380314960625
20
-3.15507437007874
11
4.8683862992125979
21
-3.1550889763779528
0
LINE
8
BLACK
6
CONTINUOUS
10
4.8683862992125979
20
-3.1550889763779528
11
4.8687549212598427
21
-3.1552416535433072
0
LINE
8
BLACK
6
CONTINUOUS
10
4.8687549212598427
20
-3.1552416535433072
11
4.8743682677165356
21
-3.1570585433070866
0
LINE
8
BLACK
6
CONTINUOUS
10
4.8743682677165356
20
-3.1570585433070866
11
4.8748968110236222
21
-3.1572945275590549
0
LINE
8
BLACK
6
CONTINUOUS
10
4.8748968110236222
20
-3.1572945275590549
11
4.8749769291338581
21
-3.1573640157480316
0
LINE
8
BLACK
6
CONTINUOUS
10
4.8749769291338581
20
-3.1573640157480316
11
4.8750749999999998
21
-3.1574046456692915
0
LINE
8
BLACK
6
CONTINUOUS
10
4.8750749999999998
20
-3.1574046456692915
11
4.8754662598425194
21
-3.1577884251968502
0
LINE
8
BLACK
6
CONTINUOUS
10
4.8754662598425194
20
-3.1577884251968502
11
4.8757671653543309
21
-3.158049409448819
0
LINE
8
BLACK
6
CONTINUOUS
10
4.8757671653543309
20
-3.158049409448819
11
4.8758006692913387
21
-3.1581164566929134
0
LINE
8
BLACK
6
CONTINUOUS
10
4.8758006692913387
20
-3.1581164566929134
11
4.8792719685039367
21
-3.1615213779527558
0
LINE
8
BLACK
6
CONTINUOUS
10
4.8792719685039367
20
-3.1615213779527558
11
4.8794577952755906
21
-3.1617477559055116
0
LINE
8
BLACK
6
CONTINUOUS
10
4.8794577952755906
20
-3.1617477559055116
11
4.8795167322834647
21
-3.1617988976377953
0
LINE
8
BLACK
6
CONTINUOUS
10
4.8795167322834647
20
-3.1617988976377953
11
4.8795453149606294
21
-3.1618544094488188
0
LINE
8
BLACK
6
CONTINUOUS
10
4.8795453149606294
20
-3.1618544094488188
11
4.8796392125984251
21
-3.1619688188976376
0
LINE
8
BLACK
6
CONTINUOUS
10
4.8796392125984251
20
-3.1619688188976376
11
4.8797829527559058
21
-3.1623158661417321
0
LINE
8
BLACK
6
CONTINUOUS
10
4.8797829527559058
20
-3.1623158661417321
11
4.8816998425196854
21
-3.1660383070866143
0
LINE
8
BLACK
6
CONTINUOUS
10
4.8816998425196854
20
-3.1660383070866143
11
4.8817159448818899
21
-3.1660803937007875
0
LINE
8
BLACK
6
CONTINUOUS
10
4.8817159448818899
20
-3.1660803937007875
11
4.8817286614173225
21
-3.1660975590551179
0
LINE
8
BLACK
6
CONTINUOUS
10
4.8817286614173225
20
-3.1660975590551179
11
4.8817412204724411
21
-3.1661464960629919
0
LINE
8
BLACK
6
CONTINUOUS
10
4.8817412204724411
20
-3.1661464960629919
11
4.8819067322834648
21
-3.1665788976377951
0
LINE
8
BLACK
6
CONTINUOUS
10
4.8819067322834648
20
-3.1665788976377951
11
4.8819274015748029
21
-3.1668701181102361
0
LINE
8
BLACK
6
CONTINUOUS
10
4.8819274015748029
20
-3.1668701181102361
11
4.8837981889763782
21
-3.1741417322834646
0
LINE
8
BLACK
6
CONTINUOUS
10
4.8837981889763782
20
-3.1741417322834646
11
4.8838129527559051
21
-3.1742415748031494
0
LINE
8
BLACK
6
CONTINUOUS
10
4.8838129527559051
20
-3.1742415748031494
11
4.8838296062992121
21
-3.1742818110236222
0
LINE
8
BLACK
6
CONTINUOUS
10
4.8838296062992121
20
-3.1742818110236222
11
4.8838302755905509
21
-3.1743590157480313
0
LINE
8
BLACK
6
CONTINUOUS
10
4.8838302755905509
20
-3.1743590157480313
11
4.8838828346456689
21
-3.1747143307086612
0
LINE
8
BLACK
6
CONTINUOUS
10
4.8838828346456689
20
-3.1747143307086612
11
4.8838364173228346
21
-3.1750262598425194
0
LINE
8
BLACK
6
CONTINUOUS
10
4.8838364173228346
20
-3.1750262598425194
11
4.883886338582677
21
-3.1804821653543307
0
LINE
8
BLACK
6
CONTINUOUS
10
4.883886338582677
20
-3.1804821653543307
11
4.8838764173228348
21
-3.1805826771653543
0
LINE
8
BLACK
6
CONTINUOUS
10
4.8838764173228348
20
-3.1805826771653543
11
4.8838828346456689
21
-3.1806257086614171
0
LINE
8
BLACK
6
CONTINUOUS
10
4.8838828346456689
20
-3.1806257086614171
11
4.8838649212598426
21
-3.1806993700787403
0
LINE
8
BLACK
6
CONTINUOUS
10
4.8838649212598426
20
-3.1806993700787403
11
4.8838296062992121
21
-3.1810582283464566
0
LINE
8
BLACK
6
CONTINUOUS
10
4.8838296062992121
20
-3.1810582283464566
11
4.8837045275590549
21
-3.181360118110236
0
LINE
8
BLACK
6
CONTINUOUS
10
4.8837045275590549
20
-3.181360118110236
11
4.8819234251968506
21
-3.1886973622047243
0
LINE
8
BLACK
6
CONTINUOUS
10
4.8819234251968506
20
-3.1886973622047243
11
4.8819082283464565
21
-3.1887398425196851
0
LINE
8
BLACK
6
CONTINUOUS
10
4.8819082283464565
20
-3.1887398425196851
11
4.8819067322834648
21
-3.1887611417322832
0
LINE
8
BLACK
6
CONTINUOUS
10
4.8819067322834648
20
-3.1887611417322832
11
4.8818835826771654
21
-3.1888087795275588
0
LINE
8
BLACK
6
CONTINUOUS
10
4.8818835826771654
20
-3.1888087795275588
11
4.8817286614173225
21
-3.1892424803149604
0
LINE
8
BLACK
6
CONTINUOUS
10
4.8817286614173225
20
-3.1892424803149604
11
4.881567913385827
21
-3.1894594094488187
0
LINE
8
BLACK
6
CONTINUOUS
10
4.881567913385827
20
-3.1894594094488187
11
4.8798250787401578
21
-3.1930512598425196
0
LINE
8
BLACK
6
CONTINUOUS
10
4.8798250787401578
20
-3.1930512598425196
11
4.8796690157480311
21
-3.1932991338582677
0
LINE
8
BLACK
6
CONTINUOUS
10
4.8796690157480311
20
-3.1932991338582677
11
4.8796392125984251
21
-3.193371181102362
0
LINE
8
BLACK
6
CONTINUOUS
10
4.8796392125984251
20
-3.193371181102362
11
4.8795959448818893
21
-3.1934152755905512
0
LINE
8
BLACK
6
CONTINUOUS
10
4.8795959448818893
20
-3.1934152755905512
11
4.8795167322834647
21
-3.1935411417322834
0
LINE
8
BLACK
6
CONTINUOUS
10
4.8795167322834647
20
-3.1935411417322834
11
4.8792205511811026
21
-3.1937979527559053
0
LINE
8
BLACK
6
CONTINUOUS
10
4.8792205511811026
20
-3.1937979527559053
11
4.8755224409448816
21
-3.1975682283464568
0
LINE
8
BLACK
6
CONTINUOUS
10
4.8755224409448816
20
-3.1975682283464568
11
4.8750749999999998
21
-3.197935433070866
0
LINE
8
BLACK
6
CONTINUOUS
10
4.8750749999999998
20
-3.197935433070866
11
4.8749769291338581
21
-3.1979760236220471
0
LINE
8
BLACK
6
CONTINUOUS
10
4.8749769291338581
20
-3.1979760236220471
11
4.8748968110236222
21
-3.1980455511811021
0
LINE
8
BLACK
6
CONTINUOUS
10
4.8748968110236222
20
-3.1980455511811021
11
4.8743866535433069
21
-3.1982205511811022
0
LINE
8
BLACK
6
CONTINUOUS
10
4.8743866535433069
20
-3.1982205511811022
11
4.8740105905511806
21
-3.1983763385826771
0
LINE
8
BLACK
6
CONTINUOUS
10
4.8740105905511806
20
-3.1983763385826771
11
4.8739325590551177
21
-3.1983763385826771
0
LINE
8
BLACK
6
CONTINUOUS
10
4.8739325590551177
20
-3.1983763385826771
11
4.868743976377953
21
-3.2001562992125985
0
LINE
8
BLACK
6
CONTINUOUS
10
4.868743976377953
20
-3.2001562992125985
11
4.8684583858267718
21
-3.2002212204724407
0
LINE
8
BLACK
6
CONTINUOUS
10
4.8684583858267718
20
-3.2002212204724407
11
4.8683862992125979
21
-3.2002511023622047
0
LINE
8
BLACK
6
CONTINUOUS
10
4.8683862992125979
20
-3.2002511023622047
11
4.8683233858267716
21
-3.2002518897637793
0
LINE
8
BLACK
6
CONTINUOUS
10
4.8683233858267716
20
-3.2002518897637793
11
4.8681795275590547
21
-3.2002846456692913
0
LINE
8
BLACK
6
CONTINUOUS
10
4.8681795275590547
20
-3.2002846456692913
11
4.8678133464566926
21
-3.2002585826771655
0
LINE
8
BLACK
6
CONTINUOUS
10
4.8678133464566926
20
-3.2002585826771655
11
4.8640607086614169
21
-3.200307834645669
0
LINE
8
BLACK
6
CONTINUOUS
10
4.8640607086614169
20
-3.200307834645669
11
4.8637690944881893
21
-3.2002790944881889
0
LINE
8
BLACK
6
CONTINUOUS
10
4.8637690944881893
20
-3.2002790944881889
11
4.8636913779527555
21
-3.2002846456692913
0
LINE
8
BLACK
6
CONTINUOUS
10
4.8636913779527555
20
-3.2002846456692913
11
4.8636327952755902
21
-3.2002656692913387
0
LINE
8
BLACK
6
CONTINUOUS
10
4.8636327952755902
20
-3.2002656692913387
11
4.8634846456692911
21
-3.2002511023622047
0
LINE
8
BLACK
6
CONTINUOUS
10
4.8634846456692911
20
-3.2002511023622047
11
4.8631161023622047
21
-3.2000984251968503
0
LINE
8
BLACK
6
CONTINUOUS
10
4.8631161023622047
20
-3.2000984251968503
11
4.8575026771653542
21
-3.1982815354330709
0
LINE
8
BLACK
6
CONTINUOUS
10
4.8575026771653542
20
-3.1982815354330709
11
4.856974094488189
21
-3.1980455511811021
0
LINE
8
BLACK
6
CONTINUOUS
10
4.856974094488189
20
-3.1980455511811021
11
4.8568938976377956
21
-3.1979759842519684
0
LINE
8
BLACK
6
CONTINUOUS
10
4.8568938976377956
20
-3.1979759842519684
11
4.85679594488189
21
-3.197935433070866
0
LINE
8
BLACK
6
CONTINUOUS
10
4.85679594488189
20
-3.197935433070866
11
4.8563435433070863
21
-3.1974986614173226
0
LINE
8
BLACK
6
CONTINUOUS
10
4.8563435433070863
20
-3.1974986614173226
11
4.8561037401574803
21
-3.1972906692913385
0
LINE
8
BLACK
6
CONTINUOUS
10
4.8561037401574803
20
-3.1972906692913385
11
4.8560809842519683
21
-3.1972451574803147
0
LINE
8
BLACK
6
CONTINUOUS
10
4.8560809842519683
20
-3.1972451574803147
11
4.854473700787401
21
-3.1956933858267718
0
LINE
8
BLACK
6
CONTINUOUS
10
4.854473700787401
20
-3.1956933858267718
11
4.8541064960629923
21
-3.1952459448818895
0
LINE
8
BLACK
6
CONTINUOUS
10
4.8541064960629923
20
-3.1952459448818895
11
4.8536656299212595
21
-3.1941815354330707
0
LINE
8
BLACK
6
CONTINUOUS
10
4.8536656299212595
20
-3.1941815354330707
11
4.8536656299212595
21
-3.1930294488188977
0
LINE
8
BLACK
6
CONTINUOUS
10
4.8536656299212595
20
-3.1930294488188977
11
4.854106535433071
21
-3.1919650393700785
0
LINE
8
BLACK
6
CONTINUOUS
10
4.854106535433071
20
-3.1919650393700785
11
4.8549212204724412
21
-3.1911503543307087
0
LINE
8
BLACK
6
CONTINUOUS
10
4.8549212204724412
20
-3.1911503543307087
11
4.8559856299212596
21
-3.1907094881889764
0
LINE
8
BLACK
6
CONTINUOUS
10
4.8559856299212596
20
-3.1907094881889764
11
4.8571377165354326
21
-3.1907094881889764
0
LINE
8
BLACK
6
CONTINUOUS
10
4.8571377165354326
20
-3.1907094881889764
11
4.8582021259842518
21
-3.1911503937007875
0
LINE
8
BLACK
6
CONTINUOUS
10
4.8582021259842518
20
-3.1911503937007875
11
4.8600796456692912
21
-3.1929630708661416
0
LINE
8
BLACK
6
CONTINUOUS
10
4.8600796456692912
20
-3.1929630708661416
11
4.8646541338582674
21
-3.1944437007874016
0
LINE
8
BLACK
6
CONTINUOUS
10
4.8646541338582674
20
-3.1944437007874016
11
4.8674642913385826
21
-3.1944068503937006
0
LINE
8
BLACK
6
CONTINUOUS
10
4.8674642913385826
20
-3.1944068503937006
11
4.8719238188976375
21
-3.1928770078740158
0
LINE
8
BLACK
6
CONTINUOUS
10
4.8719238188976375
20
-3.1928770078740158
11
4.8748481102362202
21
-3.1898956692913387
0
LINE
8
BLACK
6
CONTINUOUS
10
4.8748481102362202
20
-3.1898956692913387
11
4.8763727165354327
21
-3.1867535433070864
0
LINE
8
BLACK
6
CONTINUOUS
10
4.8763727165354327
20
-3.1867535433070864
11
4.8780272834645668
21
-3.1799376771653542
0
LINE
8
BLACK
6
CONTINUOUS
10
4.8780272834645668
20
-3.1799376771653542
11
4.8779823228346455
21
-3.1750253937007873
0
LINE
8
BLACK
6
CONTINUOUS
10
4.8779823228346455
20
-3.1750253937007873
11
4.8762257086614174
21
-3.1681974409448816
0
LINE
8
BLACK
6
CONTINUOUS
10
4.8762257086614174
20
-3.1681974409448816
11
4.8747024409448816
21
-3.1652393700787402
0
LINE
8
BLACK
6
CONTINUOUS
10
4.8747024409448816
20
-3.1652393700787402
11
4.8717808267716531
21
-3.162373622047244
0
LINE
8
BLACK
6
CONTINUOUS
10
4.8717808267716531
20
-3.162373622047244
11
4.8672167716535428
21
-3.1608963385826772
0
LINE
8
BLACK
6
CONTINUOUS
10
4.8672167716535428
20
-3.1608963385826772
11
4.8644065748031498
21
-3.1609331889763781
0
LINE
8
BLACK
6
CONTINUOUS
10
4.8644065748031498
20
-3.1609331889763781
11
4.8599693307086609
21
-3.1624553937007875
0
LINE
8
BLACK
6
CONTINUOUS
10
4.8599693307086609
20
-3.1624553937007875
11
4.8586495669291336
21
-3.1638224409448816
0
LINE
8
BLACK
6
CONTINUOUS
10
4.8586495669291336
20
-3.1638224409448816
11
4.8582021259842518
21
-3.1641896456692913
0
LINE
8
BLACK
6
CONTINUOUS
10
4.8582021259842518
20
-3.1641896456692913
11
4.8571376771653538
21
-3.1646305511811024
0
LINE
8
BLACK
6
CONTINUOUS
10
4.8571376771653538
20
-3.1646305511811024
11
4.8559856299212596
21
-3.1646305511811024
0
LINE
8
BLACK
6
CONTINUOUS
10
4.8559856299212596
20
-3.1646305511811024
11
4.8549211811023625
21
-3.1641896456692913
0
LINE
8
BLACK
6
CONTINUOUS
10
4.8549211811023625
20
-3.1641896456692913
11
4.854106535433071
21
-3.1633749999999998
0
LINE
8
BLACK
6
CONTINUOUS
10
4.854106535433071
20
-3.1633749999999998
11
4.8536656299212595
21
-3.1623105511811023
0
LINE
8
BLACK
6
CONTINUOUS
10
4.8536656299212595
20
-3.1623105511811023
11
4.8536656299212595
21
-3.1611585039370076
0
LINE
8
BLACK
6
CONTINUOUS
10
4.8536656299212595
20
-3.1611585039370076
11
4.854106535433071
21
-3.16009405511811
0
LINE
8
BLACK
6
CONTINUOUS
10
4.854106535433071
20
-3.16009405511811
11
4.8563485039370073
21
-3.1577718503937007
0
LINE
8
BLACK
6
CONTINUOUS
10
4.8563485039370073
20
-3.1577718503937007
11
4.85679594488189
21
-3.1574046456692915
0
LINE
8
BLACK
6
CONTINUOUS
10
4.85679594488189
20
-3.1574046456692915
11
4.8568938976377956
21
-3.1573640551181104
0
LINE
8
BLACK
6
CONTINUOUS
10
4.8568938976377956
20
-3.1573640551181104
11
4.856974094488189
21
-3.1572945275590549
0
LINE
8
BLACK
6
CONTINUOUS
10
4.856974094488189
20
-3.1572945275590549
11
4.857484448818898
21
-3.1571194094488186
0
LINE
8
BLACK
6
CONTINUOUS
10
4.857484448818898
20
-3.1571194094488186
11
4.8578603543307084
21
-3.1569637401574804
0
LINE
8
BLACK
6
CONTINUOUS
10
4.8578603543307084
20
-3.1569637401574804
11
4.8579383464566925
21
-3.1569637401574804
0
LINE
8
BLACK
6
CONTINUOUS
10
4.8579383464566925
20
-3.1569637401574804
11
4.8631269291338581
21
-3.155183779527559
0
LINE
8
BLACK
6
CONTINUOUS
10
4.8631269291338581
20
-3.155183779527559
11
4.863412559055118
21
-3.1551188188976376
0
LINE
8
BLACK
6
CONTINUOUS
10
4.863412559055118
20
-3.1551188188976376
11
4.8634846456692911
21
-3.1550889763779528
0
LINE
8
BLACK
6
CONTINUOUS
10
4.8634846456692911
20
-3.1550889763779528
11
4.8635474803149608
21
-3.155088149606299
0
LINE
8
BLACK
6
CONTINUOUS
10
4.8635474803149608
20
-3.155088149606299
11
4.8636913779527555
21
-3.1550554330708662
0
LINE
8
BLACK
6
CONTINUOUS
10
4.8636913779527555
20
-3.1550554330708662
11
4.8640575196850389
21
-3.1550814566929133
0
LINE
8
BLACK
6
CONTINUOUS
10
4.8640575196850389
20
-3.1550814566929133
11
4.867810236220472
21
-3.155032244094488
0
LINE
8
BLACK
6
CONTINUOUS
10
4.867810236220472
20
-3.155032244094488
11
4.8681017716535431
21
-3.1550609448818898
0
LINE
8
BLACK
6
CONTINUOUS
10
5.3382024409448814
20
-3.1568408661417324
11
5.3392329527559053
21
-3.1573561417322833
0
LINE
8
BLACK
6
CONTINUOUS
10
5.3392329527559053
20
-3.1573561417322833
11
5.3399877952755901
21
-3.158226496062992
0
LINE
8
BLACK
6
CONTINUOUS
10
5.3399877952755901
20
-3.158226496062992
11
5.3403521259842517
21
-3.1593194881889763
0
LINE
8
BLACK
6
CONTINUOUS
10
5.3403521259842517
20
-3.1593194881889763
11
5.3402704724409444
21
-3.1604687007874017
0
LINE
8
BLACK
6
CONTINUOUS
10
5.3402704724409444
20
-3.1604687007874017
11
5.3381888188976374
21
-3.1647588188976377
0
LINE
8
BLACK
6
CONTINUOUS
10
5.3381888188976374
20
-3.1647588188976377
11
5.3380327952755904
21
-3.1650066141732283
0
LINE
8
BLACK
6
CONTINUOUS
10
5.3380327952755904
20
-3.1650066141732283
11
5.3380029527559056
21
-3.1650787795275588
0
LINE
8
BLACK
6
CONTINUOUS
10
5.3380029527559056
20
-3.1650787795275588
11
5.3379596062992123
21
-3.1651229527559055
0
LINE
8
BLACK
6
CONTINUOUS
10
5.3379596062992123
20
-3.1651229527559055
11
5.3378804724409443
21
-3.1652487007874015
0
LINE
8
BLACK
6
CONTINUOUS
10
5.3378804724409443
20
-3.1652487007874015
11
5.337584488188976
21
-3.1655053543307088
0
LINE
8
BLACK
6
CONTINUOUS
10
5.337584488188976
20
-3.1655053543307088
11
5.3351102362204728
21
-3.1680277952755906
0
LINE
8
BLACK
6
CONTINUOUS
10
5.3351102362204728
20
-3.1680277952755906
11
5.3626116929133856
21
-3.1679887401574804
0
LINE
8
BLACK
6
CONTINUOUS
10
5.3626116929133856
20
-3.1679887401574804
11
5.3625912992125979
21
-3.159688779527559
0
LINE
8
BLACK
6
CONTINUOUS
10
5.3625912992125979
20
-3.159688779527559
11
5.3626480314960627
21
-3.1591127165354331
0
LINE
8
BLACK
6
CONTINUOUS
10
5.3626480314960627
20
-3.1591127165354331
11
5.3630889370078743
21
-3.1580483070866139
0
LINE
8
BLACK
6
CONTINUOUS
10
5.3630889370078743
20
-3.1580483070866139
11
5.3639035826771648
21
-3.1572336614173229
0
LINE
8
BLACK
6
CONTINUOUS
10
5.3639035826771648
20
-3.1572336614173229
11
5.3649679921259841
21
-3.1567927559055118
0
LINE
8
BLACK
6
CONTINUOUS
10
5.3649679921259841
20
-3.1567927559055118
11
5.3661201181102358
21
-3.1567927559055118
0
LINE
8
BLACK
6
CONTINUOUS
10
5.3661201181102358
20
-3.1567927559055118
11
5.3671845275590551
21
-3.1572336614173229
0
LINE
8
BLACK
6
CONTINUOUS
10
5.3671845275590551
20
-3.1572336614173229
11
5.3679991732283465
21
-3.1580483070866139
0
LINE
8
BLACK
6
CONTINUOUS
10
5.3679991732283465
20
-3.1580483070866139
11
5.3684400787401572
21
-3.1591127165354331
0
LINE
8
BLACK
6
CONTINUOUS
10
5.3684400787401572
20
-3.1591127165354331
11
5.368496811023622
21
-3.1821859448818897
0
LINE
8
BLACK
6
CONTINUOUS
10
5.368496811023622
20
-3.1821859448818897
11
5.3684400787401572
21
-3.1827620078740155
0
LINE
8
BLACK
6
CONTINUOUS
10
5.3684400787401572
20
-3.1827620078740155
11
5.3679991732283465
21
-3.1838264173228348
0
LINE
8
BLACK
6
CONTINUOUS
10
5.3679991732283465
20
-3.1838264173228348
11
5.3671845275590551
21
-3.1846410629921258
0
LINE
8
BLACK
6
CONTINUOUS
10
5.3671845275590551
20
-3.1846410629921258
11
5.3661201181102358
21
-3.1850819685039369
0
LINE
8
BLACK
6
CONTINUOUS
10
5.3661201181102358
20
-3.1850819685039369
11
5.3649679921259841
21
-3.1850819685039369
0
LINE
8
BLACK
6
CONTINUOUS
10
5.3649679921259841
20
-3.1850819685039369
11
5.3639035826771648
21
-3.1846410629921258
0
LINE
8
BLACK
6
CONTINUOUS
10
5.3639035826771648
20
-3.1846410629921258
11
5.3630889370078743
21
-3.1838264173228348
0
LINE
8
BLACK
6
CONTINUOUS
10
5.3630889370078743
20
-3.1838264173228348
11
5.3626480314960627
21
-3.1827620078740155
0
LINE
8
BLACK
6
CONTINUOUS
10
5.3626480314960627
20
-3.1827620078740155
11
5.3626260629921259
21
-3.173838346456693
0
LINE
8
BLACK
6
CONTINUOUS
10
5.3626260629921259
20
-3.173838346456693
11
5.3261739763779525
21
-3.1738901181102364
0
LINE
8
BLACK
6
CONTINUOUS
10
5.3261739763779525
20
-3.1738901181102364
11
5.3261718897637795
21
-3.1738898818897638
0
LINE
8
BLACK
6
CONTINUOUS
10
5.3261718897637795
20
-3.1738898818897638
11
5.326170866141732
21
-3.1738901181102364
0
LINE
8
BLACK
6
CONTINUOUS
10
5.326170866141732
20
-3.1738901181102364
11
5.3261678346456689
21
-3.1738894881889763
0
LINE
8
BLACK
6
CONTINUOUS
10
5.3261678346456689
20
-3.1738894881889763
11
5.3255979133858267
21
-3.1738333858267715
0
LINE
8
BLACK
6
CONTINUOUS
10
5.3255979133858267
20
-3.1738333858267715
11
5.3253277952755909
21
-3.173721496062992
0
LINE
8
BLACK
6
CONTINUOUS
10
5.3253277952755909
20
-3.173721496062992
11
5.3250411811023621
21
-3.1736641732283464
0
LINE
8
BLACK
6
CONTINUOUS
10
5.3250411811023621
20
-3.1736641732283464
11
5.3248007874015748
21
-3.1735031889763778
0
LINE
8
BLACK
6
CONTINUOUS
10
5.3248007874015748
20
-3.1735031889763778
11
5.3245335039370074
21
-3.1733924803149605
0
LINE
8
BLACK
6
CONTINUOUS
10
5.3245335039370074
20
-3.1733924803149605
11
5.324326771653543
21
-3.173185748031496
0
LINE
8
BLACK
6
CONTINUOUS
10
5.324326771653543
20
-3.173185748031496
11
5.3240838976377951
21
-3.1730231102362203
0
LINE
8
BLACK
6
CONTINUOUS
10
5.3240838976377951
20
-3.1730231102362203
11
5.3239233858267712
21
-3.1727823622047242
0
LINE
8
BLACK
6
CONTINUOUS
10
5.3239233858267712
20
-3.1727823622047242
11
5.3237188582677168
21
-3.172577834645669
0
LINE
8
BLACK
6
CONTINUOUS
10
5.3237188582677168
20
-3.172577834645669
11
5.3236069685039364
21
-3.1723077165354332
0
LINE
8
BLACK
6
CONTINUOUS
10
5.3236069685039364
20
-3.1723077165354332
11
5.3234448031496058
21
-3.1720644881889761
0
LINE
8
BLACK
6
CONTINUOUS
10
5.3234448031496058
20
-3.1720644881889761
11
5.3233886614173231
21
-3.1717806692913384
0
LINE
8
BLACK
6
CONTINUOUS
10
5.3233886614173231
20
-3.1717806692913384
11
5.3232779527559053
21
-3.1715134251968502
0
LINE
8
BLACK
6
CONTINUOUS
10
5.3232779527559053
20
-3.1715134251968502
11
5.3232779527559053
21
-3.1712210236220471
0
LINE
8
BLACK
6
CONTINUOUS
10
5.3232779527559053
20
-3.1712210236220471
11
5.3232212204724405
21
-3.1709342519685038
0
LINE
8
BLACK
6
CONTINUOUS
10
5.3232212204724405
20
-3.1709342519685038
11
5.3232779527559053
21
-3.170650590551181
0
LINE
8
BLACK
6
CONTINUOUS
10
5.3232779527559053
20
-3.170650590551181
11
5.3232779527559053
21
-3.1703612992125985
0
LINE
8
BLACK
6
CONTINUOUS
10
5.3232779527559053
20
-3.1703612992125985
11
5.3233898031496061
21
-3.1700911811023622
0
LINE
8
BLACK
6
CONTINUOUS
10
5.3233898031496061
20
-3.1700911811023622
11
5.3234471653543309
21
-3.1698045669291339
0
LINE
8
BLACK
6
CONTINUOUS
10
5.3234471653543309
20
-3.1698045669291339
11
5.3236081102362203
21
-3.1695641732283466
0
LINE
8
BLACK
6
CONTINUOUS
10
5.3236081102362203
20
-3.1695641732283466
11
5.3237188582677168
21
-3.1692968897637797
0
LINE
8
BLACK
6
CONTINUOUS
10
5.3237188582677168
20
-3.1692968897637797
11
5.3239255511811026
21
-3.1690901574803148
0
LINE
8
BLACK
6
CONTINUOUS
10
5.3239255511811026
20
-3.1690901574803148
11
5.324088228346457
21
-3.1688472834645669
0
LINE
8
BLACK
6
CONTINUOUS
10
5.324088228346457
20
-3.1688472834645669
11
5.3243373228346451
21
-3.1686783858267717
0
LINE
8
BLACK
6
CONTINUOUS
10
5.3243373228346451
20
-3.1686783858267717
11
5.3245335039370074
21
-3.1684822440944882
0
LINE
8
BLACK
6
CONTINUOUS
10
5.3245335039370074
20
-3.1684822440944882
11
5.3247731496062993
21
-3.1683829527559055
0
LINE
8
BLACK
6
CONTINUOUS
10
5.3247731496062993
20
-3.1683829527559055
11
5.3301112204724408
21
-3.1647642913385825
0
LINE
8
BLACK
6
CONTINUOUS
10
5.3301112204724408
20
-3.1647642913385825
11
5.3332118503937007
21
-3.1616032283464568
0
LINE
8
BLACK
6
CONTINUOUS
10
5.3332118503937007
20
-3.1616032283464568
11
5.3347815354330708
21
-3.1583682677165354
0
LINE
8
BLACK
6
CONTINUOUS
10
5.3347815354330708
20
-3.1583682677165354
11
5.3350898818897639
21
-3.1578783858267716
0
LINE
8
BLACK
6
CONTINUOUS
10
5.3350898818897639
20
-3.1578783858267716
11
5.3359602755905513
21
-3.1571235433070863
0
LINE
8
BLACK
6
CONTINUOUS
10
5.3359602755905513
20
-3.1571235433070863
11
5.3370532283464565
21
-3.1567592125984252
0
LINE
8
BLACK
6
CONTINUOUS
10
5.3370532283464565
20
-3.1567592125984252
11
5.3382024409448814
21
-3.1568408661417324
0
LINE
8
BLACK
6
CONTINUOUS
10
5.661133858267716
20
-3.1373758267716534
11
5.6611768897637793
21
-3.1373694488188977
0
LINE
8
BLACK
6
CONTINUOUS
10
5.6611768897637793
20
-3.1373694488188977
11
5.6612505511811024
21
-3.1373873228346456
0
LINE
8
BLACK
6
CONTINUOUS
10
5.6612505511811024
20
-3.1373873228346456
11
5.6616094094488192
21
-3.1374226771653544
0
LINE
8
BLACK
6
CONTINUOUS
10
5.6616094094488192
20
-3.1374226771653544
11
5.6619112992125986
21
-3.1375477165354329
0
LINE
8
BLACK
6
CONTINUOUS
10
5.6619112992125986
20
-3.1375477165354329
11
5.6692485433070861
21
-3.1393288582677163
0
LINE
8
BLACK
6
CONTINUOUS
10
5.6692485433070861
20
-3.1393288582677163
11
5.6692910236220468
21
-3.1393440157480312
0
LINE
8
BLACK
6
CONTINUOUS
10
5.6692910236220468
20
-3.1393440157480312
11
5.6693122834645671
21
-3.1393455511811021
0
LINE
8
BLACK
6
CONTINUOUS
10
5.6693122834645671
20
-3.1393455511811021
11
5.6693598031496064
21
-3.1393685826771653
0
LINE
8
BLACK
6
CONTINUOUS
10
5.6693598031496064
20
-3.1393685826771653
11
5.669793661417323
21
-3.139523622047244
0
LINE
8
BLACK
6
CONTINUOUS
10
5.669793661417323
20
-3.139523622047244
11
5.6700106299212596
21
-3.1396844094488188
0
LINE
8
BLACK
6
CONTINUOUS
10
5.6700106299212596
20
-3.1396844094488188
11
5.6736024409448822
21
-3.1414272047244092
0
LINE
8
BLACK
6
CONTINUOUS
10
5.6736024409448822
20
-3.1414272047244092
11
5.6738503149606299
21
-3.1415832283464566
0
LINE
8
BLACK
6
CONTINUOUS
10
5.6738503149606299
20
-3.1415832283464566
11
5.6739223622047241
21
-3.1416130708661418
0
LINE
8
BLACK
6
CONTINUOUS
10
5.6739223622047241
20
-3.1416130708661418
11
5.6739664566929129
21
-3.1416562992125985
0
LINE
8
BLACK
6
CONTINUOUS
10
5.6739664566929129
20
-3.1416562992125985
11
5.6740923228346452
21
-3.1417355511811023
0
LINE
8
BLACK
6
CONTINUOUS
10
5.6740923228346452
20
-3.1417355511811023
11
5.6743491338582679
21
-3.1420316929133856
0
LINE
8
BLACK
6
CONTINUOUS
10
5.6743491338582679
20
-3.1420316929133856
11
5.6781194094488185
21
-3.1457298425196849
0
LINE
8
BLACK
6
CONTINUOUS
10
5.6781194094488185
20
-3.1457298425196849
11
5.678486653543307
21
-3.1461772834645667
0
LINE
8
BLACK
6
CONTINUOUS
10
5.678486653543307
20
-3.1461772834645667
11
5.6785272440944885
21
-3.1462753149606297
0
LINE
8
BLACK
6
CONTINUOUS
10
5.6785272440944885
20
-3.1462753149606297
11
5.6785967322834647
21
-3.1463554330708661
0
LINE
8
BLACK
6
CONTINUOUS
10
5.6785967322834647
20
-3.1463554330708661
11
5.6787717322834643
21
-3.1468655905511809
0
LINE
8
BLACK
6
CONTINUOUS
10
5.6787717322834643
20
-3.1468655905511809
11
5.6789275196850388
21
-3.147241692913386
0
LINE
8
BLACK
6
CONTINUOUS
10
5.6789275196850388
20
-3.147241692913386
11
5.6789275196850388
21
-3.1473196456692913
0
LINE
8
BLACK
6
CONTINUOUS
10
5.6789275196850388
20
-3.1473196456692913
11
5.6807074803149602
21
-3.1525082677165353
0
LINE
8
BLACK
6
CONTINUOUS
10
5.6807074803149602
20
-3.1525082677165353
11
5.6807724015748029
21
-3.1527938976377952
0
LINE
8
BLACK
6
CONTINUOUS
10
5.6807724015748029
20
-3.1527938976377952
11
5.6808022834645664
21
-3.1528659842519686
0
LINE
8
BLACK
6
CONTINUOUS
10
5.6808022834645664
20
-3.1528659842519686
11
5.6808030708661414
21
-3.1529288188976379
0
LINE
8
BLACK
6
CONTINUOUS
10
5.6808030708661414
20
-3.1529288188976379
11
5.680835826771653
21
-3.1530727165354331
0
LINE
8
BLACK
6
CONTINUOUS
10
5.680835826771653
20
-3.1530727165354331
11
5.6808097637795276
21
-3.1534388582677164
0
LINE
8
BLACK
6
CONTINUOUS
10
5.6808097637795276
20
-3.1534388582677164
11
5.6808590157480312
21
-3.1571915748031496
0
LINE
8
BLACK
6
CONTINUOUS
10
5.6808590157480312
20
-3.1571915748031496
11
5.6808302755905506
21
-3.1574831496062989
0
LINE
8
BLACK
6
CONTINUOUS
10
5.6808302755905506
20
-3.1574831496062989
11
5.680835826771653
21
-3.157560905511811
0
LINE
8
BLACK
6
CONTINUOUS
10
5.680835826771653
20
-3.157560905511811
11
5.6808168503937004
21
-3.1576194488188976
0
LINE
8
BLACK
6
CONTINUOUS
10
5.6808168503937004
20
-3.1576194488188976
11
5.6808022834645664
21
-3.1577676377952755
0
LINE
8
BLACK
6
CONTINUOUS
10
5.6808022834645664
20
-3.1577676377952755
11
5.6806496062992125
21
-3.1581361417322835
0
LINE
8
BLACK
6
CONTINUOUS
10
5.6806496062992125
20
-3.1581361417322835
11
5.6788327165354326
21
-3.1637496062992123
0
LINE
8
BLACK
6
CONTINUOUS
10
5.6788327165354326
20
-3.1637496062992123
11
5.6785967322834647
21
-3.164278188976378
0
LINE
8
BLACK
6
CONTINUOUS
10
5.6785967322834647
20
-3.164278188976378
11
5.678527165354331
21
-3.1643583464566927
0
LINE
8
BLACK
6
CONTINUOUS
10
5.678527165354331
20
-3.1643583464566927
11
5.6784866141732282
21
-3.1644563385826769
0
LINE
8
BLACK
6
CONTINUOUS
10
5.6784866141732282
20
-3.1644563385826769
11
5.6780498425196848
21
-3.1649087007874015
0
LINE
8
BLACK
6
CONTINUOUS
10
5.6780498425196848
20
-3.1649087007874015
11
5.6778418503937003
21
-3.1651485433070867
0
LINE
8
BLACK
6
CONTINUOUS
10
5.6778418503937003
20
-3.1651485433070867
11
5.6777963385826773
21
-3.1651712598425195
0
LINE
8
BLACK
6
CONTINUOUS
10
5.6777963385826773
20
-3.1651712598425195
11
5.6762445669291335
21
-3.1667785826771655
0
LINE
8
BLACK
6
CONTINUOUS
10
5.6762445669291335
20
-3.1667785826771655
11
5.6757971259842517
21
-3.1671457874015747
0
LINE
8
BLACK
6
CONTINUOUS
10
5.6757971259842517
20
-3.1671457874015747
11
5.6747327165354333
21
-3.167586653543307
0
LINE
8
BLACK
6
CONTINUOUS
10
5.6747327165354333
20
-3.167586653543307
11
5.6735806299212594
21
-3.167586653543307
0
LINE
8
BLACK
6
CONTINUOUS
10
5.6735806299212594
20
-3.167586653543307
11
5.6725162204724411
21
-3.167145748031496
0
LINE
8
BLACK
6
CONTINUOUS
10
5.6725162204724411
20
-3.167145748031496
11
5.6717015354330709
21
-3.1663310629921257
0
LINE
8
BLACK
6
CONTINUOUS
10
5.6717015354330709
20
-3.1663310629921257
11
5.6712606692913381
21
-3.1652666535433069
0
LINE
8
BLACK
6
CONTINUOUS
10
5.6712606692913381
20
-3.1652666535433069
11
5.6712606692913381
21
-3.164114566929134
0
LINE
8
BLACK
6
CONTINUOUS
10
5.6712606692913381
20
-3.164114566929134
11
5.6717015748031496
21
-3.1630501574803147
0
LINE
8
BLACK
6
CONTINUOUS
10
5.6717015748031496
20
-3.1630501574803147
11
5.6735142519685038
21
-3.1611725984251966
0
LINE
8
BLACK
6
CONTINUOUS
10
5.6735142519685038
20
-3.1611725984251966
11
5.6749948818897638
21
-3.1565981102362204
0
LINE
8
BLACK
6
CONTINUOUS
10
5.6749948818897638
20
-3.1565981102362204
11
5.6749580314960628
21
-3.1537879133858269
0
LINE
8
BLACK
6
CONTINUOUS
10
5.6749580314960628
20
-3.1537879133858269
11
5.673428188976378
21
-3.1493284645669291
0
LINE
8
BLACK
6
CONTINUOUS
10
5.673428188976378
20
-3.1493284645669291
11
5.6704468503937004
21
-3.1464041732283463
0
LINE
8
BLACK
6
CONTINUOUS
10
5.6704468503937004
20
-3.1464041732283463
11
5.6673047244094485
21
-3.1448795275590551
0
LINE
8
BLACK
6
CONTINUOUS
10
5.6673047244094485
20
-3.1448795275590551
11
5.6604888582677164
21
-3.1432249606299214
0
LINE
8
BLACK
6
CONTINUOUS
10
5.6604888582677164
20
-3.1432249606299214
11
5.6555765748031499
21
-3.1432699212598423
0
LINE
8
BLACK
6
CONTINUOUS
10
5.6555765748031499
20
-3.1432699212598423
11
5.6487486220472443
21
-3.1450265354330709
0
LINE
8
BLACK
6
CONTINUOUS
10
5.6487486220472443
20
-3.1450265354330709
11
5.6457905511811024
21
-3.1465498031496062
0
LINE
8
BLACK
6
CONTINUOUS
10
5.6457905511811024
20
-3.1465498031496062
11
5.6429248031496062
21
-3.1494714173228346
0
LINE
8
BLACK
6
CONTINUOUS
10
5.6429248031496062
20
-3.1494714173228346
11
5.6414475196850393
21
-3.154035472440945
0
LINE
8
BLACK
6
CONTINUOUS
10
5.6414475196850393
20
-3.154035472440945
11
5.6414843700787403
21
-3.1568456299212597
0
LINE
8
BLACK
6
CONTINUOUS
10
5.6414843700787403
20
-3.1568456299212597
11
5.6430066141732285
21
-3.1612829527559057
0
LINE
8
BLACK
6
CONTINUOUS
10
5.6430066141732285
20
-3.1612829527559057
11
5.6443736220472438
21
-3.1626027165354329
0
LINE
8
BLACK
6
CONTINUOUS
10
5.6443736220472438
20
-3.1626027165354329
11
5.6447408267716535
21
-3.1630501574803147
0
LINE
8
BLACK
6
CONTINUOUS
10
5.6447408267716535
20
-3.1630501574803147
11
5.6451817322834641
21
-3.164114566929134
0
LINE
8
BLACK
6
CONTINUOUS
10
5.6451817322834641
20
-3.164114566929134
11
5.6451817322834641
21
-3.1652666535433069
0
LINE
8
BLACK
6
CONTINUOUS
10
5.6451817322834641
20
-3.1652666535433069
11
5.6447408267716535
21
-3.1663310629921257
0
LINE
8
BLACK
6
CONTINUOUS
10
5.6447408267716535
20
-3.1663310629921257
11
5.6439261417322832
21
-3.167145748031496
0
LINE
8
BLACK
6
CONTINUOUS
10
5.6439261417322832
20
-3.167145748031496
11
5.6428617322834649
21
-3.167586653543307
0
LINE
8
BLACK
6
CONTINUOUS
10
5.6428617322834649
20
-3.167586653543307
11
5.641709645669291
21
-3.167586653543307
0
LINE
8
BLACK
6
CONTINUOUS
10
5.641709645669291
20
-3.167586653543307
11
5.6406452362204726
21
-3.167145748031496
0
LINE
8
BLACK
6
CONTINUOUS
10
5.6406452362204726
20
-3.167145748031496
11
5.6383230314960633
21
-3.1649037795275592
0
LINE
8
BLACK
6
CONTINUOUS
10
5.6383230314960633
20
-3.1649037795275592
11
5.6379558267716536
21
-3.1644563385826769
0
LINE
8
BLACK
6
CONTINUOUS
10
5.6379558267716536
20
-3.1644563385826769
11
5.6379151968503933
21
-3.1643582677165352
0
LINE
8
BLACK
6
CONTINUOUS
10
5.6379151968503933
20
-3.1643582677165352
11
5.6378457086614171
21
-3.1642781496062993
0
LINE
8
BLACK
6
CONTINUOUS
10
5.6378457086614171
20
-3.1642781496062993
11
5.63767062992126
21
-3.163767834645669
0
LINE
8
BLACK
6
CONTINUOUS
10
5.63767062992126
20
-3.163767834645669
11
5.6375149212598421
21
-3.1633918897637794
0
LINE
8
BLACK
6
CONTINUOUS
10
5.6375149212598421
20
-3.1633918897637794
11
5.6375149212598421
21
-3.1633138976377952
0
LINE
8
BLACK
6
CONTINUOUS
10
5.6375149212598421
20
-3.1633138976377952
11
5.6357349606299207
21
-3.1581253149606296
0
LINE
8
BLACK
6
CONTINUOUS
10
5.6357349606299207
20
-3.1581253149606296
11
5.6356700000000002
21
-3.1578397244094489
0
LINE
8
BLACK
6
CONTINUOUS
10
5.6356700000000002
20
-3.1578397244094489
11
5.6356401574803145
21
-3.1577676377952755
0
LINE
8
BLACK
6
CONTINUOUS
10
5.6356401574803145
20
-3.1577676377952755
11
5.6356393307086616
21
-3.1577047244094487
0
LINE
8
BLACK
6
CONTINUOUS
10
5.6356393307086616
20
-3.1577047244094487
11
5.6356066141732279
21
-3.1575608661417323
0
LINE
8
BLACK
6
CONTINUOUS
10
5.6356066141732279
20
-3.1575608661417323
11
5.6356326377952755
21
-3.1571946850393702
0
LINE
8
BLACK
6
CONTINUOUS
10
5.6356326377952755
20
-3.1571946850393702
11
5.6355834251968506
21
-3.1534420472440945
0
LINE
8
BLACK
6
CONTINUOUS
10
5.6355834251968506
20
-3.1534420472440945
11
5.6356121259842515
21
-3.1531504724409447
0
LINE
8
BLACK
6
CONTINUOUS
10
5.6356121259842515
20
-3.1531504724409447
11
5.6356066141732279
21
-3.1530727559055118
0
LINE
8
BLACK
6
CONTINUOUS
10
5.6356066141732279
20
-3.1530727559055118
11
5.6356255511811026
21
-3.1530142125984253
0
LINE
8
BLACK
6
CONTINUOUS
10
5.6356255511811026
20
-3.1530142125984253
11
5.6356401574803145
21
-3.1528659842519686
0
LINE
8
BLACK
6
CONTINUOUS
10
5.6356401574803145
20
-3.1528659842519686
11
5.6357928346456694
21
-3.1524973228346456
0
LINE
8
BLACK
6
CONTINUOUS
10
5.6357928346456694
20
-3.1524973228346456
11
5.6376097244094483
21
-3.1468840157480313
0
LINE
8
BLACK
6
CONTINUOUS
10
5.6376097244094483
20
-3.1468840157480313
11
5.6378457086614171
21
-3.1463554724409448
0
LINE
8
BLACK
6
CONTINUOUS
10
5.6378457086614171
20
-3.1463554724409448
11
5.6379151968503933
21
-3.1462753149606297
0
LINE
8
BLACK
6
CONTINUOUS
10
5.6379151968503933
20
-3.1462753149606297
11
5.6379558267716536
21
-3.1461772834645667
0
LINE
8
BLACK
6
CONTINUOUS
10
5.6379558267716536
20
-3.1461772834645667
11
5.6383396062992128
21
-3.1457859842519684
0
LINE
8
BLACK
6
CONTINUOUS
10
5.6383396062992128
20
-3.1457859842519684
11
5.6386005905511807
21
-3.1454851181102361
0
LINE
8
BLACK
6
CONTINUOUS
10
5.6386005905511807
20
-3.1454851181102361
11
5.6386676377952751
21
-3.1454515748031495
0
LINE
8
BLACK
6
CONTINUOUS
10
5.6386676377952751
20
-3.1454515748031495
11
5.6420725590551184
21
-3.1419803149606298
0
LINE
8
BLACK
6
CONTINUOUS
10
5.6420725590551184
20
-3.1419803149606298
11
5.6422989370078742
21
-3.1417944488188976
0
LINE
8
BLACK
6
CONTINUOUS
10
5.6422989370078742
20
-3.1417944488188976
11
5.642350078740157
21
-3.1417355511811023
0
LINE
8
BLACK
6
CONTINUOUS
10
5.642350078740157
20
-3.1417355511811023
11
5.6424055905511814
21
-3.1417069291338584
0
LINE
8
BLACK
6
CONTINUOUS
10
5.6424055905511814
20
-3.1417069291338584
11
5.6425200000000002
21
-3.1416130708661418
0
LINE
8
BLACK
6
CONTINUOUS
10
5.6425200000000002
20
-3.1416130708661418
11
5.6428670472440947
21
-3.1414692913385824
0
LINE
8
BLACK
6
CONTINUOUS
10
5.6428670472440947
20
-3.1414692913385824
11
5.646589488188976
21
-3.1395524409448816
0
LINE
8
BLACK
6
CONTINUOUS
10
5.646589488188976
20
-3.1395524409448816
11
5.6466315748031493
21
-3.1395362992125984
0
LINE
8
BLACK
6
CONTINUOUS
10
5.6466315748031493
20
-3.1395362992125984
11
5.6466487401574801
21
-3.139523622047244
0
LINE
8
BLACK
6
CONTINUOUS
10
5.6466487401574801
20
-3.139523622047244
11
5.6466976771653545
21
-3.1395110236220471
0
LINE
8
BLACK
6
CONTINUOUS
10
5.6466976771653545
20
-3.1395110236220471
11
5.6471300787401573
21
-3.1393455511811021
0
LINE
8
BLACK
6
CONTINUOUS
10
5.6471300787401573
20
-3.1393455511811021
11
5.6474212992125983
21
-3.1393248425196849
0
LINE
8
BLACK
6
CONTINUOUS
10
5.6474212992125983
20
-3.1393248425196849
11
5.6546929133858264
21
-3.1374540944881888
0
LINE
8
BLACK
6
CONTINUOUS
10
5.6546929133858264
20
-3.1374540944881888
11
5.654792755905512
21
-3.1374392913385827
0
LINE
8
BLACK
6
CONTINUOUS
10
5.654792755905512
20
-3.1374392913385827
11
5.6548329921259839
21
-3.1374226771653544
0
LINE
8
BLACK
6
CONTINUOUS
10
5.6548329921259839
20
-3.1374226771653544
11
5.6549101968503939
21
-3.1374219685039368
0
LINE
8
BLACK
6
CONTINUOUS
10
5.6549101968503939
20
-3.1374219685039368
11
5.6552655118110238
21
-3.1373694488188977
0
LINE
8
BLACK
6
CONTINUOUS
10
5.6552655118110238
20
-3.1373694488188977
11
5.6555774409448816
21
-3.1374158267716536
0
LINE
8
BLACK
6
CONTINUOUS
10
5.6555774409448816
20
-3.1374158267716536
11
5.6610333464566924
21
-3.1373659448818896
0
LINE
8
BLACK
6
CONTINUOUS
10
5.6610333464566924
20
-3.1373659448818896
11
5.661133858267716
21
-3.1373758267716534
0
LINE
8
BLACK
6
CONTINUOUS
10
5.3487716535433067
20
-3.1173758267716534
11
5.3488146850393701
21
-3.1173694488188977
0
LINE
8
BLACK
6
CONTINUOUS
10
5.3488146850393701
20
-3.1173694488188977
11
5.3488883464566932
21
-3.1173873228346456
0
LINE
8
BLACK
6
CONTINUOUS
10
5.3488883464566932
20
-3.1173873228346456
11
5.3492472047244091
21
-3.1174226771653544
0
LINE
8
BLACK
6
CONTINUOUS
10
5.3492472047244091
20
-3.1174226771653544
11
5.3495490944881885
21
-3.1175477165354328
0
LINE
8
BLACK
6
CONTINUOUS
10
5.3495490944881885
20
-3.1175477165354328
11
5.3568863385826768
21
-3.1193288582677163
0
LINE
8
BLACK
6
CONTINUOUS
10
5.3568863385826768
20
-3.1193288582677163
11
5.3569288188976376
21
-3.1193440157480312
0
LINE
8
BLACK
6
CONTINUOUS
10
5.3569288188976376
20
-3.1193440157480312
11
5.3569500787401569
21
-3.1193455511811021
0
LINE
8
BLACK
6
CONTINUOUS
10
5.3569500787401569
20
-3.1193455511811021
11
5.3569975984251963
21
-3.1193685826771653
0
LINE
8
BLACK
6
CONTINUOUS
10
5.3569975984251963
20
-3.1193685826771653
11
5.3574314566929129
21
-3.119523622047244
0
LINE
8
BLACK
6
CONTINUOUS
10
5.3574314566929129
20
-3.119523622047244
11
5.3576484251968504
21
-3.1196844094488188
0
LINE
8
BLACK
6
CONTINUOUS
10
5.3576484251968504
20
-3.1196844094488188
11
5.3612402362204721
21
-3.1214272047244096
0
LINE
8
BLACK
6
CONTINUOUS
10
5.3612402362204721
20
-3.1214272047244096
11
5.3614881102362206
21
-3.1215832283464566
0
LINE
8
BLACK
6
CONTINUOUS
10
5.3614881102362206
20
-3.1215832283464566
11
5.3615601574803149
21
-3.1216130708661418
0
LINE
8
BLACK
6
CONTINUOUS
10
5.3615601574803149
20
-3.1216130708661418
11
5.3616042519685037
21
-3.1216562992125985
0
LINE
8
BLACK
6
CONTINUOUS
10
5.3616042519685037
20
-3.1216562992125985
11
5.3617301181102359
21
-3.1217355511811022
0
LINE
8
BLACK
6
CONTINUOUS
10
5.3617301181102359
20
-3.1217355511811022
11
5.3619869291338578
21
-3.1220316929133856
0
LINE
8
BLACK
6
CONTINUOUS
10
5.3619869291338578
20
-3.1220316929133856
11
5.3657572047244093
21
-3.1257298425196849
0
LINE
8
BLACK
6
CONTINUOUS
10
5.3657572047244093
20
-3.1257298425196849
11
5.3661244488188977
21
-3.1261772834645667
0
LINE
8
BLACK
6
CONTINUOUS
10
5.3661244488188977
20
-3.1261772834645667
11
5.3661650393700784
21
-3.1262753149606297
0
LINE
8
BLACK
6
CONTINUOUS
10
5.3661650393700784
20
-3.1262753149606297
11
5.3662345275590546
21
-3.1263554330708661
0
LINE
8
BLACK
6
CONTINUOUS
10
5.3662345275590546
20
-3.1263554330708661
11
5.3664095275590551
21
-3.1268655905511809
0
LINE
8
BLACK
6
CONTINUOUS
10
5.3664095275590551
20
-3.1268655905511809
11
5.3665653149606296
21
-3.1272416929133859
0
LINE
8
BLACK
6
CONTINUOUS
10
5.3665653149606296
20
-3.1272416929133859
11
5.3665653149606296
21
-3.1273196456692913
0
LINE
8
BLACK
6
CONTINUOUS
10
5.3665653149606296
20
-3.1273196456692913
11
5.368345275590551
21
-3.1325082677165352
0
LINE
8
BLACK
6
CONTINUOUS
10
5.368345275590551
20
-3.1325082677165352
11
5.3684101968503937
21
-3.1327938976377951
0
LINE
8
BLACK
6
CONTINUOUS
10
5.3684101968503937
20
-3.1327938976377951
11
5.3684400787401572
21
-3.1328659842519686
0
LINE
8
BLACK
6
CONTINUOUS
10
5.3684400787401572
20
-3.1328659842519686
11
5.3684408661417322
21
-3.1329288188976379
0
LINE
8
BLACK
6
CONTINUOUS
10
5.3684408661417322
20
-3.1329288188976379
11
5.3684736220472438
21
-3.1330727165354331
0
LINE
8
BLACK
6
CONTINUOUS
10
5.3684736220472438
20
-3.1330727165354331
11
5.3684475590551184
21
-3.1334388582677164
0
LINE
8
BLACK
6
CONTINUOUS
10
5.3684475590551184
20
-3.1334388582677164
11
5.368496811023622
21
-3.1371915748031496
0
LINE
8
BLACK
6
CONTINUOUS
10
5.368496811023622
20
-3.1371915748031496
11
5.3684680708661414
21
-3.1374831496062989
0
LINE
8
BLACK
6
CONTINUOUS
10
5.3684680708661414
20
-3.1374831496062989
11
5.3684736220472438
21
-3.137560905511811
0
LINE
8
BLACK
6
CONTINUOUS
10
5.3684736220472438
20
-3.137560905511811
11
5.3684546456692912
21
-3.1376194488188975
0
LINE
8
BLACK
6
CONTINUOUS
10
5.3684546456692912
20
-3.1376194488188975
11
5.3684400787401572
21
-3.1377676377952755
0
LINE
8
BLACK
6
CONTINUOUS
10
5.3684400787401572
20
-3.1377676377952755
11
5.3682874015748032
21
-3.1381361417322835
0
LINE
8
BLACK
6
CONTINUOUS
10
5.3682874015748032
20
-3.1381361417322835
11
5.3664705118110234
21
-3.1437496062992127
0
LINE
8
BLACK
6
CONTINUOUS
10
5.3664705118110234
20
-3.1437496062992127
11
5.3662345275590546
21
-3.144278188976378
0
LINE
8
BLACK
6
CONTINUOUS
10
5.3662345275590546
20
-3.144278188976378
11
5.3661649606299209
21
-3.1443583464566927
0
LINE
8
BLACK
6
CONTINUOUS
10
5.3661649606299209
20
-3.1443583464566927
11
5.366124409448819
21
-3.1444563385826769
0
LINE
8
BLACK
6
CONTINUOUS
10
5.366124409448819
20
-3.1444563385826769
11
5.3656876377952756
21
-3.1449087007874015
0
LINE
8
BLACK
6
CONTINUOUS
10
5.3656876377952756
20
-3.1449087007874015
11
5.365479645669291
21
-3.1451485433070867
0
LINE
8
BLACK
6
CONTINUOUS
10
5.365479645669291
20
-3.1451485433070867
11
5.3654341338582672
21
-3.1451712598425194
0
LINE
8
BLACK
6
CONTINUOUS
10
5.3654341338582672
20
-3.1451712598425194
11
5.3638823622047243
21
-3.1467785826771655
0
LINE
8
BLACK
6
CONTINUOUS
10
5.3638823622047243
20
-3.1467785826771655
11
5.3634349212598424
21
-3.1471457874015747
0
LINE
8
BLACK
6
CONTINUOUS
10
5.3634349212598424
20
-3.1471457874015747
11
5.3623705118110232
21
-3.147586653543307
0
LINE
8
BLACK
6
CONTINUOUS
10
5.3623705118110232
20
-3.147586653543307
11
5.3612184251968502
21
-3.147586653543307
0
LINE
8
BLACK
6
CONTINUOUS
10
5.3612184251968502
20
-3.147586653543307
11
5.360154015748031
21
-3.1471457480314959
0
LINE
8
BLACK
6
CONTINUOUS
10
5.360154015748031
20
-3.1471457480314959
11
5.3593393307086616
21
-3.1463310629921257
0
LINE
8
BLACK
6
CONTINUOUS
10
5.3593393307086616
20
-3.1463310629921257
11
5.3588984645669289
21
-3.1452666535433069
0
LINE
8
BLACK
6
CONTINUOUS
10
5.3588984645669289
20
-3.1452666535433069
11
5.3588984645669289
21
-3.1441145669291339
0
LINE
8
BLACK
6
CONTINUOUS
10
5.3588984645669289
20
-3.1441145669291339
11
5.3593393700787404
21
-3.1430501574803147
0
LINE
8
BLACK
6
CONTINUOUS
10
5.3593393700787404
20
-3.1430501574803147
11
5.3611520472440946
21
-3.1411725984251966
0
LINE
8
BLACK
6
CONTINUOUS
10
5.3611520472440946
20
-3.1411725984251966
11
5.3626326771653545
21
-3.1365981102362204
0
LINE
8
BLACK
6
CONTINUOUS
10
5.3626326771653545
20
-3.1365981102362204
11
5.3625958267716536
21
-3.1337879133858269
0
LINE
8
BLACK
6
CONTINUOUS
10
5.3625958267716536
20
-3.1337879133858269
11
5.3610659842519688
21
-3.129328464566929
0
LINE
8
BLACK
6
CONTINUOUS
10
5.3610659842519688
20
-3.129328464566929
11
5.3580846456692912
21
-3.1264041732283463
0
LINE
8
BLACK
6
CONTINUOUS
10
5.3580846456692912
20
-3.1264041732283463
11
5.3549425196850393
21
-3.1248795275590551
0
LINE
8
BLACK
6
CONTINUOUS
10
5.3549425196850393
20
-3.1248795275590551
11
5.3481266535433072
21
-3.1232249606299214
0
LINE
8
BLACK
6
CONTINUOUS
10
5.3481266535433072
20
-3.1232249606299214
11
5.3432143700787398
21
-3.1232699212598423
0
LINE
8
BLACK
6
CONTINUOUS
10
5.3432143700787398
20
-3.1232699212598423
11
5.3363864173228341
21
-3.1250265354330709
0
LINE
8
BLACK
6
CONTINUOUS
10
5.3363864173228341
20
-3.1250265354330709
11
5.3334283464566932
21
-3.1265498031496062
0
LINE
8
BLACK
6
CONTINUOUS
10
5.3334283464566932
20
-3.1265498031496062
11
5.330562598425197
21
-3.1294714173228346
0
LINE
8
BLACK
6
CONTINUOUS
10
5.330562598425197
20
-3.1294714173228346
11
5.3290853149606301
21
-3.1340354724409449
0
LINE
8
BLACK
6
CONTINUOUS
10
5.3290853149606301
20
-3.1340354724409449
11
5.329122165354331
21
-3.1368456299212597
0
LINE
8
BLACK
6
CONTINUOUS
10
5.329122165354331
20
-3.1368456299212597
11
5.3306444094488183
21
-3.1412829527559056
0
LINE
8
BLACK
6
CONTINUOUS
10
5.3306444094488183
20
-3.1412829527559056
11
5.3320114173228346
21
-3.1426027165354329
0
LINE
8
BLACK
6
CONTINUOUS
10
5.3320114173228346
20
-3.1426027165354329
11
5.3323786220472442
21
-3.1430501574803147
0
LINE
8
BLACK
6
CONTINUOUS
10
5.3323786220472442
20
-3.1430501574803147
11
5.3328195275590549
21
-3.1441145669291339
0
LINE
8
BLACK
6
CONTINUOUS
10
5.3328195275590549
20
-3.1441145669291339
11
5.3328195275590549
21
-3.1452666535433069
0
LINE
8
BLACK
6
CONTINUOUS
10
5.3328195275590549
20
-3.1452666535433069
11
5.3323786220472442
21
-3.1463310629921257
0
LINE
8
BLACK
6
CONTINUOUS
10
5.3323786220472442
20
-3.1463310629921257
11
5.331563937007874
21
-3.1471457480314959
0
LINE
8
BLACK
6
CONTINUOUS
10
5.331563937007874
20
-3.1471457480314959
11
5.3304995275590548
21
-3.147586653543307
0
LINE
8
BLACK
6
CONTINUOUS
10
5.3304995275590548
20
-3.147586653543307
11
5.3293474409448818
21
-3.147586653543307
0
LINE
8
BLACK
6
CONTINUOUS
10
5.3293474409448818
20
-3.147586653543307
11
5.3282830314960625
21
-3.1471457480314959
0
LINE
8
BLACK
6
CONTINUOUS
10
5.3282830314960625
20
-3.1471457480314959
11
5.3259608267716532
21
-3.1449037795275592
0
LINE
8
BLACK
6
CONTINUOUS
10
5.3259608267716532
20
-3.1449037795275592
11
5.3255936220472444
21
-3.1444563385826769
0
LINE
8
BLACK
6
CONTINUOUS
10
5.3255936220472444
20
-3.1444563385826769
11
5.3255529921259841
21
-3.1443582677165351
0
LINE
8
BLACK
6
CONTINUOUS
10
5.3255529921259841
20
-3.1443582677165351
11
5.3254835039370079
21
-3.1442781496062993
0
LINE
8
BLACK
6
CONTINUOUS
10
5.3254835039370079
20
-3.1442781496062993
11
5.3253084251968499
21
-3.143767834645669
0
LINE
8
BLACK
6
CONTINUOUS
10
5.3253084251968499
20
-3.143767834645669
11
5.3251527165354329
21
-3.1433918897637794
0
LINE
8
BLACK
6
CONTINUOUS
10
5.3251527165354329
20
-3.1433918897637794
11
5.3251527165354329
21
-3.1433138976377952
0
LINE
8
BLACK
6
CONTINUOUS
10
5.3251527165354329
20
-3.1433138976377952
11
5.3233727559055115
21
-3.1381253149606296
0
LINE
8
BLACK
6
CONTINUOUS
10
5.3233727559055115
20
-3.1381253149606296
11
5.3233077952755901
21
-3.1378397244094489
0
LINE
8
BLACK
6
CONTINUOUS
10
5.3233077952755901
20
-3.1378397244094489
11
5.3232779527559053
21
-3.1377676377952755
0
LINE
8
BLACK
6
CONTINUOUS
10
5.3232779527559053
20
-3.1377676377952755
11
5.3232771259842515
21
-3.1377047244094487
0
LINE
8
BLACK
6
CONTINUOUS
10
5.3232771259842515
20
-3.1377047244094487
11
5.3232444094488187
21
-3.1375608661417322
0
LINE
8
BLACK
6
CONTINUOUS
10
5.3232444094488187
20
-3.1375608661417322
11
5.3232704330708662
21
-3.1371946850393702
0
LINE
8
BLACK
6
CONTINUOUS
10
5.3232704330708662
20
-3.1371946850393702
11
5.3232212204724405
21
-3.1334420472440945
0
LINE
8
BLACK
6
CONTINUOUS
10
5.3232212204724405
20
-3.1334420472440945
11
5.3232499212598423
21
-3.1331504724409447
0
LINE
8
BLACK
6
CONTINUOUS
10
5.3232499212598423
20
-3.1331504724409447
11
5.3232444094488187
21
-3.1330727559055118
0
LINE
8
BLACK
6
CONTINUOUS
10
5.3232444094488187
20
-3.1330727559055118
11
5.3232633464566925
21
-3.1330142125984253
0
LINE
8
BLACK
6
CONTINUOUS
10
5.3232633464566925
20
-3.1330142125984253
11
5.3232779527559053
21
-3.1328659842519686
0
LINE
8
BLACK
6
CONTINUOUS
10
5.3232779527559053
20
-3.1328659842519686
11
5.3234306299212601
21
-3.1324973228346455
0
LINE
8
BLACK
6
CONTINUOUS
10
5.3234306299212601
20
-3.1324973228346455
11
5.3252475196850391
21
-3.1268840157480313
0
LINE
8
BLACK
6
CONTINUOUS
10
5.3252475196850391
20
-3.1268840157480313
11
5.3254835039370079
21
-3.1263554724409448
0
LINE
8
BLACK
6
CONTINUOUS
10
5.3254835039370079
20
-3.1263554724409448
11
5.3255529921259841
21
-3.1262753149606297
0
LINE
8
BLACK
6
CONTINUOUS
10
5.3255529921259841
20
-3.1262753149606297
11
5.3255936220472444
21
-3.1261772834645667
0
LINE
8
BLACK
6
CONTINUOUS
10
5.3255936220472444
20
-3.1261772834645667
11
5.3259774015748027
21
-3.1257859842519684
0
LINE
8
BLACK
6
CONTINUOUS
10
5.3259774015748027
20
-3.1257859842519684
11
5.3262383858267714
21
-3.1254851181102361
0
LINE
8
BLACK
6
CONTINUOUS
10
5.3262383858267714
20
-3.1254851181102361
11
5.3263054330708659
21
-3.1254515748031495
0
LINE
8
BLACK
6
CONTINUOUS
10
5.3263054330708659
20
-3.1254515748031495
11
5.3297103543307083
21
-3.1219803149606298
0
LINE
8
BLACK
6
CONTINUOUS
10
5.3297103543307083
20
-3.1219803149606298
11
5.3299367322834641
21
-3.1217944488188976
0
LINE
8
BLACK
6
CONTINUOUS
10
5.3299367322834641
20
-3.1217944488188976
11
5.3299878740157478
21
-3.1217355511811022
0
LINE
8
BLACK
6
CONTINUOUS
10
5.3299878740157478
20
-3.1217355511811022
11
5.3300433858267713
21
-3.1217069291338584
0
LINE
8
BLACK
6
CONTINUOUS
10
5.3300433858267713
20
-3.1217069291338584
11
5.3301577952755901
21
-3.1216130708661418
0
LINE
8
BLACK
6
CONTINUOUS
10
5.3301577952755901
20
-3.1216130708661418
11
5.3305048425196846
21
-3.1214692913385824
0
LINE
8
BLACK
6
CONTINUOUS
10
5.3305048425196846
20
-3.1214692913385824
11
5.3342272834645668
21
-3.1195524409448816
0
LINE
8
BLACK
6
CONTINUOUS
10
5.3342272834645668
20
-3.1195524409448816
11
5.33426937007874
21
-3.1195362992125983
0
LINE
8
BLACK
6
CONTINUOUS
10
5.33426937007874
20
-3.1195362992125983
11
5.3342865354330709
21
-3.119523622047244
0
LINE
8
BLACK
6
CONTINUOUS
10
5.3342865354330709
20
-3.119523622047244
11
5.3343354724409444
21
-3.1195110236220471
0
LINE
8
BLACK
6
CONTINUOUS
10
5.3343354724409444
20
-3.1195110236220471
11
5.334767874015748
21
-3.1193455511811021
0
LINE
8
BLACK
6
CONTINUOUS
10
5.334767874015748
20
-3.1193455511811021
11
5.335059094488189
21
-3.1193248425196849
0
LINE
8
BLACK
6
CONTINUOUS
10
5.335059094488189
20
-3.1193248425196849
11
5.3423307086614171
21
-3.1174540944881888
0
LINE
8
BLACK
6
CONTINUOUS
10
5.3423307086614171
20
-3.1174540944881888
11
5.3424305511811019
21
-3.1174392913385827
0
LINE
8
BLACK
6
CONTINUOUS
10
5.3424305511811019
20
-3.1174392913385827
11
5.3424707874015747
21
-3.1174226771653544
0
LINE
8
BLACK
6
CONTINUOUS
10
5.3424707874015747
20
-3.1174226771653544
11
5.3425479921259837
21
-3.1174219685039368
0
LINE
8
BLACK
6
CONTINUOUS
10
5.3425479921259837
20
-3.1174219685039368
11
5.3429033070866137
21
-3.1173694488188977
0
LINE
8
BLACK
6
CONTINUOUS
10
5.3429033070866137
20
-3.1173694488188977
11
5.3432152362204723
21
-3.1174158267716536
0
LINE
8
BLACK
6
CONTINUOUS
10
5.3432152362204723
20
-3.1174158267716536
11
5.3486711417322832
21
-3.1173659448818896
0
LINE
8
BLACK
6
CONTINUOUS
10
5.3486711417322832
20
-3.1173659448818896
11
5.3487716535433067
21
-3.1173758267716534
0
LINE
8
BLACK
6
CONTINUOUS
10
5.288686299212598
20
-3.1401748425196851
11
5.2897507086614173
21
-3.1406157480314958
0
LINE
8
BLACK
6
CONTINUOUS
10
5.2897507086614173
20
-3.1406157480314958
11
5.2905653543307087
21
-3.1414303937007872
0
LINE
8
BLACK
6
CONTINUOUS
10
5.2905653543307087
20
-3.1414303937007872
11
5.2910062598425194
21
-3.1424948031496061
0
LINE
8
BLACK
6
CONTINUOUS
10
5.2910062598425194
20
-3.1424948031496061
11
5.2910062598425194
21
-3.1436469291338582
0
LINE
8
BLACK
6
CONTINUOUS
10
5.2910062598425194
20
-3.1436469291338582
11
5.2905653543307087
21
-3.144711338582677
0
LINE
8
BLACK
6
CONTINUOUS
10
5.2905653543307087
20
-3.144711338582677
11
5.2897507086614173
21
-3.1455259842519685
0
LINE
8
BLACK
6
CONTINUOUS
10
5.2897507086614173
20
-3.1455259842519685
11
5.288686299212598
21
-3.1459668897637796
0
LINE
8
BLACK
6
CONTINUOUS
10
5.288686299212598
20
-3.1459668897637796
11
5.032204724409449
21
-3.146023622047244
0
LINE
8
BLACK
6
CONTINUOUS
10
5.032204724409449
20
-3.146023622047244
11
5.0316286614173231
21
-3.1459668897637796
0
LINE
8
BLACK
6
CONTINUOUS
10
5.0316286614173231
20
-3.1459668897637796
11
5.0305642519685039
21
-3.1455259842519685
0
LINE
8
BLACK
6
CONTINUOUS
10
5.0305642519685039
20
-3.1455259842519685
11
5.0297496062992124
21
-3.144711338582677
0
LINE
8
BLACK
6
CONTINUOUS
10
5.0297496062992124
20
-3.144711338582677
11
5.0293087007874018
21
-3.1436469291338582
0
LINE
8
BLACK
6
CONTINUOUS
10
5.0293087007874018
20
-3.1436469291338582
11
5.0293087007874018
21
-3.1424948031496061
0
LINE
8
BLACK
6
CONTINUOUS
10
5.0293087007874018
20
-3.1424948031496061
11
5.0297496062992124
21
-3.1414303937007872
0
LINE
8
BLACK
6
CONTINUOUS
10
5.0297496062992124
20
-3.1414303937007872
11
5.0305642519685039
21
-3.1406157480314958
0
LINE
8
BLACK
6
CONTINUOUS
10
5.0305642519685039
20
-3.1406157480314958
11
5.0316286614173231
21
-3.1401748425196851
0
LINE
8
BLACK
6
CONTINUOUS
10
5.0316286614173231
20
-3.1401748425196851
11
5.2881102362204722
21
-3.1401181102362203
0
LINE
8
BLACK
6
CONTINUOUS
10
5.2881102362204722
20
-3.1401181102362203
11
5.288686299212598
21
-3.1401748425196851
0
LINE
8
BLACK
6
CONTINUOUS
10
5.1496405118110236
20
-3.0856401574803147
11
5.1497385039370078
21
-3.0856807480314958
0
LINE
8
BLACK
6
CONTINUOUS
10
5.1497385039370078
20
-3.0856807480314958
11
5.1498443307086612
21
-3.0856882677165354
0
LINE
8
BLACK
6
CONTINUOUS
10
5.1498443307086612
20
-3.0856882677165354
11
5.1503558661417319
21
-3.0859364566929135
0
LINE
8
BLACK
6
CONTINUOUS
10
5.1503558661417319
20
-3.0859364566929135
11
5.1507049212598428
21
-3.0860810629921258
0
LINE
8
BLACK
6
CONTINUOUS
10
5.1507049212598428
20
-3.0860810629921258
11
5.1507530314960626
21
-3.0861291732283465
0
LINE
8
BLACK
6
CONTINUOUS
10
5.1507530314960626
20
-3.0861291732283465
11
5.1541344881889763
21
-3.0877699212598424
0
LINE
8
BLACK
6
CONTINUOUS
10
5.1541344881889763
20
-3.0877699212598424
11
5.1543824803149603
21
-3.0879259842519686
0
LINE
8
BLACK
6
CONTINUOUS
10
5.1543824803149603
20
-3.0879259842519686
11
5.1544544488188979
21
-3.0879558267716534
0
LINE
8
BLACK
6
CONTINUOUS
10
5.1544544488188979
20
-3.0879558267716534
11
5.1545005118110234
21
-3.0880003149606297
0
LINE
8
BLACK
6
CONTINUOUS
10
5.1545005118110234
20
-3.0880003149606297
11
5.1546243700787402
21
-3.0880782677165355
0
LINE
8
BLACK
6
CONTINUOUS
10
5.1546243700787402
20
-3.0880782677165355
11
5.154846102362205
21
-3.088333937007874
0
LINE
8
BLACK
6
CONTINUOUS
10
5.154846102362205
20
-3.088333937007874
11
5.1567766535433073
21
-3.0901977952755906
0
LINE
8
BLACK
6
CONTINUOUS
10
5.1567766535433073
20
-3.0901977952755906
11
5.1569624015748028
21
-3.0904241338582676
0
LINE
8
BLACK
6
CONTINUOUS
10
5.1569624015748028
20
-3.0904241338582676
11
5.1570214173228344
21
-3.0904753149606297
0
LINE
8
BLACK
6
CONTINUOUS
10
5.1570214173228344
20
-3.0904753149606297
11
5.1570500393700787
21
-3.0905309448818898
0
LINE
8
BLACK
6
CONTINUOUS
10
5.1570500393700787
20
-3.0905309448818898
11
5.157143858267716
21
-3.0906452362204724
0
LINE
8
BLACK
6
CONTINUOUS
10
5.157143858267716
20
-3.0906452362204724
11
5.1572875196850392
21
-3.0909920866141731
0
LINE
8
BLACK
6
CONTINUOUS
10
5.1572875196850392
20
-3.0909920866141731
11
5.159204527559055
21
-3.0947147244094486
0
LINE
8
BLACK
6
CONTINUOUS
10
5.159204527559055
20
-3.0947147244094486
11
5.1594114173228345
21
-3.0952553149606299
0
LINE
8
BLACK
6
CONTINUOUS
10
5.1594114173228345
20
-3.0952553149606299
11
5.1594189370078736
21
-3.095361181102362
0
LINE
8
BLACK
6
CONTINUOUS
10
5.1594189370078736
20
-3.095361181102362
11
5.1594595275590551
21
-3.0954591732283463
0
LINE
8
BLACK
6
CONTINUOUS
10
5.1594595275590551
20
-3.0954591732283463
11
5.1594757480314959
21
-3.0961611023622049
0
LINE
8
BLACK
6
CONTINUOUS
10
5.1594757480314959
20
-3.0961611023622049
11
5.1594930708661417
21
-3.0964045275590553
0
LINE
8
BLACK
6
CONTINUOUS
10
5.1594930708661417
20
-3.0964045275590553
11
5.1594821653543308
21
-3.0964372047244093
0
LINE
8
BLACK
6
CONTINUOUS
10
5.1594821653543308
20
-3.0964372047244093
11
5.1595162598425199
21
-3.0979099999999997
0
LINE
8
BLACK
6
CONTINUOUS
10
5.1595162598425199
20
-3.0979099999999997
11
5.1594595275590551
21
-3.098486062992126
0
LINE
8
BLACK
6
CONTINUOUS
10
5.1594595275590551
20
-3.098486062992126
11
5.1594189370078736
21
-3.0985840157480316
0
LINE
8
BLACK
6
CONTINUOUS
10
5.1594189370078736
20
-3.0985840157480316
11
5.1594114173228345
21
-3.0986899212598424
0
LINE
8
BLACK
6
CONTINUOUS
10
5.1594114173228345
20
-3.0986899212598424
11
5.1591630708661418
21
-3.0992016535433069
0
LINE
8
BLACK
6
CONTINUOUS
10
5.1591630708661418
20
-3.0992016535433069
11
5.1590186220472436
21
-3.0995504724409448
0
LINE
8
BLACK
6
CONTINUOUS
10
5.1590186220472436
20
-3.0995504724409448
11
5.1589705118110238
21
-3.0995985433070867
0
LINE
8
BLACK
6
CONTINUOUS
10
5.1589705118110238
20
-3.0995985433070867
11
5.1573297637795275
21
-3.1029800393700788
0
LINE
8
BLACK
6
CONTINUOUS
10
5.1573297637795275
20
-3.1029800393700788
11
5.1571736614173229
21
-3.1032280314960627
0
LINE
8
BLACK
6
CONTINUOUS
10
5.1571736614173229
20
-3.1032280314960627
11
5.157143858267716
21
-3.1032999999999999
0
LINE
8
BLACK
6
CONTINUOUS
10
5.157143858267716
20
-3.1032999999999999
11
5.157099330708661
21
-3.1033460629921259
0
LINE
8
BLACK
6
CONTINUOUS
10
5.157099330708661
20
-3.1033460629921259
11
5.1570214173228344
21
-3.1034699212598427
0
LINE
8
BLACK
6
CONTINUOUS
10
5.1570214173228344
20
-3.1034699212598427
11
5.1567657086614176
21
-3.103691653543307
0
LINE
8
BLACK
6
CONTINUOUS
10
5.1567657086614176
20
-3.103691653543307
11
5.1550825196850392
21
-3.1054350787401575
0
LINE
8
BLACK
6
CONTINUOUS
10
5.1550825196850392
20
-3.1054350787401575
11
5.1567766535433073
21
-3.1070706692913386
0
LINE
8
BLACK
6
CONTINUOUS
10
5.1567766535433073
20
-3.1070706692913386
11
5.1569624015748028
21
-3.1072970078740156
0
LINE
8
BLACK
6
CONTINUOUS
10
5.1569624015748028
20
-3.1072970078740156
11
5.1570214173228344
21
-3.1073481889763781
0
LINE
8
BLACK
6
CONTINUOUS
10
5.1570214173228344
20
-3.1073481889763781
11
5.1570500393700787
21
-3.1074038188976378
0
LINE
8
BLACK
6
CONTINUOUS
10
5.1570500393700787
20
-3.1074038188976378
11
5.157143858267716
21
-3.1075181102362204
0
LINE
8
BLACK
6
CONTINUOUS
10
5.157143858267716
20
-3.1075181102362204
11
5.1572875196850392
21
-3.1078649606299211
0
LINE
8
BLACK
6
CONTINUOUS
10
5.1572875196850392
20
-3.1078649606299211
11
5.159204527559055
21
-3.1115875984251966
0
LINE
8
BLACK
6
CONTINUOUS
10
5.159204527559055
20
-3.1115875984251966
11
5.1594114173228345
21
-3.1121281889763779
0
LINE
8
BLACK
6
CONTINUOUS
10
5.1594114173228345
20
-3.1121281889763779
11
5.1594189370078736
21
-3.11223405511811
0
LINE
8
BLACK
6
CONTINUOUS
10
5.1594189370078736
20
-3.11223405511811
11
5.1594595275590551
21
-3.1123320472440943
0
LINE
8
BLACK
6
CONTINUOUS
10
5.1594595275590551
20
-3.1123320472440943
11
5.1594631889763782
21
-3.1128572047244094
0
LINE
8
BLACK
6
CONTINUOUS
10
5.1594631889763782
20
-3.1128572047244094
11
5.1594930708661417
21
-3.1132774015748033
0
LINE
8
BLACK
6
CONTINUOUS
10
5.1594930708661417
20
-3.1132774015748033
11
5.1594666929133854
21
-3.1133564173228345
0
LINE
8
BLACK
6
CONTINUOUS
10
5.1594666929133854
20
-3.1133564173228345
11
5.1595162598425199
21
-3.1204071653543308
0
LINE
8
BLACK
6
CONTINUOUS
10
5.1595162598425199
20
-3.1204071653543308
11
5.1594595275590551
21
-3.1209832283464567
0
LINE
8
BLACK
6
CONTINUOUS
10
5.1594595275590551
20
-3.1209832283464567
11
5.1594189370078736
21
-3.1210811811023622
0
LINE
8
BLACK
6
CONTINUOUS
10
5.1594189370078736
20
-3.1210811811023622
11
5.1594114173228345
21
-3.1211870866141731
0
LINE
8
BLACK
6
CONTINUOUS
10
5.1594114173228345
20
-3.1211870866141731
11
5.1591630708661418
21
-3.1216988188976376
0
LINE
8
BLACK
6
CONTINUOUS
10
5.1591630708661418
20
-3.1216988188976376
11
5.1590186220472436
21
-3.1220476377952755
0
LINE
8
BLACK
6
CONTINUOUS
10
5.1590186220472436
20
-3.1220476377952755
11
5.1589705118110238
21
-3.1220957086614174
0
LINE
8
BLACK
6
CONTINUOUS
10
5.1589705118110238
20
-3.1220957086614174
11
5.1573297637795275
21
-3.1254772047244095
0
LINE
8
BLACK
6
CONTINUOUS
10
5.1573297637795275
20
-3.1254772047244095
11
5.1571737007874017
21
-3.1257250787401576
0
LINE
8
BLACK
6
CONTINUOUS
10
5.1571737007874017
20
-3.1257250787401576
11
5.1571438976377948
21
-3.1257971259842519
0
LINE
8
BLACK
6
CONTINUOUS
10
5.1571438976377948
20
-3.1257971259842519
11
5.157099330708661
21
-3.1258432283464566
0
LINE
8
BLACK
6
CONTINUOUS
10
5.157099330708661
20
-3.1258432283464566
11
5.1570214173228344
21
-3.1259670866141733
0
LINE
8
BLACK
6
CONTINUOUS
10
5.1570214173228344
20
-3.1259670866141733
11
5.1567657480314963
21
-3.1261887795275589
0
LINE
8
BLACK
6
CONTINUOUS
10
5.1567657480314963
20
-3.1261887795275589
11
5.1549019291338585
21
-3.12811937007874
0
LINE
8
BLACK
6
CONTINUOUS
10
5.1549019291338585
20
-3.12811937007874
11
5.1546755511811027
21
-3.1283051181102359
0
LINE
8
BLACK
6
CONTINUOUS
10
5.1546755511811027
20
-3.1283051181102359
11
5.1546243700787402
21
-3.1283641732283463
0
LINE
8
BLACK
6
CONTINUOUS
10
5.1546243700787402
20
-3.1283641732283463
11
5.1545687007874017
21
-3.1283927952755906
0
LINE
8
BLACK
6
CONTINUOUS
10
5.1545687007874017
20
-3.1283927952755906
11
5.1544544488188979
21
-3.1284866141732284
0
LINE
8
BLACK
6
CONTINUOUS
10
5.1544544488188979
20
-3.1284866141732284
11
5.1541075590551184
21
-3.1286302755905511
0
LINE
8
BLACK
6
CONTINUOUS
10
5.1541075590551184
20
-3.1286302755905511
11
5.1503849606299212
21
-3.1305472834645669
0
LINE
8
BLACK
6
CONTINUOUS
10
5.1503849606299212
20
-3.1305472834645669
11
5.1498443307086612
21
-3.1307541732283464
0
LINE
8
BLACK
6
CONTINUOUS
10
5.1498443307086612
20
-3.1307541732283464
11
5.1497385039370078
21
-3.1307616535433072
0
LINE
8
BLACK
6
CONTINUOUS
10
5.1497385039370078
20
-3.1307616535433072
11
5.1496405118110236
21
-3.130802283464567
0
LINE
8
BLACK
6
CONTINUOUS
10
5.1496405118110236
20
-3.130802283464567
11
5.1491152755905514
21
-3.1308059448818897
0
LINE
8
BLACK
6
CONTINUOUS
10
5.1491152755905514
20
-3.1308059448818897
11
5.1486951181102363
21
-3.1308358267716536
0
LINE
8
BLACK
6
CONTINUOUS
10
5.1486951181102363
20
-3.1308358267716536
11
5.1486160629921258
21
-3.1308094488188978
0
LINE
8
BLACK
6
CONTINUOUS
10
5.1486160629921258
20
-3.1308094488188978
11
5.1415653937007875
21
-3.1308590157480314
0
LINE
8
BLACK
6
CONTINUOUS
10
5.1415653937007875
20
-3.1308590157480314
11
5.1409893307086616
21
-3.130802283464567
0
LINE
8
BLACK
6
CONTINUOUS
10
5.1409893307086616
20
-3.130802283464567
11
5.1408913385826773
21
-3.1307616929133859
0
LINE
8
BLACK
6
CONTINUOUS
10
5.1408913385826773
20
-3.1307616929133859
11
5.1407854724409452
21
-3.1307541732283464
0
LINE
8
BLACK
6
CONTINUOUS
10
5.1407854724409452
20
-3.1307541732283464
11
5.1402737007874011
21
-3.1305058267716537
0
LINE
8
BLACK
6
CONTINUOUS
10
5.1402737007874011
20
-3.1305058267716537
11
5.1399249212598423
21
-3.1303613779527559
0
LINE
8
BLACK
6
CONTINUOUS
10
5.1399249212598423
20
-3.1303613779527559
11
5.1398768110236217
21
-3.1303132677165353
0
LINE
8
BLACK
6
CONTINUOUS
10
5.1398768110236217
20
-3.1303132677165353
11
5.1364953543307088
21
-3.1286725196850393
0
LINE
8
BLACK
6
CONTINUOUS
10
5.1364953543307088
20
-3.1286725196850393
11
5.1362473228346452
21
-3.1285164173228344
0
LINE
8
BLACK
6
CONTINUOUS
10
5.1362473228346452
20
-3.1285164173228344
11
5.1361753937007872
21
-3.1284866141732284
0
LINE
8
BLACK
6
CONTINUOUS
10
5.1361753937007872
20
-3.1284866141732284
11
5.136129291338583
21
-3.1284420866141733
0
LINE
8
BLACK
6
CONTINUOUS
10
5.136129291338583
20
-3.1284420866141733
11
5.136005472440945
21
-3.1283641732283463
0
LINE
8
BLACK
6
CONTINUOUS
10
5.136005472440945
20
-3.1283641732283463
11
5.1357836614173227
21
-3.1281083858267715
0
LINE
8
BLACK
6
CONTINUOUS
10
5.1357836614173227
20
-3.1281083858267715
11
5.1338531496062991
21
-3.1262445669291337
0
LINE
8
BLACK
6
CONTINUOUS
10
5.1338531496062991
20
-3.1262445669291337
11
5.1336674015748027
21
-3.1260182283464566
0
LINE
8
BLACK
6
CONTINUOUS
10
5.1336674015748027
20
-3.1260182283464566
11
5.1336084251968499
21
-3.1259670866141733
0
LINE
8
BLACK
6
CONTINUOUS
10
5.1336084251968499
20
-3.1259670866141733
11
5.1335797637795277
21
-3.1259114566929131
0
LINE
8
BLACK
6
CONTINUOUS
10
5.1335797637795277
20
-3.1259114566929131
11
5.1334859448818895
21
-3.1257971259842519
0
LINE
8
BLACK
6
CONTINUOUS
10
5.1334859448818895
20
-3.1257971259842519
11
5.1333422440944885
21
-3.1254501968503936
0
LINE
8
BLACK
6
CONTINUOUS
10
5.1333422440944885
20
-3.1254501968503936
11
5.1314253149606301
21
-3.1217276771653544
0
LINE
8
BLACK
6
CONTINUOUS
10
5.1314253149606301
20
-3.1217276771653544
11
5.1312184251968507
21
-3.1211870472440943
0
LINE
8
BLACK
6
CONTINUOUS
10
5.1312184251968507
20
-3.1211870472440943
11
5.1312109055118107
21
-3.121081220472441
0
LINE
8
BLACK
6
CONTINUOUS
10
5.1312109055118107
20
-3.121081220472441
11
5.13117031496063
21
-3.1209832283464567
0
LINE
8
BLACK
6
CONTINUOUS
10
5.13117031496063
20
-3.1209832283464567
11
5.1311666141732282
21
-3.1204579921259841
0
LINE
8
BLACK
6
CONTINUOUS
10
5.1311666141732282
20
-3.1204579921259841
11
5.1311367716535434
21
-3.1200378346456694
0
LINE
8
BLACK
6
CONTINUOUS
10
5.1311367716535434
20
-3.1200378346456694
11
5.1311631102362201
21
-3.119958779527559
0
LINE
8
BLACK
6
CONTINUOUS
10
5.1311631102362201
20
-3.119958779527559
11
5.1311135826771652
21
-3.1129081102362206
0
LINE
8
BLACK
6
CONTINUOUS
10
5.1311135826771652
20
-3.1129081102362206
11
5.13117031496063
21
-3.1123320472440943
0
LINE
8
BLACK
6
CONTINUOUS
10
5.13117031496063
20
-3.1123320472440943
11
5.1312109055118107
21
-3.1122340157480313
0
LINE
8
BLACK
6
CONTINUOUS
10
5.1312109055118107
20
-3.1122340157480313
11
5.1312184251968507
21
-3.1121282283464566
0
LINE
8
BLACK
6
CONTINUOUS
10
5.1312184251968507
20
-3.1121282283464566
11
5.1314666141732284
21
-3.1116166535433072
0
LINE
8
BLACK
6
CONTINUOUS
10
5.1314666141732284
20
-3.1116166535433072
11
5.1316112204724407
21
-3.1112676377952755
0
LINE
8
BLACK
6
CONTINUOUS
10
5.1316112204724407
20
-3.1112676377952755
11
5.1316593307086613
21
-3.1112194881889761
0
LINE
8
BLACK
6
CONTINUOUS
10
5.1316593307086613
20
-3.1112194881889761
11
5.1333000787401577
21
-3.1078380708661415
0
LINE
8
BLACK
6
CONTINUOUS
10
5.1333000787401577
20
-3.1078380708661415
11
5.1334561417322835
21
-3.1075900393700788
0
LINE
8
BLACK
6
CONTINUOUS
10
5.1334561417322835
20
-3.1075900393700788
11
5.1334859842519682
21
-3.1075181102362204
0
LINE
8
BLACK
6
CONTINUOUS
10
5.1334859842519682
20
-3.1075181102362204
11
5.1335304724409445
21
-3.1074720078740157
0
LINE
8
BLACK
6
CONTINUOUS
10
5.1335304724409445
20
-3.1074720078740157
11
5.1336084251968499
21
-3.1073481889763781
0
LINE
8
BLACK
6
CONTINUOUS
10
5.1336084251968499
20
-3.1073481889763781
11
5.1338640944881888
21
-3.1071264173228346
0
LINE
8
BLACK
6
CONTINUOUS
10
5.1338640944881888
20
-3.1071264173228346
11
5.1355472834645672
21
-3.1053829921259841
0
LINE
8
BLACK
6
CONTINUOUS
10
5.1355472834645672
20
-3.1053829921259841
11
5.1338531889763779
21
-3.1037474409448818
0
LINE
8
BLACK
6
CONTINUOUS
10
5.1338531889763779
20
-3.1037474409448818
11
5.1336674015748027
21
-3.1035210629921259
0
LINE
8
BLACK
6
CONTINUOUS
10
5.1336674015748027
20
-3.1035210629921259
11
5.1336084251968499
21
-3.1034699212598427
0
LINE
8
BLACK
6
CONTINUOUS
10
5.1336084251968499
20
-3.1034699212598427
11
5.1335797637795277
21
-3.1034142519685037
0
LINE
8
BLACK
6
CONTINUOUS
10
5.1335797637795277
20
-3.1034142519685037
11
5.1334859842519682
21
-3.1032999999999999
0
LINE
8
BLACK
6
CONTINUOUS
10
5.1334859842519682
20
-3.1032999999999999
11
5.133342322834646
21
-3.102953188976378
0
LINE
8
BLACK
6
CONTINUOUS
10
5.133342322834646
20
-3.102953188976378
11
5.1314253149606301
21
-3.0992305118110237
0
LINE
8
BLACK
6
CONTINUOUS
10
5.1314253149606301
20
-3.0992305118110237
11
5.1312184251968507
21
-3.0986898818897637
0
LINE
8
BLACK
6
CONTINUOUS
10
5.1312184251968507
20
-3.0986898818897637
11
5.1312109055118107
21
-3.0985840551181103
0
LINE
8
BLACK
6
CONTINUOUS
10
5.1312109055118107
20
-3.0985840551181103
11
5.13117031496063
21
-3.098486062992126
0
LINE
8
BLACK
6
CONTINUOUS
10
5.13117031496063
20
-3.098486062992126
11
5.1311540551181105
21
-3.0977840551181099
0
LINE
8
BLACK
6
CONTINUOUS
10
5.1311540551181105
20
-3.0977840551181099
11
5.1311367716535434
21
-3.0975406692913383
0
LINE
8
BLACK
6
CONTINUOUS
10
5.1311367716535434
20
-3.0975406692913383
11
5.1311476377952756
21
-3.0975079527559055
0
LINE
8
BLACK
6
CONTINUOUS
10
5.1311476377952756
20
-3.0975079527559055
11
5.1311135826771652
21
-3.0960352362204722
0
LINE
8
BLACK
6
CONTINUOUS
10
5.1311135826771652
20
-3.0960352362204722
11
5.13117031496063
21
-3.0954591732283463
0
LINE
8
BLACK
6
CONTINUOUS
10
5.13117031496063
20
-3.0954591732283463
11
5.1312109055118107
21
-3.0953611417322833
0
LINE
8
BLACK
6
CONTINUOUS
10
5.1312109055118107
20
-3.0953611417322833
11
5.1312184251968507
21
-3.0952553543307086
0
LINE
8
BLACK
6
CONTINUOUS
10
5.1312184251968507
20
-3.0952553543307086
11
5.1314666141732284
21
-3.0947437795275592
0
LINE
8
BLACK
6
CONTINUOUS
10
5.1314666141732284
20
-3.0947437795275592
11
5.1316112204724407
21
-3.0943947637795275
0
LINE
8
BLACK
6
CONTINUOUS
10
5.1316112204724407
20
-3.0943947637795275
11
5.1316593307086613
21
-3.0943466141732281
0
LINE
8
BLACK
6
CONTINUOUS
10
5.1316593307086613
20
-3.0943466141732281
11
5.1333000787401577
21
-3.0909651968503935
0
LINE
8
BLACK
6
CONTINUOUS
10
5.1333000787401577
20
-3.0909651968503935
11
5.1334561417322835
21
-3.0907171653543308
0
LINE
8
BLACK
6
CONTINUOUS
10
5.1334561417322835
20
-3.0907171653543308
11
5.1334859842519682
21
-3.0906452362204724
0
LINE
8
BLACK
6
CONTINUOUS
10
5.1334859842519682
20
-3.0906452362204724
11
5.1335304724409445
21
-3.0905991338582677
0
LINE
8
BLACK
6
CONTINUOUS
10
5.1335304724409445
20
-3.0905991338582677
11
5.1336084251968499
21
-3.0904753149606297
0
LINE
8
BLACK
6
CONTINUOUS
10
5.1336084251968499
20
-3.0904753149606297
11
5.1338640944881888
21
-3.0902535433070866
0
LINE
8
BLACK
6
CONTINUOUS
10
5.1338640944881888
20
-3.0902535433070866
11
5.1357279527559054
21
-3.088323031496063
0
LINE
8
BLACK
6
CONTINUOUS
10
5.1357279527559054
20
-3.088323031496063
11
5.1359542913385825
21
-3.0881372440944883
0
LINE
8
BLACK
6
CONTINUOUS
10
5.1359542913385825
20
-3.0881372440944883
11
5.136005472440945
21
-3.0880782677165355
0
LINE
8
BLACK
6
CONTINUOUS
10
5.136005472440945
20
-3.0880782677165355
11
5.1360611023622047
21
-3.0880496062992124
0
LINE
8
BLACK
6
CONTINUOUS
10
5.1360611023622047
20
-3.0880496062992124
11
5.1361753937007872
21
-3.0879558267716534
0
LINE
8
BLACK
6
CONTINUOUS
10
5.1361753937007872
20
-3.0879558267716534
11
5.136522244094488
21
-3.0878121259842519
0
LINE
8
BLACK
6
CONTINUOUS
10
5.136522244094488
20
-3.0878121259842519
11
5.1402448818897639
21
-3.0858951574803148
0
LINE
8
BLACK
6
CONTINUOUS
10
5.1402448818897639
20
-3.0858951574803148
11
5.1407854724409452
21
-3.0856882677165354
0
LINE
8
BLACK
6
CONTINUOUS
10
5.1407854724409452
20
-3.0856882677165354
11
5.1408913385826773
21
-3.0856807086614171
0
LINE
8
BLACK
6
CONTINUOUS
10
5.1408913385826773
20
-3.0856807086614171
11
5.1409893307086616
21
-3.0856401574803147
0
LINE
8
BLACK
6
CONTINUOUS
10
5.1409893307086616
20
-3.0856401574803147
11
5.1415144881889763
21
-3.0856364566929133
0
LINE
8
BLACK
6
CONTINUOUS
10
5.1415144881889763
20
-3.0856364566929133
11
5.1419346850393701
21
-3.0856066141732281
0
LINE
8
BLACK
6
CONTINUOUS
10
5.1419346850393701
20
-3.0856066141732281
11
5.1420137007874018
21
-3.0856329527559057
0
LINE
8
BLACK
6
CONTINUOUS
10
5.1420137007874018
20
-3.0856329527559057
11
5.1490644488188977
21
-3.0855834251968504
0
LINE
8
BLACK
6
CONTINUOUS
10
5.1490644488188977
20
-3.0855834251968504
11
5.1496405118110236
21
-3.0856401574803147
0
LINE
8
BLACK
6
CONTINUOUS
10
5.1421799999999998
20
-3.1083574803149605
11
5.1394716929133857
21
-3.1097521259842518
0
LINE
8
BLACK
6
CONTINUOUS
10
5.1394716929133857
20
-3.1097521259842518
11
5.1382809842519688
21
-3.1109854724409449
0
LINE
8
BLACK
6
CONTINUOUS
10
5.1382809842519688
20
-3.1109854724409449
11
5.1369718503937003
21
-3.1136835039370077
0
LINE
8
BLACK
6
CONTINUOUS
10
5.1369718503937003
20
-3.1136835039370077
11
5.1370147637795274
21
-3.1197925196850393
0
LINE
8
BLACK
6
CONTINUOUS
10
5.1370147637795274
20
-3.1197925196850393
11
5.1384094488188978
21
-3.1225008267716534
0
LINE
8
BLACK
6
CONTINUOUS
10
5.1384094488188978
20
-3.1225008267716534
11
5.1396427952755905
21
-3.1236916141732283
0
LINE
8
BLACK
6
CONTINUOUS
10
5.1396427952755905
20
-3.1236916141732283
11
5.142340787401575
21
-3.1250007086614171
0
LINE
8
BLACK
6
CONTINUOUS
10
5.142340787401575
20
-3.1250007086614171
11
5.1484498031496058
21
-3.1249577952755905
0
LINE
8
BLACK
6
CONTINUOUS
10
5.1484498031496058
20
-3.1249577952755905
11
5.151158070866142
21
-3.1235631496062992
0
LINE
8
BLACK
6
CONTINUOUS
10
5.151158070866142
20
-3.1235631496062992
11
5.1523488582677164
21
-3.1223297244094486
0
LINE
8
BLACK
6
CONTINUOUS
10
5.1523488582677164
20
-3.1223297244094486
11
5.1536579527559052
21
-3.1196317322834646
0
LINE
8
BLACK
6
CONTINUOUS
10
5.1536579527559052
20
-3.1196317322834646
11
5.153615039370079
21
-3.1135227165354329
0
LINE
8
BLACK
6
CONTINUOUS
10
5.153615039370079
20
-3.1135227165354329
11
5.1522203937007873
21
-3.1108144094488188
0
LINE
8
BLACK
6
CONTINUOUS
10
5.1522203937007873
20
-3.1108144094488188
11
5.1509870472440946
21
-3.1096237007874015
0
LINE
8
BLACK
6
CONTINUOUS
10
5.1509870472440946
20
-3.1096237007874015
11
5.1482890157480314
21
-3.1083145669291339
0
LINE
8
BLACK
6
CONTINUOUS
10
5.1482890157480314
20
-3.1083145669291339
11
5.1421799999999998
21
-3.1083574803149605
0
LINE
8
BLACK
6
CONTINUOUS
10
5.1421799999999998
20
-3.0914846062992125
11
5.1394716929133857
21
-3.0928792519685038
0
LINE
8
BLACK
6
CONTINUOUS
10
5.1394716929133857
20
-3.0928792519685038
11
5.1382809842519688
21
-3.0941125984251969
0
LINE
8
BLACK
6
CONTINUOUS
10
5.1382809842519688
20
-3.0941125984251969
11
5.1369926377952755
21
-3.0967677559055118
0
LINE
8
BLACK
6
CONTINUOUS
10
5.1369926377952755
20
-3.0967677559055118
11
5.1370043700787402
21
-3.0972751968503935
0
LINE
8
BLACK
6
CONTINUOUS
10
5.1370043700787402
20
-3.0972751968503935
11
5.1384094094488191
21
-3.1000036614173228
0
LINE
8
BLACK
6
CONTINUOUS
10
5.1384094094488191
20
-3.1000036614173228
11
5.1396427952755905
21
-3.1011944094488189
0
LINE
8
BLACK
6
CONTINUOUS
10
5.1396427952755905
20
-3.1011944094488189
11
5.142340787401575
21
-3.1025035039370077
0
LINE
8
BLACK
6
CONTINUOUS
10
5.142340787401575
20
-3.1025035039370077
11
5.1484498031496058
21
-3.1024605905511811
0
LINE
8
BLACK
6
CONTINUOUS
10
5.1484498031496058
20
-3.1024605905511811
11
5.1511581102362207
21
-3.1010659448818898
0
LINE
8
BLACK
6
CONTINUOUS
10
5.1511581102362207
20
-3.1010659448818898
11
5.1523488582677164
21
-3.0998325590551179
0
LINE
8
BLACK
6
CONTINUOUS
10
5.1523488582677164
20
-3.0998325590551179
11
5.1536371653543309
21
-3.0971774409448818
0
LINE
8
BLACK
6
CONTINUOUS
10
5.1536371653543309
20
-3.0971774409448818
11
5.1536254330708662
21
-3.09667
0
LINE
8
BLACK
6
CONTINUOUS
10
5.1536254330708662
20
-3.09667
11
5.1522203937007873
21
-3.0939415354330708
0
LINE
8
BLACK
6
CONTINUOUS
10
5.1522203937007873
20
-3.0939415354330708
11
5.1509870472440946
21
-3.0927508267716535
0
LINE
8
BLACK
6
CONTINUOUS
10
5.1509870472440946
20
-3.0927508267716535
11
5.1482890157480314
21
-3.0914416929133859
0
LINE
8
BLACK
6
CONTINUOUS
10
5.1482890157480314
20
-3.0914416929133859
11
5.1421799999999998
21
-3.0914846062992125
0
LINE
8
BLACK
6
CONTINUOUS
10
5.1831017716535435
20
-3.0856121259842517
11
5.1831795275590551
21
-3.0856066141732281
0
LINE
8
BLACK
6
CONTINUOUS
10
5.1831795275590551
20
-3.0856066141732281
11
5.1832380314960629
21
-3.0856255511811024
0
LINE
8
BLACK
6
CONTINUOUS
10
5.1832380314960629
20
-3.0856255511811024
11
5.1833862992125983
21
-3.0856401574803147
0
LINE
8
BLACK
6
CONTINUOUS
10
5.1833862992125983
20
-3.0856401574803147
11
5.1837549212598422
21
-3.0857928346456691
0
LINE
8
BLACK
6
CONTINUOUS
10
5.1837549212598422
20
-3.0857928346456691
11
5.1893682677165351
21
-3.0876097244094489
0
LINE
8
BLACK
6
CONTINUOUS
10
5.1893682677165351
20
-3.0876097244094489
11
5.1898968110236217
21
-3.0878457086614173
0
LINE
8
BLACK
6
CONTINUOUS
10
5.1898968110236217
20
-3.0878457086614173
11
5.1899769291338584
21
-3.0879151968503935
0
LINE
8
BLACK
6
CONTINUOUS
10
5.1899769291338584
20
-3.0879151968503935
11
5.1900750000000002
21
-3.0879558267716534
0
LINE
8
BLACK
6
CONTINUOUS
10
5.1900750000000002
20
-3.0879558267716534
11
5.1904662598425197
21
-3.0883396062992126
0
LINE
8
BLACK
6
CONTINUOUS
10
5.1904662598425197
20
-3.0883396062992126
11
5.1907671653543304
21
-3.0886005905511809
0
LINE
8
BLACK
6
CONTINUOUS
10
5.1907671653543304
20
-3.0886005905511809
11
5.1908006692913382
21
-3.0886676377952753
0
LINE
8
BLACK
6
CONTINUOUS
10
5.1908006692913382
20
-3.0886676377952753
11
5.1942719685039371
21
-3.0920725590551181
0
LINE
8
BLACK
6
CONTINUOUS
10
5.1942719685039371
20
-3.0920725590551181
11
5.1944577952755902
21
-3.0922989370078739
0
LINE
8
BLACK
6
CONTINUOUS
10
5.1944577952755902
20
-3.0922989370078739
11
5.1945167322834642
21
-3.0923500787401572
0
LINE
8
BLACK
6
CONTINUOUS
10
5.1945167322834642
20
-3.0923500787401572
11
5.1945453149606298
21
-3.0924055905511811
0
LINE
8
BLACK
6
CONTINUOUS
10
5.1945453149606298
20
-3.0924055905511811
11
5.1946392125984246
21
-3.0925199999999999
0
LINE
8
BLACK
6
CONTINUOUS
10
5.1946392125984246
20
-3.0925199999999999
11
5.1947829527559053
21
-3.0928670472440944
0
LINE
8
BLACK
6
CONTINUOUS
10
5.1947829527559053
20
-3.0928670472440944
11
5.1966998425196849
21
-3.0965894881889762
0
LINE
8
BLACK
6
CONTINUOUS
10
5.1966998425196849
20
-3.0965894881889762
11
5.1967159448818894
21
-3.0966315748031494
0
LINE
8
BLACK
6
CONTINUOUS
10
5.1967159448818894
20
-3.0966315748031494
11
5.1967286614173229
21
-3.0966487401574803
0
LINE
8
BLACK
6
CONTINUOUS
10
5.1967286614173229
20
-3.0966487401574803
11
5.1967412204724406
21
-3.0966976771653543
0
LINE
8
BLACK
6
CONTINUOUS
10
5.1967412204724406
20
-3.0966976771653543
11
5.1969067322834643
21
-3.0971300787401574
0
LINE
8
BLACK
6
CONTINUOUS
10
5.1969067322834643
20
-3.0971300787401574
11
5.1969274015748033
21
-3.0974212992125985
0
LINE
8
BLACK
6
CONTINUOUS
10
5.1969274015748033
20
-3.0974212992125985
11
5.1987981889763777
21
-3.1046929133858265
0
LINE
8
BLACK
6
CONTINUOUS
10
5.1987981889763777
20
-3.1046929133858265
11
5.1988129527559055
21
-3.1047927559055117
0
LINE
8
BLACK
6
CONTINUOUS
10
5.1988129527559055
20
-3.1047927559055117
11
5.1988296062992125
21
-3.1048329921259841
0
LINE
8
BLACK
6
CONTINUOUS
10
5.1988296062992125
20
-3.1048329921259841
11
5.1988302755905513
21
-3.1049101968503936
0
LINE
8
BLACK
6
CONTINUOUS
10
5.1988302755905513
20
-3.1049101968503936
11
5.1988828346456692
21
-3.1052655118110235
0
LINE
8
BLACK
6
CONTINUOUS
10
5.1988828346456692
20
-3.1052655118110235
11
5.198836417322835
21
-3.1055774409448818
0
LINE
8
BLACK
6
CONTINUOUS
10
5.198836417322835
20
-3.1055774409448818
11
5.1988863385826773
21
-3.111033346456693
0
LINE
8
BLACK
6
CONTINUOUS
10
5.1988863385826773
20
-3.111033346456693
11
5.1988764173228343
21
-3.1111338582677166
0
LINE
8
BLACK
6
CONTINUOUS
10
5.1988764173228343
20
-3.1111338582677166
11
5.1988828346456692
21
-3.1111768897637795
0
LINE
8
BLACK
6
CONTINUOUS
10
5.1988828346456692
20
-3.1111768897637795
11
5.1988649212598421
21
-3.1112505511811022
0
LINE
8
BLACK
6
CONTINUOUS
10
5.1988649212598421
20
-3.1112505511811022
11
5.1988296062992125
21
-3.1116094094488189
0
LINE
8
BLACK
6
CONTINUOUS
10
5.1988296062992125
20
-3.1116094094488189
11
5.1987045275590553
21
-3.1119112992125983
0
LINE
8
BLACK
6
CONTINUOUS
10
5.1987045275590553
20
-3.1119112992125983
11
5.1969234251968501
21
-3.1192485433070867
0
LINE
8
BLACK
6
CONTINUOUS
10
5.1969234251968501
20
-3.1192485433070867
11
5.1969082283464569
21
-3.119291023622047
0
LINE
8
BLACK
6
CONTINUOUS
10
5.1969082283464569
20
-3.119291023622047
11
5.1969067322834643
21
-3.1193123228346455
0
LINE
8
BLACK
6
CONTINUOUS
10
5.1969067322834643
20
-3.1193123228346455
11
5.1968835826771649
21
-3.1193599606299212
0
LINE
8
BLACK
6
CONTINUOUS
10
5.1968835826771649
20
-3.1193599606299212
11
5.1967286614173229
21
-3.1197936614173227
0
LINE
8
BLACK
6
CONTINUOUS
10
5.1967286614173229
20
-3.1197936614173227
11
5.1965679133858265
21
-3.120010590551181
0
LINE
8
BLACK
6
CONTINUOUS
10
5.1965679133858265
20
-3.120010590551181
11
5.1948250787401573
21
-3.1236024409448819
0
LINE
8
BLACK
6
CONTINUOUS
10
5.1948250787401573
20
-3.1236024409448819
11
5.1946690157480315
21
-3.12385031496063
0
LINE
8
BLACK
6
CONTINUOUS
10
5.1946690157480315
20
-3.12385031496063
11
5.1946392125984246
21
-3.1239223622047243
0
LINE
8
BLACK
6
CONTINUOUS
10
5.1946392125984246
20
-3.1239223622047243
11
5.1945959448818897
21
-3.1239664566929135
0
LINE
8
BLACK
6
CONTINUOUS
10
5.1945959448818897
20
-3.1239664566929135
11
5.1945167322834642
21
-3.1240923228346458
0
LINE
8
BLACK
6
CONTINUOUS
10
5.1945167322834642
20
-3.1240923228346458
11
5.1942205511811022
21
-3.1243491338582676
0
LINE
8
BLACK
6
CONTINUOUS
10
5.1942205511811022
20
-3.1243491338582676
11
5.190522440944882
21
-3.1281194094488187
0
LINE
8
BLACK
6
CONTINUOUS
10
5.190522440944882
20
-3.1281194094488187
11
5.1900750000000002
21
-3.1284866141732284
0
LINE
8
BLACK
6
CONTINUOUS
10
5.1900750000000002
20
-3.1284866141732284
11
5.1899769291338584
21
-3.1285272047244095
0
LINE
8
BLACK
6
CONTINUOUS
10
5.1899769291338584
20
-3.1285272047244095
11
5.1898968110236217
21
-3.1285967322834645
0
LINE
8
BLACK
6
CONTINUOUS
10
5.1898968110236217
20
-3.1285967322834645
11
5.1893866535433073
21
-3.1287717322834645
0
LINE
8
BLACK
6
CONTINUOUS
10
5.1893866535433073
20
-3.1287717322834645
11
5.189010590551181
21
-3.1289275196850395
0
LINE
8
BLACK
6
CONTINUOUS
10
5.189010590551181
20
-3.1289275196850395
11
5.1889325590551181
21
-3.1289275196850395
0
LINE
8
BLACK
6
CONTINUOUS
10
5.1889325590551181
20
-3.1289275196850395
11
5.1837439763779525
21
-3.1307074803149604
0
LINE
8
BLACK
6
CONTINUOUS
10
5.1837439763779525
20
-3.1307074803149604
11
5.1834583858267713
21
-3.1307724015748031
0
LINE
8
BLACK
6
CONTINUOUS
10
5.1834583858267713
20
-3.1307724015748031
11
5.1833862992125983
21
-3.130802283464567
0
LINE
8
BLACK
6
CONTINUOUS
10
5.1833862992125983
20
-3.130802283464567
11
5.1833233858267711
21
-3.1308030708661416
0
LINE
8
BLACK
6
CONTINUOUS
10
5.1833233858267711
20
-3.1308030708661416
11
5.1831795275590551
21
-3.1308358267716536
0
LINE
8
BLACK
6
CONTINUOUS
10
5.1831795275590551
20
-3.1308358267716536
11
5.182813346456693
21
-3.1308097637795274
0
LINE
8
BLACK
6
CONTINUOUS
10
5.182813346456693
20
-3.1308097637795274
11
5.1790607086614173
21
-3.1308590157480314
0
LINE
8
BLACK
6
CONTINUOUS
10
5.1790607086614173
20
-3.1308590157480314
11
5.1787690944881888
21
-3.1308302755905513
0
LINE
8
BLACK
6
CONTINUOUS
10
5.1787690944881888
20
-3.1308302755905513
11
5.1786913779527559
21
-3.1308358267716536
0
LINE
8
BLACK
6
CONTINUOUS
10
5.1786913779527559
20
-3.1308358267716536
11
5.1786327952755906
21
-3.1308168503937006
0
LINE
8
BLACK
6
CONTINUOUS
10
5.1786327952755906
20
-3.1308168503937006
11
5.1784846456692915
21
-3.130802283464567
0
LINE
8
BLACK
6
CONTINUOUS
10
5.1784846456692915
20
-3.130802283464567
11
5.1781161023622042
21
-3.1306496062992126
0
LINE
8
BLACK
6
CONTINUOUS
10
5.1781161023622042
20
-3.1306496062992126
11
5.1725026771653546
21
-3.1288327165354328
0
LINE
8
BLACK
6
CONTINUOUS
10
5.1725026771653546
20
-3.1288327165354328
11
5.1719740944881885
21
-3.1285967322834645
0
LINE
8
BLACK
6
CONTINUOUS
10
5.1719740944881885
20
-3.1285967322834645
11
5.1718938976377951
21
-3.1285271653543307
0
LINE
8
BLACK
6
CONTINUOUS
10
5.1718938976377951
20
-3.1285271653543307
11
5.1717959448818895
21
-3.1284866141732284
0
LINE
8
BLACK
6
CONTINUOUS
10
5.1717959448818895
20
-3.1284866141732284
11
5.1713435433070867
21
-3.128049842519685
0
LINE
8
BLACK
6
CONTINUOUS
10
5.1713435433070867
20
-3.128049842519685
11
5.1711037401574798
21
-3.1278418503937009
0
LINE
8
BLACK
6
CONTINUOUS
10
5.1711037401574798
20
-3.1278418503937009
11
5.1710809842519687
21
-3.127796338582677
0
LINE
8
BLACK
6
CONTINUOUS
10
5.1710809842519687
20
-3.127796338582677
11
5.1694737007874014
21
-3.1262445669291337
0
LINE
8
BLACK
6
CONTINUOUS
10
5.1694737007874014
20
-3.1262445669291337
11
5.1691064960629918
21
-3.1257971259842519
0
LINE
8
BLACK
6
CONTINUOUS
10
5.1691064960629918
20
-3.1257971259842519
11
5.1686656299212599
21
-3.1247327165354331
0
LINE
8
BLACK
6
CONTINUOUS
10
5.1686656299212599
20
-3.1247327165354331
11
5.1686656299212599
21
-3.1235806299212596
0
LINE
8
BLACK
6
CONTINUOUS
10
5.1686656299212599
20
-3.1235806299212596
11
5.1691065354330705
21
-3.1225162204724408
0
LINE
8
BLACK
6
CONTINUOUS
10
5.1691065354330705
20
-3.1225162204724408
11
5.1699212204724407
21
-3.1217015354330706
0
LINE
8
BLACK
6
CONTINUOUS
10
5.1699212204724407
20
-3.1217015354330706
11
5.17098562992126
21
-3.1212606692913387
0
LINE
8
BLACK
6
CONTINUOUS
10
5.17098562992126
20
-3.1212606692913387
11
5.172137716535433
21
-3.1212606692913387
0
LINE
8
BLACK
6
CONTINUOUS
10
5.172137716535433
20
-3.1212606692913387
11
5.1732021259842522
21
-3.1217015748031494
0
LINE
8
BLACK
6
CONTINUOUS
10
5.1732021259842522
20
-3.1217015748031494
11
5.1750796456692916
21
-3.123514251968504
0
LINE
8
BLACK
6
CONTINUOUS
10
5.1750796456692916
20
-3.123514251968504
11
5.1796541338582678
21
-3.1249948818897635
0
LINE
8
BLACK
6
CONTINUOUS
10
5.1796541338582678
20
-3.1249948818897635
11
5.182464291338583
21
-3.124958031496063
0
LINE
8
BLACK
6
CONTINUOUS
10
5.182464291338583
20
-3.124958031496063
11
5.1869238188976379
21
-3.1234281889763778
0
LINE
8
BLACK
6
CONTINUOUS
10
5.1869238188976379
20
-3.1234281889763778
11
5.1898481102362206
21
-3.1204468503937006
0
LINE
8
BLACK
6
CONTINUOUS
10
5.1898481102362206
20
-3.1204468503937006
11
5.1913727165354331
21
-3.1173047244094487
0
LINE
8
BLACK
6
CONTINUOUS
10
5.1913727165354331
20
-3.1173047244094487
11
5.1930272834645672
21
-3.1104888582677166
0
LINE
8
BLACK
6
CONTINUOUS
10
5.1930272834645672
20
-3.1104888582677166
11
5.1929823228346459
21
-3.1055765748031496
0
LINE
8
BLACK
6
CONTINUOUS
10
5.1929823228346459
20
-3.1055765748031496
11
5.1912257086614169
21
-3.098748622047244
0
LINE
8
BLACK
6
CONTINUOUS
10
5.1912257086614169
20
-3.098748622047244
11
5.189702440944882
21
-3.0957905511811021
0
LINE
8
BLACK
6
CONTINUOUS
10
5.189702440944882
20
-3.0957905511811021
11
5.1867808267716535
21
-3.0929248031496064
0
LINE
8
BLACK
6
CONTINUOUS
10
5.1867808267716535
20
-3.0929248031496064
11
5.1822167716535432
21
-3.0914475196850395
0
LINE
8
BLACK
6
CONTINUOUS
10
5.1822167716535432
20
-3.0914475196850395
11
5.1794065748031493
21
-3.09148437007874
0
LINE
8
BLACK
6
CONTINUOUS
10
5.1794065748031493
20
-3.09148437007874
11
5.1749693307086613
21
-3.0930065748031494
0
LINE
8
BLACK
6
CONTINUOUS
10
5.1749693307086613
20
-3.0930065748031494
11
5.173649566929134
21
-3.094373622047244
0
LINE
8
BLACK
6
CONTINUOUS
10
5.173649566929134
20
-3.094373622047244
11
5.1732021259842522
21
-3.0947408267716536
0
LINE
8
BLACK
6
CONTINUOUS
10
5.1732021259842522
20
-3.0947408267716536
11
5.1721376771653542
21
-3.0951817322834647
0
LINE
8
BLACK
6
CONTINUOUS
10
5.1721376771653542
20
-3.0951817322834647
11
5.17098562992126
21
-3.0951817322834647
0
LINE
8
BLACK
6
CONTINUOUS
10
5.17098562992126
20
-3.0951817322834647
11
5.169921181102362
21
-3.0947408267716536
0
LINE
8
BLACK
6
CONTINUOUS
10
5.169921181102362
20
-3.0947408267716536
11
5.1691065354330705
21
-3.0939261811023622
0
LINE
8
BLACK
6
CONTINUOUS
10
5.1691065354330705
20
-3.0939261811023622
11
5.1686656299212599
21
-3.0928617322834646
0
LINE
8
BLACK
6
CONTINUOUS
10
5.1686656299212599
20
-3.0928617322834646
11
5.1686656299212599
21
-3.0917096850393699
0
LINE
8
BLACK
6
CONTINUOUS
10
5.1686656299212599
20
-3.0917096850393699
11
5.1691065354330705
21
-3.0906452362204724
0
LINE
8
BLACK
6
CONTINUOUS
10
5.1691065354330705
20
-3.0906452362204724
11
5.1713485039370077
21
-3.088323031496063
0
LINE
8
BLACK
6
CONTINUOUS
10
5.1713485039370077
20
-3.088323031496063
11
5.1717959448818895
21
-3.0879558267716534
0
LINE
8
BLACK
6
CONTINUOUS
10
5.1717959448818895
20
-3.0879558267716534
11
5.1718938976377951
21
-3.0879152362204723
0
LINE
8
BLACK
6
CONTINUOUS
10
5.1718938976377951
20
-3.0879152362204723
11
5.1719740944881885
21
-3.0878457086614173
0
LINE
8
BLACK
6
CONTINUOUS
10
5.1719740944881885
20
-3.0878457086614173
11
5.1724844488188975
21
-3.087670590551181
0
LINE
8
BLACK
6
CONTINUOUS
10
5.1724844488188975
20
-3.087670590551181
11
5.1728603543307088
21
-3.0875149212598423
0
LINE
8
BLACK
6
CONTINUOUS
10
5.1728603543307088
20
-3.0875149212598423
11
5.1729383464566929
21
-3.0875149212598423
0
LINE
8
BLACK
6
CONTINUOUS
10
5.1729383464566929
20
-3.0875149212598423
11
5.1781269291338585
21
-3.0857349606299214
0
LINE
8
BLACK
6
CONTINUOUS
10
5.1781269291338585
20
-3.0857349606299214
11
5.1784125590551184
21
-3.0856699999999999
0
LINE
8
BLACK
6
CONTINUOUS
10
5.1784125590551184
20
-3.0856699999999999
11
5.1784846456692915
21
-3.0856401574803147
0
LINE
8
BLACK
6
CONTINUOUS
10
5.1784846456692915
20
-3.0856401574803147
11
5.1785474803149603
21
-3.0856393307086614
0
LINE
8
BLACK
6
CONTINUOUS
10
5.1785474803149603
20
-3.0856393307086614
11
5.1786913779527559
21
-3.0856066141732281
0
LINE
8
BLACK
6
CONTINUOUS
10
5.1786913779527559
20
-3.0856066141732281
11
5.1790575196850392
21
-3.0856326377952756
0
LINE
8
BLACK
6
CONTINUOUS
10
5.1790575196850392
20
-3.0856326377952756
11
5.1828102362204724
21
-3.0855834251968504
0
LINE
8
BLACK
6
CONTINUOUS
10
5.1828102362204724
20
-3.0855834251968504
11
5.1831017716535435
21
-3.0856121259842517
0
LINE
8
BLACK
6
CONTINUOUS
10
5.3041981102362206
20
-3.1115527952755904
11
5.3052625196850389
21
-3.1119937007874015
0
LINE
8
BLACK
6
CONTINUOUS
10
5.3052625196850389
20
-3.1119937007874015
11
5.3060771653543304
21
-3.1128083464566929
0
LINE
8
BLACK
6
CONTINUOUS
10
5.3060771653543304
20
-3.1128083464566929
11
5.3065180708661419
21
-3.1138727559055117
0
LINE
8
BLACK
6
CONTINUOUS
10
5.3065180708661419
20
-3.1138727559055117
11
5.3065180708661419
21
-3.1150248818897639
0
LINE
8
BLACK
6
CONTINUOUS
10
5.3065180708661419
20
-3.1150248818897639
11
5.3060771653543304
21
-3.1160892913385827
0
LINE
8
BLACK
6
CONTINUOUS
10
5.3060771653543304
20
-3.1160892913385827
11
5.3052625196850389
21
-3.1169039370078742
0
LINE
8
BLACK
6
CONTINUOUS
10
5.3052625196850389
20
-3.1169039370078742
11
5.3041981102362206
21
-3.1173448425196848
0
LINE
8
BLACK
6
CONTINUOUS
10
5.3041981102362206
20
-3.1173448425196848
11
5.2563779527559058
21
-3.1174015748031496
0
LINE
8
BLACK
6
CONTINUOUS
10
5.2563779527559058
20
-3.1174015748031496
11
5.255801889763779
21
-3.1173448425196848
0
LINE
8
BLACK
6
CONTINUOUS
10
5.255801889763779
20
-3.1173448425196848
11
5.2547374803149607
21
-3.1169039370078742
0
LINE
8
BLACK
6
CONTINUOUS
10
5.2547374803149607
20
-3.1169039370078742
11
5.2539228346456692
21
-3.1160892913385827
0
LINE
8
BLACK
6
CONTINUOUS
10
5.2539228346456692
20
-3.1160892913385827
11
5.2534819291338586
21
-3.1150248818897639
0
LINE
8
BLACK
6
CONTINUOUS
10
5.2534819291338586
20
-3.1150248818897639
11
5.2534819291338586
21
-3.1138727559055117
0
LINE
8
BLACK
6
CONTINUOUS
10
5.2534819291338586
20
-3.1138727559055117
11
5.2539228346456692
21
-3.1128083464566929
0
LINE
8
BLACK
6
CONTINUOUS
10
5.2539228346456692
20
-3.1128083464566929
11
5.2547374803149607
21
-3.1119937007874015
0
LINE
8
BLACK
6
CONTINUOUS
10
5.2547374803149607
20
-3.1119937007874015
11
5.255801889763779
21
-3.1115527952755904
0
LINE
8
BLACK
6
CONTINUOUS
10
5.255801889763779
20
-3.1115527952755904
11
5.3036220472440947
21
-3.111496062992126
0
LINE
8
BLACK
6
CONTINUOUS
10
5.3036220472440947
20
-3.111496062992126
11
5.3041981102362206
21
-3.1115527952755904
0
LINE
8
BLACK
6
CONTINUOUS
10
5.3041981102362206
20
-3.0426551574803149
11
5.3052625196850389
21
-3.043096062992126
0
LINE
8
BLACK
6
CONTINUOUS
10
5.3052625196850389
20
-3.043096062992126
11
5.3060771653543304
21
-3.0439107086614174
0
LINE
8
BLACK
6
CONTINUOUS
10
5.3060771653543304
20
-3.0439107086614174
11
5.3065180708661419
21
-3.0449751181102362
0
LINE
8
BLACK
6
CONTINUOUS
10
5.3065180708661419
20
-3.0449751181102362
11
5.3065180708661419
21
-3.046127244094488
0
LINE
8
BLACK
6
CONTINUOUS
10
5.3065180708661419
20
-3.046127244094488
11
5.3060771653543304
21
-3.0471916535433072
0
LINE
8
BLACK
6
CONTINUOUS
10
5.3060771653543304
20
-3.0471916535433072
11
5.3052625196850389
21
-3.0480062992125982
0
LINE
8
BLACK
6
CONTINUOUS
10
5.3052625196850389
20
-3.0480062992125982
11
5.3041981102362206
21
-3.0484472047244093
0
LINE
8
BLACK
6
CONTINUOUS
10
5.3041981102362206
20
-3.0484472047244093
11
5.2563779527559058
21
-3.0485039370078741
0
LINE
8
BLACK
6
CONTINUOUS
10
5.2563779527559058
20
-3.0485039370078741
11
5.255801889763779
21
-3.0484472047244093
0
LINE
8
BLACK
6
CONTINUOUS
10
5.255801889763779
20
-3.0484472047244093
11
5.2547374803149607
21
-3.0480062992125982
0
LINE
8
BLACK
6
CONTINUOUS
10
5.2547374803149607
20
-3.0480062992125982
11
5.2539228346456692
21
-3.0471916535433072
0
LINE
8
BLACK
6
CONTINUOUS
10
5.2539228346456692
20
-3.0471916535433072
11
5.2534819291338586
21
-3.046127244094488
0
LINE
8
BLACK
6
CONTINUOUS
10
5.2534819291338586
20
-3.046127244094488
11
5.2534819291338586
21
-3.0449751181102362
0
LINE
8
BLACK
6
CONTINUOUS
10
5.2534819291338586
20
-3.0449751181102362
11
5.2539228346456692
21
-3.0439107086614174
0
LINE
8
BLACK
6
CONTINUOUS
10
5.2539228346456692
20
-3.0439107086614174
11
5.2547374803149607
21
-3.043096062992126
0
LINE
8
BLACK
6
CONTINUOUS
10
5.2547374803149607
20
-3.043096062992126
11
5.255801889763779
21
-3.0426551574803149
0
LINE
8
BLACK
6
CONTINUOUS
10
5.255801889763779
20
-3.0426551574803149
11
5.3036220472440947
21
-3.0425984251968505
0
LINE
8
BLACK
6
CONTINUOUS
10
5.3036220472440947
20
-3.0425984251968505
11
5.3041981102362206
21
-3.0426551574803149
0
LINE
8
BLACK
6
CONTINUOUS
10
5.2652648031496065
20
-2.9756401574803149
11
5.2653627952755908
21
-2.975680748031496
0
LINE
8
BLACK
6
CONTINUOUS
10
5.2653627952755908
20
-2.975680748031496
11
5.2654686220472442
21
-2.9756882677165355
0
LINE
8
BLACK
6
CONTINUOUS
10
5.2654686220472442
20
-2.9756882677165355
11
5.2659801574803149
21
-2.9759364566929132
0
LINE
8
BLACK
6
CONTINUOUS
10
5.2659801574803149
20
-2.9759364566929132
11
5.2663292125984249
21
-2.9760810629921259
0
LINE
8
BLACK
6
CONTINUOUS
10
5.2663292125984249
20
-2.9760810629921259
11
5.2663773228346455
21
-2.9761291732283466
0
LINE
8
BLACK
6
CONTINUOUS
10
5.2663773228346455
20
-2.9761291732283466
11
5.2697587795275593
21
-2.9777699212598425
0
LINE
8
BLACK
6
CONTINUOUS
10
5.2697587795275593
20
-2.9777699212598425
11
5.2700067716535433
21
-2.9779259842519683
0
LINE
8
BLACK
6
CONTINUOUS
10
5.2700067716535433
20
-2.9779259842519683
11
5.27007874015748
21
-2.9779558267716535
0
LINE
8
BLACK
6
CONTINUOUS
10
5.27007874015748
20
-2.9779558267716535
11
5.2701248031496064
21
-2.9780003149606298
0
LINE
8
BLACK
6
CONTINUOUS
10
5.2701248031496064
20
-2.9780003149606298
11
5.2702486614173223
21
-2.9780782677165352
0
LINE
8
BLACK
6
CONTINUOUS
10
5.2702486614173223
20
-2.9780782677165352
11
5.2704703937007871
21
-2.9783339370078741
0
LINE
8
BLACK
6
CONTINUOUS
10
5.2704703937007871
20
-2.9783339370078741
11
5.2724009448818894
21
-2.9801977952755907
0
LINE
8
BLACK
6
CONTINUOUS
10
5.2724009448818894
20
-2.9801977952755907
11
5.272768149606299
21
-2.9806452362204725
0
LINE
8
BLACK
6
CONTINUOUS
10
5.272768149606299
20
-2.9806452362204725
11
5.2732090551181106
21
-2.9817096456692913
0
LINE
8
BLACK
6
CONTINUOUS
10
5.2732090551181106
20
-2.9817096456692913
11
5.2732090551181106
21
-2.9828617322834643
0
LINE
8
BLACK
6
CONTINUOUS
10
5.2732090551181106
20
-2.9828617322834643
11
5.272768149606299
21
-2.9839261417322835
0
LINE
8
BLACK
6
CONTINUOUS
10
5.272768149606299
20
-2.9839261417322835
11
5.2719534645669288
21
-2.9847408267716533
0
LINE
8
BLACK
6
CONTINUOUS
10
5.2719534645669288
20
-2.9847408267716533
11
5.2708890551181105
21
-2.9851817322834644
0
LINE
8
BLACK
6
CONTINUOUS
10
5.2708890551181105
20
-2.9851817322834644
11
5.2697369685039366
21
-2.9851817322834644
0
LINE
8
BLACK
6
CONTINUOUS
10
5.2697369685039366
20
-2.9851817322834644
11
5.2686725590551182
21
-2.9847408267716533
0
LINE
8
BLACK
6
CONTINUOUS
10
5.2686725590551182
20
-2.9847408267716533
11
5.2666113385826767
21
-2.9827508267716536
0
LINE
8
BLACK
6
CONTINUOUS
10
5.2666113385826767
20
-2.9827508267716536
11
5.2639096850393701
21
-2.9814399212598426
0
LINE
8
BLACK
6
CONTINUOUS
10
5.2639096850393701
20
-2.9814399212598426
11
5.2559279527559051
21
-2.981485433070866
0
LINE
8
BLACK
6
CONTINUOUS
10
5.2559279527559051
20
-2.981485433070866
11
5.2532212204724411
21
-2.9828792519685039
0
LINE
8
BLACK
6
CONTINUOUS
10
5.2532212204724411
20
-2.9828792519685039
11
5.2520305118110233
21
-2.9841125984251966
0
LINE
8
BLACK
6
CONTINUOUS
10
5.2520305118110233
20
-2.9841125984251966
11
5.2507293700787399
21
-2.986794094488189
0
LINE
8
BLACK
6
CONTINUOUS
10
5.2507293700787399
20
-2.986794094488189
11
5.2507640551181103
21
-2.9894388188976375
0
LINE
8
BLACK
6
CONTINUOUS
10
5.2507640551181103
20
-2.9894388188976375
11
5.2523017716535429
21
-2.993921220472441
0
LINE
8
BLACK
6
CONTINUOUS
10
5.2523017716535429
20
-2.993921220472441
11
5.2742757086614169
21
-3.015818346456693
0
LINE
8
BLACK
6
CONTINUOUS
10
5.2742757086614169
20
-3.015818346456693
11
5.2746429527559053
21
-3.0162657874015748
0
LINE
8
BLACK
6
CONTINUOUS
10
5.2746429527559053
20
-3.0162657874015748
11
5.2750838188976381
21
-3.0173302362204724
0
LINE
8
BLACK
6
CONTINUOUS
10
5.2750838188976381
20
-3.0173302362204724
11
5.2750838188976381
21
-3.0184823228346458
0
LINE
8
BLACK
6
CONTINUOUS
10
5.2750838188976381
20
-3.0184823228346458
11
5.2746429133858266
21
-3.0195467322834646
0
LINE
8
BLACK
6
CONTINUOUS
10
5.2746429133858266
20
-3.0195467322834646
11
5.2738282677165351
21
-3.0203614173228344
0
LINE
8
BLACK
6
CONTINUOUS
10
5.2738282677165351
20
-3.0203614173228344
11
5.2730755905511808
21
-3.0206731496062993
0
LINE
8
BLACK
6
CONTINUOUS
10
5.2730755905511808
20
-3.0206731496062993
11
5.2727638582677168
21
-3.0208022834645667
0
LINE
8
BLACK
6
CONTINUOUS
10
5.2727638582677168
20
-3.0208022834645667
11
5.2478158661417318
21
-3.0208590157480315
0
LINE
8
BLACK
6
CONTINUOUS
10
5.2478158661417318
20
-3.0208590157480315
11
5.2472398031496059
21
-3.0208022834645667
0
LINE
8
BLACK
6
CONTINUOUS
10
5.2472398031496059
20
-3.0208022834645667
11
5.2461753937007876
21
-3.0203613779527561
0
LINE
8
BLACK
6
CONTINUOUS
10
5.2461753937007876
20
-3.0203613779527561
11
5.2453607480314961
21
-3.0195467322834646
0
LINE
8
BLACK
6
CONTINUOUS
10
5.2453607480314961
20
-3.0195467322834646
11
5.2449198425196846
21
-3.0184823228346458
0
LINE
8
BLACK
6
CONTINUOUS
10
5.2449198425196846
20
-3.0184823228346458
11
5.2449198425196846
21
-3.0173301968503936
0
LINE
8
BLACK
6
CONTINUOUS
10
5.2449198425196846
20
-3.0173301968503936
11
5.2453607480314961
21
-3.0162657874015748
0
LINE
8
BLACK
6
CONTINUOUS
10
5.2453607480314961
20
-3.0162657874015748
11
5.2461753937007876
21
-3.0154511417322833
0
LINE
8
BLACK
6
CONTINUOUS
10
5.2461753937007876
20
-3.0154511417322833
11
5.2472398031496059
21
-3.0150102362204723
0
LINE
8
BLACK
6
CONTINUOUS
10
5.2472398031496059
20
-3.0150102362204723
11
5.2651365354330704
21
-3.0149695275590549
0
LINE
8
BLACK
6
CONTINUOUS
10
5.2651365354330704
20
-3.0149695275590549
11
5.2476027165354333
21
-2.997496968503937
0
LINE
8
BLACK
6
CONTINUOUS
10
5.2476027165354333
20
-2.997496968503937
11
5.2472355118110237
21
-2.9970495275590552
0
LINE
8
BLACK
6
CONTINUOUS
10
5.2472355118110237
20
-2.9970495275590552
11
5.2471948818897634
21
-2.9969514566929134
0
LINE
8
BLACK
6
CONTINUOUS
10
5.2471948818897634
20
-2.9969514566929134
11
5.2471253937007871
21
-2.9968713385826771
0
LINE
8
BLACK
6
CONTINUOUS
10
5.2471253937007871
20
-2.9968713385826771
11
5.24695031496063
21
-2.9963610236220473
0
LINE
8
BLACK
6
CONTINUOUS
10
5.24695031496063
20
-2.9963610236220473
11
5.2467946062992121
21
-2.9959850787401576
0
LINE
8
BLACK
6
CONTINUOUS
10
5.2467946062992121
20
-2.9959850787401576
11
5.2467946062992121
21
-2.995907086614173
0
LINE
8
BLACK
6
CONTINUOUS
10
5.2467946062992121
20
-2.995907086614173
11
5.2450146456692917
21
-2.9907185039370079
0
LINE
8
BLACK
6
CONTINUOUS
10
5.2450146456692917
20
-2.9907185039370079
11
5.2449496850393702
21
-2.9904329133858267
0
LINE
8
BLACK
6
CONTINUOUS
10
5.2449496850393702
20
-2.9904329133858267
11
5.2449198425196846
21
-2.9903608267716533
0
LINE
8
BLACK
6
CONTINUOUS
10
5.2449198425196846
20
-2.9903608267716533
11
5.2449190157480317
21
-2.9902979133858265
0
LINE
8
BLACK
6
CONTINUOUS
10
5.2449190157480317
20
-2.9902979133858265
11
5.244886299212598
21
-2.9901540551181101
0
LINE
8
BLACK
6
CONTINUOUS
10
5.244886299212598
20
-2.9901540551181101
11
5.2449123228346455
21
-2.989787874015748
0
LINE
8
BLACK
6
CONTINUOUS
10
5.2449123228346455
20
-2.989787874015748
11
5.2448631102362206
21
-2.9860352362204723
0
LINE
8
BLACK
6
CONTINUOUS
10
5.2448631102362206
20
-2.9860352362204723
11
5.2449198425196846
21
-2.9854591732283464
0
LINE
8
BLACK
6
CONTINUOUS
10
5.2449198425196846
20
-2.9854591732283464
11
5.2449604330708661
21
-2.9853611417322834
0
LINE
8
BLACK
6
CONTINUOUS
10
5.2449604330708661
20
-2.9853611417322834
11
5.2449679527559052
21
-2.9852553543307088
0
LINE
8
BLACK
6
CONTINUOUS
10
5.2449679527559052
20
-2.9852553543307088
11
5.2452161417322838
21
-2.9847437795275589
0
LINE
8
BLACK
6
CONTINUOUS
10
5.2452161417322838
20
-2.9847437795275589
11
5.2453607480314961
21
-2.9843947637795276
0
LINE
8
BLACK
6
CONTINUOUS
10
5.2453607480314961
20
-2.9843947637795276
11
5.2454088582677167
21
-2.9843466141732282
0
LINE
8
BLACK
6
CONTINUOUS
10
5.2454088582677167
20
-2.9843466141732282
11
5.2470496062992122
21
-2.9809651968503936
0
LINE
8
BLACK
6
CONTINUOUS
10
5.2470496062992122
20
-2.9809651968503936
11
5.247205669291338
21
-2.9807171653543305
0
LINE
8
BLACK
6
CONTINUOUS
10
5.247205669291338
20
-2.9807171653543305
11
5.2472355118110237
21
-2.9806452362204725
0
LINE
8
BLACK
6
CONTINUOUS
10
5.2472355118110237
20
-2.9806452362204725
11
5.2472799999999999
21
-2.9805991338582678
0
LINE
8
BLACK
6
CONTINUOUS
10
5.2472799999999999
20
-2.9805991338582678
11
5.2473579527559053
21
-2.9804753149606298
0
LINE
8
BLACK
6
CONTINUOUS
10
5.2473579527559053
20
-2.9804753149606298
11
5.2476136220472442
21
-2.9802535433070867
0
LINE
8
BLACK
6
CONTINUOUS
10
5.2476136220472442
20
-2.9802535433070867
11
5.2494774803149609
21
-2.9783230314960631
0
LINE
8
BLACK
6
CONTINUOUS
10
5.2494774803149609
20
-2.9783230314960631
11
5.2497038188976379
21
-2.978137244094488
0
LINE
8
BLACK
6
CONTINUOUS
10
5.2497038188976379
20
-2.978137244094488
11
5.2497549999999995
21
-2.9780782677165352
0
LINE
8
BLACK
6
CONTINUOUS
10
5.2497549999999995
20
-2.9780782677165352
11
5.2498106299212601
21
-2.9780496062992126
0
LINE
8
BLACK
6
CONTINUOUS
10
5.2498106299212601
20
-2.9780496062992126
11
5.2499249212598427
21
-2.9779558267716535
0
LINE
8
BLACK
6
CONTINUOUS
10
5.2499249212598427
20
-2.9779558267716535
11
5.2502717716535434
21
-2.977812125984252
0
LINE
8
BLACK
6
CONTINUOUS
10
5.2502717716535434
20
-2.977812125984252
11
5.2539944094488185
21
-2.975895157480315
0
LINE
8
BLACK
6
CONTINUOUS
10
5.2539944094488185
20
-2.975895157480315
11
5.2545349999999997
21
-2.9756882677165355
0
LINE
8
BLACK
6
CONTINUOUS
10
5.2545349999999997
20
-2.9756882677165355
11
5.2546408661417319
21
-2.9756807086614172
0
LINE
8
BLACK
6
CONTINUOUS
10
5.2546408661417319
20
-2.9756807086614172
11
5.2547388582677161
21
-2.9756401574803149
0
LINE
8
BLACK
6
CONTINUOUS
10
5.2547388582677161
20
-2.9756401574803149
11
5.2552533858267712
21
-2.9756372047244093
0
LINE
8
BLACK
6
CONTINUOUS
10
5.2552533858267712
20
-2.9756372047244093
11
5.2556842125984247
21
-2.9756066141732282
0
LINE
8
BLACK
6
CONTINUOUS
10
5.2556842125984247
20
-2.9756066141732282
11
5.2557672440944883
21
-2.9756342913385825
0
LINE
8
BLACK
6
CONTINUOUS
10
5.2557672440944883
20
-2.9756342913385825
11
5.2646887401574798
21
-2.9755834251968505
0
LINE
8
BLACK
6
CONTINUOUS
10
5.2646887401574798
20
-2.9755834251968505
11
5.2652648031496065
21
-2.9756401574803149
0
LINE
8
BLACK
6
CONTINUOUS
10
5.3019497637795272
20
-2.9760810629921259
11
5.3027644094488187
21
-2.9768957086614174
0
LINE
8
BLACK
6
CONTINUOUS
10
5.3027644094488187
20
-2.9768957086614174
11
5.3032053149606302
21
-2.9779601181102362
0
LINE
8
BLACK
6
CONTINUOUS
10
5.3032053149606302
20
-2.9779601181102362
11
5.3032620472440941
21
-3.0179062598425195
0
LINE
8
BLACK
6
CONTINUOUS
10
5.3032620472440941
20
-3.0179062598425195
11
5.3032053149606302
21
-3.0184823228346458
0
LINE
8
BLACK
6
CONTINUOUS
10
5.3032053149606302
20
-3.0184823228346458
11
5.3027644094488187
21
-3.0195467322834646
0
LINE
8
BLACK
6
CONTINUOUS
10
5.3027644094488187
20
-3.0195467322834646
11
5.3019497637795272
21
-3.0203613779527561
0
LINE
8
BLACK
6
CONTINUOUS
10
5.3019497637795272
20
-3.0203613779527561
11
5.3008853543307088
21
-3.0208022834645667
0
LINE
8
BLACK
6
CONTINUOUS
10
5.3008853543307088
20
-3.0208022834645667
11
5.2815616535433065
21
-3.0208590157480315
0
LINE
8
BLACK
6
CONTINUOUS
10
5.2815616535433065
20
-3.0208590157480315
11
5.2809855905511807
21
-3.0208022834645667
0
LINE
8
BLACK
6
CONTINUOUS
10
5.2809855905511807
20
-3.0208022834645667
11
5.2799211811023623
21
-3.0203613779527561
0
LINE
8
BLACK
6
CONTINUOUS
10
5.2799211811023623
20
-3.0203613779527561
11
5.2791065354330708
21
-3.0195467322834646
0
LINE
8
BLACK
6
CONTINUOUS
10
5.2791065354330708
20
-3.0195467322834646
11
5.2786656299212593
21
-3.0184823228346458
0
LINE
8
BLACK
6
CONTINUOUS
10
5.2786656299212593
20
-3.0184823228346458
11
5.2786656299212593
21
-3.0173301968503936
0
LINE
8
BLACK
6
CONTINUOUS
10
5.2786656299212593
20
-3.0173301968503936
11
5.2791065354330708
21
-3.0162657874015748
0
LINE
8
BLACK
6
CONTINUOUS
10
5.2791065354330708
20
-3.0162657874015748
11
5.2799211811023623
21
-3.0154511417322833
0
LINE
8
BLACK
6
CONTINUOUS
10
5.2799211811023623
20
-3.0154511417322833
11
5.2809855905511807
21
-3.0150102362204723
0
LINE
8
BLACK
6
CONTINUOUS
10
5.2809855905511807
20
-3.0150102362204723
11
5.2974082677165351
21
-3.0149620078740158
0
LINE
8
BLACK
6
CONTINUOUS
10
5.2974082677165351
20
-3.0149620078740158
11
5.2973565354330709
21
-2.9785361811023621
0
LINE
8
BLACK
6
CONTINUOUS
10
5.2973565354330709
20
-2.9785361811023621
11
5.2974132677165358
21
-2.9779601181102362
0
LINE
8
BLACK
6
CONTINUOUS
10
5.2974132677165358
20
-2.9779601181102362
11
5.2978541732283464
21
-2.9768957086614174
0
LINE
8
BLACK
6
CONTINUOUS
10
5.2978541732283464
20
-2.9768957086614174
11
5.2986688188976379
21
-2.9760810629921259
0
LINE
8
BLACK
6
CONTINUOUS
10
5.2986688188976379
20
-2.9760810629921259
11
5.2997332283464562
21
-2.9756401574803149
0
LINE
8
BLACK
6
CONTINUOUS
10
5.2997332283464562
20
-2.9756401574803149
11
5.3008853543307088
21
-2.9756401574803149
0
LINE
8
BLACK
6
CONTINUOUS
10
5.3008853543307088
20
-2.9756401574803149
11
5.3019497637795272
21
-2.9760810629921259
0
LINE
8
BLACK
6
CONTINUOUS
10
5.5648853937007869
20
-2.9455404330708661
11
5.5653589370078738
21
-2.9455404330708661
0
LINE
8
BLACK
6
CONTINUOUS
10
5.5653589370078738
20
-2.9455404330708661
11
5.5654570078740155
21
-2.945581062992126
0
LINE
8
BLACK
6
CONTINUOUS
10
5.5654570078740155
20
-2.945581062992126
11
5.5655627559055114
21
-2.9455885826771655
0
LINE
8
BLACK
6
CONTINUOUS
10
5.5655627559055114
20
-2.9455885826771655
11
5.5659858661417321
21
-2.945800118110236
0
LINE
8
BLACK
6
CONTINUOUS
10
5.5659858661417321
20
-2.945800118110236
11
5.566423346456693
21
-2.9459813385826772
0
LINE
8
BLACK
6
CONTINUOUS
10
5.566423346456693
20
-2.9459813385826772
11
5.5664983464566928
21
-2.946056338582677
0
LINE
8
BLACK
6
CONTINUOUS
10
5.5664983464566928
20
-2.946056338582677
11
5.5665932283464565
21
-2.9461037795275589
0
LINE
8
BLACK
6
CONTINUOUS
10
5.5665932283464565
20
-2.9461037795275589
11
5.5669032283464563
21
-2.946461220472441
0
LINE
8
BLACK
6
CONTINUOUS
10
5.5669032283464563
20
-2.946461220472441
11
5.5672379921259845
21
-2.9467959842519686
0
LINE
8
BLACK
6
CONTINUOUS
10
5.5672379921259845
20
-2.9467959842519686
11
5.5672785826771651
21
-2.9468940157480312
0
LINE
8
BLACK
6
CONTINUOUS
10
5.5672785826771651
20
-2.9468940157480312
11
5.5673481102362201
21
-2.9469741732283463
0
LINE
8
BLACK
6
CONTINUOUS
10
5.5673481102362201
20
-2.9469741732283463
11
5.5674977165354331
21
-2.947422992125984
0
LINE
8
BLACK
6
CONTINUOUS
10
5.5674977165354331
20
-2.947422992125984
11
5.5676788976377951
21
-2.9478603937007875
0
LINE
8
BLACK
6
CONTINUOUS
10
5.5676788976377951
20
-2.9478603937007875
11
5.5676791338582676
21
-2.947967244094488
0
LINE
8
BLACK
6
CONTINUOUS
10
5.5676791338582676
20
-2.947967244094488
11
5.5677124409448817
21
-2.9480671653543307
0
LINE
8
BLACK
6
CONTINUOUS
10
5.5677124409448817
20
-2.9480671653543307
11
5.567680354330709
21
-2.9485179921259843
0
LINE
8
BLACK
6
CONTINUOUS
10
5.567680354330709
20
-2.9485179921259843
11
5.5677161417322836
21
-2.9642528740157479
0
LINE
8
BLACK
6
CONTINUOUS
10
5.5677161417322836
20
-2.9642528740157479
11
5.5779062598425195
21
-2.9642313385826773
0
LINE
8
BLACK
6
CONTINUOUS
10
5.5779062598425195
20
-2.9642313385826773
11
5.5784823228346454
21
-2.9642880708661417
0
LINE
8
BLACK
6
CONTINUOUS
10
5.5784823228346454
20
-2.9642880708661417
11
5.5795467322834646
21
-2.9647289763779527
0
LINE
8
BLACK
6
CONTINUOUS
10
5.5795467322834646
20
-2.9647289763779527
11
5.5803613779527561
21
-2.9655436220472442
0
LINE
8
BLACK
6
CONTINUOUS
10
5.5803613779527561
20
-2.9655436220472442
11
5.5808022834645667
21
-2.966608031496063
0
LINE
8
BLACK
6
CONTINUOUS
10
5.5808022834645667
20
-2.966608031496063
11
5.5808022834645667
21
-2.9677601574803147
0
LINE
8
BLACK
6
CONTINUOUS
10
5.5808022834645667
20
-2.9677601574803147
11
5.5803613779527561
21
-2.968824566929134
0
LINE
8
BLACK
6
CONTINUOUS
10
5.5803613779527561
20
-2.968824566929134
11
5.5795467322834646
21
-2.969639212598425
0
LINE
8
BLACK
6
CONTINUOUS
10
5.5795467322834646
20
-2.969639212598425
11
5.5784823228346454
21
-2.9700801181102361
0
LINE
8
BLACK
6
CONTINUOUS
10
5.5784823228346454
20
-2.9700801181102361
11
5.5677294488188975
21
-2.9701028346456693
0
LINE
8
BLACK
6
CONTINUOUS
10
5.5677294488188975
20
-2.9701028346456693
11
5.5677356299212599
21
-2.9728083858267715
0
LINE
8
BLACK
6
CONTINUOUS
10
5.5677356299212599
20
-2.9728083858267715
11
5.5676788976377951
21
-2.9733844488188974
0
LINE
8
BLACK
6
CONTINUOUS
10
5.5676788976377951
20
-2.9733844488188974
11
5.5672379921259845
21
-2.9744488582677167
0
LINE
8
BLACK
6
CONTINUOUS
10
5.5672379921259845
20
-2.9744488582677167
11
5.566423346456693
21
-2.9752635039370077
0
LINE
8
BLACK
6
CONTINUOUS
10
5.566423346456693
20
-2.9752635039370077
11
5.5653589370078738
21
-2.9757044094488188
0
LINE
8
BLACK
6
CONTINUOUS
10
5.5653589370078738
20
-2.9757044094488188
11
5.564206811023622
21
-2.9757044094488188
0
LINE
8
BLACK
6
CONTINUOUS
10
5.564206811023622
20
-2.9757044094488188
11
5.5631424015748028
21
-2.9752635039370077
0
LINE
8
BLACK
6
CONTINUOUS
10
5.5631424015748028
20
-2.9752635039370077
11
5.5623277559055113
21
-2.9744488582677167
0
LINE
8
BLACK
6
CONTINUOUS
10
5.5623277559055113
20
-2.9744488582677167
11
5.5618868503937007
21
-2.9733844488188974
0
LINE
8
BLACK
6
CONTINUOUS
10
5.5618868503937007
20
-2.9733844488188974
11
5.5618794094488191
21
-2.9701151968503936
0
LINE
8
BLACK
6
CONTINUOUS
10
5.5618794094488191
20
-2.9701151968503936
11
5.551659527559055
21
-2.9701368503937009
0
LINE
8
BLACK
6
CONTINUOUS
10
5.551659527559055
20
-2.9701368503937009
11
5.5510834645669291
21
-2.9700801181102361
0
LINE
8
BLACK
6
CONTINUOUS
10
5.5510834645669291
20
-2.9700801181102361
11
5.5500190551181099
21
-2.969639212598425
0
LINE
8
BLACK
6
CONTINUOUS
10
5.5500190551181099
20
-2.969639212598425
11
5.5492044094488184
21
-2.968824566929134
0
LINE
8
BLACK
6
CONTINUOUS
10
5.5492044094488184
20
-2.968824566929134
11
5.5487635039370078
21
-2.9677601574803147
0
LINE
8
BLACK
6
CONTINUOUS
10
5.5487635039370078
20
-2.9677601574803147
11
5.5487635039370078
21
-2.966608031496063
0
LINE
8
BLACK
6
CONTINUOUS
10
5.5487635039370078
20
-2.966608031496063
11
5.5492044094488184
21
-2.9655436220472442
0
LINE
8
BLACK
6
CONTINUOUS
10
5.5492044094488184
20
-2.9655436220472442
11
5.5500190551181099
21
-2.9647289763779527
0
LINE
8
BLACK
6
CONTINUOUS
10
5.5500190551181099
20
-2.9647289763779527
11
5.5510834645669291
21
-2.9642880708661417
0
LINE
8
BLACK
6
CONTINUOUS
10
5.5510834645669291
20
-2.9642880708661417
11
5.5618661023622042
21
-2.9642652362204722
0
LINE
8
BLACK
6
CONTINUOUS
10
5.5618661023622042
20
-2.9642652362204722
11
5.5618392913385826
21
-2.9524794881889762
0
LINE
8
BLACK
6
CONTINUOUS
10
5.5618392913385826
20
-2.9524794881889762
11
5.5375951574803146
21
-2.9606114960629921
0
LINE
8
BLACK
6
CONTINUOUS
10
5.5375951574803146
20
-2.9606114960629921
11
5.5370307086614172
21
-2.9607398425196849
0
LINE
8
BLACK
6
CONTINUOUS
10
5.5370307086614172
20
-2.9607398425196849
11
5.5358814960629923
21
-2.9606581496062994
0
LINE
8
BLACK
6
CONTINUOUS
10
5.5358814960629923
20
-2.9606581496062994
11
5.5348510629921259
21
-2.9601429527559056
0
LINE
8
BLACK
6
CONTINUOUS
10
5.5348510629921259
20
-2.9601429527559056
11
5.5340961811023623
21
-2.9592725984251969
0
LINE
8
BLACK
6
CONTINUOUS
10
5.5340961811023623
20
-2.9592725984251969
11
5.5337318503937007
21
-2.9581795669291338
0
LINE
8
BLACK
6
CONTINUOUS
10
5.5337318503937007
20
-2.9581795669291338
11
5.5338135433070867
21
-2.9570303543307084
0
LINE
8
BLACK
6
CONTINUOUS
10
5.5338135433070867
20
-2.9570303543307084
11
5.5343287401574806
21
-2.9559999212598425
0
LINE
8
BLACK
6
CONTINUOUS
10
5.5343287401574806
20
-2.9559999212598425
11
5.5351990944881893
21
-2.9552450393700789
0
LINE
8
BLACK
6
CONTINUOUS
10
5.5351990944881893
20
-2.9552450393700789
11
5.5638490944881891
21
-2.9456352362204723
0
LINE
8
BLACK
6
CONTINUOUS
10
5.5638490944881891
20
-2.9456352362204723
11
5.564134724409449
21
-2.9455702755905513
0
LINE
8
BLACK
6
CONTINUOUS
10
5.564134724409449
20
-2.9455702755905513
11
5.564206811023622
21
-2.9455404330708661
0
LINE
8
BLACK
6
CONTINUOUS
10
5.564206811023622
20
-2.9455404330708661
11
5.5642660236220474
21
-2.9455404330708661
0
LINE
8
BLACK
6
CONTINUOUS
10
5.5642660236220474
20
-2.9455404330708661
11
5.5644135433070865
21
-2.9455068897637795
0
LINE
8
BLACK
6
CONTINUOUS
10
5.5644135433070865
20
-2.9455068897637795
11
5.5648853937007869
21
-2.9455404330708661
0
LINE
8
BLACK
6
CONTINUOUS
10
5.4521916535433066
20
-2.9189228346456693
11
5.4530062992125981
21
-2.9197374803149607
0
LINE
8
BLACK
6
CONTINUOUS
10
5.4530062992125981
20
-2.9197374803149607
11
5.4534472047244096
21
-2.9208018897637795
0
LINE
8
BLACK
6
CONTINUOUS
10
5.4534472047244096
20
-2.9208018897637795
11
5.4535039370078735
21
-2.9686220472440943
0
LINE
8
BLACK
6
CONTINUOUS
10
5.4535039370078735
20
-2.9686220472440943
11
5.4534472047244096
21
-2.9691981102362206
0
LINE
8
BLACK
6
CONTINUOUS
10
5.4534472047244096
20
-2.9691981102362206
11
5.4530062992125981
21
-2.9702625196850394
0
LINE
8
BLACK
6
CONTINUOUS
10
5.4530062992125981
20
-2.9702625196850394
11
5.4521916535433066
21
-2.9710771653543309
0
LINE
8
BLACK
6
CONTINUOUS
10
5.4521916535433066
20
-2.9710771653543309
11
5.4511272440944882
21
-2.9715180708661415
0
LINE
8
BLACK
6
CONTINUOUS
10
5.4511272440944882
20
-2.9715180708661415
11
5.4499751181102365
21
-2.9715180708661415
0
LINE
8
BLACK
6
CONTINUOUS
10
5.4499751181102365
20
-2.9715180708661415
11
5.4489107086614172
21
-2.9710771653543309
0
LINE
8
BLACK
6
CONTINUOUS
10
5.4489107086614172
20
-2.9710771653543309
11
5.4480960629921258
21
-2.9702625196850394
0
LINE
8
BLACK
6
CONTINUOUS
10
5.4480960629921258
20
-2.9702625196850394
11
5.4476551574803151
21
-2.9691981102362206
0
LINE
8
BLACK
6
CONTINUOUS
10
5.4476551574803151
20
-2.9691981102362206
11
5.4475984251968503
21
-2.9213779527559054
0
LINE
8
BLACK
6
CONTINUOUS
10
5.4475984251968503
20
-2.9213779527559054
11
5.4476551574803151
21
-2.9208018897637795
0
LINE
8
BLACK
6
CONTINUOUS
10
5.4476551574803151
20
-2.9208018897637795
11
5.4480960629921258
21
-2.9197374803149607
0
LINE
8
BLACK
6
CONTINUOUS
10
5.4480960629921258
20
-2.9197374803149607
11
5.4489107086614172
21
-2.9189228346456693
0
LINE
8
BLACK
6
CONTINUOUS
10
5.4489107086614172
20
-2.9189228346456693
11
5.4499751181102365
21
-2.9184819291338582
0
LINE
8
BLACK
6
CONTINUOUS
10
5.4499751181102365
20
-2.9184819291338582
11
5.4511272440944882
21
-2.9184819291338582
0
LINE
8
BLACK
6
CONTINUOUS
10
5.4511272440944882
20
-2.9184819291338582
11
5.4521916535433066
21
-2.9189228346456693
0
LINE
8
BLACK
6
CONTINUOUS
10
5.5210892913385825
20
-2.9189228346456693
11
5.521903937007874
21
-2.9197374803149607
0
LINE
8
BLACK
6
CONTINUOUS
10
5.521903937007874
20
-2.9197374803149607
11
5.5223448425196846
21
-2.9208018897637795
0
LINE
8
BLACK
6
CONTINUOUS
10
5.5223448425196846
20
-2.9208018897637795
11
5.5224015748031494
21
-2.9686220472440943
0
LINE
8
BLACK
6
CONTINUOUS
10
5.5224015748031494
20
-2.9686220472440943
11
5.5223448425196846
21
-2.9691981102362206
0
LINE
8
BLACK
6
CONTINUOUS
10
5.5223448425196846
20
-2.9691981102362206
11
5.521903937007874
21
-2.9702625196850394
0
LINE
8
BLACK
6
CONTINUOUS
10
5.521903937007874
20
-2.9702625196850394
11
5.5210892913385825
21
-2.9710771653543309
0
LINE
8
BLACK
6
CONTINUOUS
10
5.5210892913385825
20
-2.9710771653543309
11
5.5200248818897633
21
-2.9715180708661415
0
LINE
8
BLACK
6
CONTINUOUS
10
5.5200248818897633
20
-2.9715180708661415
11
5.5188727559055115
21
-2.9715180708661415
0
LINE
8
BLACK
6
CONTINUOUS
10
5.5188727559055115
20
-2.9715180708661415
11
5.5178083464566932
21
-2.9710771653543309
0
LINE
8
BLACK
6
CONTINUOUS
10
5.5178083464566932
20
-2.9710771653543309
11
5.5169937007874017
21
-2.9702625196850394
0
LINE
8
BLACK
6
CONTINUOUS
10
5.5169937007874017
20
-2.9702625196850394
11
5.5165527952755902
21
-2.9691981102362206
0
LINE
8
BLACK
6
CONTINUOUS
10
5.5165527952755902
20
-2.9691981102362206
11
5.5164960629921262
21
-2.9213779527559054
0
LINE
8
BLACK
6
CONTINUOUS
10
5.5164960629921262
20
-2.9213779527559054
11
5.5165527952755902
21
-2.9208018897637795
0
LINE
8
BLACK
6
CONTINUOUS
10
5.5165527952755902
20
-2.9208018897637795
11
5.5169937007874017
21
-2.9197374803149607
0
LINE
8
BLACK
6
CONTINUOUS
10
5.5169937007874017
20
-2.9197374803149607
11
5.5178083464566932
21
-2.9189228346456693
0
LINE
8
BLACK
6
CONTINUOUS
10
5.5178083464566932
20
-2.9189228346456693
11
5.5188727559055115
21
-2.9184819291338582
0
LINE
8
BLACK
6
CONTINUOUS
10
5.5188727559055115
20
-2.9184819291338582
11
5.5200248818897633
21
-2.9184819291338582
0
LINE
8
BLACK
6
CONTINUOUS
10
5.5200248818897633
20
-2.9184819291338582
11
5.5210892913385825
21
-2.9189228346456693
0
LINE
8
BLACK
6
CONTINUOUS
10
5.5784823228346454
20
-2.9080451181102362
11
5.5795467322834646
21
-2.9084860236220473
0
LINE
8
BLACK
6
CONTINUOUS
10
5.5795467322834646
20
-2.9084860236220473
11
5.5803613779527561
21
-2.9093006692913383
0
LINE
8
BLACK
6
CONTINUOUS
10
5.5803613779527561
20
-2.9093006692913383
11
5.5808022834645667
21
-2.9103650787401576
0
LINE
8
BLACK
6
CONTINUOUS
10
5.5808022834645667
20
-2.9103650787401576
11
5.5808022834645667
21
-2.9115172047244093
0
LINE
8
BLACK
6
CONTINUOUS
10
5.5808022834645667
20
-2.9115172047244093
11
5.5803613779527561
21
-2.9125816141732281
0
LINE
8
BLACK
6
CONTINUOUS
10
5.5803613779527561
20
-2.9125816141732281
11
5.5795467322834646
21
-2.9133962598425196
0
LINE
8
BLACK
6
CONTINUOUS
10
5.5795467322834646
20
-2.9133962598425196
11
5.5784823228346454
21
-2.9138371653543307
0
LINE
8
BLACK
6
CONTINUOUS
10
5.5784823228346454
20
-2.9138371653543307
11
5.5620673228346451
21
-2.9138604724409447
0
LINE
8
BLACK
6
CONTINUOUS
10
5.5620673228346451
20
-2.9138604724409447
11
5.5620853937007873
21
-2.918822440944882
0
LINE
8
BLACK
6
CONTINUOUS
10
5.5620853937007873
20
-2.918822440944882
11
5.5795995669291338
21
-2.9310193307086614
0
LINE
8
BLACK
6
CONTINUOUS
10
5.5795995669291338
20
-2.9310193307086614
11
5.580038937007874
21
-2.9313961417322836
0
LINE
8
BLACK
6
CONTINUOUS
10
5.580038937007874
20
-2.9313961417322836
11
5.5806581102362207
21
-2.9323677559055117
0
LINE
8
BLACK
6
CONTINUOUS
10
5.5806581102362207
20
-2.9323677559055117
11
5.5808583464566928
21
-2.9335022834645668
0
LINE
8
BLACK
6
CONTINUOUS
10
5.5808583464566928
20
-2.9335022834645668
11
5.5806091338582675
21
-2.9346271259842518
0
LINE
8
BLACK
6
CONTINUOUS
10
5.5806091338582675
20
-2.9346271259842518
11
5.5799484251968501
21
-2.9355709842519686
0
LINE
8
BLACK
6
CONTINUOUS
10
5.5799484251968501
20
-2.9355709842519686
11
5.5789768503937003
21
-2.9361901574803149
0
LINE
8
BLACK
6
CONTINUOUS
10
5.5789768503937003
20
-2.9361901574803149
11
5.5778422834645669
21
-2.9363903543307086
0
LINE
8
BLACK
6
CONTINUOUS
10
5.5778422834645669
20
-2.9363903543307086
11
5.5767174409448819
21
-2.9361411811023621
0
LINE
8
BLACK
6
CONTINUOUS
10
5.5767174409448819
20
-2.9361411811023621
11
5.5621085433070867
21
-2.9259675196850394
0
LINE
8
BLACK
6
CONTINUOUS
10
5.5621085433070867
20
-2.9259675196850394
11
5.5620546062992124
21
-2.9265153149606298
0
LINE
8
BLACK
6
CONTINUOUS
10
5.5620546062992124
20
-2.9265153149606298
11
5.5620140157480318
21
-2.9266132677165353
0
LINE
8
BLACK
6
CONTINUOUS
10
5.5620140157480318
20
-2.9266132677165353
11
5.5620064960629918
21
-2.9267191732283462
0
LINE
8
BLACK
6
CONTINUOUS
10
5.5620064960629918
20
-2.9267191732283462
11
5.5617581496062991
21
-2.9272309055118111
0
LINE
8
BLACK
6
CONTINUOUS
10
5.5617581496062991
20
-2.9272309055118111
11
5.5616137007874018
21
-2.9275797244094486
0
LINE
8
BLACK
6
CONTINUOUS
10
5.5616137007874018
20
-2.9275797244094486
11
5.5615655905511812
21
-2.9276277952755905
0
LINE
8
BLACK
6
CONTINUOUS
10
5.5615655905511812
20
-2.9276277952755905
11
5.5599248425196848
21
-2.9310092913385826
0
LINE
8
BLACK
6
CONTINUOUS
10
5.5599248425196848
20
-2.9310092913385826
11
5.5597687401574802
21
-2.9312572834645669
0
LINE
8
BLACK
6
CONTINUOUS
10
5.5597687401574802
20
-2.9312572834645669
11
5.5597389370078742
21
-2.9313292519685037
0
LINE
8
BLACK
6
CONTINUOUS
10
5.5597389370078742
20
-2.9313292519685037
11
5.5596944094488192
21
-2.9313753149606296
0
LINE
8
BLACK
6
CONTINUOUS
10
5.5596944094488192
20
-2.9313753149606296
11
5.5596164960629917
21
-2.9314991732283464
0
LINE
8
BLACK
6
CONTINUOUS
10
5.5596164960629917
20
-2.9314991732283464
11
5.5593607874015749
21
-2.9317209055118107
0
LINE
8
BLACK
6
CONTINUOUS
10
5.5593607874015749
20
-2.9317209055118107
11
5.557496968503937
21
-2.9336514566929135
0
LINE
8
BLACK
6
CONTINUOUS
10
5.557496968503937
20
-2.9336514566929135
11
5.5572705905511812
21
-2.9338372047244095
0
LINE
8
BLACK
6
CONTINUOUS
10
5.5572705905511812
20
-2.9338372047244095
11
5.5572194488188975
21
-2.933896220472441
0
LINE
8
BLACK
6
CONTINUOUS
10
5.5572194488188975
20
-2.933896220472441
11
5.557163779527559
21
-2.9339248425196849
0
LINE
8
BLACK
6
CONTINUOUS
10
5.557163779527559
20
-2.9339248425196849
11
5.5570495275590552
21
-2.9340186614173227
0
LINE
8
BLACK
6
CONTINUOUS
10
5.5570495275590552
20
-2.9340186614173227
11
5.5567027165354332
21
-2.9341622834645666
0
LINE
8
BLACK
6
CONTINUOUS
10
5.5567027165354332
20
-2.9341622834645666
11
5.5529800393700786
21
-2.9360793307086612
0
LINE
8
BLACK
6
CONTINUOUS
10
5.5529800393700786
20
-2.9360793307086612
11
5.5524394094488185
21
-2.9362862204724407
0
LINE
8
BLACK
6
CONTINUOUS
10
5.5524394094488185
20
-2.9362862204724407
11
5.5523335826771651
21
-2.9362937007874015
0
LINE
8
BLACK
6
CONTINUOUS
10
5.5523335826771651
20
-2.9362937007874015
11
5.5522355905511809
21
-2.9363343307086613
0
LINE
8
BLACK
6
CONTINUOUS
10
5.5522355905511809
20
-2.9363343307086613
11
5.5516923228346453
21
-2.9363392913385824
0
LINE
8
BLACK
6
CONTINUOUS
10
5.5516923228346453
20
-2.9363392913385824
11
5.5512901968503936
21
-2.9363678740157479
0
LINE
8
BLACK
6
CONTINUOUS
10
5.5512901968503936
20
-2.9363678740157479
11
5.5512174803149605
21
-2.9363436220472439
0
LINE
8
BLACK
6
CONTINUOUS
10
5.5512174803149605
20
-2.9363436220472439
11
5.5460352362204723
21
-2.9363910629921257
0
LINE
8
BLACK
6
CONTINUOUS
10
5.5460352362204723
20
-2.9363910629921257
11
5.5454591732283465
21
-2.9363343307086613
0
LINE
8
BLACK
6
CONTINUOUS
10
5.5454591732283465
20
-2.9363343307086613
11
5.5453611811023622
21
-2.9362937401574802
0
LINE
8
BLACK
6
CONTINUOUS
10
5.5453611811023622
20
-2.9362937401574802
11
5.5452553149606301
21
-2.9362862204724407
0
LINE
8
BLACK
6
CONTINUOUS
10
5.5452553149606301
20
-2.9362862204724407
11
5.5447435433070869
21
-2.936037874015748
0
LINE
8
BLACK
6
CONTINUOUS
10
5.5447435433070869
20
-2.936037874015748
11
5.5443947637795272
21
-2.9358934251968503
0
LINE
8
BLACK
6
CONTINUOUS
10
5.5443947637795272
20
-2.9358934251968503
11
5.5443466535433066
21
-2.9358453149606301
0
LINE
8
BLACK
6
CONTINUOUS
10
5.5443466535433066
20
-2.9358453149606301
11
5.5409651968503937
21
-2.9342045669291337
0
LINE
8
BLACK
6
CONTINUOUS
10
5.5409651968503937
20
-2.9342045669291337
11
5.540717165354331
21
-2.9340484645669291
0
LINE
8
BLACK
6
CONTINUOUS
10
5.540717165354331
20
-2.9340484645669291
11
5.5406452362204721
21
-2.9340186614173227
0
LINE
8
BLACK
6
CONTINUOUS
10
5.5406452362204721
20
-2.9340186614173227
11
5.5405991338582679
21
-2.9339741338582677
0
LINE
8
BLACK
6
CONTINUOUS
10
5.5405991338582679
20
-2.9339741338582677
11
5.5404753149606298
21
-2.933896220472441
0
LINE
8
BLACK
6
CONTINUOUS
10
5.5404753149606298
20
-2.933896220472441
11
5.5402535433070863
21
-2.9336405118110234
0
LINE
8
BLACK
6
CONTINUOUS
10
5.5402535433070863
20
-2.9336405118110234
11
5.5383230314960628
21
-2.9317766929133859
0
LINE
8
BLACK
6
CONTINUOUS
10
5.5383230314960628
20
-2.9317766929133859
11
5.5381372440944885
21
-2.9315503149606297
0
LINE
8
BLACK
6
CONTINUOUS
10
5.5381372440944885
20
-2.9315503149606297
11
5.5380782677165357
21
-2.9314991732283464
0
LINE
8
BLACK
6
CONTINUOUS
10
5.5380782677165357
20
-2.9314991732283464
11
5.5380496062992126
21
-2.9314435039370079
0
LINE
8
BLACK
6
CONTINUOUS
10
5.5380496062992126
20
-2.9314435039370079
11
5.5379558267716531
21
-2.9313292519685037
0
LINE
8
BLACK
6
CONTINUOUS
10
5.5379558267716531
20
-2.9313292519685037
11
5.5378121653543309
21
-2.9309824409448817
0
LINE
8
BLACK
6
CONTINUOUS
10
5.5378121653543309
20
-2.9309824409448817
11
5.535895157480315
21
-2.9272597637795275
0
LINE
8
BLACK
6
CONTINUOUS
10
5.535895157480315
20
-2.9272597637795275
11
5.5356882677165355
21
-2.9267191338582674
0
LINE
8
BLACK
6
CONTINUOUS
10
5.5356882677165355
20
-2.9267191338582674
11
5.5356807480314956
21
-2.926613307086614
0
LINE
8
BLACK
6
CONTINUOUS
10
5.5356807480314956
20
-2.926613307086614
11
5.5356401574803149
21
-2.9265153149606298
0
LINE
8
BLACK
6
CONTINUOUS
10
5.5356401574803149
20
-2.9265153149606298
11
5.5356383070866144
21
-2.9260164173228347
0
LINE
8
BLACK
6
CONTINUOUS
10
5.5356383070866144
20
-2.9260164173228347
11
5.5356066141732283
21
-2.9255699212598425
0
LINE
8
BLACK
6
CONTINUOUS
10
5.5356066141732283
20
-2.9255699212598425
11
5.5356363779527555
21
-2.9254805905511811
0
LINE
8
BLACK
6
CONTINUOUS
10
5.5356363779527555
20
-2.9254805905511811
11
5.5355834251968501
21
-2.9109411417322835
0
LINE
8
BLACK
6
CONTINUOUS
10
5.5355834251968501
20
-2.9109411417322835
11
5.5356401574803149
21
-2.9103650787401576
0
LINE
8
BLACK
6
CONTINUOUS
10
5.5356401574803149
20
-2.9103650787401576
11
5.5360810629921255
21
-2.9093006692913383
0
LINE
8
BLACK
6
CONTINUOUS
10
5.5360810629921255
20
-2.9093006692913383
11
5.536895708661417
21
-2.9084860236220473
0
LINE
8
BLACK
6
CONTINUOUS
10
5.536895708661417
20
-2.9084860236220473
11
5.5379601181102363
21
-2.9080451181102362
0
LINE
8
BLACK
6
CONTINUOUS
10
5.5379601181102363
20
-2.9080451181102362
11
5.5779062598425195
21
-2.9079883858267714
0
LINE
8
BLACK
6
CONTINUOUS
10
5.5779062598425195
20
-2.9079883858267714
11
5.5784823228346454
21
-2.9080451181102362
0
LINE
8
BLACK
6
CONTINUOUS
10
5.5414450393700783
20
-2.9138897637795274
11
5.5414866929133861
21
-2.9253286614173226
0
LINE
8
BLACK
6
CONTINUOUS
10
5.5414866929133861
20
-2.9253286614173226
11
5.542879251968504
21
-2.9280329133858265
0
LINE
8
BLACK
6
CONTINUOUS
10
5.542879251968504
20
-2.9280329133858265
11
5.5441126377952754
21
-2.9292236614173226
0
LINE
8
BLACK
6
CONTINUOUS
10
5.5441126377952754
20
-2.9292236614173226
11
5.5468048031496062
21
-2.9305299606299213
0
LINE
8
BLACK
6
CONTINUOUS
10
5.5468048031496062
20
-2.9305299606299213
11
5.5510422834645672
21
-2.930491181102362
0
LINE
8
BLACK
6
CONTINUOUS
10
5.5510422834645672
20
-2.930491181102362
11
5.553753188976378
21
-2.9290951968503935
0
LINE
8
BLACK
6
CONTINUOUS
10
5.553753188976378
20
-2.9290951968503935
11
5.5549439370078737
21
-2.9278618110236221
0
LINE
8
BLACK
6
CONTINUOUS
10
5.5549439370078737
20
-2.9278618110236221
11
5.556257598425197
21
-2.9251544881889764
0
LINE
8
BLACK
6
CONTINUOUS
10
5.556257598425197
20
-2.9251544881889764
11
5.5562404330708661
21
-2.9204431102362203
0
LINE
8
BLACK
6
CONTINUOUS
10
5.5562404330708661
20
-2.9204431102362203
11
5.5562065354330707
21
-2.9202509842519686
0
LINE
8
BLACK
6
CONTINUOUS
10
5.5562065354330707
20
-2.9202509842519686
11
5.556239173228346
21
-2.9201035039370078
0
LINE
8
BLACK
6
CONTINUOUS
10
5.556239173228346
20
-2.9201035039370078
11
5.5562164566929129
21
-2.9138687795275588
0
LINE
8
BLACK
6
CONTINUOUS
10
5.5562164566929129
20
-2.9138687795275588
11
5.5414450393700783
21
-2.9138897637795274
0
CIRCLE
8
BLACK
10
4.7999999999999998
20
-2.7999999999999998
40
0.0068897637795276
0
CIRCLE
8
BLACK
10
6.
20
-2.7999999999999998
40
0.0068897637795276
0
CIRCLE
8
BLACK
10
4.7999999999999998
20
-4.
40
0.0068897637795276
0
CIRCLE
8
BLACK
10
6.
20
-4.
40
0.0068897637795276
0
CIRCLE
8
BLACK
10
5.9668503937007875
20
-3.6999999999999997
40
0.0068897637795276
0
CIRCLE
8
BLACK
10
5.7699999999999996
20
-3.6999999999999997
40
0.0068897637795276
0
CIRCLE
8
BLACK
10
5.9668503937007875
20
-3.5
40
0.0068897637795276
0
CIRCLE
8
BLACK
10
5.7699999999999996
20
-3.5
40
0.0068897637795276
0
CIRCLE
8
BLACK
10
5.9668503937007875
20
-3.1000000000000001
40
0.0068897637795276
0
CIRCLE
8
BLACK
10
5.7699999999999996
20
-3.1000000000000001
40
0.0068897637795276
0
CIRCLE
8
BLACK
10
5.9668503937007875
20
-3.2999999999999998
40
0.0068897637795276
0
CIRCLE
8
BLACK
10
5.7699999999999996
20
-3.2999999999999998
40
0.0068897637795276
0
CIRCLE
8
BLACK
10
5.1349999999999998
20
-3.9950000000000001
40
0.0068897637795276
0
CIRCLE
8
BLACK
10
5.4649999999999999
20
-3.8900000000000001
40
0.0068897637795276
0
CIRCLE
8
BLACK
10
5.4649999999999999
20
-3.9884251968503937
40
0.0068897637795276
0
CIRCLE
8
BLACK
10
5.2324999999999999
20
-3.6625000000000001
40
0.0059055118110236
0
CIRCLE
8
BLACK
10
5.2299999999999995
20
-3.7549999999999999
40
0.0059055118110236
0
CIRCLE
8
BLACK
10
5.2299999999999995
20
-3.71
40
0.0059055118110236
0
CIRCLE
8
BLACK
10
5.1875
20
-3.7549999999999999
40
0.0059055118110236
0
CIRCLE
8
BLACK
10
5.1875
20
-3.71
40
0.0059055118110236
0
CIRCLE
8
BLACK
10
5.1875
20
-3.6625000000000001
40
0.0059055118110236
  0
ENDSEC
  0
EOF
